shape_id,shape_pt_lat,shape_pt_lon,shape_pt_sequence
1001,39.20101,-86.54726,0
1001,39.20154,-86.5473,1
1001,39.20226,-86.54732,2
1001,39.20244,-86.54732,3
1001,39.2028,-86.54733,4
1001,39.20333,-86.54734,5
1001,39.20401,-86.54735,6
1001,39.20473,-86.54736,7
1001,39.20491,-86.54736,8
1001,39.20545,-86.54737,9
1001,39.20556,-86.54737,10
1001,39.20595,-86.54738,11
1001,39.2065,-86.54739,12
1001,39.20684,-86.5474,13
1001,39.20738,-86.54741,14
1001,39.2078,-86.54742,15
1001,39.20835,-86.54742,16
1001,39.20835,-86.54766,17
1001,39.20835,-86.54783,18
1001,39.20835,-86.5493,19
1001,39.20836,-86.55,20
1001,39.20836,-86.55001,21
1001,39.20838,-86.55117,22
1001,39.20838,-86.55139,23
1001,39.20839,-86.55209,24
1001,39.20786,-86.55209,25
1001,39.20784,-86.55209,26
1001,39.20766,-86.55208,27
1001,39.2075,-86.55208,28
1001,39.20709,-86.55208,29
1001,39.20696,-86.55208,30
1001,39.20694,-86.55208,31
1001,39.20678,-86.55207,32
1001,39.20659,-86.55207,33
1001,39.20642,-86.55207,34
1001,39.20623,-86.55207,35
1001,39.20605,-86.55206,36
1001,39.20603,-86.55206,37
1001,39.20587,-86.55206,38
1001,39.20569,-86.55206,39
1001,39.20551,-86.55206,40
1001,39.20461,-86.55204,41
1001,39.20443,-86.55204,42
1001,39.20425,-86.55204,43
1001,39.20407,-86.55204,44
1001,39.20389,-86.55203,45
1001,39.20371,-86.55203,46
1001,39.20353,-86.55203,47
1001,39.20345,-86.55203,48
1001,39.20335,-86.55203,49
1001,39.20282,-86.55202,50
1001,39.20264,-86.55202,51
1001,39.20208,-86.55201,52
1001,39.20204,-86.55201,53
1001,39.2019,-86.55197,54
1001,39.2019,-86.55172,55
1001,39.2019,-86.55144,56
1001,39.2019,-86.55143,57
1001,39.20191,-86.55074,58
1001,39.20191,-86.55052,59
1001,39.20191,-86.55051,60
1001,39.20191,-86.55034,61
1001,39.20191,-86.55027,62
1001,39.20191,-86.5501,63
1001,39.20192,-86.55005,64
1001,39.20193,-86.54993,65
1001,39.20157,-86.54993,66
1001,39.20121,-86.54993,67
1001,39.20109,-86.54993,68
1001,39.20097,-86.54987,69
1001,39.20083,-86.54978,70
1001,39.20066,-86.54962,71
1001,39.20058,-86.5495,72
1001,39.20048,-86.54932,73
1001,39.20044,-86.54915,74
1001,39.20044,-86.54911,75
1001,39.20043,-86.54904,76
1001,39.20043,-86.54877,77
1001,39.20043,-86.54816,78
1001,39.20082,-86.54814,79
1001,39.2009,-86.54806,80
1001,39.20093,-86.54801,81
1001,39.20098,-86.54792,82
1001,39.201,-86.54789,83
1001,39.201,-86.54781,84
1001,39.201,-86.54729,85
1001,39.201,-86.54694,86
1001,39.20101,-86.54624,87
1001,39.20102,-86.54532,88
1001,39.20103,-86.54369,89
1001,39.20103,-86.54346,90
1001,39.20103,-86.54343,91
1001,39.201,-86.54323,92
1001,39.201,-86.54318,93
1001,39.20095,-86.54305,94
1001,39.20086,-86.54281,95
1001,39.20033,-86.54267,96
1001,39.1998,-86.54253,97
1001,39.19945,-86.54244,98
1001,39.19927,-86.54239,99
1001,39.1991,-86.54235,100
1001,39.19908,-86.54234,101
1001,39.19857,-86.54221,102
1001,39.19839,-86.54217,103
1001,39.19821,-86.54212,104
1001,39.19819,-86.54211,105
1001,39.19815,-86.54234,106
1001,39.19802,-86.54325,107
1001,39.19797,-86.54347,108
1001,39.19788,-86.54384,109
1001,39.19782,-86.54398,110
1001,39.19768,-86.54423,111
1001,39.1973,-86.54472,112
1001,39.19689,-86.54524,113
1001,39.19659,-86.5457,114
1001,39.1965,-86.546,115
1001,39.19647,-86.54614,116
1001,39.19646,-86.54623,117
1001,39.19645,-86.54629,118
1001,39.19645,-86.54637,119
1001,39.19642,-86.5467,120
1001,39.19617,-86.5467,121
1001,39.19581,-86.5467,122
1001,39.19563,-86.5467,123
1001,39.19513,-86.5467,124
1001,39.19482,-86.54667,125
1001,39.19473,-86.54664,126
1001,39.19465,-86.54662,127
1001,39.1944,-86.54647,128
1001,39.19427,-86.5462,129
1001,39.19423,-86.54599,130
1001,39.19421,-86.54536,131
1001,39.1942,-86.54512,132
1001,39.1942,-86.54507,133
1001,39.19419,-86.54411,134
1001,39.19419,-86.54397,135
1001,39.19418,-86.54281,136
1001,39.19418,-86.54258,137
1001,39.19418,-86.54223,138
1001,39.19417,-86.54115,139
1001,39.19417,-86.5411,140
1001,39.19392,-86.54102,141
1001,39.19372,-86.54083,142
1001,39.19361,-86.54055,143
1001,39.19342,-86.54006,144
1001,39.19337,-86.53993,145
1001,39.19329,-86.53972,146
1001,39.19303,-86.53897,147
1001,39.19295,-86.53872,148
1001,39.19289,-86.53854,149
1001,39.1928,-86.5383,150
1001,39.19274,-86.53818,151
1001,39.1927,-86.53811,152
1001,39.19261,-86.53799,153
1001,39.19245,-86.53786,154
1001,39.19231,-86.53779,155
1001,39.19226,-86.53777,156
1001,39.19209,-86.53773,157
1001,39.19195,-86.53772,158
1001,39.19185,-86.53771,159
1001,39.19142,-86.53772,160
1001,39.19124,-86.53772,161
1001,39.19057,-86.53773,162
1001,39.19016,-86.53775,163
1001,39.18985,-86.53775,164
1001,39.18951,-86.53775,165
1001,39.18877,-86.53775,166
1001,39.18809,-86.53775,167
1001,39.18755,-86.53773,168
1001,39.18705,-86.53771,169
1001,39.18694,-86.53771,170
1001,39.18688,-86.53771,171
1001,39.18658,-86.53772,172
1001,39.18645,-86.53772,173
1001,39.18637,-86.53669,174
1001,39.18635,-86.53627,175
1001,39.18631,-86.53571,176
1001,39.18629,-86.53525,177
1001,39.18628,-86.53515,178
1001,39.18626,-86.53469,179
1001,39.18625,-86.5346,180
1001,39.18604,-86.53462,181
1001,39.18598,-86.53462,182
1001,39.1859,-86.53463,183
1001,39.18568,-86.53464,184
1001,39.18557,-86.53463,185
1001,39.18548,-86.53463,186
1001,39.18546,-86.53463,187
1001,39.18541,-86.53463,188
1001,39.18535,-86.53463,189
1001,39.18525,-86.53462,190
1001,39.18495,-86.53459,191
1001,39.18473,-86.53458,192
1001,39.18472,-86.53458,193
1001,39.18462,-86.53457,194
1001,39.18453,-86.53457,195
1001,39.18444,-86.53457,196
1001,39.18435,-86.53456,197
1001,39.18421,-86.53457,198
1001,39.18386,-86.53458,199
1001,39.18355,-86.5346,200
1001,39.1834,-86.53461,201
1001,39.18334,-86.53461,202
1001,39.18298,-86.53462,203
1001,39.18279,-86.53462,204
1001,39.18264,-86.53463,205
1001,39.18251,-86.53463,206
1001,39.18238,-86.53464,207
1001,39.18209,-86.53465,208
1001,39.18159,-86.53466,209
1001,39.18015,-86.53468,210
1001,39.18006,-86.53469,211
1001,39.17955,-86.5347,212
1001,39.17907,-86.5347,213
1001,39.17899,-86.53471,214
1001,39.17845,-86.53471,215
1001,39.17771,-86.53472,216
1001,39.17737,-86.53473,217
1001,39.1773,-86.53473,218
1001,39.17686,-86.53473,219
1001,39.17653,-86.53474,220
1001,39.17642,-86.53474,221
1001,39.17596,-86.53475,222
1001,39.17524,-86.53478,223
1001,39.17506,-86.53478,224
1001,39.17488,-86.53478,225
1001,39.17438,-86.53479,226
1001,39.17419,-86.53479,227
1001,39.17383,-86.5348,228
1001,39.17376,-86.5348,229
1001,39.17357,-86.5348,230
1001,39.17343,-86.5348,231
1001,39.17329,-86.5348,232
1001,39.1733,-86.53417,233
1001,39.17329,-86.5339,234
1001,39.17329,-86.53381,235
1001,39.17329,-86.53358,236
1001,39.17372,-86.53358,237
1001,39.17417,-86.53357,238
1001,39.17439,-86.53357,239
1001,39.17463,-86.53357,240
1001,39.17493,-86.53356,241
1001,39.17521,-86.53356,242
1001,39.17592,-86.53354,243
1001,39.17596,-86.53354,244
1001,39.17641,-86.53354,245
1001,39.17686,-86.53353,246
1001,39.1773,-86.53352,247
1001,39.17766,-86.53352,248
1001,39.17776,-86.53352,249
1001,39.17843,-86.5335,250
1001,39.17846,-86.5335,251
1001,39.17855,-86.5335,252
1001,39.17869,-86.5335,253
1001,39.17897,-86.53349,254
1001,39.17907,-86.53349,255
1001,39.17922,-86.53349,256
1001,39.17965,-86.53351,257
1001,39.17984,-86.53352,258
1001,39.17998,-86.53353,259
1001,39.18014,-86.53355,260
1001,39.18032,-86.53357,261
1001,39.18075,-86.53363,262
1001,39.18095,-86.53365,263
1001,39.18108,-86.53368,264
1001,39.18131,-86.53372,265
1001,39.18149,-86.53375,266
1001,39.18184,-86.53383,267
1001,39.18226,-86.53391,268
1001,39.18246,-86.53396,269
1001,39.18267,-86.534,270
1001,39.18308,-86.53408,271
1001,39.18324,-86.53412,272
1001,39.18333,-86.53414,273
1001,39.18339,-86.53415,274
1001,39.18374,-86.53423,275
1001,39.18425,-86.53433,276
1001,39.18454,-86.53438,277
1001,39.18479,-86.53442,278
1001,39.18489,-86.53444,279
1001,39.18499,-86.53445,280
1001,39.18517,-86.53447,281
1001,39.1855,-86.53448,282
1001,39.18567,-86.53448,283
1001,39.18591,-86.53448,284
1001,39.18602,-86.53447,285
1001,39.18604,-86.53447,286
1001,39.18626,-86.53445,287
1001,39.18638,-86.53443,288
1001,39.18638,-86.53458,289
1001,39.18643,-86.53527,290
1001,39.18643,-86.53532,291
1001,39.18643,-86.53533,292
1001,39.18645,-86.53559,293
1001,39.18648,-86.53608,294
1001,39.18651,-86.53657,295
1001,39.18654,-86.53716,296
1001,39.18657,-86.53758,297
1001,39.18658,-86.53772,298
1001,39.18645,-86.53772,299
1001,39.18637,-86.53669,300
1001,39.18637,-86.5366,301
1001,39.18635,-86.53627,302
1001,39.18631,-86.53571,303
1001,39.18629,-86.53525,304
1001,39.18628,-86.53515,305
1001,39.18626,-86.53473,306
1001,39.18625,-86.5346,307
1001,39.18604,-86.53462,308
1001,39.18598,-86.53462,309
1001,39.1859,-86.53463,310
1001,39.18568,-86.53464,311
1001,39.18557,-86.53463,312
1001,39.18546,-86.53463,313
1001,39.18541,-86.53463,314
1001,39.18535,-86.53463,315
1001,39.18525,-86.53462,316
1001,39.18495,-86.53459,317
1001,39.18473,-86.53458,318
1001,39.18472,-86.53458,319
1001,39.18462,-86.53457,320
1001,39.18453,-86.53457,321
1001,39.18444,-86.53457,322
1001,39.18435,-86.53456,323
1001,39.18421,-86.53457,324
1001,39.18386,-86.53458,325
1001,39.18355,-86.5346,326
1001,39.1834,-86.53461,327
1001,39.18334,-86.53461,328
1001,39.18298,-86.53462,329
1001,39.18264,-86.53463,330
1001,39.18251,-86.53463,331
1001,39.18209,-86.53465,332
1001,39.18159,-86.53466,333
1001,39.18015,-86.53468,334
1001,39.17955,-86.5347,335
1001,39.17907,-86.5347,336
1001,39.17899,-86.53471,337
1001,39.17845,-86.53471,338
1001,39.17771,-86.53472,339
1001,39.1773,-86.53473,340
1001,39.17686,-86.53473,341
1001,39.17653,-86.53474,342
1001,39.17642,-86.53474,343
1001,39.17596,-86.53475,344
1001,39.17524,-86.53478,345
1001,39.17506,-86.53478,346
1001,39.17488,-86.53478,347
1001,39.17419,-86.53479,348
1001,39.17383,-86.5348,349
1001,39.17357,-86.5348,350
1001,39.17329,-86.5348,351
1001,39.1733,-86.53417,352
1001,39.17329,-86.53381,353
1001,39.17329,-86.53358,354
1001,39.17401,-86.53358,355
1001,39.17417,-86.53357,356
1001,39.17439,-86.53357,357
1001,39.17493,-86.53356,358
1001,39.17507,-86.53356,359
1001,39.17521,-86.53356,360
1001,39.17596,-86.53354,361
1001,39.17596,-86.53331,362
1001,39.17596,-86.53301,363
1001,39.17596,-86.53298,364
1001,39.17596,-86.53271,365
1001,39.17596,-86.53225,366
1001,39.17596,-86.53222,367
1001,39.17597,-86.53207,368
1001,39.17597,-86.53169,369
1001,39.17597,-86.53138,370
1001,39.17598,-86.53098,371
1001,39.17598,-86.53064,372
1001,39.17598,-86.52977,373
1001,39.17598,-86.5297,374
1001,39.17598,-86.52907,375
1001,39.17598,-86.52896,376
1001,39.17599,-86.52833,377
1001,39.17898,-86.52832,378
1001,39.17899,-86.52713,379
1001,39.17901,-86.52199,380
1001,39.179,-86.51902,381
1001,39.1784,-86.51889,382
1001,39.17796,-86.51881,383
1001,39.17708,-86.51882,384
1001,39.17553,-86.51901,385
1001,39.17513,-86.51906,386
1001,39.1741,-86.51889,387
1001,39.1733,-86.51891,388
1001,39.17241,-86.519,389
1001,39.17173,-86.51904,390
1001,39.1716,-86.51905,391
1001,39.1716,-86.5192,392
1001,39.1716,-86.51972,393
1001,39.17161,-86.51993,394
1001,39.17161,-86.52016,395
1001,39.17161,-86.52039,396
1001,39.17161,-86.52072,397
1001,39.17161,-86.52077,398
1001,39.17161,-86.521,399
1001,39.17162,-86.52238,400
1001,39.17163,-86.52304,401
1001,39.17163,-86.52325,402
1001,39.17163,-86.5235,403
1001,39.17151,-86.5235,404
1001,39.17138,-86.52349,405
1001,39.17117,-86.52349,406
1001,39.17102,-86.52349,407
1001,39.17088,-86.52349,408
1001,39.17073,-86.52349,409
1001,39.17043,-86.52349,410
1001,39.17013,-86.52349,411
1001,39.16994,-86.52349,412
1001,39.16947,-86.52349,413
1001,39.16908,-86.5235,414
1001,39.16898,-86.5235,415
1001,39.16853,-86.52349,416
1001,39.16849,-86.52349,417
1001,39.16849,-86.52368,418
1001,39.16849,-86.52374,419
1001,39.16849,-86.52382,420
1001,39.16849,-86.5242,421
1001,39.16849,-86.52449,422
1001,39.16849,-86.52464,423
1001,39.1685,-86.52547,424
1001,39.16851,-86.52694,425
1001,39.16852,-86.52806,426
1001,39.16852,-86.52826,427
1001,39.16827,-86.52826,428
1001,39.16803,-86.52826,429
1001,39.16754,-86.52825,430
1001,39.16704,-86.52824,431
1001,39.16655,-86.52824,432
1001,39.16655,-86.52917,433
1001,39.16656,-86.5298,434
1001,39.16656,-86.53044,435
1001,39.16657,-86.53109,436
1001,39.16657,-86.53171,437
1001,39.16657,-86.5323,438
1001,39.16657,-86.53234,439
1001,39.16608,-86.53235,440
1001,39.16558,-86.53236,441
1001,39.16508,-86.53236,442
1001,39.16495,-86.53236,443
1001,39.16459,-86.53237,444
1001,39.16465,-86.53237,445
1001,39.16465,-86.53237,446
1001,39.16459,-86.53237,447
1001,39.16447,-86.53237,448
1001,39.16427,-86.53238,449
1001,39.16426,-86.53361,450
1001,39.16454,-86.53363,451
1001,39.16454,-86.53299,452
1001,39.16458,-86.53291,453
1001,39.16458,-86.53242,454
1001,39.16458,-86.53109,455
1001,39.16655,-86.53109,456
1001,39.16657,-86.53109,457
1001,39.16657,-86.53109,458
1001,39.16656,-86.52979,459
1001,39.16657,-86.53109,460
1001,39.16458,-86.53109,461
1001,39.16657,-86.53109,462
1001,39.16657,-86.53109,463
1001,39.16657,-86.53109,464
1001,39.16656,-86.52979,465
1001,39.16657,-86.53109,466
1001,39.16458,-86.53109,467
1001,39.16458,-86.53109,468
1001,39.16657,-86.53109,469
1001,39.16653,-86.52694,470
1001,39.16745,-86.52694,471
1001,39.16849,-86.52694,472
7000,39.13788,-86.52689,0
7000,39.13814,-86.52692,1
7000,39.13856,-86.52693,2
7000,39.13923,-86.52693,3
7000,39.13944,-86.52693,4
7000,39.13969,-86.52693,5
7000,39.14039,-86.52694,6
7000,39.1406,-86.52694,7
7000,39.14108,-86.52694,8
7000,39.14131,-86.52694,9
7000,39.14193,-86.52694,10
7000,39.14209,-86.52694,11
7000,39.14246,-86.52694,12
7000,39.14268,-86.52695,13
7000,39.14282,-86.52695,14
7000,39.1434,-86.52695,15
7000,39.14394,-86.52696,16
7000,39.14426,-86.52696,17
7000,39.14438,-86.52696,18
7000,39.14456,-86.52697,19
7000,39.1449,-86.52696,20
7000,39.14598,-86.52696,21
7000,39.14646,-86.52696,22
7000,39.14654,-86.52696,23
7000,39.14667,-86.52696,24
7000,39.14672,-86.52696,25
7000,39.14677,-86.52695,26
7000,39.14681,-86.52694,27
7000,39.14682,-86.52693,28
7000,39.14693,-86.5269,29
7000,39.14717,-86.5269,30
7000,39.14728,-86.5269,31
7000,39.14774,-86.52691,32
7000,39.14784,-86.52691,33
7000,39.14789,-86.52691,34
7000,39.14807,-86.52691,35
7000,39.14825,-86.52691,36
7000,39.14872,-86.52691,37
7000,39.14881,-86.52692,38
7000,39.14887,-86.52692,39
7000,39.14928,-86.52692,40
7000,39.14972,-86.52693,41
7000,39.14996,-86.52692,42
7000,39.15014,-86.52692,43
7000,39.15049,-86.52691,44
7000,39.15057,-86.52691,45
7000,39.15056,-86.52757,46
7000,39.15056,-86.52763,47
7000,39.15054,-86.52815,48
7000,39.15052,-86.52867,49
7000,39.1505,-86.52923,50
7000,39.1505,-86.52948,51
7000,39.1505,-86.5303,52
7000,39.1505,-86.53086,53
7000,39.1505,-86.53136,54
7000,39.15051,-86.53191,55
7000,39.15053,-86.5325,56
7000,39.15053,-86.53273,57
7000,39.15053,-86.53278,58
7000,39.15053,-86.53297,59
7000,39.15053,-86.53311,60
7000,39.15053,-86.53345,61
7000,39.15053,-86.53368,62
7000,39.15064,-86.5337,63
7000,39.15075,-86.53372,64
7000,39.15085,-86.53372,65
7000,39.15091,-86.53373,66
7000,39.15105,-86.53373,67
7000,39.15136,-86.53372,68
7000,39.15149,-86.53372,69
7000,39.1522,-86.53372,70
7000,39.15247,-86.53371,71
7000,39.15301,-86.53371,72
7000,39.15335,-86.5337,73
7000,39.15379,-86.5337,74
7000,39.15388,-86.5337,75
7000,39.15422,-86.53369,76
7000,39.15447,-86.53369,77
7000,39.15468,-86.53369,78
7000,39.15518,-86.53368,79
7000,39.15562,-86.53368,80
7000,39.15606,-86.53367,81
7000,39.15651,-86.53367,82
7000,39.15661,-86.53367,83
7000,39.1568,-86.53367,84
7000,39.15697,-86.53363,85
7000,39.15739,-86.53364,86
7000,39.15759,-86.53365,87
7000,39.15782,-86.53366,88
7000,39.15797,-86.53366,89
7000,39.15811,-86.53366,90
7000,39.15836,-86.53366,91
7000,39.15878,-86.53365,92
7000,39.15937,-86.53366,93
7000,39.15954,-86.53366,94
7000,39.15969,-86.53367,95
7000,39.15983,-86.53367,96
7000,39.15995,-86.53367,97
7000,39.16001,-86.53367,98
7000,39.16037,-86.53366,99
7000,39.16057,-86.53365,100
7000,39.16068,-86.53366,101
7000,39.16128,-86.53365,102
7000,39.16138,-86.53365,103
7000,39.16169,-86.53365,104
7000,39.16192,-86.53365,105
7000,39.16257,-86.53364,106
7000,39.16285,-86.53364,107
7000,39.16335,-86.53364,108
7000,39.16399,-86.53364,109
7000,39.16416,-86.53364,110
7000,39.16456,-86.53364,111
7000,39.16455,-86.53339,112
7000,39.16455,-86.53301,113
7000,39.16459,-86.53295,114
7000,39.16459,-86.53276,115
7000,39.16459,-86.53237,116
7000,39.16459,-86.53193,117
7000,39.1646,-86.53179,118
7000,39.16459,-86.53152,119
7000,39.16459,-86.53109,120
7000,39.16458,-86.53063,121
7000,39.16458,-86.53059,122
7000,39.16457,-86.52982,123
7000,39.16457,-86.52918,124
7000,39.16457,-86.52886,125
7000,39.16457,-86.52874,126
7000,39.16457,-86.5287,127
7000,39.16456,-86.52863,128
7000,39.16456,-86.5286,129
7000,39.16455,-86.52856,130
7000,39.16454,-86.52853,131
7000,39.16453,-86.5285,132
7000,39.16452,-86.52846,133
7000,39.16448,-86.52837,134
7000,39.16442,-86.52822,135
7000,39.16429,-86.52821,136
7000,39.16411,-86.5282,137
7000,39.16378,-86.52819,138
7000,39.16372,-86.52819,139
7000,39.16356,-86.52816,140
7000,39.16346,-86.52813,141
7000,39.1634,-86.52809,142
7000,39.16333,-86.52803,143
7000,39.16328,-86.52796,144
7000,39.16325,-86.5279,145
7000,39.16323,-86.52784,146
7000,39.1632,-86.52775,147
7000,39.16318,-86.52765,148
7000,39.16317,-86.5276,149
7000,39.16316,-86.52755,150
7000,39.16315,-86.52744,151
7000,39.16315,-86.52734,152
7000,39.16315,-86.52725,153
7000,39.16314,-86.52657,154
7000,39.16314,-86.52588,155
7000,39.16314,-86.52532,156
7000,39.16313,-86.52451,157
7000,39.16313,-86.52402,158
7000,39.16312,-86.52372,159
7000,39.16312,-86.52263,160
7000,39.16311,-86.52176,161
7000,39.16311,-86.52106,162
7000,39.1631,-86.52019,163
7000,39.16309,-86.51991,164
7000,39.16309,-86.51912,165
7000,39.16309,-86.51897,166
7000,39.16308,-86.51852,167
7000,39.16308,-86.51794,168
7000,39.16307,-86.51772,169
7000,39.16307,-86.51726,170
7000,39.16307,-86.51699,171
7000,39.16306,-86.5164,172
7000,39.16306,-86.51586,173
7000,39.16306,-86.51548,174
7000,39.16305,-86.51525,175
7000,39.16305,-86.51509,176
7000,39.16305,-86.51479,177
7000,39.16305,-86.51464,178
7000,39.16305,-86.51459,179
7000,39.16306,-86.51419,180
7000,39.16327,-86.51419,181
7000,39.16363,-86.5142,182
7000,39.16371,-86.51421,183
7000,39.16388,-86.51421,184
7000,39.16425,-86.51422,185
7000,39.16425,-86.51441,186
7000,39.16425,-86.51462,187
7000,39.16425,-86.51487,188
7000,39.16425,-86.51525,189
7000,39.16425,-86.51535,190
7000,39.16425,-86.5158,191
7000,39.16425,-86.51589,192
7000,39.16426,-86.5164,193
7000,39.16427,-86.51666,194
7000,39.16427,-86.51702,195
7000,39.16427,-86.51714,196
7000,39.16427,-86.51739,197
7000,39.16427,-86.51774,198
7000,39.16427,-86.51784,199
7000,39.16426,-86.51828,200
7000,39.16426,-86.51875,201
7000,39.16426,-86.51913,202
7000,39.16426,-86.51921,203
7000,39.16426,-86.51932,204
7000,39.16426,-86.51955,205
7000,39.16426,-86.51968,206
7000,39.16426,-86.51969,207
7000,39.16426,-86.52008,208
7000,39.16425,-86.52069,209
7000,39.16425,-86.52106,210
7000,39.16425,-86.52112,211
7000,39.16425,-86.52162,212
7000,39.16425,-86.52191,213
7000,39.16425,-86.52205,214
7000,39.16426,-86.52228,215
7000,39.16426,-86.52262,216
7000,39.16426,-86.52268,217
7000,39.16426,-86.52279,218
7000,39.16426,-86.52302,219
7000,39.16426,-86.52333,220
7000,39.16426,-86.52346,221
7000,39.16426,-86.52355,222
7000,39.16426,-86.52365,223
7000,39.16426,-86.52387,224
7000,39.16427,-86.5242,225
7000,39.16427,-86.52497,226
7000,39.16428,-86.52531,227
7000,39.16428,-86.52555,228
7000,39.16428,-86.52587,229
7000,39.16428,-86.52606,230
7000,39.16428,-86.52614,231
7000,39.1643,-86.52668,232
7000,39.1643,-86.52682,233
7000,39.1643,-86.5269,234
7000,39.16431,-86.52709,235
7000,39.16431,-86.52732,236
7000,39.16431,-86.52755,237
7000,39.16432,-86.52777,238
7000,39.16434,-86.52795,239
7000,39.16437,-86.52808,240
7000,39.16442,-86.52822,241
7000,39.16448,-86.52837,242
7000,39.16452,-86.52846,243
7000,39.16453,-86.5285,244
7000,39.16454,-86.52853,245
7000,39.16455,-86.52856,246
7000,39.16456,-86.5286,247
7000,39.16456,-86.52863,248
7000,39.16457,-86.52874,249
7000,39.16457,-86.52886,250
7000,39.16457,-86.52918,251
7000,39.16457,-86.52982,252
7000,39.16458,-86.53063,253
7000,39.16459,-86.53109,254
7000,39.16459,-86.53152,255
7000,39.1646,-86.53179,256
7000,39.16459,-86.53193,257
7000,39.16459,-86.53237,258
7000,39.16459,-86.53276,259
7000,39.16459,-86.53295,260
7000,39.16464,-86.53301,261
7000,39.16464,-86.53339,262
7000,39.16464,-86.53364,263
7000,39.16465,-86.53426,264
7000,39.16466,-86.53455,265
7000,39.16467,-86.53489,266
7000,39.16457,-86.53489,267
7000,39.16427,-86.5349,268
7000,39.16385,-86.53491,269
7000,39.16341,-86.53492,270
7000,39.16285,-86.53493,271
7000,39.16265,-86.53493,272
7000,39.16252,-86.53493,273
7000,39.16243,-86.53493,274
7000,39.16224,-86.53492,275
7000,39.16196,-86.53493,276
7000,39.16188,-86.53493,277
7000,39.16166,-86.53493,278
7000,39.16142,-86.53493,279
7000,39.16137,-86.53494,280
7000,39.16134,-86.53494,281
7000,39.16119,-86.53495,282
7000,39.1608,-86.53496,283
7000,39.16031,-86.53497,284
7000,39.15996,-86.53497,285
7000,39.15971,-86.53498,286
7000,39.15939,-86.53497,287
7000,39.15881,-86.53498,288
7000,39.15875,-86.53498,289
7000,39.15864,-86.53498,290
7000,39.15855,-86.53499,291
7000,39.15836,-86.53499,292
7000,39.15806,-86.53499,293
7000,39.15799,-86.535,294
7000,39.15795,-86.535,295
7000,39.15793,-86.53499,296
7000,39.15782,-86.53498,297
7000,39.15775,-86.53494,298
7000,39.15771,-86.53492,299
7000,39.15768,-86.53489,300
7000,39.15765,-86.53487,301
7000,39.15761,-86.53484,302
7000,39.15758,-86.53482,303
7000,39.15756,-86.53479,304
7000,39.15753,-86.53475,305
7000,39.15748,-86.53461,306
7000,39.15748,-86.5346,307
7000,39.15746,-86.53455,308
7000,39.15744,-86.53449,309
7000,39.15743,-86.53445,310
7000,39.15742,-86.53435,311
7000,39.15742,-86.53431,312
7000,39.15737,-86.53422,313
7000,39.15735,-86.53417,314
7000,39.15731,-86.53409,315
7000,39.15726,-86.53397,316
7000,39.15722,-86.53392,317
7000,39.15719,-86.53387,318
7000,39.15714,-86.53384,319
7000,39.1571,-86.5338,320
7000,39.15709,-86.53379,321
7000,39.15705,-86.53377,322
7000,39.15701,-86.53375,323
7000,39.15695,-86.53373,324
7000,39.1568,-86.53367,325
7000,39.15661,-86.53367,326
7000,39.15651,-86.53367,327
7000,39.15606,-86.53367,328
7000,39.15562,-86.53368,329
7000,39.15518,-86.53368,330
7000,39.15468,-86.53369,331
7000,39.15447,-86.53369,332
7000,39.15422,-86.53369,333
7000,39.15379,-86.5337,334
7000,39.15335,-86.5337,335
7000,39.15301,-86.53371,336
7000,39.1529,-86.53371,337
7000,39.15247,-86.53371,338
7000,39.1522,-86.53372,339
7000,39.15149,-86.53372,340
7000,39.15105,-86.53373,341
7000,39.15091,-86.53373,342
7000,39.15075,-86.53372,343
7000,39.15064,-86.5337,344
7000,39.15053,-86.53368,345
7000,39.15053,-86.53345,346
7000,39.15053,-86.53311,347
7000,39.15053,-86.53297,348
7000,39.15053,-86.53273,349
7000,39.15053,-86.5325,350
7000,39.15051,-86.53191,351
7000,39.1505,-86.53136,352
7000,39.1505,-86.53086,353
7000,39.1505,-86.53058,354
7000,39.1505,-86.5303,355
7000,39.1505,-86.52923,356
7000,39.15052,-86.52867,357
7000,39.15054,-86.52815,358
7000,39.15056,-86.52763,359
7000,39.15057,-86.52691,360
7000,39.15014,-86.52692,361
7000,39.14996,-86.52692,362
7000,39.14972,-86.52693,363
7000,39.14928,-86.52692,364
7000,39.14887,-86.52692,365
7000,39.14881,-86.52692,366
7000,39.14872,-86.52691,367
7000,39.14825,-86.52691,368
7000,39.14807,-86.52691,369
7000,39.14789,-86.52691,370
7000,39.14774,-86.52691,371
7000,39.14728,-86.5269,372
7000,39.14717,-86.5269,373
7000,39.14693,-86.5269,374
7000,39.14682,-86.52693,375
7000,39.14677,-86.52695,376
7000,39.14672,-86.52696,377
7000,39.14667,-86.52696,378
7000,39.14654,-86.52696,379
7000,39.14646,-86.52696,380
7000,39.1449,-86.52696,381
7000,39.14456,-86.52697,382
7000,39.14456,-86.52723,383
7000,39.14456,-86.5274,384
7000,39.14456,-86.5277,385
7000,39.14457,-86.52874,386
7000,39.14458,-86.52932,387
7000,39.14458,-86.52936,388
7000,39.14458,-86.52954,389
7000,39.14458,-86.52976,390
7000,39.14458,-86.52999,391
7000,39.14457,-86.53049,392
7000,39.14453,-86.53071,393
7000,39.14447,-86.53084,394
7000,39.14447,-86.53085,395
7000,39.14445,-86.53088,396
7000,39.14435,-86.53102,397
7000,39.14423,-86.53122,398
7000,39.14412,-86.53158,399
7000,39.14406,-86.5318,400
7000,39.14382,-86.53173,401
7000,39.14351,-86.53164,402
7000,39.14238,-86.53131,403
7000,39.14203,-86.53121,404
7000,39.14189,-86.53117,405
7000,39.14142,-86.53106,406
7000,39.14103,-86.53098,407
7000,39.14076,-86.53092,408
7000,39.14035,-86.53083,409
7000,39.13995,-86.53074,410
7000,39.13931,-86.53059,411
7000,39.13921,-86.53057,412
7000,39.13868,-86.53045,413
7000,39.13865,-86.53044,414
7000,39.13852,-86.53041,415
7000,39.1384,-86.53039,416
7000,39.13836,-86.53039,417
7000,39.13831,-86.53039,418
7000,39.13818,-86.53038,419
7000,39.13814,-86.53038,420
7000,39.13806,-86.53038,421
7000,39.13794,-86.53039,422
7000,39.13785,-86.5304,423
7000,39.13779,-86.53041,424
7000,39.13758,-86.53044,425
7000,39.13742,-86.53049,426
7000,39.13721,-86.53057,427
7000,39.13688,-86.53071,428
7000,39.13663,-86.53082,429
7000,39.13648,-86.53089,430
7000,39.13646,-86.5309,431
7000,39.13643,-86.53091,432
7000,39.13633,-86.53095,433
7000,39.13614,-86.53102,434
7000,39.13593,-86.53109,435
7000,39.13594,-86.53057,436
7000,39.13595,-86.53049,437
7000,39.13596,-86.53005,438
7000,39.13597,-86.52967,439
7000,39.13597,-86.52956,440
7000,39.13596,-86.52882,441
7000,39.13597,-86.52858,442
7000,39.13598,-86.52811,443
7000,39.13599,-86.52763,444
7000,39.136,-86.5274,445
7000,39.13601,-86.52688,446
7000,39.13631,-86.52689,447
7000,39.13632,-86.52689,448
7000,39.13644,-86.52689,449
7000,39.13649,-86.52689,450
7000,39.13684,-86.5269,451
7000,39.13704,-86.5269,452
7000,39.13712,-86.5269,453
7000,39.13756,-86.52692,454
7000,39.13788,-86.52692,455
20025,39.14123,-86.54511,0
20025,39.14122,-86.54532,1
20025,39.14118,-86.54565,2
20025,39.14116,-86.54584,3
20025,39.14114,-86.54601,4
20025,39.14113,-86.54607,5
20025,39.14108,-86.54651,6
20025,39.14107,-86.54666,7
20025,39.14106,-86.5467,8
20025,39.14105,-86.54674,9
20025,39.14104,-86.54679,10
20025,39.14103,-86.54683,11
20025,39.14102,-86.54689,12
20025,39.14096,-86.54713,13
20025,39.14089,-86.5474,14
20025,39.14074,-86.5473,15
20025,39.14073,-86.5473,16
20025,39.14059,-86.54721,17
20025,39.14022,-86.54689,18
20025,39.14021,-86.54689,19
20025,39.14008,-86.5467,20
20025,39.14004,-86.54652,21
20025,39.14001,-86.5459,22
20025,39.14,-86.54557,23
20025,39.13999,-86.54534,24
20025,39.13999,-86.54531,25
20025,39.13998,-86.54511,26
20025,39.13995,-86.54483,27
20025,39.13994,-86.54413,28
20025,39.13993,-86.54317,29
20025,39.13991,-86.54204,30
20025,39.1399,-86.54154,31
20025,39.13988,-86.54091,32
20025,39.13986,-86.54047,33
20025,39.13986,-86.54036,34
20025,39.13984,-86.53983,35
20025,39.13982,-86.53926,36
20025,39.13981,-86.53889,37
20025,39.13981,-86.53866,38
20025,39.14022,-86.5387,39
20025,39.14088,-86.53878,40
20025,39.14123,-86.53881,41
20025,39.14144,-86.53884,42
20025,39.14159,-86.53886,43
20025,39.1416,-86.53886,44
20025,39.1417,-86.53887,45
20025,39.14172,-86.53887,46
20025,39.14195,-86.53889,47
20025,39.14217,-86.5389,48
20025,39.14227,-86.5389,49
20025,39.14245,-86.5389,50
20025,39.14255,-86.5389,51
20025,39.14272,-86.53891,52
20025,39.14299,-86.53891,53
20025,39.14306,-86.53891,54
20025,39.14313,-86.53891,55
20025,39.14343,-86.53891,56
20025,39.14367,-86.53891,57
20025,39.14419,-86.5389,58
20025,39.14426,-86.5389,59
20025,39.14451,-86.5389,60
20025,39.14523,-86.53888,61
20025,39.14553,-86.53888,62
20025,39.14574,-86.53887,63
20025,39.14607,-86.53887,64
20025,39.14636,-86.53887,65
20025,39.14661,-86.53886,66
20025,39.14697,-86.53886,67
20025,39.14713,-86.53885,68
20025,39.14736,-86.53885,69
20025,39.14808,-86.53884,70
20025,39.14898,-86.53882,71
20025,39.1497,-86.53881,72
20025,39.14999,-86.53881,73
20025,39.1506,-86.53881,74
20025,39.15111,-86.53879,75
20025,39.15114,-86.53879,76
20025,39.15152,-86.53878,77
20025,39.15167,-86.53878,78
20025,39.15203,-86.53876,79
20025,39.15223,-86.53876,80
20025,39.15252,-86.53875,81
20025,39.15299,-86.53873,82
20025,39.15331,-86.53873,83
20025,39.15338,-86.53873,84
20025,39.15381,-86.53872,85
20025,39.1539,-86.53872,86
20025,39.15418,-86.53872,87
20025,39.15454,-86.53873,88
20025,39.15488,-86.53873,89
20025,39.1556,-86.53872,90
20025,39.15596,-86.53871,91
20025,39.15629,-86.53871,92
20025,39.15637,-86.53871,93
20025,39.15655,-86.5387,94
20025,39.15702,-86.53869,95
20025,39.1571,-86.53869,96
20025,39.15747,-86.53868,97
20025,39.15776,-86.53868,98
20025,39.15835,-86.53867,99
20025,39.15879,-86.53867,100
20025,39.15889,-86.53867,101
20025,39.15892,-86.53867,102
20025,39.15898,-86.53867,103
20025,39.15921,-86.53867,104
20025,39.15941,-86.53867,105
20025,39.15941,-86.53815,106
20025,39.1594,-86.53795,107
20025,39.1594,-86.5378,108
20025,39.1594,-86.53722,109
20025,39.1594,-86.53714,110
20025,39.15939,-86.53681,111
20025,39.15939,-86.53653,112
20025,39.15938,-86.53629,113
20025,39.15986,-86.53629,114
20025,39.15997,-86.53629,115
20025,39.16028,-86.53629,116
20025,39.16136,-86.53629,117
20025,39.16136,-86.53617,118
20025,39.16135,-86.53605,119
20025,39.16134,-86.53558,120
20025,39.16134,-86.53546,121
20025,39.16134,-86.53494,122
20025,39.16134,-86.53491,123
20025,39.16137,-86.5348,124
20025,39.16137,-86.53447,125
20025,39.16137,-86.53431,126
20025,39.16137,-86.53414,127
20025,39.16138,-86.5339,128
20025,39.16138,-86.53365,129
20025,39.16169,-86.53365,130
20025,39.16187,-86.53365,131
20025,39.16192,-86.53365,132
20025,39.16285,-86.53364,133
20025,39.16335,-86.53364,134
20025,39.16393,-86.53364,135
20025,39.1641,-86.53364,136
20025,39.16408,-86.53237,137
20025,39.16366,-86.53237,138
20025,39.16146,-86.5324,139
20025,39.16138,-86.5324,140
20025,39.16138,-86.53282,141
20025,39.16138,-86.53295,142
20025,39.16138,-86.53302,143
20025,39.16138,-86.53365,144
20025,39.16137,-86.53414,145
20025,39.16137,-86.53431,146
20025,39.16137,-86.53469,147
20025,39.16137,-86.5348,148
20025,39.16142,-86.53493,149
20025,39.16134,-86.53494,150
20025,39.16119,-86.53495,151
20025,39.16085,-86.53496,152
20025,39.1608,-86.53496,153
20025,39.16031,-86.53497,154
20025,39.15996,-86.53497,155
20025,39.15971,-86.53498,156
20025,39.15939,-86.53497,157
20025,39.15939,-86.53522,158
20025,39.15939,-86.53566,159
20025,39.15939,-86.53599,160
20025,39.15939,-86.5362,161
20025,39.15938,-86.53629,162
20025,39.15939,-86.53653,163
20025,39.1594,-86.53714,164
20025,39.1594,-86.53722,165
20025,39.1594,-86.5378,166
20025,39.1594,-86.53795,167
20025,39.15941,-86.53815,168
20025,39.15941,-86.53867,169
20025,39.15898,-86.53867,170
20025,39.15892,-86.53867,171
20025,39.15889,-86.53867,172
20025,39.15879,-86.53867,173
20025,39.15835,-86.53867,174
20025,39.15747,-86.53868,175
20025,39.1571,-86.53869,176
20025,39.15702,-86.53869,177
20025,39.15655,-86.5387,178
20025,39.15637,-86.53871,179
20025,39.15629,-86.53871,180
20025,39.15596,-86.53871,181
20025,39.1556,-86.53872,182
20025,39.15488,-86.53873,183
20025,39.15454,-86.53873,184
20025,39.15418,-86.53872,185
20025,39.1539,-86.53872,186
20025,39.15381,-86.53872,187
20025,39.15331,-86.53873,188
20025,39.15299,-86.53873,189
20025,39.15252,-86.53875,190
20025,39.15223,-86.53876,191
20025,39.15203,-86.53876,192
20025,39.15167,-86.53878,193
20025,39.15152,-86.53878,194
20025,39.15114,-86.53879,195
20025,39.1506,-86.53881,196
20025,39.14999,-86.53881,197
20025,39.1497,-86.53881,198
20025,39.14898,-86.53882,199
20025,39.14808,-86.53884,200
20025,39.14736,-86.53885,201
20025,39.14697,-86.53886,202
20025,39.14661,-86.53886,203
20025,39.14636,-86.53887,204
20025,39.14607,-86.53887,205
20025,39.14606,-86.53902,206
20025,39.14606,-86.53906,207
20025,39.14605,-86.53909,208
20025,39.14604,-86.5391,209
20025,39.14604,-86.53911,210
20025,39.14603,-86.53913,211
20025,39.14602,-86.53915,212
20025,39.146,-86.53917,213
20025,39.14599,-86.53918,214
20025,39.14591,-86.53925,215
20025,39.14573,-86.53942,216
20025,39.14521,-86.53996,217
20025,39.14493,-86.54025,218
20025,39.14454,-86.54065,219
20025,39.14386,-86.54136,220
20025,39.1437,-86.54152,221
20025,39.14342,-86.54182,222
20025,39.14308,-86.54215,223
20025,39.14265,-86.54257,224
20025,39.14208,-86.54313,225
20025,39.14149,-86.54371,226
20025,39.14136,-86.54383,227
20025,39.14121,-86.54398,228
20025,39.14121,-86.5443,229
20025,39.14123,-86.54463,230
20025,39.14125,-86.54483,231
20025,39.14125,-86.54486,232
20025,39.14124,-86.54511,233
9000,39.15346,-86.49091,0
9000,39.15344,-86.49074,1
9000,39.15355,-86.49076,2
9000,39.15425,-86.49083,3
9000,39.15448,-86.49084,4
9000,39.15453,-86.49084,5
9000,39.15492,-86.49084,6
9000,39.15524,-86.49085,7
9000,39.15535,-86.49084,8
9000,39.15546,-86.49082,9
9000,39.15557,-86.49079,10
9000,39.15564,-86.49077,11
9000,39.15572,-86.49073,12
9000,39.15588,-86.49065,13
9000,39.15618,-86.4905,14
9000,39.15629,-86.49045,15
9000,39.15631,-86.49045,16
9000,39.15641,-86.49042,17
9000,39.15647,-86.4904,18
9000,39.15649,-86.49039,19
9000,39.15653,-86.49038,20
9000,39.15666,-86.49037,21
9000,39.15678,-86.49035,22
9000,39.15683,-86.49035,23
9000,39.1569,-86.49035,24
9000,39.15712,-86.49036,25
9000,39.15759,-86.49038,26
9000,39.15766,-86.49038,27
9000,39.15767,-86.49039,28
9000,39.15784,-86.4904,29
9000,39.1582,-86.49043,30
9000,39.15838,-86.49045,31
9000,39.15847,-86.49046,32
9000,39.15909,-86.49058,33
9000,39.15937,-86.49064,34
9000,39.15943,-86.49065,35
9000,39.15939,-86.49111,36
9000,39.15938,-86.49121,37
9000,39.15936,-86.49142,38
9000,39.15937,-86.49187,39
9000,39.15937,-86.49204,40
9000,39.15938,-86.49252,41
9000,39.15938,-86.49302,42
9000,39.15937,-86.4931,43
9000,39.15936,-86.49316,44
9000,39.15933,-86.49324,45
9000,39.15929,-86.49332,46
9000,39.15919,-86.49349,47
9000,39.1591,-86.49377,48
9000,39.15904,-86.49394,49
9000,39.159,-86.49405,50
9000,39.15843,-86.49571,51
9000,39.15828,-86.49616,52
9000,39.15828,-86.49619,53
9000,39.15821,-86.49663,54
9000,39.15818,-86.49685,55
9000,39.15817,-86.49696,56
9000,39.15817,-86.497,57
9000,39.15816,-86.49727,58
9000,39.15816,-86.49747,59
9000,39.15815,-86.49762,60
9000,39.15815,-86.49778,61
9000,39.15843,-86.49779,62
9000,39.15854,-86.49778,63
9000,39.1589,-86.49776,64
9000,39.15954,-86.49771,65
9000,39.15968,-86.4977,66
9000,39.16015,-86.49765,67
9000,39.16039,-86.49764,68
9000,39.16058,-86.49763,69
9000,39.1607,-86.49763,70
9000,39.16094,-86.49764,71
9000,39.16137,-86.4977,72
9000,39.16185,-86.49776,73
9000,39.16231,-86.49784,74
9000,39.16279,-86.49794,75
9000,39.16301,-86.49798,76
9000,39.16317,-86.49801,77
9000,39.16347,-86.49807,78
9000,39.16371,-86.49811,79
9000,39.16391,-86.49816,80
9000,39.16417,-86.49822,81
9000,39.1643,-86.49824,82
9000,39.16467,-86.49842,83
9000,39.16519,-86.4987,84
9000,39.16525,-86.49874,85
9000,39.16547,-86.49887,86
9000,39.16597,-86.49916,87
9000,39.16701,-86.49972,88
9000,39.16761,-86.50004,89
9000,39.16781,-86.50015,90
9000,39.16784,-86.50017,91
9000,39.16788,-86.50019,92
9000,39.16799,-86.50025,93
9000,39.16849,-86.50052,94
9000,39.16883,-86.5007,95
9000,39.169,-86.50079,96
9000,39.16942,-86.50102,97
9000,39.16952,-86.50107,98
9000,39.17019,-86.50142,99
9000,39.17063,-86.50165,100
9000,39.17069,-86.50168,101
9000,39.17081,-86.50175,102
9000,39.17103,-86.50186,103
9000,39.17124,-86.50197,104
9000,39.17153,-86.50213,105
9000,39.17164,-86.50217,106
9000,39.17163,-86.50237,107
9000,39.17163,-86.50248,108
9000,39.17162,-86.50281,109
9000,39.17162,-86.50317,110
9000,39.1716,-86.50363,111
9000,39.1716,-86.50364,112
9000,39.1716,-86.50367,113
9000,39.17159,-86.50401,114
9000,39.17158,-86.50423,115
9000,39.17158,-86.50434,116
9000,39.17155,-86.5045,117
9000,39.17155,-86.50461,118
9000,39.17155,-86.50484,119
9000,39.1717,-86.50485,120
9000,39.17173,-86.50485,121
9000,39.17182,-86.50485,122
9000,39.17214,-86.50486,123
9000,39.17252,-86.50487,124
9000,39.17259,-86.50487,125
9000,39.17282,-86.50488,126
9000,39.17286,-86.50488,127
9000,39.17289,-86.50501,128
9000,39.17289,-86.50506,129
9000,39.17289,-86.5051,130
9000,39.17287,-86.50514,131
9000,39.17286,-86.50517,132
9000,39.17285,-86.50518,133
9000,39.17284,-86.5052,134
9000,39.17281,-86.50521,135
9000,39.17278,-86.50522,136
9000,39.17277,-86.50522,137
9000,39.17275,-86.50522,138
9000,39.17272,-86.50521,139
9000,39.17268,-86.50518,140
9000,39.17265,-86.50515,141
9000,39.17264,-86.50513,142
9000,39.17264,-86.50511,143
9000,39.17261,-86.50499,144
9000,39.17259,-86.50487,145
9000,39.17252,-86.50487,146
9000,39.17173,-86.50485,147
9000,39.1717,-86.50485,148
9000,39.17155,-86.50484,149
9000,39.17155,-86.50499,150
9000,39.17156,-86.50518,151
9000,39.17157,-86.50523,152
9000,39.17157,-86.50531,153
9000,39.17158,-86.50542,154
9000,39.17159,-86.50549,155
9000,39.17162,-86.50575,156
9000,39.17163,-86.50577,157
9000,39.1717,-86.50625,158
9000,39.17171,-86.50634,159
9000,39.17172,-86.50644,160
9000,39.17172,-86.50647,161
9000,39.17172,-86.5065,162
9000,39.17172,-86.50653,163
9000,39.17172,-86.50655,164
9000,39.17172,-86.50657,165
9000,39.17171,-86.50659,166
9000,39.1717,-86.50663,167
9000,39.17168,-86.50666,168
9000,39.17168,-86.50667,169
9000,39.17167,-86.50669,170
9000,39.17166,-86.5067,171
9000,39.17164,-86.50671,172
9000,39.17163,-86.50672,173
9000,39.17162,-86.50673,174
9000,39.1716,-86.50674,175
9000,39.17158,-86.50675,176
9000,39.17149,-86.50679,177
9000,39.17147,-86.50679,178
9000,39.17145,-86.50681,179
9000,39.17142,-86.50684,180
9000,39.17141,-86.50685,181
9000,39.1714,-86.50687,182
9000,39.17139,-86.5069,183
9000,39.17139,-86.50692,184
9000,39.17138,-86.50696,185
9000,39.17138,-86.50698,186
9000,39.17138,-86.50706,187
9000,39.1714,-86.50718,188
9000,39.17143,-86.50735,189
9000,39.17146,-86.50758,190
9000,39.17148,-86.50769,191
9000,39.17149,-86.50773,192
9000,39.17151,-86.50794,193
9000,39.17153,-86.50813,194
9000,39.17155,-86.50844,195
9000,39.17156,-86.50866,196
9000,39.17157,-86.50891,197
9000,39.17156,-86.50918,198
9000,39.17156,-86.50926,199
9000,39.17156,-86.50946,200
9000,39.17156,-86.5099,201
9000,39.17157,-86.51007,202
9000,39.17157,-86.51029,203
9000,39.17157,-86.51035,204
9000,39.17157,-86.51044,205
9000,39.17157,-86.51067,206
9000,39.17157,-86.51082,207
9000,39.17157,-86.51096,208
9000,39.17157,-86.51164,209
9000,39.17157,-86.5119,210
9000,39.17158,-86.51223,211
9000,39.17158,-86.51249,212
9000,39.17158,-86.51296,213
9000,39.17158,-86.51321,214
9000,39.17159,-86.51376,215
9000,39.17159,-86.51394,216
9000,39.17159,-86.51455,217
9000,39.17159,-86.51476,218
9000,39.17159,-86.51497,219
9000,39.17159,-86.51544,220
9000,39.17159,-86.51565,221
9000,39.17138,-86.51566,222
9000,39.17135,-86.51566,223
9000,39.17126,-86.51566,224
9000,39.17119,-86.51566,225
9000,39.17109,-86.51568,226
9000,39.17104,-86.51569,227
9000,39.17098,-86.51572,228
9000,39.17093,-86.51574,229
9000,39.17092,-86.51575,230
9000,39.17082,-86.51581,231
9000,39.17072,-86.51587,232
9000,39.17062,-86.51594,233
9000,39.17051,-86.516,234
9000,39.17043,-86.51604,235
9000,39.17026,-86.51611,236
9000,39.17019,-86.51612,237
9000,39.17011,-86.51613,238
9000,39.17002,-86.51614,239
9000,39.16992,-86.51615,240
9000,39.16985,-86.51616,241
9000,39.1698,-86.51616,242
9000,39.16944,-86.51615,243
9000,39.16936,-86.51614,244
9000,39.1693,-86.51614,245
9000,39.16921,-86.51614,246
9000,39.16907,-86.51614,247
9000,39.16887,-86.51614,248
9000,39.16838,-86.51613,249
9000,39.16814,-86.51613,250
9000,39.16802,-86.51613,251
9000,39.16799,-86.51613,252
9000,39.16783,-86.51613,253
9000,39.16779,-86.51613,254
9000,39.16773,-86.51613,255
9000,39.16767,-86.51612,256
9000,39.16764,-86.51612,257
9000,39.16758,-86.51615,258
9000,39.16751,-86.51616,259
9000,39.16745,-86.51617,260
9000,39.16716,-86.51618,261
9000,39.16709,-86.51619,262
9000,39.16703,-86.51621,263
9000,39.16694,-86.51625,264
9000,39.16685,-86.51628,265
9000,39.16683,-86.51629,266
9000,39.16671,-86.51637,267
9000,39.16666,-86.5164,268
9000,39.16661,-86.51642,269
9000,39.16658,-86.51642,270
9000,39.16653,-86.51642,271
9000,39.16633,-86.51642,272
9000,39.16615,-86.51642,273
9000,39.16612,-86.51642,274
9000,39.166,-86.51642,275
9000,39.16597,-86.51642,276
9000,39.16584,-86.51642,277
9000,39.16578,-86.51642,278
9000,39.16572,-86.51642,279
9000,39.16562,-86.51642,280
9000,39.16542,-86.51642,281
9000,39.16499,-86.51642,282
9000,39.1648,-86.51641,283
9000,39.16463,-86.51641,284
9000,39.16426,-86.5164,285
9000,39.16427,-86.51651,286
9000,39.16427,-86.51666,287
9000,39.16427,-86.51702,288
9000,39.16427,-86.51714,289
9000,39.16427,-86.51739,290
9000,39.16427,-86.51774,291
9000,39.16427,-86.51784,292
9000,39.16426,-86.51828,293
9000,39.16426,-86.51875,294
9000,39.16426,-86.51913,295
9000,39.16426,-86.51921,296
9000,39.16426,-86.51932,297
9000,39.16426,-86.51955,298
9000,39.16426,-86.51968,299
9000,39.16426,-86.51969,300
9000,39.16426,-86.52008,301
9000,39.16425,-86.52069,302
9000,39.16425,-86.52087,303
9000,39.16425,-86.52106,304
9000,39.16425,-86.52112,305
9000,39.16425,-86.52162,306
9000,39.16425,-86.52191,307
9000,39.16425,-86.52205,308
9000,39.16426,-86.52228,309
9000,39.16426,-86.52262,310
9000,39.16426,-86.52268,311
9000,39.16426,-86.52279,312
9000,39.16426,-86.52302,313
9000,39.16426,-86.52333,314
9000,39.16426,-86.52346,315
9000,39.16426,-86.52355,316
9000,39.16426,-86.52365,317
9000,39.16426,-86.52387,318
9000,39.16427,-86.5242,319
9000,39.16427,-86.52497,320
9000,39.16428,-86.52531,321
9000,39.16428,-86.52555,322
9000,39.16428,-86.52571,323
9000,39.16428,-86.52587,324
9000,39.16428,-86.52606,325
9000,39.16428,-86.52614,326
9000,39.16429,-86.52658,327
9000,39.1643,-86.52668,328
9000,39.1643,-86.52682,329
9000,39.1643,-86.5269,330
9000,39.16446,-86.52689,331
9000,39.16471,-86.5269,332
9000,39.16499,-86.5269,333
9000,39.16554,-86.52691,334
9000,39.16561,-86.52691,335
9000,39.16605,-86.52691,336
9000,39.16655,-86.52693,337
9000,39.16669,-86.52693,338
9000,39.16705,-86.52694,339
9000,39.16734,-86.52694,340
9000,39.16745,-86.52693,341
9000,39.16753,-86.52694,342
9000,39.16757,-86.52694,343
9000,39.16801,-86.52695,344
9000,39.16822,-86.52695,345
9000,39.16851,-86.52695,346
9000,39.1685,-86.52577,347
9000,39.1685,-86.52554,348
9000,39.16849,-86.52464,349
9000,39.16849,-86.52449,350
9000,39.16849,-86.5242,351
9000,39.16849,-86.52382,352
9000,39.16849,-86.52377,353
9000,39.16849,-86.52374,354
9000,39.16849,-86.52368,355
9000,39.16849,-86.52349,356
9000,39.16898,-86.5235,357
9000,39.16947,-86.52349,358
9000,39.16994,-86.52349,359
9000,39.17013,-86.52349,360
9000,39.17043,-86.52349,361
9000,39.17073,-86.52349,362
9000,39.17102,-86.52349,363
9000,39.17117,-86.52349,364
9000,39.17138,-86.52349,365
9000,39.17151,-86.5235,366
9000,39.17163,-86.5235,367
9000,39.17163,-86.52325,368
9000,39.17162,-86.52238,369
9000,39.17161,-86.521,370
9000,39.17161,-86.52077,371
9000,39.17161,-86.52072,372
9000,39.17161,-86.52039,373
9000,39.17161,-86.52016,374
9000,39.17161,-86.51993,375
9000,39.1716,-86.51972,376
9000,39.1716,-86.51905,377
9000,39.1716,-86.51898,378
9000,39.1716,-86.5184,379
9000,39.1716,-86.51794,380
9000,39.1716,-86.51765,381
9000,39.17159,-86.51729,382
9000,39.17159,-86.51689,383
9000,39.17159,-86.51637,384
9000,39.17159,-86.51565,385
9000,39.17159,-86.51497,386
9000,39.17159,-86.51476,387
9000,39.17159,-86.51455,388
9000,39.17159,-86.51394,389
9000,39.17159,-86.51376,390
9000,39.17158,-86.51321,391
9000,39.17158,-86.51296,392
9000,39.17158,-86.51249,393
9000,39.17158,-86.51223,394
9000,39.17157,-86.5119,395
9000,39.17157,-86.51164,396
9000,39.17157,-86.51096,397
9000,39.17157,-86.51082,398
9000,39.17157,-86.51067,399
9000,39.17157,-86.51044,400
9000,39.17157,-86.51035,401
9000,39.17157,-86.51007,402
9000,39.17156,-86.5099,403
9000,39.17156,-86.50961,404
9000,39.17156,-86.50946,405
9000,39.17156,-86.50926,406
9000,39.17156,-86.50918,407
9000,39.17157,-86.50891,408
9000,39.17156,-86.5087,409
9000,39.17156,-86.50866,410
9000,39.17155,-86.50844,411
9000,39.17153,-86.50813,412
9000,39.17151,-86.50794,413
9000,39.17149,-86.50773,414
9000,39.17146,-86.50758,415
9000,39.1714,-86.50718,416
9000,39.17138,-86.50706,417
9000,39.17138,-86.50698,418
9000,39.17138,-86.50696,419
9000,39.17139,-86.50692,420
9000,39.17139,-86.5069,421
9000,39.1714,-86.50687,422
9000,39.17141,-86.50685,423
9000,39.17142,-86.50684,424
9000,39.17145,-86.50681,425
9000,39.17147,-86.50679,426
9000,39.17149,-86.50679,427
9000,39.17158,-86.50675,428
9000,39.1716,-86.50674,429
9000,39.17162,-86.50673,430
9000,39.17163,-86.50672,431
9000,39.17164,-86.50671,432
9000,39.17166,-86.5067,433
9000,39.17167,-86.50669,434
9000,39.17168,-86.50667,435
9000,39.17168,-86.50666,436
9000,39.1717,-86.50663,437
9000,39.17171,-86.50659,438
9000,39.17172,-86.50657,439
9000,39.17172,-86.50655,440
9000,39.17172,-86.50653,441
9000,39.17172,-86.5065,442
9000,39.17172,-86.50647,443
9000,39.17172,-86.50644,444
9000,39.17171,-86.50634,445
9000,39.1717,-86.50625,446
9000,39.17168,-86.50613,447
9000,39.17163,-86.50577,448
9000,39.17162,-86.50575,449
9000,39.17159,-86.50549,450
9000,39.17158,-86.50542,451
9000,39.17157,-86.50531,452
9000,39.17156,-86.50518,453
9000,39.17155,-86.50499,454
9000,39.17155,-86.50484,455
9000,39.17155,-86.50461,456
9000,39.17155,-86.5045,457
9000,39.17152,-86.50435,458
9000,39.17151,-86.50421,459
9000,39.17151,-86.50401,460
9000,39.1715,-86.50396,461
9000,39.1715,-86.50374,462
9000,39.1715,-86.50364,463
9000,39.1715,-86.50317,464
9000,39.1715,-86.50277,465
9000,39.1715,-86.50275,466
9000,39.17151,-86.50231,467
9000,39.17129,-86.50219,468
9000,39.17121,-86.50215,469
9000,39.1711,-86.50209,470
9000,39.17097,-86.50202,471
9000,39.17067,-86.50185,472
9000,39.17034,-86.50167,473
9000,39.17015,-86.50156,474
9000,39.1697,-86.50132,475
9000,39.1691,-86.50099,476
9000,39.16887,-86.50086,477
9000,39.16784,-86.50031,478
9000,39.16778,-86.50028,479
9000,39.16771,-86.50024,480
9000,39.16757,-86.50017,481
9000,39.16698,-86.49985,482
9000,39.16656,-86.49963,483
9000,39.16593,-86.49929,484
9000,39.16585,-86.49924,485
9000,39.16541,-86.49901,486
9000,39.16515,-86.49886,487
9000,39.16487,-86.49871,488
9000,39.16458,-86.49855,489
9000,39.1643,-86.49839,490
9000,39.16416,-86.49835,491
9000,39.1639,-86.49829,492
9000,39.1637,-86.49824,493
9000,39.16346,-86.49819,494
9000,39.16334,-86.49817,495
9000,39.163,-86.49812,496
9000,39.16266,-86.49806,497
9000,39.16229,-86.49797,498
9000,39.16219,-86.49795,499
9000,39.16211,-86.49793,500
9000,39.162,-86.49792,501
9000,39.16183,-86.4979,502
9000,39.16168,-86.49788,503
9000,39.16147,-86.49785,504
9000,39.16138,-86.49784,505
9000,39.16094,-86.49777,506
9000,39.16059,-86.49777,507
9000,39.1604,-86.49778,508
9000,39.16017,-86.49779,509
9000,39.1596,-86.49784,510
9000,39.15934,-86.49786,511
9000,39.1592,-86.49787,512
9000,39.1587,-86.49791,513
9000,39.15868,-86.49791,514
9000,39.15818,-86.49793,515
9000,39.1577,-86.4979,516
9000,39.1568,-86.49785,517
9000,39.15648,-86.49784,518
9000,39.15576,-86.49782,519
9000,39.15564,-86.49781,520
9000,39.15518,-86.4978,521
9000,39.15518,-86.49766,522
9000,39.15515,-86.49728,523
9000,39.15515,-86.49721,524
9000,39.15513,-86.49709,525
9000,39.15511,-86.4968,526
9000,39.15507,-86.49629,527
9000,39.15505,-86.49609,528
9000,39.15518,-86.49544,529
9000,39.15524,-86.49517,530
9000,39.15528,-86.495,531
9000,39.15533,-86.49474,532
9000,39.15534,-86.49467,533
9000,39.15534,-86.49461,534
9000,39.15535,-86.49456,535
9000,39.15535,-86.49448,536
9000,39.15535,-86.4944,537
9000,39.15535,-86.49429,538
9000,39.15534,-86.49424,539
9000,39.15534,-86.49421,540
9000,39.15533,-86.49417,541
9000,39.15532,-86.49412,542
9000,39.15531,-86.49409,543
9000,39.15529,-86.49402,544
9000,39.15527,-86.49397,545
9000,39.15525,-86.49394,546
9000,39.15524,-86.49391,547
9000,39.15521,-86.49386,548
9000,39.15518,-86.49381,549
9000,39.15516,-86.49378,550
9000,39.15514,-86.49376,551
9000,39.15512,-86.49374,552
9000,39.15503,-86.49365,553
9000,39.15493,-86.49354,554
9000,39.15489,-86.49351,555
9000,39.15461,-86.49322,556
9000,39.1546,-86.49322,557
9000,39.1544,-86.49304,558
9000,39.15431,-86.49296,559
9000,39.15416,-86.49284,560
9000,39.15397,-86.49266,561
9000,39.15393,-86.49263,562
9000,39.15377,-86.4924,563
9000,39.15372,-86.49234,564
9000,39.15372,-86.49233,565
9000,39.15362,-86.4922,566
9000,39.15356,-86.49199,567
9000,39.15351,-86.49167,568
9000,39.15346,-86.49134,569
9000,39.15346,-86.49131,570
9000,39.15345,-86.49121,571
9000,39.15345,-86.49111,572
9000,39.15345,-86.49098,573
9000,39.15345,-86.49091,574
4001,39.12682,-86.58295,0
4001,39.12681,-86.5828,1
4001,39.12681,-86.58258,2
4001,39.12695,-86.58258,3
4001,39.12716,-86.58258,4
4001,39.12744,-86.58258,5
4001,39.12772,-86.58257,6
4001,39.12788,-86.58256,7
4001,39.12808,-86.58256,8
4001,39.12826,-86.58255,9
4001,39.12867,-86.58257,10
4001,39.12908,-86.58258,11
4001,39.12921,-86.58258,12
4001,39.12944,-86.58258,13
4001,39.12962,-86.58259,14
4001,39.12974,-86.58259,15
4001,39.1298,-86.58259,16
4001,39.1301,-86.58259,17
4001,39.13044,-86.5826,18
4001,39.13076,-86.58259,19
4001,39.13094,-86.58259,20
4001,39.13112,-86.58259,21
4001,39.1313,-86.58259,22
4001,39.1315,-86.58259,23
4001,39.13168,-86.58259,24
4001,39.13218,-86.58259,25
4001,39.13246,-86.58259,26
4001,39.13251,-86.58259,27
4001,39.13305,-86.58259,28
4001,39.13327,-86.5826,29
4001,39.13381,-86.5826,30
4001,39.13398,-86.5826,31
4001,39.13419,-86.58261,32
4001,39.13446,-86.58261,33
4001,39.13454,-86.58261,34
4001,39.13499,-86.58261,35
4001,39.13536,-86.58261,36
4001,39.13591,-86.58261,37
4001,39.13678,-86.58262,38
4001,39.13732,-86.58261,39
4001,39.13804,-86.58261,40
4001,39.13827,-86.58261,41
4001,39.13917,-86.58261,42
4001,39.14015,-86.58261,43
4001,39.14036,-86.58262,44
4001,39.14068,-86.58262,45
4001,39.14082,-86.58262,46
4001,39.141,-86.58262,47
4001,39.14147,-86.58262,48
4001,39.14158,-86.58262,49
4001,39.1419,-86.58259,50
4001,39.14229,-86.582,51
4001,39.14236,-86.5819,52
4001,39.14243,-86.58181,53
4001,39.14276,-86.58138,54
4001,39.14306,-86.58099,55
4001,39.14309,-86.58096,56
4001,39.14319,-86.58083,57
4001,39.14325,-86.58075,58
4001,39.14334,-86.58062,59
4001,39.14341,-86.58052,60
4001,39.14348,-86.58042,61
4001,39.14356,-86.58029,62
4001,39.14375,-86.58001,63
4001,39.14382,-86.57989,64
4001,39.14389,-86.57978,65
4001,39.14401,-86.57956,66
4001,39.14416,-86.57929,67
4001,39.14436,-86.57891,68
4001,39.14442,-86.5788,69
4001,39.14453,-86.57858,70
4001,39.14459,-86.57847,71
4001,39.14498,-86.57773,72
4001,39.14576,-86.57626,73
4001,39.14592,-86.57597,74
4001,39.14632,-86.5752,75
4001,39.14667,-86.57454,76
4001,39.14675,-86.5744,77
4001,39.14721,-86.57352,78
4001,39.14732,-86.57331,79
4001,39.14736,-86.57324,80
4001,39.14736,-86.57323,81
4001,39.14749,-86.57299,82
4001,39.1475,-86.57297,83
4001,39.14752,-86.57294,84
4001,39.14777,-86.57246,85
4001,39.14809,-86.57185,86
4001,39.1483,-86.57146,87
4001,39.14857,-86.57095,88
4001,39.14878,-86.57057,89
4001,39.14885,-86.57043,90
4001,39.14896,-86.5702,91
4001,39.14898,-86.57014,92
4001,39.14903,-86.57005,93
4001,39.14913,-86.56984,94
4001,39.14921,-86.56971,95
4001,39.14932,-86.56955,96
4001,39.14933,-86.56953,97
4001,39.14947,-86.56928,98
4001,39.14955,-86.56914,99
4001,39.14963,-86.56902,100
4001,39.14965,-86.56899,101
4001,39.14974,-86.56885,102
4001,39.14964,-86.56876,103
4001,39.14961,-86.56874,104
4001,39.14959,-86.56873,105
4001,39.14957,-86.56872,106
4001,39.14954,-86.56873,107
4001,39.14953,-86.56873,108
4001,39.14951,-86.56873,109
4001,39.14949,-86.56874,110
4001,39.14947,-86.56875,111
4001,39.14944,-86.56877,112
4001,39.14943,-86.56879,113
4001,39.14941,-86.56882,114
4001,39.14922,-86.56917,115
4001,39.14917,-86.56926,116
4001,39.14912,-86.56936,117
4001,39.14898,-86.56963,118
4001,39.1488,-86.56997,119
4001,39.14862,-86.57032,120
4001,39.14851,-86.57052,121
4001,39.14841,-86.57071,122
4001,39.1482,-86.57109,123
4001,39.1481,-86.57128,124
4001,39.148,-86.57148,125
4001,39.1479,-86.57158,126
4001,39.14785,-86.57162,127
4001,39.14783,-86.57163,128
4001,39.1477,-86.5717,129
4001,39.1476,-86.57172,130
4001,39.14756,-86.57172,131
4001,39.14749,-86.57171,132
4001,39.14743,-86.57169,133
4001,39.14742,-86.57168,134
4001,39.14734,-86.57163,135
4001,39.14723,-86.57154,136
4001,39.1472,-86.57152,137
4001,39.14718,-86.5715,138
4001,39.14708,-86.57142,139
4001,39.14703,-86.57138,140
4001,39.14693,-86.57129,141
4001,39.1468,-86.57118,142
4001,39.14676,-86.57115,143
4001,39.1469,-86.57089,144
4001,39.14693,-86.57083,145
4001,39.14705,-86.57093,146
4001,39.14706,-86.57094,147
4001,39.14707,-86.571,148
4001,39.14697,-86.57121,149
4001,39.14693,-86.57129,150
4001,39.14703,-86.57138,151
4001,39.14708,-86.57142,152
4001,39.14718,-86.5715,153
4001,39.14723,-86.57154,154
4001,39.14734,-86.57163,155
4001,39.14742,-86.57168,156
4001,39.14743,-86.57169,157
4001,39.14749,-86.57171,158
4001,39.14754,-86.57171,159
4001,39.14756,-86.57172,160
4001,39.1476,-86.57172,161
4001,39.1477,-86.5717,162
4001,39.14783,-86.57163,163
4001,39.14785,-86.57162,164
4001,39.1479,-86.57158,165
4001,39.148,-86.57148,166
4001,39.1481,-86.57128,167
4001,39.1482,-86.57109,168
4001,39.14841,-86.57071,169
4001,39.14851,-86.57052,170
4001,39.14857,-86.57041,171
4001,39.1488,-86.56997,172
4001,39.14898,-86.56963,173
4001,39.14912,-86.56936,174
4001,39.14922,-86.56917,175
4001,39.14941,-86.56882,176
4001,39.14942,-86.56881,177
4001,39.14943,-86.56879,178
4001,39.14944,-86.56877,179
4001,39.14947,-86.56875,180
4001,39.14949,-86.56874,181
4001,39.14951,-86.56873,182
4001,39.14953,-86.56873,183
4001,39.14954,-86.56873,184
4001,39.14957,-86.56872,185
4001,39.14959,-86.56873,186
4001,39.14961,-86.56874,187
4001,39.14964,-86.56876,188
4001,39.14974,-86.56885,189
4001,39.14984,-86.56874,190
4001,39.14993,-86.56864,191
4001,39.15004,-86.56852,192
4001,39.15011,-86.56844,193
4001,39.15019,-86.56837,194
4001,39.15029,-86.56827,195
4001,39.15041,-86.56818,196
4001,39.15049,-86.56812,197
4001,39.15051,-86.5681,198
4001,39.15064,-86.56801,199
4001,39.15088,-86.56784,200
4001,39.15126,-86.56763,201
4001,39.15145,-86.56752,202
4001,39.15149,-86.5675,203
4001,39.15159,-86.56744,204
4001,39.15163,-86.56742,205
4001,39.15166,-86.56741,206
4001,39.15168,-86.5674,207
4001,39.15176,-86.56738,208
4001,39.1519,-86.56729,209
4001,39.15201,-86.56721,210
4001,39.15208,-86.56716,211
4001,39.15215,-86.56711,212
4001,39.15221,-86.56707,213
4001,39.15223,-86.56705,214
4001,39.15231,-86.56699,215
4001,39.15239,-86.56691,216
4001,39.15246,-86.56685,217
4001,39.15253,-86.56679,218
4001,39.15258,-86.56674,219
4001,39.15272,-86.56659,220
4001,39.15281,-86.56649,221
4001,39.15283,-86.56646,222
4001,39.15291,-86.56636,223
4001,39.15303,-86.56621,224
4001,39.15316,-86.56605,225
4001,39.1532,-86.56599,226
4001,39.1533,-86.56585,227
4001,39.15353,-86.56549,228
4001,39.1536,-86.56538,229
4001,39.15364,-86.56532,230
4001,39.15385,-86.56498,231
4001,39.15405,-86.56464,232
4001,39.15426,-86.56432,233
4001,39.15469,-86.56365,234
4001,39.15496,-86.5632,235
4001,39.15535,-86.56262,236
4001,39.15546,-86.56245,237
4001,39.15574,-86.56204,238
4001,39.15586,-86.56185,239
4001,39.15613,-86.56141,240
4001,39.15635,-86.56105,241
4001,39.15636,-86.56103,242
4001,39.15671,-86.56045,243
4001,39.15692,-86.56006,244
4001,39.15709,-86.55973,245
4001,39.15737,-86.55915,246
4001,39.15749,-86.5589,247
4001,39.15749,-86.55889,248
4001,39.15757,-86.55871,249
4001,39.15766,-86.55852,250
4001,39.15772,-86.55837,251
4001,39.15786,-86.558,252
4001,39.15793,-86.55782,253
4001,39.15804,-86.55754,254
4001,39.15816,-86.55725,255
4001,39.15826,-86.55704,256
4001,39.15831,-86.55694,257
4001,39.15836,-86.55684,258
4001,39.15854,-86.5565,259
4001,39.15866,-86.55629,260
4001,39.15887,-86.55594,261
4001,39.15895,-86.55582,262
4001,39.1593,-86.55527,263
4001,39.15946,-86.55498,264
4001,39.15956,-86.5548,265
4001,39.15958,-86.55475,266
4001,39.15966,-86.5546,267
4001,39.15968,-86.55457,268
4001,39.15978,-86.55435,269
4001,39.15987,-86.55413,270
4001,39.15996,-86.55386,271
4001,39.16013,-86.55326,272
4001,39.16018,-86.55307,273
4001,39.16021,-86.55294,274
4001,39.16021,-86.55281,275
4001,39.16022,-86.55275,276
4001,39.16025,-86.55253,277
4001,39.1603,-86.55215,278
4001,39.16031,-86.55214,279
4001,39.16032,-86.552,280
4001,39.16032,-86.55199,281
4001,39.16033,-86.55177,282
4001,39.16034,-86.55134,283
4001,39.16034,-86.5508,284
4001,39.16016,-86.55079,285
4001,39.16003,-86.55079,286
4001,39.15973,-86.55077,287
4001,39.15962,-86.55076,288
4001,39.15957,-86.55076,289
4001,39.15939,-86.55075,290
4001,39.15937,-86.55075,291
4001,39.15926,-86.55074,292
4001,39.15921,-86.55074,293
4001,39.1592,-86.55073,294
4001,39.15916,-86.55073,295
4001,39.15903,-86.55073,296
4001,39.15901,-86.55072,297
4001,39.15885,-86.55072,298
4001,39.15884,-86.55071,299
4001,39.15849,-86.5507,300
4001,39.15848,-86.5507,301
4001,39.15834,-86.55069,302
4001,39.1583,-86.55069,303
4001,39.15796,-86.55067,304
4001,39.15794,-86.55067,305
4001,39.15776,-86.55066,306
4001,39.1577,-86.55066,307
4001,39.15743,-86.55064,308
4001,39.15724,-86.55063,309
4001,39.15704,-86.55062,310
4001,39.15695,-86.55062,311
4001,39.15677,-86.5506,312
4001,39.15651,-86.55059,313
4001,39.15621,-86.55057,314
4001,39.15602,-86.55056,315
4001,39.15586,-86.55055,316
4001,39.15585,-86.55032,317
4001,39.15581,-86.54924,318
4001,39.1558,-86.54878,319
4001,39.1558,-86.54876,320
4001,39.1558,-86.54859,321
4001,39.15579,-86.54835,322
4001,39.15577,-86.54802,323
4001,39.15571,-86.54752,324
4001,39.1557,-86.54706,325
4001,39.1557,-86.54684,326
4001,39.1557,-86.54659,327
4001,39.15569,-86.54638,328
4001,39.15569,-86.54614,329
4001,39.15569,-86.54613,330
4001,39.15568,-86.54591,331
4001,39.15568,-86.54579,332
4001,39.15568,-86.54552,333
4001,39.15567,-86.54538,334
4001,39.15567,-86.54515,335
4001,39.15566,-86.54475,336
4001,39.15566,-86.54452,337
4001,39.15566,-86.54446,338
4001,39.15565,-86.54429,339
4001,39.15566,-86.54379,340
4001,39.15566,-86.54347,341
4001,39.15566,-86.54341,342
4001,39.15566,-86.54333,343
4001,39.15593,-86.5434,344
4001,39.15613,-86.54362,345
4001,39.1562,-86.5437,346
4001,39.15623,-86.54373,347
4001,39.15749,-86.54509,348
4001,39.15753,-86.54513,349
4001,39.15889,-86.54655,350
4001,39.15938,-86.54707,351
4001,39.15953,-86.54723,352
4001,39.15981,-86.54756,353
4001,39.15992,-86.54766,354
4001,39.1601,-86.54783,355
4001,39.16053,-86.54825,356
4001,39.16056,-86.54827,357
4001,39.16078,-86.54848,358
4001,39.16097,-86.548,359
4001,39.16109,-86.5477,360
4001,39.16119,-86.54743,361
4001,39.16125,-86.54729,362
4001,39.16129,-86.54716,363
4001,39.16129,-86.54714,364
4001,39.16132,-86.54704,365
4001,39.16135,-86.54692,366
4001,39.16138,-86.54683,367
4001,39.16139,-86.5468,368
4001,39.16139,-86.54677,369
4001,39.1614,-86.5467,370
4001,39.16141,-86.54662,371
4001,39.16142,-86.54655,372
4001,39.16143,-86.54644,373
4001,39.16145,-86.54613,374
4001,39.16144,-86.54574,375
4001,39.16144,-86.54551,376
4001,39.16144,-86.54481,377
4001,39.16144,-86.54459,378
4001,39.16143,-86.5435,379
4001,39.16143,-86.54335,380
4001,39.16143,-86.54294,381
4001,39.16143,-86.5429,382
4001,39.16143,-86.54271,383
4001,39.16143,-86.54267,384
4001,39.16142,-86.54247,385
4001,39.16142,-86.54243,386
4001,39.16142,-86.54224,387
4001,39.16142,-86.5418,388
4001,39.16139,-86.5418,389
4001,39.16142,-86.5418,390
4001,39.16142,-86.54157,391
4001,39.16142,-86.54134,392
4001,39.16142,-86.54116,393
4001,39.16139,-86.54104,394
4001,39.16139,-86.54083,395
4001,39.16137,-86.5405,396
4001,39.16136,-86.5401,397
4001,39.16136,-86.54003,398
4001,39.16136,-86.53942,399
4001,39.16137,-86.53898,400
4001,39.16137,-86.53868,401
4001,39.16143,-86.53869,402
4001,39.16151,-86.53868,403
4001,39.16177,-86.53868,404
4001,39.16182,-86.53868,405
4001,39.16195,-86.53867,406
4001,39.16239,-86.53867,407
4001,39.16287,-86.53866,408
4001,39.16305,-86.53866,409
4001,39.16331,-86.53866,410
4001,39.16373,-86.53865,411
4001,39.16408,-86.53865,412
4001,39.16414,-86.53865,413
4001,39.16425,-86.53865,414
4001,39.16459,-86.53867,415
4001,39.16467,-86.53868,416
4001,39.16501,-86.53869,417
4001,39.16519,-86.5387,418
4001,39.1654,-86.5387,419
4001,39.16562,-86.5387,420
4001,39.16561,-86.53806,421
4001,39.16561,-86.53762,422
4001,39.16561,-86.53742,423
4001,39.1656,-86.53677,424
4001,39.1656,-86.53658,425
4001,39.1656,-86.53631,426
4001,39.1656,-86.53608,427
4001,39.16559,-86.53557,428
4001,39.16559,-86.53536,429
4001,39.16559,-86.5349,430
4001,39.16559,-86.53488,431
4001,39.16558,-86.53418,432
4001,39.16558,-86.53362,433
4001,39.16558,-86.53315,434
4001,39.16558,-86.53299,435
4001,39.16558,-86.53284,436
4001,39.16558,-86.53236,437
4001,39.16521,-86.53236,438
4001,39.16508,-86.53236,439
4001,39.16495,-86.53236,440
4001,39.16459,-86.53237,441
4001,39.16421,-86.53237,442
4001,39.16422,-86.53362,443
4001,39.16448,-86.53361,444
4001,39.16539,-86.53363,445
4001,39.16558,-86.53362,446
4001,39.16558,-86.53398,447
4001,39.16558,-86.53418,448
4001,39.16559,-86.53488,449
4001,39.16541,-86.53488,450
4001,39.16513,-86.53488,451
4001,39.16499,-86.53488,452
4001,39.16471,-86.53489,453
4001,39.16467,-86.53489,454
4001,39.16467,-86.53565,455
4001,39.16467,-86.53585,456
4001,39.16468,-86.53608,457
4001,39.16468,-86.53609,458
4001,39.16468,-86.53631,459
4001,39.16468,-86.5365,460
4001,39.16468,-86.5369,461
4001,39.16468,-86.53741,462
4001,39.16468,-86.53806,463
4001,39.16468,-86.53837,464
4001,39.16467,-86.53868,465
4001,39.16459,-86.53867,466
4001,39.16425,-86.53865,467
4001,39.16414,-86.53865,468
4001,39.16373,-86.53865,469
4001,39.16331,-86.53866,470
4001,39.16316,-86.53866,471
4001,39.16305,-86.53866,472
4001,39.16287,-86.53866,473
4001,39.16239,-86.53867,474
4001,39.16195,-86.53867,475
4001,39.16177,-86.53868,476
4001,39.16143,-86.53869,477
4001,39.16143,-86.539,478
4001,39.16143,-86.53932,479
4001,39.16143,-86.53942,480
4001,39.16144,-86.53981,481
4001,39.16144,-86.53983,482
4001,39.16144,-86.54057,483
4001,39.16144,-86.54084,484
4001,39.16144,-86.54093,485
4001,39.16144,-86.54102,486
4001,39.16144,-86.54106,487
4001,39.16142,-86.54116,488
4001,39.16142,-86.54134,489
4001,39.16142,-86.54157,490
4001,39.16142,-86.5418,491
4001,39.16142,-86.54224,492
4001,39.16142,-86.54243,493
4001,39.16142,-86.54247,494
4001,39.16143,-86.54267,495
4001,39.16143,-86.54271,496
4001,39.16143,-86.5429,497
4001,39.16143,-86.54294,498
4001,39.16143,-86.54335,499
4001,39.16143,-86.5435,500
4001,39.16144,-86.54459,501
4001,39.16144,-86.54481,502
4001,39.16144,-86.54574,503
4001,39.16145,-86.54613,504
4001,39.16143,-86.54644,505
4001,39.16142,-86.54655,506
4001,39.16141,-86.54662,507
4001,39.1614,-86.5467,508
4001,39.16139,-86.54677,509
4001,39.16139,-86.5468,510
4001,39.16138,-86.54683,511
4001,39.16135,-86.54692,512
4001,39.16132,-86.54704,513
4001,39.16129,-86.54714,514
4001,39.16129,-86.54716,515
4001,39.16125,-86.54729,516
4001,39.16119,-86.54743,517
4001,39.16109,-86.5477,518
4001,39.16097,-86.548,519
4001,39.16085,-86.5483,520
4001,39.16078,-86.54848,521
4001,39.16053,-86.54825,522
4001,39.16034,-86.54807,523
4001,39.1601,-86.54783,524
4001,39.15992,-86.54766,525
4001,39.15981,-86.54756,526
4001,39.15953,-86.54723,527
4001,39.15749,-86.54509,528
4001,39.1562,-86.5437,529
4001,39.15614,-86.54363,530
4001,39.15613,-86.54362,531
4001,39.15593,-86.5434,532
4001,39.15566,-86.54333,533
4001,39.15566,-86.54341,534
4001,39.15566,-86.54377,535
4001,39.15566,-86.54379,536
4001,39.15565,-86.54429,537
4001,39.15566,-86.54446,538
4001,39.15566,-86.54452,539
4001,39.15566,-86.54475,540
4001,39.15567,-86.54515,541
4001,39.15567,-86.54538,542
4001,39.15568,-86.54579,543
4001,39.15568,-86.54591,544
4001,39.15569,-86.54613,545
4001,39.15569,-86.54614,546
4001,39.15569,-86.54638,547
4001,39.15569,-86.54649,548
4001,39.1557,-86.54659,549
4001,39.1557,-86.54684,550
4001,39.1557,-86.54706,551
4001,39.15571,-86.54752,552
4001,39.15577,-86.54802,553
4001,39.15579,-86.54835,554
4001,39.1558,-86.54859,555
4001,39.1558,-86.54878,556
4001,39.15581,-86.54893,557
4001,39.15581,-86.54924,558
4001,39.15585,-86.55032,559
4001,39.15586,-86.55055,560
4001,39.15621,-86.55057,561
4001,39.15677,-86.5506,562
4001,39.15695,-86.55062,563
4001,39.15704,-86.55062,564
4001,39.15724,-86.55063,565
4001,39.15743,-86.55064,566
4001,39.15776,-86.55066,567
4001,39.15794,-86.55067,568
4001,39.15796,-86.55067,569
4001,39.1583,-86.55069,570
4001,39.15834,-86.55069,571
4001,39.15848,-86.5507,572
4001,39.15849,-86.5507,573
4001,39.15884,-86.55071,574
4001,39.15885,-86.55072,575
4001,39.15901,-86.55072,576
4001,39.15903,-86.55073,577
4001,39.15916,-86.55073,578
4001,39.1592,-86.55073,579
4001,39.15921,-86.55074,580
4001,39.15937,-86.55075,581
4001,39.15939,-86.55075,582
4001,39.15957,-86.55076,583
4001,39.15962,-86.55076,584
4001,39.15973,-86.55077,585
4001,39.16003,-86.55079,586
4001,39.16034,-86.5508,587
4001,39.16043,-86.55082,588
4001,39.16043,-86.55099,589
4001,39.16043,-86.55137,590
4001,39.16042,-86.55149,591
4001,39.16041,-86.55182,592
4001,39.1604,-86.55186,593
4001,39.16039,-86.55196,594
4001,39.16038,-86.55211,595
4001,39.16037,-86.55221,596
4001,39.16034,-86.55236,597
4001,39.16033,-86.55243,598
4001,39.1603,-86.55263,599
4001,39.16026,-86.55277,600
4001,39.16025,-86.55282,601
4001,39.16025,-86.55284,602
4001,39.16021,-86.55294,603
4001,39.16013,-86.55326,604
4001,39.15997,-86.5538,605
4001,39.15996,-86.55386,606
4001,39.15987,-86.55413,607
4001,39.15978,-86.55435,608
4001,39.15968,-86.55457,609
4001,39.15966,-86.5546,610
4001,39.15956,-86.5548,611
4001,39.15946,-86.55498,612
4001,39.1593,-86.55527,613
4001,39.15895,-86.55582,614
4001,39.15887,-86.55594,615
4001,39.15866,-86.55629,616
4001,39.15854,-86.5565,617
4001,39.15836,-86.55684,618
4001,39.15831,-86.55694,619
4001,39.15826,-86.55704,620
4001,39.15816,-86.55725,621
4001,39.15804,-86.55754,622
4001,39.15786,-86.558,623
4001,39.15772,-86.55837,624
4001,39.15766,-86.55852,625
4001,39.15757,-86.55871,626
4001,39.15749,-86.55889,627
4001,39.15749,-86.5589,628
4001,39.15737,-86.55915,629
4001,39.15709,-86.55973,630
4001,39.15692,-86.56006,631
4001,39.15671,-86.56045,632
4001,39.1565,-86.5608,633
4001,39.15636,-86.56103,634
4001,39.15635,-86.56105,635
4001,39.15613,-86.56141,636
4001,39.15586,-86.56185,637
4001,39.15574,-86.56204,638
4001,39.15546,-86.56245,639
4001,39.15496,-86.5632,640
4001,39.15469,-86.56365,641
4001,39.15426,-86.56432,642
4001,39.15405,-86.56464,643
4001,39.15385,-86.56498,644
4001,39.1536,-86.56538,645
4001,39.15353,-86.56549,646
4001,39.1533,-86.56585,647
4001,39.1532,-86.56599,648
4001,39.15316,-86.56605,649
4001,39.15303,-86.56621,650
4001,39.15291,-86.56636,651
4001,39.15283,-86.56646,652
4001,39.15281,-86.56649,653
4001,39.15272,-86.56659,654
4001,39.15258,-86.56674,655
4001,39.15253,-86.56679,656
4001,39.15246,-86.56685,657
4001,39.15239,-86.56691,658
4001,39.15231,-86.56699,659
4001,39.15223,-86.56705,660
4001,39.15221,-86.56707,661
4001,39.15215,-86.56711,662
4001,39.15208,-86.56716,663
4001,39.15201,-86.56721,664
4001,39.1519,-86.56729,665
4001,39.15176,-86.56738,666
4001,39.15169,-86.56745,667
4001,39.15166,-86.56748,668
4001,39.15161,-86.56752,669
4001,39.15154,-86.56757,670
4001,39.15147,-86.56761,671
4001,39.15136,-86.56768,672
4001,39.15093,-86.56797,673
4001,39.15077,-86.56808,674
4001,39.15065,-86.56817,675
4001,39.15063,-86.56818,676
4001,39.15053,-86.56826,677
4001,39.15042,-86.56833,678
4001,39.15034,-86.56841,679
4001,39.15033,-86.56841,680
4001,39.15024,-86.5685,681
4001,39.15015,-86.56858,682
4001,39.15002,-86.56872,683
4001,39.14982,-86.56894,684
4001,39.14994,-86.56909,685
4001,39.14995,-86.5691,686
4001,39.14996,-86.56912,687
4001,39.14998,-86.56918,688
4001,39.15,-86.56921,689
4001,39.15,-86.56924,690
4001,39.15001,-86.56929,691
4001,39.15001,-86.56934,692
4001,39.15001,-86.56937,693
4001,39.15,-86.56939,694
4001,39.15,-86.56941,695
4001,39.14998,-86.56946,696
4001,39.14993,-86.56959,697
4001,39.14992,-86.56962,698
4001,39.14991,-86.56964,699
4001,39.1499,-86.56967,700
4001,39.14988,-86.5697,701
4001,39.14987,-86.56974,702
4001,39.14986,-86.56975,703
4001,39.14984,-86.56983,704
4001,39.14982,-86.56987,705
4001,39.14981,-86.56993,706
4001,39.14981,-86.56996,707
4001,39.14981,-86.57002,708
4001,39.14981,-86.57019,709
4001,39.14982,-86.57027,710
4001,39.14984,-86.57034,711
4001,39.14984,-86.57035,712
4001,39.14985,-86.5704,713
4001,39.14989,-86.57047,714
4001,39.14992,-86.57052,715
4001,39.14997,-86.57059,716
4001,39.15,-86.57062,717
4001,39.15007,-86.5707,718
4001,39.15024,-86.5709,719
4001,39.15061,-86.57132,720
4001,39.15088,-86.57162,721
4001,39.15101,-86.57178,722
4001,39.15106,-86.57183,723
4001,39.15115,-86.57192,724
4001,39.15133,-86.57211,725
4001,39.15155,-86.57226,726
4001,39.15161,-86.57229,727
4001,39.15177,-86.57236,728
4001,39.15178,-86.57237,729
4001,39.15203,-86.57245,730
4001,39.15221,-86.57249,731
4001,39.15226,-86.57249,732
4001,39.15231,-86.57249,733
4001,39.15249,-86.57249,734
4001,39.15251,-86.57249,735
4001,39.15305,-86.57249,736
4001,39.15331,-86.57248,737
4001,39.15357,-86.57249,738
4001,39.15392,-86.5725,739
4001,39.1541,-86.57251,740
4001,39.15428,-86.57251,741
4001,39.15436,-86.57251,742
4001,39.15468,-86.57252,743
4001,39.15479,-86.57248,744
4001,39.15482,-86.57246,745
4001,39.15484,-86.57245,746
4001,39.15497,-86.57239,747
4001,39.15499,-86.57238,748
4001,39.15515,-86.57232,749
4001,39.15516,-86.57231,750
4001,39.15524,-86.57229,751
4001,39.15534,-86.57226,752
4001,39.15555,-86.57219,753
4001,39.15565,-86.57213,754
4001,39.15569,-86.57211,755
4001,39.15574,-86.57207,756
4001,39.1558,-86.57202,757
4001,39.15582,-86.57198,758
4001,39.15584,-86.57196,759
4001,39.15602,-86.57162,760
4001,39.15614,-86.57145,761
4001,39.15623,-86.57132,762
4001,39.15628,-86.57127,763
4001,39.15634,-86.57124,764
4001,39.1564,-86.5712,765
4001,39.15643,-86.57118,766
4001,39.15646,-86.57117,767
4001,39.15651,-86.57115,768
4001,39.15669,-86.57109,769
4001,39.15678,-86.57109,770
4001,39.15689,-86.57111,771
4001,39.1569,-86.57111,772
4001,39.15698,-86.57113,773
4001,39.15725,-86.57123,774
4001,39.15737,-86.57124,775
4001,39.15749,-86.57123,776
4001,39.1576,-86.57119,777
4001,39.15761,-86.57119,778
4001,39.15774,-86.57113,779
4001,39.15775,-86.57112,780
4001,39.15777,-86.57111,781
4001,39.15787,-86.57105,782
4001,39.15793,-86.57101,783
4001,39.158,-86.57128,784
4001,39.15783,-86.57134,785
4001,39.15783,-86.57133,786
4001,39.15778,-86.57116,787
4001,39.15777,-86.57111,788
4001,39.15775,-86.57112,789
4001,39.15761,-86.57119,790
4001,39.1576,-86.57119,791
4001,39.15749,-86.57123,792
4001,39.15737,-86.57124,793
4001,39.15725,-86.57123,794
4001,39.15698,-86.57113,795
4001,39.1569,-86.57111,796
4001,39.15689,-86.57111,797
4001,39.15678,-86.57109,798
4001,39.15669,-86.57109,799
4001,39.15651,-86.57115,800
4001,39.1565,-86.57115,801
4001,39.15646,-86.57117,802
4001,39.1564,-86.5712,803
4001,39.15634,-86.57124,804
4001,39.15628,-86.57127,805
4001,39.15623,-86.57132,806
4001,39.15614,-86.57145,807
4001,39.15602,-86.57162,808
4001,39.15584,-86.57196,809
4001,39.15582,-86.57198,810
4001,39.1558,-86.57202,811
4001,39.15574,-86.57207,812
4001,39.15569,-86.57211,813
4001,39.15565,-86.57213,814
4001,39.15555,-86.57219,815
4001,39.15536,-86.57226,816
4001,39.15534,-86.57226,817
4001,39.15524,-86.57229,818
4001,39.15516,-86.57231,819
4001,39.15515,-86.57232,820
4001,39.15499,-86.57238,821
4001,39.15497,-86.57239,822
4001,39.15482,-86.57246,823
4001,39.15479,-86.57248,824
4001,39.15468,-86.57252,825
4001,39.15436,-86.57251,826
4001,39.15428,-86.57251,827
4001,39.1541,-86.57251,828
4001,39.15392,-86.5725,829
4001,39.15357,-86.57249,830
4001,39.15331,-86.57248,831
4001,39.15305,-86.57249,832
4001,39.15251,-86.57249,833
4001,39.15231,-86.57249,834
4001,39.15221,-86.57249,835
4001,39.15203,-86.57245,836
4001,39.15178,-86.57237,837
4001,39.15177,-86.57236,838
4001,39.15161,-86.57229,839
4001,39.15155,-86.57226,840
4001,39.15133,-86.57211,841
4001,39.15115,-86.57192,842
4001,39.15106,-86.57183,843
4001,39.15101,-86.57178,844
4001,39.15088,-86.57162,845
4001,39.15061,-86.57132,846
4001,39.15024,-86.5709,847
4001,39.15007,-86.5707,848
4001,39.15,-86.57062,849
4001,39.14997,-86.57059,850
4001,39.14992,-86.57052,851
4001,39.14989,-86.57047,852
4001,39.14985,-86.5704,853
4001,39.14984,-86.57035,854
4001,39.14984,-86.57034,855
4001,39.14982,-86.57027,856
4001,39.14981,-86.57019,857
4001,39.14981,-86.57002,858
4001,39.14981,-86.56996,859
4001,39.14981,-86.56993,860
4001,39.14982,-86.56987,861
4001,39.14984,-86.56983,862
4001,39.14986,-86.56975,863
4001,39.14987,-86.56974,864
4001,39.14988,-86.5697,865
4001,39.1499,-86.56967,866
4001,39.14991,-86.56964,867
4001,39.14992,-86.56962,868
4001,39.14993,-86.56959,869
4001,39.14998,-86.56946,870
4001,39.15,-86.56941,871
4001,39.15,-86.56939,872
4001,39.15001,-86.56937,873
4001,39.15001,-86.56934,874
4001,39.15001,-86.56929,875
4001,39.15,-86.56924,876
4001,39.15,-86.56921,877
4001,39.14998,-86.56918,878
4001,39.14996,-86.56912,879
4001,39.14994,-86.56909,880
4001,39.14982,-86.56894,881
4001,39.14972,-86.5691,882
4001,39.14967,-86.56919,883
4001,39.14958,-86.56933,884
4001,39.14946,-86.56955,885
4001,39.14946,-86.56956,886
4001,39.14933,-86.56979,887
4001,39.14925,-86.56993,888
4001,39.1492,-86.57001,889
4001,39.149,-86.5704,890
4001,39.14894,-86.57051,891
4001,39.14886,-86.57065,892
4001,39.14861,-86.57116,893
4001,39.14829,-86.57174,894
4001,39.14826,-86.57179,895
4001,39.14788,-86.57251,896
4001,39.14785,-86.57257,897
4001,39.14768,-86.5729,898
4001,39.14765,-86.57295,899
4001,39.14764,-86.57297,900
4001,39.14761,-86.57303,901
4001,39.14751,-86.57321,902
4001,39.1475,-86.57323,903
4001,39.14747,-86.57329,904
4001,39.14733,-86.57355,905
4001,39.14722,-86.57377,906
4001,39.14717,-86.57386,907
4001,39.14714,-86.57392,908
4001,39.1471,-86.57398,909
4001,39.14704,-86.5741,910
4001,39.14698,-86.57421,911
4001,39.14684,-86.57449,912
4001,39.14677,-86.57461,913
4001,39.14653,-86.57508,914
4001,39.14643,-86.57526,915
4001,39.14597,-86.57613,916
4001,39.14585,-86.57635,917
4001,39.14559,-86.57684,918
4001,39.14507,-86.57782,919
4001,39.14492,-86.57811,920
4001,39.14466,-86.57859,921
4001,39.14456,-86.57878,922
4001,39.14438,-86.57913,923
4001,39.14419,-86.57948,924
4001,39.14413,-86.57959,925
4001,39.14406,-86.57972,926
4001,39.14396,-86.57989,927
4001,39.14393,-86.57994,928
4001,39.14392,-86.57997,929
4001,39.14383,-86.58011,930
4001,39.14374,-86.58025,931
4001,39.14365,-86.58039,932
4001,39.14353,-86.58056,933
4001,39.14338,-86.58078,934
4001,39.14334,-86.58084,935
4001,39.14322,-86.58099,936
4001,39.14308,-86.58117,937
4001,39.14284,-86.58148,938
4001,39.14273,-86.58162,939
4001,39.14263,-86.58173,940
4001,39.14244,-86.58197,941
4001,39.14231,-86.58213,942
4001,39.14229,-86.58216,943
4001,39.14226,-86.58224,944
4001,39.14202,-86.58259,945
4001,39.1419,-86.58259,946
4001,39.14158,-86.58262,947
4001,39.14147,-86.58262,948
4001,39.14082,-86.58262,949
4001,39.14068,-86.58262,950
4001,39.14015,-86.58261,951
4001,39.13917,-86.58261,952
4001,39.13827,-86.58261,953
4001,39.13804,-86.58261,954
4001,39.13732,-86.58261,955
4001,39.13678,-86.58262,956
4001,39.13591,-86.58261,957
4001,39.13536,-86.58261,958
4001,39.13499,-86.58261,959
4001,39.13454,-86.58261,960
4001,39.13446,-86.58261,961
4001,39.13419,-86.58261,962
4001,39.13398,-86.5826,963
4001,39.13381,-86.5826,964
4001,39.13327,-86.5826,965
4001,39.13305,-86.58259,966
4001,39.13251,-86.58259,967
4001,39.13218,-86.58259,968
4001,39.13168,-86.58259,969
4001,39.1315,-86.58259,970
4001,39.1313,-86.58259,971
4001,39.13112,-86.58259,972
4001,39.13094,-86.58259,973
4001,39.13076,-86.58259,974
4001,39.13044,-86.5826,975
4001,39.1301,-86.58259,976
4001,39.1298,-86.58259,977
4001,39.12962,-86.58259,978
4001,39.12944,-86.58258,979
4001,39.12921,-86.58258,980
4001,39.12908,-86.58258,981
4001,39.12867,-86.58257,982
4001,39.12826,-86.58255,983
4001,39.12808,-86.58256,984
4001,39.12772,-86.58257,985
4001,39.12744,-86.58258,986
4001,39.12716,-86.58258,987
4001,39.12681,-86.58258,988
4001,39.12681,-86.5828,989
4001,39.12682,-86.58292,990
40022,39.13081,-86.52675,0
40022,39.13081,-86.52682,1
40022,39.13135,-86.52682,2
40022,39.13147,-86.52682,3
40022,39.13211,-86.52682,4
40022,39.13235,-86.52683,5
40022,39.13254,-86.52683,6
40022,39.13326,-86.52684,7
40022,39.13339,-86.52685,8
40022,39.1336,-86.52685,9
40022,39.13388,-86.52687,10
40022,39.1341,-86.52688,11
40022,39.13427,-86.52688,12
40022,39.13493,-86.52689,13
40022,39.13515,-86.52689,14
40022,39.13546,-86.52688,15
40022,39.13556,-86.52688,16
40022,39.13564,-86.52688,17
40022,39.13601,-86.52688,18
40022,39.13601,-86.52635,19
40022,39.13601,-86.52591,20
40022,39.13601,-86.5259,21
40022,39.13601,-86.52579,22
40022,39.13601,-86.52566,23
40022,39.136,-86.52558,24
40022,39.13599,-86.52523,25
40022,39.13598,-86.52489,26
40022,39.13597,-86.52451,27
40022,39.13597,-86.5239,28
40022,39.13597,-86.52315,29
40022,39.13598,-86.52278,30
40022,39.13598,-86.52236,31
40022,39.13599,-86.52196,32
40022,39.13599,-86.52152,33
40022,39.136,-86.52136,34
40022,39.136,-86.52114,35
40022,39.13597,-86.52107,36
40022,39.13597,-86.52061,37
40022,39.13597,-86.5204,38
40022,39.13597,-86.52022,39
40022,39.13597,-86.52006,40
40022,39.13596,-86.5199,41
40022,39.13596,-86.5197,42
40022,39.13595,-86.51932,43
40022,39.13595,-86.519,44
40022,39.13596,-86.51861,45
40022,39.13597,-86.51822,46
40022,39.13597,-86.51816,47
40022,39.13599,-86.51799,48
40022,39.13599,-86.51758,49
40022,39.13599,-86.51745,50
40022,39.13607,-86.51746,51
40022,39.13662,-86.51749,52
40022,39.13669,-86.5175,53
40022,39.13677,-86.51751,54
40022,39.13687,-86.51755,55
40022,39.13701,-86.51758,56
40022,39.13744,-86.51758,57
40022,39.13745,-86.51758,58
40022,39.13953,-86.5176,59
40022,39.13978,-86.5176,60
40022,39.13984,-86.5176,61
40022,39.14001,-86.51755,62
40022,39.14006,-86.51751,63
40022,39.14011,-86.51746,64
40022,39.14021,-86.51737,65
40022,39.14028,-86.51722,66
40022,39.14029,-86.51717,67
40022,39.14032,-86.51703,68
40022,39.14032,-86.51678,69
40022,39.14033,-86.51625,70
40022,39.14033,-86.51624,71
40022,39.14034,-86.51578,72
40022,39.14034,-86.51576,73
40022,39.14038,-86.51567,74
40022,39.14041,-86.51561,75
40022,39.14045,-86.51559,76
40022,39.14049,-86.51557,77
40022,39.14075,-86.51558,78
40022,39.14077,-86.51558,79
40022,39.141,-86.51558,80
40022,39.14102,-86.51544,81
40022,39.14102,-86.51543,82
40022,39.14103,-86.51538,83
40022,39.14102,-86.51537,84
40022,39.14102,-86.51536,85
40022,39.14115,-86.51526,86
40022,39.14129,-86.51517,87
40022,39.14148,-86.51507,88
40022,39.14155,-86.51503,89
40022,39.14165,-86.515,90
40022,39.1417,-86.51499,91
40022,39.14171,-86.51499,92
40022,39.1418,-86.51501,93
40022,39.14181,-86.51501,94
40022,39.14182,-86.51502,95
40022,39.14199,-86.51517,96
40022,39.1423,-86.51528,97
40022,39.14228,-86.51538,98
40022,39.14225,-86.51537,99
40022,39.14197,-86.51525,100
40022,39.14186,-86.51504,101
40022,39.14159,-86.51502,102
40022,39.14155,-86.51503,103
40022,39.14131,-86.51516,104
40022,39.14129,-86.51517,105
40022,39.14115,-86.51526,106
40022,39.14112,-86.51529,107
40022,39.14102,-86.51536,108
40022,39.14102,-86.51537,109
40022,39.14103,-86.51538,110
40022,39.14102,-86.51543,111
40022,39.141,-86.51558,112
40022,39.14103,-86.51559,113
40022,39.14105,-86.51559,114
40022,39.14114,-86.51561,115
40022,39.14124,-86.51566,116
40022,39.14151,-86.51582,117
40022,39.14177,-86.51598,118
40022,39.14219,-86.51615,119
40022,39.14222,-86.51616,120
40022,39.14299,-86.51653,121
40022,39.1432,-86.5173,122
40022,39.14323,-86.51733,123
40022,39.14331,-86.51739,124
40022,39.14345,-86.51739,125
40022,39.14403,-86.51738,126
40022,39.14428,-86.51741,127
40022,39.14446,-86.51743,128
40022,39.14464,-86.51742,129
40022,39.14477,-86.51741,130
40022,39.14482,-86.51741,131
40022,39.145,-86.51742,132
40022,39.14509,-86.51742,133
40022,39.14518,-86.51742,134
40022,39.14536,-86.51743,135
40022,39.14572,-86.51744,136
40022,39.1459,-86.51744,137
40022,39.14641,-86.51745,138
40022,39.14652,-86.51746,139
40022,39.14683,-86.51746,140
40022,39.14683,-86.51723,141
40022,39.14682,-86.51675,142
40022,39.14682,-86.51654,143
40022,39.14682,-86.51629,144
40022,39.14682,-86.51555,145
40022,39.14682,-86.51528,146
40022,39.14682,-86.51509,147
40022,39.14699,-86.51509,148
40022,39.14753,-86.5151,149
40022,39.14771,-86.51511,150
40022,39.14791,-86.51511,151
40022,39.14826,-86.51512,152
40022,39.14854,-86.51511,153
40022,39.14858,-86.51511,154
40022,39.14876,-86.51511,155
40022,39.14894,-86.51511,156
40022,39.14948,-86.51512,157
40022,39.14965,-86.51512,158
40022,39.14969,-86.51512,159
40022,39.14995,-86.51512,160
40022,39.15001,-86.51512,161
40022,39.15034,-86.51513,162
40022,39.15037,-86.51512,163
40022,39.15055,-86.51512,164
40022,39.15055,-86.51465,165
40022,39.15054,-86.51429,166
40022,39.15054,-86.51396,167
40022,39.15053,-86.5135,168
40022,39.15053,-86.51332,169
40022,39.15052,-86.51318,170
40022,39.15052,-86.51308,171
40022,39.15052,-86.51302,172
40022,39.15052,-86.51285,173
40022,39.15051,-86.51279,174
40022,39.15051,-86.51256,175
40022,39.15051,-86.51252,176
40022,39.1505,-86.51169,177
40022,39.1505,-86.51142,178
40022,39.1505,-86.51106,179
40022,39.1505,-86.51095,180
40022,39.1505,-86.51023,181
40022,39.15049,-86.50979,182
40022,39.15049,-86.50954,183
40022,39.15049,-86.50912,184
40022,39.15049,-86.50898,185
40022,39.15049,-86.50889,186
40022,39.15048,-86.50883,187
40022,39.15048,-86.50862,188
40022,39.15047,-86.50842,189
40022,39.15086,-86.50843,190
40022,39.15091,-86.50843,191
40022,39.15107,-86.50843,192
40022,39.15122,-86.50843,193
40022,39.15135,-86.50843,194
40022,39.15189,-86.50843,195
40022,39.15225,-86.50844,196
40022,39.15261,-86.50844,197
40022,39.15309,-86.50844,198
40022,39.15327,-86.50844,199
40022,39.15363,-86.50843,200
40022,39.15383,-86.50844,201
40022,39.15419,-86.50844,202
40022,39.15462,-86.50845,203
40022,39.15477,-86.50845,204
40022,39.15549,-86.50845,205
40022,39.15664,-86.50845,206
40022,39.15707,-86.50845,207
40022,39.1574,-86.50845,208
40022,39.15779,-86.50846,209
40022,39.15778,-86.50925,210
40022,39.15778,-86.50926,211
40022,39.15779,-86.51201,212
40022,39.1578,-86.51252,213
40022,39.1578,-86.51264,214
40022,39.1578,-86.51282,215
40022,39.1578,-86.51305,216
40022,39.1578,-86.51375,217
40022,39.1578,-86.51407,218
40022,39.15781,-86.51421,219
40022,39.15781,-86.51457,220
40022,39.15801,-86.51468,221
40022,39.15831,-86.51484,222
40022,39.15857,-86.51502,223
40022,39.15889,-86.5153,224
40022,39.15908,-86.51571,225
40022,39.15926,-86.51634,226
40022,39.1606,-86.51638,227
40022,39.16206,-86.51639,228
40022,39.16309,-86.5164,229
40022,39.16366,-86.5164,230
40022,39.16376,-86.5164,231
40022,39.16399,-86.5164,232
40022,39.16426,-86.5164,233
40022,39.16427,-86.51666,234
40022,39.16427,-86.51693,235
40022,39.16427,-86.51702,236
40022,39.16427,-86.51714,237
40022,39.16427,-86.51739,238
40022,39.16427,-86.51774,239
40022,39.16427,-86.51784,240
40022,39.16426,-86.51828,241
40022,39.16426,-86.51875,242
40022,39.16426,-86.51913,243
40022,39.16426,-86.51921,244
40022,39.16426,-86.51932,245
40022,39.16426,-86.51955,246
40022,39.16426,-86.51968,247
40022,39.16426,-86.51969,248
40022,39.16426,-86.52008,249
40022,39.16425,-86.52069,250
40022,39.16425,-86.52106,251
40022,39.16425,-86.52112,252
40022,39.16425,-86.52162,253
40022,39.16425,-86.52191,254
40022,39.16425,-86.52205,255
40022,39.16426,-86.52228,256
40022,39.16426,-86.52262,257
40022,39.16426,-86.52268,258
40022,39.16426,-86.52279,259
40022,39.16426,-86.52302,260
40022,39.16426,-86.52333,261
40022,39.16426,-86.52346,262
40022,39.16426,-86.52355,263
40022,39.16426,-86.52365,264
40022,39.16426,-86.52387,265
40022,39.16427,-86.5242,266
40022,39.16427,-86.52497,267
40022,39.16428,-86.52531,268
40022,39.16428,-86.52555,269
40022,39.16428,-86.52587,270
40022,39.16428,-86.52606,271
40022,39.16428,-86.52614,272
40022,39.16429,-86.52624,273
40022,39.1643,-86.52668,274
40022,39.1643,-86.52682,275
40022,39.1643,-86.5269,276
40022,39.16446,-86.52689,277
40022,39.16471,-86.5269,278
40022,39.16499,-86.5269,279
40022,39.16554,-86.52691,280
40022,39.16561,-86.52691,281
40022,39.16605,-86.52691,282
40022,39.16637,-86.52692,283
40022,39.16655,-86.52693,284
40022,39.16655,-86.52743,285
40022,39.16655,-86.52745,286
40022,39.16654,-86.52782,287
40022,39.16655,-86.52824,288
40022,39.16655,-86.52917,289
40022,39.16656,-86.5298,290
40022,39.16656,-86.53015,291
40022,39.16656,-86.53044,292
40022,39.16657,-86.53109,293
40022,39.16657,-86.53171,294
40022,39.16657,-86.53234,295
40022,39.16608,-86.53235,296
40022,39.16573,-86.53235,297
40022,39.16558,-86.53236,298
40022,39.16508,-86.53236,299
40022,39.16495,-86.53236,300
40022,39.16459,-86.53237,301
40022,39.16445,-86.53237,302
40022,39.1641,-86.53237,303
40022,39.16409,-86.53363,304
40022,39.16448,-86.53364,305
40022,39.16456,-86.53364,306
40022,39.16455,-86.53339,307
40022,39.16455,-86.53301,308
40022,39.16459,-86.53295,309
40022,39.16459,-86.53276,310
40022,39.16459,-86.53237,311
40022,39.16459,-86.53193,312
40022,39.1646,-86.53179,313
40022,39.16459,-86.53152,314
40022,39.16459,-86.53109,315
40022,39.16459,-86.53068,316
40022,39.16458,-86.53063,317
40022,39.16457,-86.52982,318
40022,39.16457,-86.52918,319
40022,39.16457,-86.52892,320
40022,39.16457,-86.52886,321
40022,39.16457,-86.52874,322
40022,39.16456,-86.52863,323
40022,39.16456,-86.5286,324
40022,39.16455,-86.52856,325
40022,39.16454,-86.52853,326
40022,39.16453,-86.5285,327
40022,39.16452,-86.52846,328
40022,39.16448,-86.52837,329
40022,39.16442,-86.52822,330
40022,39.16429,-86.52821,331
40022,39.16421,-86.52821,332
40022,39.16411,-86.5282,333
40022,39.16372,-86.52819,334
40022,39.16356,-86.52816,335
40022,39.16346,-86.52813,336
40022,39.1634,-86.52809,337
40022,39.16333,-86.52803,338
40022,39.16328,-86.52796,339
40022,39.16326,-86.52792,340
40022,39.16325,-86.5279,341
40022,39.16323,-86.52784,342
40022,39.1632,-86.52775,343
40022,39.16318,-86.52765,344
40022,39.16317,-86.5276,345
40022,39.16316,-86.52755,346
40022,39.16315,-86.52744,347
40022,39.16315,-86.52734,348
40022,39.16315,-86.52725,349
40022,39.16315,-86.52679,350
40022,39.16314,-86.52657,351
40022,39.16314,-86.52604,352
40022,39.16314,-86.52588,353
40022,39.16314,-86.52532,354
40022,39.16313,-86.52516,355
40022,39.16313,-86.52419,356
40022,39.16313,-86.52402,357
40022,39.16312,-86.52372,358
40022,39.16312,-86.52337,359
40022,39.16312,-86.52263,360
40022,39.16311,-86.52176,361
40022,39.16311,-86.52154,362
40022,39.16311,-86.52106,363
40022,39.1631,-86.52019,364
40022,39.16309,-86.51991,365
40022,39.16309,-86.51975,366
40022,39.16309,-86.51912,367
40022,39.16309,-86.51897,368
40022,39.16308,-86.51852,369
40022,39.16308,-86.51794,370
40022,39.16308,-86.5179,371
40022,39.16307,-86.51772,372
40022,39.16307,-86.51726,373
40022,39.16307,-86.51699,374
40022,39.16306,-86.51662,375
40022,39.16305,-86.51643,376
40022,39.16289,-86.51641,377
40022,39.16116,-86.5164,378
40022,39.15927,-86.51636,379
40022,39.15918,-86.51595,380
40022,39.15911,-86.51578,381
40022,39.15891,-86.51536,382
40022,39.15855,-86.51503,383
40022,39.15815,-86.51478,384
40022,39.15782,-86.5146,385
40022,39.15779,-86.51384,386
40022,39.15776,-86.51011,387
40022,39.15777,-86.50854,388
40022,39.15772,-86.50849,389
40022,39.15741,-86.50849,390
40022,39.15628,-86.50849,391
40022,39.15539,-86.50849,392
40022,39.15409,-86.50846,393
40022,39.15355,-86.50847,394
40022,39.15196,-86.50846,395
40022,39.15073,-86.50845,396
40022,39.15052,-86.50844,397
40022,39.15049,-86.50851,398
40022,39.15052,-86.50956,399
40022,39.15052,-86.5114,400
40022,39.15054,-86.51278,401
40022,39.15058,-86.51496,402
40022,39.15058,-86.51507,403
40022,39.15043,-86.51514,404
40022,39.14949,-86.51513,405
40022,39.14847,-86.51514,406
40022,39.14767,-86.51512,407
40022,39.14687,-86.51511,408
40022,39.14683,-86.51518,409
40022,39.14683,-86.51585,410
40022,39.14683,-86.51652,411
40022,39.14684,-86.51734,412
40022,39.14685,-86.51741,413
40022,39.14675,-86.51748,414
40022,39.14597,-86.51745,415
40022,39.14478,-86.51742,416
40022,39.14446,-86.51744,417
40022,39.144,-86.51739,418
40022,39.14342,-86.51741,419
40022,39.14326,-86.51738,420
40022,39.143,-86.51656,421
40022,39.14256,-86.51627,422
40022,39.14202,-86.51607,423
40022,39.14147,-86.51579,424
40022,39.14107,-86.51558,425
40022,39.14101,-86.51557,426
40022,39.14102,-86.51538,427
40022,39.14125,-86.51521,428
40022,39.14169,-86.51498,429
40022,39.14178,-86.51499,430
40022,39.14192,-86.5151,431
40022,39.14199,-86.51515,432
40022,39.14229,-86.51528,433
40022,39.14203,-86.51527,434
40022,39.14193,-86.51516,435
40022,39.14181,-86.515,436
40022,39.14154,-86.51504,437
40022,39.14103,-86.51536,438
40022,39.14099,-86.51557,439
40022,39.14062,-86.51557,440
40022,39.14048,-86.51556,441
40022,39.1404,-86.51564,442
40022,39.14033,-86.51584,443
40022,39.14033,-86.51669,444
40022,39.14033,-86.51703,445
40022,39.14026,-86.51727,446
40022,39.14002,-86.51753,447
40022,39.13985,-86.51758,448
40022,39.13913,-86.51761,449
40022,39.13798,-86.51761,450
40022,39.13708,-86.5176,451
40022,39.13675,-86.5175,452
40022,39.13603,-86.51748,453
40022,39.13596,-86.51727,454
40022,39.13596,-86.51619,455
40022,39.13596,-86.51592,456
40022,39.13558,-86.51592,457
40022,39.13422,-86.51594,458
40022,39.13401,-86.51598,459
40022,39.13277,-86.5163,460
40022,39.13137,-86.51674,461
40022,39.13096,-86.51711,462
40022,39.13078,-86.51745,463
40022,39.13072,-86.51782,464
40022,39.1307,-86.51834,465
40022,39.13073,-86.51971,466
40022,39.13084,-86.52036,467
40022,39.13093,-86.5215,468
40022,39.13085,-86.52213,469
40022,39.13065,-86.52323,470
40022,39.13065,-86.52472,471
40022,39.1307,-86.52563,472
40022,39.13079,-86.52676,473
5000,39.1235,-86.5098,0
5000,39.12335,-86.51007,1
5000,39.12312,-86.50991,2
5000,39.12379,-86.50856,3
5000,39.12395,-86.50824,4
5000,39.12598,-86.50492,5
5000,39.12599,-86.50491,6
5000,39.12617,-86.50471,7
5000,39.12619,-86.50468,8
5000,39.12642,-86.50444,9
5000,39.12648,-86.50438,10
5000,39.12656,-86.50424,11
5000,39.12689,-86.50401,12
5000,39.127,-86.50393,13
5000,39.12712,-86.50385,14
5000,39.12734,-86.50372,15
5000,39.12745,-86.50365,16
5000,39.12771,-86.50352,17
5000,39.12791,-86.50344,18
5000,39.12794,-86.50342,19
5000,39.12817,-86.50332,20
5000,39.12869,-86.5031,21
5000,39.12891,-86.503,22
5000,39.12913,-86.50291,23
5000,39.12929,-86.50283,24
5000,39.12943,-86.50276,25
5000,39.12964,-86.50264,26
5000,39.12979,-86.50254,27
5000,39.13001,-86.5024,28
5000,39.13023,-86.50224,29
5000,39.13037,-86.50213,30
5000,39.13043,-86.50208,31
5000,39.13074,-86.50181,32
5000,39.13095,-86.50159,33
5000,39.13107,-86.50146,34
5000,39.13123,-86.50128,35
5000,39.13134,-86.50115,36
5000,39.13146,-86.50099,37
5000,39.13157,-86.50083,38
5000,39.13167,-86.50069,39
5000,39.13169,-86.50066,40
5000,39.13174,-86.50059,41
5000,39.13178,-86.50053,42
5000,39.13186,-86.50041,43
5000,39.13201,-86.50018,44
5000,39.13214,-86.49999,45
5000,39.13221,-86.49988,46
5000,39.13225,-86.49986,47
5000,39.13247,-86.49953,48
5000,39.13257,-86.49937,49
5000,39.13299,-86.49872,50
5000,39.13312,-86.49852,51
5000,39.13326,-86.49832,52
5000,39.13335,-86.49821,53
5000,39.13347,-86.49806,54
5000,39.13348,-86.49804,55
5000,39.134,-86.49748,56
5000,39.13522,-86.49654,57
5000,39.13525,-86.49653,58
5000,39.13535,-86.49651,59
5000,39.13548,-86.49648,60
5000,39.13552,-86.49646,61
5000,39.13563,-86.49642,62
5000,39.13564,-86.49641,63
5000,39.13564,-86.49639,64
5000,39.13565,-86.49638,65
5000,39.13566,-86.49636,66
5000,39.13567,-86.49635,67
5000,39.13567,-86.49634,68
5000,39.13569,-86.49632,69
5000,39.13571,-86.49629,70
5000,39.13572,-86.49624,71
5000,39.13591,-86.49632,72
5000,39.13595,-86.49651,73
5000,39.13594,-86.49685,74
5000,39.13594,-86.49743,75
5000,39.13596,-86.49878,76
5000,39.13597,-86.49892,77
5000,39.13597,-86.49945,78
5000,39.13597,-86.4997,79
5000,39.13598,-86.50036,80
5000,39.13598,-86.5009,81
5000,39.13599,-86.5013,82
5000,39.13598,-86.50246,83
5000,39.13598,-86.50317,84
5000,39.13597,-86.50342,85
5000,39.13597,-86.50364,86
5000,39.13597,-86.50371,87
5000,39.13597,-86.50382,88
5000,39.13597,-86.50389,89
5000,39.13598,-86.50409,90
5000,39.136,-86.50424,91
5000,39.13601,-86.50434,92
5000,39.13602,-86.50444,93
5000,39.13604,-86.50457,94
5000,39.13608,-86.50476,95
5000,39.13608,-86.50479,96
5000,39.13613,-86.50502,97
5000,39.13614,-86.5051,98
5000,39.13617,-86.50524,99
5000,39.13619,-86.50534,100
5000,39.13622,-86.50547,101
5000,39.13626,-86.50569,102
5000,39.13626,-86.5057,103
5000,39.13629,-86.50588,104
5000,39.13631,-86.506,105
5000,39.13632,-86.50602,106
5000,39.13636,-86.50623,107
5000,39.13638,-86.50645,108
5000,39.13641,-86.50668,109
5000,39.13641,-86.50669,110
5000,39.13644,-86.50702,111
5000,39.13646,-86.50728,112
5000,39.13647,-86.50742,113
5000,39.13647,-86.50751,114
5000,39.13647,-86.50759,115
5000,39.13645,-86.50769,116
5000,39.13644,-86.50774,117
5000,39.13642,-86.50786,118
5000,39.13641,-86.50801,119
5000,39.13642,-86.50802,120
5000,39.13643,-86.50803,121
5000,39.13643,-86.50804,122
5000,39.13644,-86.50805,123
5000,39.13645,-86.50806,124
5000,39.13646,-86.50807,125
5000,39.13646,-86.50809,126
5000,39.13647,-86.5081,127
5000,39.13665,-86.50811,128
5000,39.13669,-86.50811,129
5000,39.13681,-86.50814,130
5000,39.13688,-86.50814,131
5000,39.13693,-86.50814,132
5000,39.13707,-86.50815,133
5000,39.1373,-86.50815,134
5000,39.13761,-86.50816,135
5000,39.13784,-86.50816,136
5000,39.1379,-86.50817,137
5000,39.13815,-86.50817,138
5000,39.1389,-86.50819,139
5000,39.13941,-86.50821,140
5000,39.13946,-86.50821,141
5000,39.13972,-86.50822,142
5000,39.14011,-86.50822,143
5000,39.14055,-86.50823,144
5000,39.14101,-86.50825,145
5000,39.14105,-86.50825,146
5000,39.14119,-86.50825,147
5000,39.1412,-86.50825,148
5000,39.14137,-86.50825,149
5000,39.14155,-86.50826,150
5000,39.14177,-86.50826,151
5000,39.14191,-86.50826,152
5000,39.14209,-86.50826,153
5000,39.14227,-86.50827,154
5000,39.14245,-86.50827,155
5000,39.14281,-86.50828,156
5000,39.143,-86.50828,157
5000,39.14354,-86.50829,158
5000,39.14361,-86.50829,159
5000,39.14372,-86.5083,160
5000,39.14408,-86.5083,161
5000,39.14415,-86.50831,162
5000,39.14451,-86.50831,163
5000,39.14505,-86.50832,164
5000,39.14541,-86.50832,165
5000,39.14559,-86.50832,166
5000,39.14613,-86.50833,167
5000,39.14614,-86.50833,168
5000,39.14643,-86.50833,169
5000,39.14679,-86.50834,170
5000,39.1473,-86.50835,171
5000,39.1476,-86.50836,172
5000,39.14768,-86.50836,173
5000,39.1485,-86.50838,174
5000,39.14868,-86.50838,175
5000,39.14904,-86.50839,176
5000,39.1494,-86.5084,177
5000,39.14976,-86.50841,178
5000,39.15002,-86.50841,179
5000,39.15025,-86.50842,180
5000,39.15029,-86.50842,181
5000,39.15047,-86.50842,182
5000,39.15086,-86.50843,183
5000,39.15091,-86.50843,184
5000,39.15107,-86.50843,185
5000,39.15135,-86.50843,186
5000,39.15189,-86.50843,187
5000,39.15225,-86.50844,188
5000,39.1525,-86.50844,189
5000,39.15261,-86.50844,190
5000,39.15309,-86.50844,191
5000,39.15327,-86.50844,192
5000,39.15363,-86.50843,193
5000,39.15383,-86.50844,194
5000,39.15419,-86.50844,195
5000,39.15477,-86.50845,196
5000,39.15549,-86.50845,197
5000,39.15664,-86.50845,198
5000,39.15707,-86.50845,199
5000,39.15736,-86.50845,200
5000,39.15744,-86.50845,201
5000,39.15779,-86.50846,202
5000,39.15778,-86.50874,203
5000,39.15778,-86.50925,204
5000,39.15778,-86.50971,205
5000,39.15778,-86.51004,206
5000,39.15778,-86.5103,207
5000,39.1578,-86.51096,208
5000,39.15779,-86.51143,209
5000,39.15779,-86.5115,210
5000,39.15778,-86.51176,211
5000,39.1578,-86.51264,212
5000,39.1578,-86.51282,213
5000,39.1578,-86.51305,214
5000,39.1578,-86.5131,215
5000,39.1578,-86.51375,216
5000,39.1578,-86.51394,217
5000,39.15781,-86.51421,218
5000,39.15781,-86.51455,219
5000,39.15781,-86.51457,220
5000,39.15801,-86.51468,221
5000,39.15818,-86.51477,222
5000,39.15831,-86.51484,223
5000,39.15833,-86.51486,224
5000,39.15857,-86.51502,225
5000,39.15889,-86.5153,226
5000,39.15913,-86.5158,227
5000,39.15919,-86.51596,228
5000,39.15924,-86.51613,229
5000,39.15927,-86.51637,230
5000,39.15949,-86.51637,231
5000,39.15963,-86.51637,232
5000,39.16016,-86.51636,233
5000,39.16052,-86.51637,234
5000,39.16106,-86.51639,235
5000,39.16144,-86.51638,236
5000,39.16192,-86.51639,237
5000,39.16218,-86.51639,238
5000,39.16263,-86.5164,239
5000,39.1627,-86.5164,240
5000,39.16306,-86.5164,241
5000,39.16366,-86.5164,242
5000,39.16376,-86.5164,243
5000,39.16399,-86.5164,244
5000,39.1642,-86.5164,245
5000,39.16426,-86.5164,246
5000,39.16427,-86.51666,247
5000,39.16427,-86.51702,248
5000,39.16427,-86.51714,249
5000,39.16427,-86.51718,250
5000,39.16427,-86.51739,251
5000,39.16427,-86.51774,252
5000,39.16427,-86.51784,253
5000,39.16426,-86.51828,254
5000,39.16426,-86.51875,255
5000,39.16426,-86.51913,256
5000,39.16426,-86.51921,257
5000,39.16426,-86.51932,258
5000,39.16426,-86.51955,259
5000,39.16426,-86.51968,260
5000,39.16426,-86.51969,261
5000,39.16426,-86.52008,262
5000,39.16425,-86.52069,263
5000,39.16425,-86.52106,264
5000,39.16425,-86.52112,265
5000,39.16425,-86.52162,266
5000,39.16425,-86.52191,267
5000,39.16425,-86.52205,268
5000,39.16426,-86.52228,269
5000,39.16426,-86.52262,270
5000,39.16426,-86.52268,271
5000,39.16426,-86.52279,272
5000,39.16426,-86.52302,273
5000,39.16426,-86.52328,274
5000,39.16426,-86.52333,275
5000,39.16426,-86.52346,276
5000,39.16426,-86.52355,277
5000,39.16426,-86.52365,278
5000,39.16426,-86.52387,279
5000,39.16427,-86.5242,280
5000,39.16427,-86.52497,281
5000,39.16428,-86.52531,282
5000,39.16428,-86.52555,283
5000,39.16428,-86.52587,284
5000,39.16428,-86.52606,285
5000,39.16428,-86.52614,286
5000,39.1643,-86.52668,287
5000,39.1643,-86.52682,288
5000,39.1643,-86.5269,289
5000,39.16446,-86.52689,290
5000,39.16471,-86.5269,291
5000,39.16499,-86.5269,292
5000,39.16554,-86.52691,293
5000,39.16561,-86.52691,294
5000,39.16605,-86.52691,295
5000,39.1663,-86.52692,296
5000,39.16655,-86.52693,297
5000,39.16655,-86.52711,298
5000,39.16655,-86.52743,299
5000,39.16655,-86.52745,300
5000,39.16654,-86.52782,301
5000,39.16655,-86.52824,302
5000,39.16655,-86.52917,303
5000,39.16655,-86.52934,304
5000,39.16656,-86.5298,305
5000,39.16656,-86.53044,306
5000,39.16657,-86.53109,307
5000,39.16657,-86.53171,308
5000,39.16657,-86.53201,309
5000,39.16657,-86.53234,310
5000,39.16608,-86.53235,311
5000,39.16574,-86.53235,312
5000,39.16558,-86.53236,313
5000,39.16508,-86.53236,314
5000,39.16495,-86.53236,315
5000,39.16459,-86.53237,316
5000,39.16422,-86.53237,317
5000,39.16422,-86.53362,318
5000,39.16453,-86.53363,319
5000,39.16452,-86.53303,320
5000,39.16459,-86.53262,321
5000,39.16459,-86.53237,322
5000,39.16459,-86.53193,323
5000,39.1646,-86.53179,324
5000,39.16459,-86.53152,325
5000,39.16459,-86.53118,326
5000,39.16459,-86.53109,327
5000,39.16555,-86.53109,328
5000,39.16609,-86.53109,329
5000,39.16653,-86.53108,330
5000,39.16659,-86.531,331
5000,39.16655,-86.52862,332
5000,39.16655,-86.52824,333
5000,39.16622,-86.52823,334
5000,39.16605,-86.52823,335
5000,39.16593,-86.52823,336
5000,39.16575,-86.52823,337
5000,39.16564,-86.52823,338
5000,39.16556,-86.52823,339
5000,39.16519,-86.52822,340
5000,39.16498,-86.52822,341
5000,39.16473,-86.52821,342
5000,39.16442,-86.52822,343
5000,39.16429,-86.52821,344
5000,39.16411,-86.5282,345
5000,39.16406,-86.5282,346
5000,39.16372,-86.52819,347
5000,39.16356,-86.52816,348
5000,39.16346,-86.52813,349
5000,39.1634,-86.52809,350
5000,39.16333,-86.52803,351
5000,39.16328,-86.52796,352
5000,39.16325,-86.5279,353
5000,39.16325,-86.52789,354
5000,39.16323,-86.52784,355
5000,39.1632,-86.52775,356
5000,39.16318,-86.52765,357
5000,39.16317,-86.5276,358
5000,39.16316,-86.52755,359
5000,39.16315,-86.52744,360
5000,39.16315,-86.52734,361
5000,39.16315,-86.52725,362
5000,39.16314,-86.52675,363
5000,39.16314,-86.52657,364
5000,39.16314,-86.52588,365
5000,39.16314,-86.52532,366
5000,39.16313,-86.52402,367
5000,39.16312,-86.5239,368
5000,39.16312,-86.52372,369
5000,39.16312,-86.52263,370
5000,39.16311,-86.52176,371
5000,39.16311,-86.52106,372
5000,39.1631,-86.52019,373
5000,39.16309,-86.51991,374
5000,39.16309,-86.51912,375
5000,39.16309,-86.51897,376
5000,39.16308,-86.51858,377
5000,39.16308,-86.51852,378
5000,39.16308,-86.51794,379
5000,39.16307,-86.51772,380
5000,39.16307,-86.51726,381
5000,39.16307,-86.51718,382
5000,39.16307,-86.51699,383
5000,39.16306,-86.5164,384
5000,39.16263,-86.5164,385
5000,39.16218,-86.51639,386
5000,39.16144,-86.51638,387
5000,39.16106,-86.51639,388
5000,39.16052,-86.51637,389
5000,39.16016,-86.51636,390
5000,39.15963,-86.51637,391
5000,39.15927,-86.51637,392
5000,39.15924,-86.51613,393
5000,39.15923,-86.51611,394
5000,39.15919,-86.51596,395
5000,39.15913,-86.5158,396
5000,39.15889,-86.5153,397
5000,39.15857,-86.51502,398
5000,39.15831,-86.51484,399
5000,39.15801,-86.51468,400
5000,39.15781,-86.51457,401
5000,39.15781,-86.51421,402
5000,39.1578,-86.51375,403
5000,39.1578,-86.51305,404
5000,39.1578,-86.51282,405
5000,39.1578,-86.51264,406
5000,39.15778,-86.51176,407
5000,39.1578,-86.51096,408
5000,39.15778,-86.5103,409
5000,39.15778,-86.50971,410
5000,39.15778,-86.50925,411
5000,39.15779,-86.50846,412
5000,39.15707,-86.50845,413
5000,39.15664,-86.50845,414
5000,39.15567,-86.50845,415
5000,39.15549,-86.50845,416
5000,39.15477,-86.50845,417
5000,39.15419,-86.50844,418
5000,39.15383,-86.50844,419
5000,39.15363,-86.50843,420
5000,39.15327,-86.50844,421
5000,39.15312,-86.50844,422
5000,39.15309,-86.50844,423
5000,39.15261,-86.50844,424
5000,39.15225,-86.50844,425
5000,39.15189,-86.50843,426
5000,39.15135,-86.50843,427
5000,39.15107,-86.50843,428
5000,39.15091,-86.50843,429
5000,39.15086,-86.50843,430
5000,39.15047,-86.50842,431
5000,39.15029,-86.50842,432
5000,39.15002,-86.50841,433
5000,39.14976,-86.50841,434
5000,39.1494,-86.5084,435
5000,39.14904,-86.50839,436
5000,39.14868,-86.50838,437
5000,39.1485,-86.50838,438
5000,39.14768,-86.50836,439
5000,39.1476,-86.50836,440
5000,39.1473,-86.50835,441
5000,39.14643,-86.50833,442
5000,39.14613,-86.50833,443
5000,39.14559,-86.50832,444
5000,39.14541,-86.50832,445
5000,39.14505,-86.50832,446
5000,39.14451,-86.50831,447
5000,39.14415,-86.50831,448
5000,39.14408,-86.5083,449
5000,39.14372,-86.5083,450
5000,39.14354,-86.50829,451
5000,39.143,-86.50828,452
5000,39.14281,-86.50828,453
5000,39.14245,-86.50827,454
5000,39.14227,-86.50827,455
5000,39.14209,-86.50826,456
5000,39.14191,-86.50826,457
5000,39.14177,-86.50826,458
5000,39.14155,-86.50826,459
5000,39.14137,-86.50825,460
5000,39.1412,-86.50825,461
5000,39.14119,-86.50825,462
5000,39.14105,-86.50825,463
5000,39.14101,-86.50825,464
5000,39.14011,-86.50822,465
5000,39.13972,-86.50822,466
5000,39.13946,-86.50821,467
5000,39.13941,-86.50821,468
5000,39.1389,-86.50819,469
5000,39.13815,-86.50817,470
5000,39.13784,-86.50816,471
5000,39.1373,-86.50815,472
5000,39.13707,-86.50815,473
5000,39.13693,-86.50814,474
5000,39.13681,-86.50814,475
5000,39.1367,-86.50819,476
5000,39.13664,-86.50822,477
5000,39.1365,-86.50828,478
5000,39.13647,-86.50829,479
5000,39.13646,-86.50831,480
5000,39.13645,-86.50832,481
5000,39.13645,-86.50834,482
5000,39.13644,-86.50835,483
5000,39.13643,-86.50836,484
5000,39.13642,-86.50838,485
5000,39.1364,-86.50839,486
5000,39.13639,-86.5084,487
5000,39.13638,-86.50841,488
5000,39.13637,-86.50841,489
5000,39.13635,-86.50842,490
5000,39.13633,-86.50842,491
5000,39.13632,-86.50843,492
5000,39.1363,-86.50843,493
5000,39.13629,-86.50843,494
5000,39.13628,-86.50842,495
5000,39.13626,-86.50842,496
5000,39.13625,-86.50842,497
5000,39.13624,-86.50841,498
5000,39.13622,-86.5084,499
5000,39.13621,-86.50839,500
5000,39.13619,-86.50837,501
5000,39.13618,-86.50836,502
5000,39.13617,-86.50835,503
5000,39.13616,-86.50834,504
5000,39.13616,-86.50833,505
5000,39.13615,-86.50832,506
5000,39.13615,-86.50831,507
5000,39.13614,-86.5083,508
5000,39.13614,-86.50827,509
5000,39.13613,-86.50826,510
5000,39.13613,-86.50824,511
5000,39.13613,-86.50822,512
5000,39.13613,-86.5082,513
5000,39.13613,-86.50818,514
5000,39.13613,-86.50816,515
5000,39.13613,-86.50815,516
5000,39.13613,-86.50813,517
5000,39.13614,-86.50811,518
5000,39.13614,-86.50809,519
5000,39.13616,-86.50807,520
5000,39.13616,-86.50805,521
5000,39.13617,-86.50804,522
5000,39.13618,-86.50803,523
5000,39.13619,-86.50801,524
5000,39.13621,-86.508,525
5000,39.13622,-86.50799,526
5000,39.13623,-86.50799,527
5000,39.13624,-86.50798,528
5000,39.13626,-86.50797,529
5000,39.13629,-86.5079,530
5000,39.13633,-86.5078,531
5000,39.13634,-86.50778,532
5000,39.13637,-86.50771,533
5000,39.13638,-86.50767,534
5000,39.13641,-86.50751,535
5000,39.13643,-86.50743,536
5000,39.13644,-86.50738,537
5000,39.13646,-86.50728,538
5000,39.13644,-86.50702,539
5000,39.13641,-86.50669,540
5000,39.13641,-86.50668,541
5000,39.13638,-86.50645,542
5000,39.13636,-86.50623,543
5000,39.13632,-86.50602,544
5000,39.13631,-86.506,545
5000,39.13629,-86.50588,546
5000,39.13626,-86.5057,547
5000,39.13626,-86.50569,548
5000,39.13622,-86.50547,549
5000,39.1362,-86.50537,550
5000,39.13619,-86.50534,551
5000,39.13617,-86.50524,552
5000,39.13614,-86.5051,553
5000,39.13613,-86.50502,554
5000,39.13608,-86.50479,555
5000,39.13608,-86.50476,556
5000,39.13604,-86.50457,557
5000,39.13602,-86.50444,558
5000,39.13601,-86.50434,559
5000,39.136,-86.50424,560
5000,39.13598,-86.50409,561
5000,39.13597,-86.50389,562
5000,39.13597,-86.50371,563
5000,39.13597,-86.50364,564
5000,39.13597,-86.50342,565
5000,39.13598,-86.50317,566
5000,39.13598,-86.50301,567
5000,39.13598,-86.50246,568
5000,39.13599,-86.5013,569
5000,39.13598,-86.5009,570
5000,39.13598,-86.50044,571
5000,39.13598,-86.50036,572
5000,39.13597,-86.4997,573
5000,39.13597,-86.49945,574
5000,39.13597,-86.49892,575
5000,39.13596,-86.49877,576
5000,39.13596,-86.49836,577
5000,39.13596,-86.49828,578
5000,39.13594,-86.49792,579
5000,39.13594,-86.49791,580
5000,39.13593,-86.49762,581
5000,39.13592,-86.49733,582
5000,39.13577,-86.49677,583
5000,39.1356,-86.49666,584
5000,39.13539,-86.49663,585
5000,39.13515,-86.49664,586
5000,39.1347,-86.49684,587
5000,39.13301,-86.49866,588
5000,39.13225,-86.49989,589
5000,39.1322,-86.50006,590
5000,39.13182,-86.50062,591
5000,39.13125,-86.50141,592
5000,39.13074,-86.50191,593
5000,39.13053,-86.50212,594
5000,39.12984,-86.50262,595
5000,39.12909,-86.50305,596
5000,39.12839,-86.50334,597
5000,39.12781,-86.50362,598
5000,39.12749,-86.50375,599
5000,39.12673,-86.50424,600
5000,39.12654,-86.50436,601
5000,39.12561,-86.50541,602
5000,39.12494,-86.50652,603
5000,39.12333,-86.50953,604
5000,39.12315,-86.5099,605
5000,39.1234,-86.51012,606
5000,39.1235,-86.50983,607
3062,39.14235,-86.58187,0
3062,39.14243,-86.58181,1
3062,39.14306,-86.58099,2
3062,39.14309,-86.58096,3
3062,39.14319,-86.58083,4
3062,39.14325,-86.58075,5
3062,39.14334,-86.58062,6
3062,39.14336,-86.58059,7
3062,39.14341,-86.58052,8
3062,39.14348,-86.58042,9
3062,39.14356,-86.58029,10
3062,39.14375,-86.58001,11
3062,39.14382,-86.57989,12
3062,39.14389,-86.57978,13
3062,39.14401,-86.57956,14
3062,39.14416,-86.57929,15
3062,39.14436,-86.57891,16
3062,39.14442,-86.5788,17
3062,39.14453,-86.57858,18
3062,39.14459,-86.57847,19
3062,39.14476,-86.57814,20
3062,39.14498,-86.57773,21
3062,39.14507,-86.57782,22
3062,39.14515,-86.57789,23
3062,39.14526,-86.57799,24
3062,39.14536,-86.57807,25
3062,39.14542,-86.5781,26
3062,39.14543,-86.57811,27
3062,39.1455,-86.57814,28
3062,39.14556,-86.57816,29
3062,39.14557,-86.57816,30
3062,39.14562,-86.57817,31
3062,39.14568,-86.57817,32
3062,39.14573,-86.57817,33
3062,39.14579,-86.57816,34
3062,39.14585,-86.57814,35
3062,39.14591,-86.57812,36
3062,39.14596,-86.57809,37
3062,39.14602,-86.57806,38
3062,39.14606,-86.57802,39
3062,39.14611,-86.57798,40
3062,39.14614,-86.57794,41
3062,39.14617,-86.5779,42
3062,39.14618,-86.57789,43
3062,39.14621,-86.57784,44
3062,39.14626,-86.57776,45
3062,39.14631,-86.57765,46
3062,39.14637,-86.57754,47
3062,39.14642,-86.57745,48
3062,39.14646,-86.57738,49
3062,39.14651,-86.57732,50
3062,39.14655,-86.57728,51
3062,39.14658,-86.57725,52
3062,39.14661,-86.57723,53
3062,39.14665,-86.5772,54
3062,39.14669,-86.57718,55
3062,39.14673,-86.57715,56
3062,39.14679,-86.57713,57
3062,39.14684,-86.57711,58
3062,39.14689,-86.5771,59
3062,39.14693,-86.57709,60
3062,39.14698,-86.57709,61
3062,39.147,-86.57709,62
3062,39.14727,-86.57709,63
3062,39.14748,-86.5771,64
3062,39.14764,-86.5771,65
3062,39.14787,-86.57711,66
3062,39.14804,-86.57711,67
3062,39.14818,-86.5771,68
3062,39.14828,-86.5771,69
3062,39.1484,-86.57709,70
3062,39.14847,-86.57708,71
3062,39.14849,-86.57708,72
3062,39.14852,-86.57708,73
3062,39.14856,-86.57707,74
3062,39.1486,-86.57707,75
3062,39.14868,-86.57705,76
3062,39.14927,-86.57693,77
3062,39.14941,-86.5769,78
3062,39.14947,-86.57689,79
3062,39.14956,-86.57688,80
3062,39.14969,-86.57687,81
3062,39.14979,-86.57687,82
3062,39.14991,-86.57686,83
3062,39.15006,-86.57686,84
3062,39.15032,-86.57686,85
3062,39.15039,-86.57686,86
3062,39.15059,-86.57686,87
3062,39.15084,-86.57686,88
3062,39.15096,-86.57687,89
3062,39.15122,-86.57687,90
3062,39.15122,-86.57716,91
3062,39.15121,-86.57756,92
3062,39.15121,-86.5778,93
3062,39.15121,-86.57803,94
3062,39.15121,-86.57827,95
3062,39.15121,-86.57834,96
3062,39.15127,-86.57895,97
3062,39.15133,-86.57936,98
3062,39.15134,-86.5794,99
3062,39.15134,-86.57942,100
3062,39.15136,-86.57988,101
3062,39.15137,-86.58002,102
3062,39.15136,-86.58049,103
3062,39.15136,-86.58055,104
3062,39.15136,-86.58101,105
3062,39.15136,-86.58106,106
3062,39.15136,-86.58123,107
3062,39.15135,-86.58217,108
3062,39.15135,-86.58263,109
3062,39.15175,-86.58262,110
3062,39.15179,-86.58262,111
3062,39.1521,-86.58261,112
3062,39.15258,-86.5826,113
3062,39.15278,-86.58261,114
3062,39.15295,-86.58261,115
3062,39.15336,-86.5826,116
3062,39.15364,-86.5826,117
3062,39.15405,-86.58261,118
3062,39.15436,-86.58261,119
3062,39.15488,-86.58262,120
3062,39.15546,-86.58262,121
3062,39.15551,-86.58262,122
3062,39.15576,-86.58263,123
3062,39.15608,-86.58263,124
3062,39.15637,-86.58263,125
3062,39.15648,-86.58263,126
3062,39.15674,-86.58263,127
3062,39.15661,-86.58287,128
3062,39.15651,-86.58305,129
3062,39.15632,-86.58339,130
3062,39.15597,-86.58401,131
3062,39.15595,-86.58404,132
3062,39.15581,-86.58428,133
3062,39.15565,-86.58456,134
3062,39.15507,-86.58558,135
3062,39.15501,-86.58569,136
3062,39.15487,-86.58592,137
3062,39.15485,-86.58598,138
3062,39.15465,-86.58634,139
3062,39.15463,-86.58638,140
3062,39.15453,-86.58661,141
3062,39.15448,-86.58674,142
3062,39.15444,-86.58697,143
3062,39.15443,-86.58744,144
3062,39.15443,-86.58792,145
3062,39.15442,-86.58828,146
3062,39.15442,-86.58848,147
3062,39.15441,-86.58884,148
3062,39.15472,-86.58885,149
3062,39.15479,-86.58886,150
3062,39.1549,-86.58886,151
3062,39.15544,-86.58887,152
3062,39.15559,-86.58888,153
3062,39.15591,-86.58889,154
3062,39.15601,-86.58889,155
3062,39.15616,-86.58894,156
3062,39.15624,-86.58897,157
3062,39.15636,-86.58903,158
3062,39.15654,-86.58922,159
3062,39.15667,-86.58939,160
3062,39.15683,-86.58971,161
3062,39.15689,-86.59001,162
3062,39.1569,-86.59031,163
3062,39.1569,-86.59057,164
3062,39.15688,-86.59122,165
3062,39.15688,-86.59176,166
3062,39.15711,-86.59175,167
3062,39.15758,-86.59176,168
3062,39.15804,-86.59176,169
3062,39.15829,-86.59177,170
3062,39.15858,-86.59177,171
3062,39.1592,-86.59178,172
3062,39.15935,-86.59179,173
3062,39.16028,-86.5918,174
3062,39.16067,-86.59181,175
3062,39.16122,-86.59182,176
3062,39.16187,-86.59184,177
3062,39.16257,-86.59185,178
3062,39.1631,-86.59186,179
3062,39.16329,-86.59187,180
3062,39.16328,-86.59132,181
3062,39.16328,-86.59098,182
3062,39.16328,-86.59063,183
3062,39.16329,-86.59,184
3062,39.16329,-86.58953,185
3062,39.16329,-86.58941,186
3062,39.16329,-86.5893,187
3062,39.16329,-86.58896,188
3062,39.16329,-86.58851,189
3062,39.16329,-86.58842,190
3062,39.1633,-86.58792,191
3062,39.1633,-86.58757,192
3062,39.1633,-86.58727,193
3062,39.1633,-86.5869,194
3062,39.1633,-86.58644,195
3062,39.1633,-86.58622,196
3062,39.16331,-86.58586,197
3062,39.16352,-86.58587,198
3062,39.16359,-86.58587,199
3062,39.16377,-86.58587,200
3062,39.16392,-86.58587,201
3062,39.16393,-86.58587,202
3062,39.16411,-86.58587,203
3062,39.16415,-86.58587,204
3062,39.16426,-86.58587,205
3062,39.16436,-86.58587,206
3062,39.16467,-86.58587,207
3062,39.16467,-86.58507,208
3062,39.16466,-86.58475,209
3062,39.16466,-86.58418,210
3062,39.16466,-86.58368,211
3062,39.16466,-86.58347,212
3062,39.16466,-86.58323,213
3062,39.16466,-86.58296,214
3062,39.16466,-86.58252,215
3062,39.16466,-86.58228,216
3062,39.16466,-86.58213,217
3062,39.16465,-86.58171,218
3062,39.16465,-86.58145,219
3062,39.16465,-86.58133,220
3062,39.16465,-86.58106,221
3062,39.16465,-86.58094,222
3062,39.16463,-86.58054,223
3062,39.16462,-86.57999,224
3062,39.16461,-86.57974,225
3062,39.16461,-86.57966,226
3062,39.16461,-86.57949,227
3062,39.1646,-86.57913,228
3062,39.16427,-86.57914,229
3062,39.16419,-86.57914,230
3062,39.164,-86.57914,231
3062,39.16365,-86.57915,232
3062,39.16309,-86.57916,233
3062,39.16308,-86.57916,234
3062,39.16304,-86.57915,235
3062,39.16274,-86.57915,236
3062,39.16274,-86.57895,237
3062,39.16274,-86.57882,238
3062,39.16274,-86.57861,239
3062,39.16274,-86.57839,240
3062,39.16274,-86.57827,241
3062,39.16274,-86.57819,242
3062,39.16274,-86.57798,243
3062,39.16274,-86.57776,244
3062,39.16274,-86.57756,245
3062,39.16274,-86.57734,246
3062,39.16274,-86.57713,247
3062,39.16274,-86.57691,248
3062,39.16274,-86.5767,249
3062,39.16275,-86.57649,250
3062,39.16275,-86.5764,251
3062,39.16275,-86.57625,252
3062,39.16302,-86.57624,253
3062,39.16309,-86.57624,254
3062,39.16314,-86.57624,255
3062,39.16332,-86.57624,256
3062,39.16348,-86.57623,257
3062,39.16364,-86.57622,258
3062,39.16397,-86.57621,259
3062,39.16402,-86.57621,260
3062,39.16424,-86.57621,261
3062,39.16438,-86.5762,262
3062,39.16452,-86.5762,263
3062,39.16463,-86.5762,264
3062,39.16484,-86.57615,265
3062,39.1649,-86.57614,266
3062,39.16508,-86.57606,267
3062,39.16514,-86.57605,268
3062,39.16531,-86.576,269
3062,39.16563,-86.57599,270
3062,39.16598,-86.576,271
3062,39.16601,-86.576,272
3062,39.16614,-86.576,273
3062,39.16636,-86.57601,274
3062,39.16644,-86.57601,275
3062,39.16731,-86.57597,276
3062,39.16762,-86.576,277
3062,39.16773,-86.57608,278
3062,39.16807,-86.57631,279
3062,39.16823,-86.5764,280
3062,39.16834,-86.57642,281
3062,39.16859,-86.57642,282
3062,39.16879,-86.57642,283
3062,39.16941,-86.57641,284
3062,39.16946,-86.57641,285
3062,39.16973,-86.57641,286
3062,39.16975,-86.57641,287
3062,39.17013,-86.57642,288
3062,39.17035,-86.57643,289
3062,39.17046,-86.57643,290
3062,39.17071,-86.57643,291
3062,39.1709,-86.57642,292
3062,39.17109,-86.57642,293
3062,39.1712,-86.5764,294
3062,39.17126,-86.57637,295
3062,39.17132,-86.57634,296
3062,39.17133,-86.57634,297
3062,39.17138,-86.57629,298
3062,39.17141,-86.57627,299
3062,39.17147,-86.5762,300
3062,39.17151,-86.57615,301
3062,39.17153,-86.57609,302
3062,39.17156,-86.576,303
3062,39.17159,-86.57591,304
3062,39.17158,-86.5759,305
3062,39.17158,-86.57589,306
3062,39.17157,-86.57588,307
3062,39.17157,-86.57587,308
3062,39.17157,-86.57586,309
3062,39.17156,-86.57585,310
3062,39.17156,-86.57584,311
3062,39.17156,-86.57583,312
3062,39.17156,-86.57582,313
3062,39.17155,-86.57581,314
3062,39.17155,-86.57579,315
3062,39.17155,-86.57578,316
3062,39.17155,-86.57577,317
3062,39.17155,-86.57576,318
3062,39.17156,-86.57575,319
3062,39.17156,-86.57574,320
3062,39.17156,-86.57572,321
3062,39.17156,-86.57571,322
3062,39.17157,-86.57571,323
3062,39.17157,-86.5757,324
3062,39.17157,-86.57569,325
3062,39.17158,-86.57568,326
3062,39.17158,-86.57567,327
3062,39.17159,-86.57566,328
3062,39.1716,-86.57566,329
3062,39.1716,-86.57565,330
3062,39.17161,-86.57564,331
3062,39.17162,-86.57563,332
3062,39.17163,-86.57563,333
3062,39.17163,-86.57562,334
3062,39.17164,-86.57562,335
3062,39.17165,-86.57561,336
3062,39.17166,-86.57561,337
3062,39.17167,-86.57561,338
3062,39.17168,-86.5756,339
3062,39.17169,-86.5756,340
3062,39.1717,-86.5756,341
3062,39.17171,-86.5756,342
3062,39.17172,-86.57561,343
3062,39.17173,-86.57561,344
3062,39.17174,-86.57561,345
3062,39.17175,-86.57561,346
3062,39.17176,-86.57562,347
3062,39.17177,-86.57563,348
3062,39.17178,-86.57564,349
3062,39.17179,-86.57564,350
3062,39.17179,-86.57565,351
3062,39.1718,-86.57566,352
3062,39.17181,-86.57567,353
3062,39.17181,-86.57568,354
3062,39.17182,-86.57569,355
3062,39.17182,-86.5757,356
3062,39.17183,-86.57571,357
3062,39.17183,-86.57573,358
3062,39.17183,-86.57574,359
3062,39.17184,-86.57575,360
3062,39.17184,-86.57576,361
3062,39.17184,-86.57577,362
3062,39.17184,-86.57578,363
3062,39.17184,-86.5758,364
3062,39.17184,-86.57581,365
3062,39.17184,-86.57582,366
3062,39.17184,-86.57583,367
3062,39.17183,-86.57584,368
3062,39.17183,-86.57585,369
3062,39.17183,-86.57586,370
3062,39.17182,-86.57587,371
3062,39.17182,-86.57588,372
3062,39.17181,-86.57589,373
3062,39.17181,-86.5759,374
3062,39.1718,-86.57591,375
3062,39.1718,-86.57592,376
3062,39.17179,-86.57593,377
3062,39.17178,-86.57594,378
3062,39.17177,-86.57594,379
3062,39.17177,-86.57595,380
3062,39.17176,-86.57595,381
3062,39.17175,-86.57596,382
3062,39.1717,-86.57603,383
3062,39.17165,-86.57608,384
3062,39.17162,-86.57609,385
3062,39.17156,-86.57613,386
3062,39.17151,-86.57615,387
3062,39.17141,-86.57627,388
3062,39.17132,-86.57634,389
3062,39.17126,-86.57637,390
3062,39.1712,-86.5764,391
3062,39.17109,-86.57642,392
3062,39.17106,-86.57642,393
3062,39.1709,-86.57642,394
3062,39.17071,-86.57643,395
3062,39.17035,-86.57643,396
3062,39.16975,-86.57641,397
3062,39.16946,-86.57641,398
3062,39.16879,-86.57642,399
3062,39.16859,-86.57642,400
3062,39.16834,-86.57642,401
3062,39.16823,-86.5764,402
3062,39.16807,-86.57631,403
3062,39.16762,-86.576,404
3062,39.16731,-86.57597,405
3062,39.16716,-86.57598,406
3062,39.16636,-86.57601,407
3062,39.16598,-86.576,408
3062,39.16563,-86.57599,409
3062,39.16531,-86.576,410
3062,39.16508,-86.57606,411
3062,39.16494,-86.57612,412
3062,39.1649,-86.57614,413
3062,39.16463,-86.5762,414
3062,39.16452,-86.5762,415
3062,39.16452,-86.5758,416
3062,39.16451,-86.57496,417
3062,39.16451,-86.57437,418
3062,39.16451,-86.57406,419
3062,39.16451,-86.57388,420
3062,39.16451,-86.57343,421
3062,39.16451,-86.57336,422
3062,39.16451,-86.57335,423
3062,39.16451,-86.57328,424
3062,39.16452,-86.57312,425
3062,39.16452,-86.57308,426
3062,39.16452,-86.57302,427
3062,39.16451,-86.57244,428
3062,39.1645,-86.57204,429
3062,39.16448,-86.57144,430
3062,39.16448,-86.5709,431
3062,39.16448,-86.57021,432
3062,39.16449,-86.56948,433
3062,39.16448,-86.56893,434
3062,39.16448,-86.56879,435
3062,39.16448,-86.56828,436
3062,39.16447,-86.56799,437
3062,39.16447,-86.56741,438
3062,39.16447,-86.56727,439
3062,39.16447,-86.56705,440
3062,39.16446,-86.5661,441
3062,39.16446,-86.56568,442
3062,39.16445,-86.56499,443
3062,39.16444,-86.56405,444
3062,39.16444,-86.56393,445
3062,39.16444,-86.5636,446
3062,39.16444,-86.56314,447
3062,39.16443,-86.56299,448
3062,39.16443,-86.56292,449
3062,39.16443,-86.56271,450
3062,39.16442,-86.5613,451
3062,39.16441,-86.5606,452
3062,39.16441,-86.56045,453
3062,39.16441,-86.56012,454
3062,39.16441,-86.55989,455
3062,39.16441,-86.55961,456
3062,39.16441,-86.55945,457
3062,39.16441,-86.55941,458
3062,39.16441,-86.55919,459
3062,39.1644,-86.55872,460
3062,39.1644,-86.55833,461
3062,39.1644,-86.55825,462
3062,39.16439,-86.55709,463
3062,39.16439,-86.55679,464
3062,39.16439,-86.55666,465
3062,39.16438,-86.55651,466
3062,39.16437,-86.55632,467
3062,39.16443,-86.55615,468
3062,39.16442,-86.5558,469
3062,39.16442,-86.55534,470
3062,39.16442,-86.55503,471
3062,39.16441,-86.55426,472
3062,39.16441,-86.55424,473
3062,39.16441,-86.55418,474
3062,39.1644,-86.55389,475
3062,39.1644,-86.55337,476
3062,39.16439,-86.55275,477
3062,39.16439,-86.55261,478
3062,39.16439,-86.55197,479
3062,39.16441,-86.55183,480
3062,39.16443,-86.55171,481
3062,39.16447,-86.55156,482
3062,39.16452,-86.55138,483
3062,39.16454,-86.55133,484
3062,39.16457,-86.55126,485
3062,39.1646,-86.55119,486
3062,39.16466,-86.55105,487
3062,39.16473,-86.55092,488
3062,39.16477,-86.55086,489
3062,39.16484,-86.55076,490
3062,39.16492,-86.55064,491
3062,39.16509,-86.55049,492
3062,39.16515,-86.55044,493
3062,39.16525,-86.55036,494
3062,39.16547,-86.55022,495
3062,39.16559,-86.55017,496
3062,39.1656,-86.55016,497
3062,39.16561,-86.55013,498
3062,39.16563,-86.5501,499
3062,39.16564,-86.55008,500
3062,39.16564,-86.55007,501
3062,39.16565,-86.55007,502
3062,39.16569,-86.55004,503
3062,39.16592,-86.54988,504
3062,39.16596,-86.54985,505
3062,39.16628,-86.54964,506
3062,39.16633,-86.54961,507
3062,39.16645,-86.54953,508
3062,39.16655,-86.54945,509
3062,39.16662,-86.54937,510
3062,39.16665,-86.54933,511
3062,39.16668,-86.54928,512
3062,39.16672,-86.54919,513
3062,39.16672,-86.54907,514
3062,39.16671,-86.54873,515
3062,39.1667,-86.54841,516
3062,39.1667,-86.54801,517
3062,39.1667,-86.54769,518
3062,39.1667,-86.54764,519
3062,39.1667,-86.54743,520
3062,39.1667,-86.54741,521
3062,39.16668,-86.54684,522
3062,39.16667,-86.54655,523
3062,39.16666,-86.54614,524
3062,39.16666,-86.54576,525
3062,39.16666,-86.54546,526
3062,39.16666,-86.54529,527
3062,39.16666,-86.54488,528
3062,39.16666,-86.54452,529
3062,39.16665,-86.54416,530
3062,39.16665,-86.54408,531
3062,39.16665,-86.54373,532
3062,39.16665,-86.5436,533
3062,39.16665,-86.5433,534
3062,39.16664,-86.54291,535
3062,39.16664,-86.5426,536
3062,39.16664,-86.54219,537
3062,39.16664,-86.54165,538
3062,39.16663,-86.54091,539
3062,39.16663,-86.54037,540
3062,39.16663,-86.53986,541
3062,39.16662,-86.53933,542
3062,39.16662,-86.53869,543
3062,39.16662,-86.53842,544
3062,39.16661,-86.53806,545
3062,39.1666,-86.53741,546
3062,39.1666,-86.53671,547
3062,39.1666,-86.53657,548
3062,39.16659,-86.53622,549
3062,39.16659,-86.53609,550
3062,39.16659,-86.53604,551
3062,39.16659,-86.53557,552
3062,39.16659,-86.53528,553
3062,39.16658,-86.53511,554
3062,39.16658,-86.53487,555
3062,39.1664,-86.53487,556
3062,39.16572,-86.53488,557
3062,39.16559,-86.53488,558
3062,39.16513,-86.53488,559
3062,39.16501,-86.53488,560
3062,39.16499,-86.53488,561
3062,39.16467,-86.53489,562
3062,39.16457,-86.53489,563
3062,39.16456,-86.53425,564
3062,39.16456,-86.53417,565
3062,39.16456,-86.53398,566
3062,39.16456,-86.53378,567
3062,39.16456,-86.53364,568
3062,39.16455,-86.53343,569
3062,39.16455,-86.53339,570
3062,39.16455,-86.53303,571
3062,39.16455,-86.53301,572
3062,39.16459,-86.53295,573
3062,39.16459,-86.53276,574
3062,39.16459,-86.53245,575
3062,39.16459,-86.53237,576
3062,39.1641,-86.53237,577
3062,39.16407,-86.53361,578
3062,39.16547,-86.5336,579
3062,39.16558,-86.53363,580
3062,39.16558,-86.53458,581
3062,39.16561,-86.53741,582
3062,39.16657,-86.53741,583
3062,39.16664,-86.53779,584
3062,39.16665,-86.53896,585
3062,39.16663,-86.53957,586
3062,39.16663,-86.53986,587
3062,39.16663,-86.54037,588
3062,39.16663,-86.54091,589
3062,39.16664,-86.54156,590
3062,39.16664,-86.54165,591
3062,39.16664,-86.54219,592
3062,39.16664,-86.54291,593
3062,39.16665,-86.5433,594
3062,39.16665,-86.54373,595
3062,39.16665,-86.54416,596
3062,39.16666,-86.54452,597
3062,39.16666,-86.54488,598
3062,39.16666,-86.54529,599
3062,39.16666,-86.54546,600
3062,39.16666,-86.54576,601
3062,39.16666,-86.54614,602
3062,39.16667,-86.54655,603
3062,39.16668,-86.54684,604
3062,39.1667,-86.54741,605
3062,39.1667,-86.54743,606
3062,39.1667,-86.54764,607
3062,39.1667,-86.54801,608
3062,39.1667,-86.54841,609
3062,39.16672,-86.54919,610
3062,39.16672,-86.54956,611
3062,39.16672,-86.54963,612
3062,39.16662,-86.54962,613
3062,39.16657,-86.54963,614
3062,39.16653,-86.54963,615
3062,39.16645,-86.54967,616
3062,39.16636,-86.54972,617
3062,39.16633,-86.54974,618
3062,39.16627,-86.54978,619
3062,39.16573,-86.55011,620
3062,39.16571,-86.55012,621
3062,39.1656,-86.55016,622
3062,39.16559,-86.55017,623
3062,39.16547,-86.55022,624
3062,39.16525,-86.55036,625
3062,39.16515,-86.55044,626
3062,39.16509,-86.55049,627
3062,39.16492,-86.55064,628
3062,39.16484,-86.55076,629
3062,39.16477,-86.55086,630
3062,39.16473,-86.55092,631
3062,39.16466,-86.55105,632
3062,39.16457,-86.55126,633
3062,39.16452,-86.55138,634
3062,39.16447,-86.55156,635
3062,39.16443,-86.55171,636
3062,39.16441,-86.55183,637
3062,39.16439,-86.55197,638
3062,39.16439,-86.55261,639
3062,39.1644,-86.55337,640
3062,39.1644,-86.55389,641
3062,39.16441,-86.55418,642
3062,39.16441,-86.55426,643
3062,39.16441,-86.55497,644
3062,39.16442,-86.55503,645
3062,39.16442,-86.55534,646
3062,39.16442,-86.5558,647
3062,39.16443,-86.55615,648
3062,39.16448,-86.55633,649
3062,39.16449,-86.55651,650
3062,39.16449,-86.55662,651
3062,39.16449,-86.55679,652
3062,39.16449,-86.55689,653
3062,39.16449,-86.55714,654
3062,39.1645,-86.55818,655
3062,39.16451,-86.55852,656
3062,39.16451,-86.55867,657
3062,39.16451,-86.5588,658
3062,39.16451,-86.55922,659
3062,39.16451,-86.55932,660
3062,39.16451,-86.56012,661
3062,39.16452,-86.56105,662
3062,39.16452,-86.56107,663
3062,39.16453,-86.56219,664
3062,39.16453,-86.56239,665
3062,39.16453,-86.56271,666
3062,39.16453,-86.56283,667
3062,39.16454,-86.56301,668
3062,39.16454,-86.5636,669
3062,39.16455,-86.5641,670
3062,39.16455,-86.5646,671
3062,39.16455,-86.565,672
3062,39.16456,-86.56551,673
3062,39.16456,-86.56561,674
3062,39.16456,-86.56612,675
3062,39.16457,-86.56706,676
3062,39.16458,-86.56733,677
3062,39.16458,-86.568,678
3062,39.16459,-86.56892,679
3062,39.16459,-86.56948,680
3062,39.16461,-86.57021,681
3062,39.16461,-86.57064,682
3062,39.16462,-86.57083,683
3062,39.16462,-86.57088,684
3062,39.16464,-86.57202,685
3062,39.16464,-86.57244,686
3062,39.16464,-86.57267,687
3062,39.16464,-86.57271,688
3062,39.16464,-86.57287,689
3062,39.16464,-86.57299,690
3062,39.16464,-86.57301,691
3062,39.16464,-86.57309,692
3062,39.16464,-86.57322,693
3062,39.16464,-86.57327,694
3062,39.16465,-86.57362,695
3062,39.16464,-86.57387,696
3062,39.16467,-86.57434,697
3062,39.16467,-86.57443,698
3062,39.16466,-86.57479,699
3062,39.16464,-86.57523,700
3062,39.16463,-86.57551,701
3062,39.16468,-86.57567,702
3062,39.1647,-86.57572,703
3062,39.1647,-86.57573,704
3062,39.16472,-86.57579,705
3062,39.16475,-86.57585,706
3062,39.16477,-86.57588,707
3062,39.1648,-86.5759,708
3062,39.16481,-86.57591,709
3062,39.16483,-86.57593,710
3062,39.16486,-86.57594,711
3062,39.16492,-86.57596,712
3062,39.16494,-86.57597,713
3062,39.16495,-86.57597,714
3062,39.16497,-86.57598,715
3062,39.16499,-86.57598,716
3062,39.16508,-86.57606,717
3062,39.16531,-86.576,718
3062,39.16563,-86.57599,719
3062,39.16569,-86.576,720
3062,39.16598,-86.576,721
3062,39.16636,-86.57601,722
3062,39.16731,-86.57597,723
3062,39.16762,-86.576,724
3062,39.16807,-86.57631,725
3062,39.16823,-86.5764,726
3062,39.16834,-86.57642,727
3062,39.16859,-86.57642,728
3062,39.16879,-86.57642,729
3062,39.16946,-86.57641,730
3062,39.16975,-86.57641,731
3062,39.17035,-86.57643,732
3062,39.17071,-86.57643,733
3062,39.1709,-86.57642,734
3062,39.17109,-86.57642,735
3062,39.1712,-86.5764,736
3062,39.17126,-86.57637,737
3062,39.17132,-86.57634,738
3062,39.17141,-86.57627,739
3062,39.17151,-86.57615,740
3062,39.17159,-86.57591,741
3062,39.17158,-86.5759,742
3062,39.17158,-86.57589,743
3062,39.17157,-86.57588,744
3062,39.17157,-86.57587,745
3062,39.17157,-86.57586,746
3062,39.17156,-86.57585,747
3062,39.17156,-86.57584,748
3062,39.17156,-86.57583,749
3062,39.17156,-86.57582,750
3062,39.17155,-86.57581,751
3062,39.17155,-86.57579,752
3062,39.17155,-86.57578,753
3062,39.17155,-86.57577,754
3062,39.17155,-86.57576,755
3062,39.17156,-86.57575,756
3062,39.17156,-86.57574,757
3062,39.17156,-86.57572,758
3062,39.17156,-86.57571,759
3062,39.17157,-86.5757,760
3062,39.17157,-86.57569,761
3062,39.17158,-86.57568,762
3062,39.17158,-86.57567,763
3062,39.17159,-86.57566,764
3062,39.1716,-86.57566,765
3062,39.1716,-86.57565,766
3062,39.17161,-86.57564,767
3062,39.17162,-86.57563,768
3062,39.17163,-86.57563,769
3062,39.17163,-86.57562,770
3062,39.17164,-86.57562,771
3062,39.17165,-86.57561,772
3062,39.17166,-86.57561,773
3062,39.17167,-86.57561,774
3062,39.17168,-86.5756,775
3062,39.17169,-86.5756,776
3062,39.1717,-86.5756,777
3062,39.17171,-86.5756,778
3062,39.17172,-86.57561,779
3062,39.17173,-86.57561,780
3062,39.17174,-86.57561,781
3062,39.17175,-86.57561,782
3062,39.17176,-86.57562,783
3062,39.17177,-86.57563,784
3062,39.17178,-86.57564,785
3062,39.17179,-86.57564,786
3062,39.17179,-86.57565,787
3062,39.1718,-86.57566,788
3062,39.17181,-86.57567,789
3062,39.17181,-86.57568,790
3062,39.17182,-86.57569,791
3062,39.17182,-86.5757,792
3062,39.17183,-86.57571,793
3062,39.17183,-86.57573,794
3062,39.17183,-86.57574,795
3062,39.17184,-86.57575,796
3062,39.17184,-86.57576,797
3062,39.17184,-86.57577,798
3062,39.17184,-86.57578,799
3062,39.17184,-86.5758,800
3062,39.17184,-86.57581,801
3062,39.17184,-86.57582,802
3062,39.17184,-86.57583,803
3062,39.17183,-86.57584,804
3062,39.17183,-86.57585,805
3062,39.17183,-86.57586,806
3062,39.17182,-86.57587,807
3062,39.17182,-86.57588,808
3062,39.17181,-86.57589,809
3062,39.17181,-86.5759,810
3062,39.1718,-86.57591,811
3062,39.1718,-86.57592,812
3062,39.17179,-86.57593,813
3062,39.17178,-86.57594,814
3062,39.17177,-86.57594,815
3062,39.17177,-86.57595,816
3062,39.17176,-86.57595,817
3062,39.17175,-86.57596,818
3062,39.1717,-86.57603,819
3062,39.17165,-86.57608,820
3062,39.17156,-86.57613,821
3062,39.17151,-86.57615,822
3062,39.17141,-86.57627,823
3062,39.17132,-86.57634,824
3062,39.17126,-86.57637,825
3062,39.1712,-86.5764,826
3062,39.17109,-86.57642,827
3062,39.1709,-86.57642,828
3062,39.17071,-86.57643,829
3062,39.17035,-86.57643,830
3062,39.16975,-86.57641,831
3062,39.16946,-86.57641,832
3062,39.16879,-86.57642,833
3062,39.16859,-86.57642,834
3062,39.16834,-86.57642,835
3062,39.16823,-86.5764,836
3062,39.16807,-86.57631,837
3062,39.16762,-86.576,838
3062,39.16756,-86.57599,839
3062,39.16731,-86.57597,840
3062,39.16636,-86.57601,841
3062,39.16598,-86.576,842
3062,39.16563,-86.57599,843
3062,39.16531,-86.576,844
3062,39.16508,-86.57606,845
3062,39.1649,-86.57614,846
3062,39.16463,-86.5762,847
3062,39.16452,-86.5762,848
3062,39.16424,-86.57621,849
3062,39.16397,-86.57621,850
3062,39.16364,-86.57622,851
3062,39.16332,-86.57624,852
3062,39.16314,-86.57624,853
3062,39.16275,-86.57625,854
3062,39.16275,-86.57649,855
3062,39.16275,-86.57656,856
3062,39.16274,-86.5767,857
3062,39.16274,-86.57691,858
3062,39.16274,-86.57713,859
3062,39.16274,-86.57734,860
3062,39.16274,-86.57756,861
3062,39.16274,-86.57769,862
3062,39.16274,-86.57776,863
3062,39.16274,-86.57798,864
3062,39.16274,-86.57819,865
3062,39.16274,-86.57839,866
3062,39.16274,-86.57861,867
3062,39.16274,-86.57882,868
3062,39.16274,-86.57915,869
3062,39.16308,-86.57916,870
3062,39.16309,-86.57916,871
3062,39.1632,-86.57915,872
3062,39.16365,-86.57915,873
3062,39.164,-86.57914,874
3062,39.16427,-86.57914,875
3062,39.1646,-86.57913,876
3062,39.16461,-86.57974,877
3062,39.16462,-86.57999,878
3062,39.16463,-86.58054,879
3062,39.16465,-86.58094,880
3062,39.16465,-86.58106,881
3062,39.16465,-86.58133,882
3062,39.16465,-86.58145,883
3062,39.16465,-86.58182,884
3062,39.16466,-86.58213,885
3062,39.16466,-86.58228,886
3062,39.16466,-86.58252,887
3062,39.16466,-86.58296,888
3062,39.16466,-86.58323,889
3062,39.16466,-86.58347,890
3062,39.16466,-86.58368,891
3062,39.16466,-86.58418,892
3062,39.16467,-86.58587,893
3062,39.16426,-86.58587,894
3062,39.16411,-86.58587,895
3062,39.16393,-86.58587,896
3062,39.16392,-86.58587,897
3062,39.16377,-86.58587,898
3062,39.16359,-86.58587,899
3062,39.16331,-86.58586,900
3062,39.1633,-86.58644,901
3062,39.1633,-86.58681,902
3062,39.1633,-86.5869,903
3062,39.1633,-86.58727,904
3062,39.1633,-86.58757,905
3062,39.1633,-86.58792,906
3062,39.16329,-86.58842,907
3062,39.16329,-86.58896,908
3062,39.16329,-86.5893,909
3062,39.16329,-86.58953,910
3062,39.16329,-86.59,911
3062,39.16328,-86.59098,912
3062,39.16329,-86.59187,913
3062,39.16257,-86.59185,914
3062,39.16187,-86.59184,915
3062,39.16122,-86.59182,916
3062,39.16028,-86.5918,917
3062,39.1592,-86.59178,918
3062,39.15829,-86.59177,919
3062,39.15804,-86.59176,920
3062,39.15758,-86.59176,921
3062,39.15728,-86.59175,922
3062,39.15711,-86.59175,923
3062,39.15688,-86.59176,924
3062,39.15688,-86.59122,925
3062,39.15689,-86.59093,926
3062,39.1569,-86.59031,927
3062,39.15689,-86.59001,928
3062,39.15683,-86.58971,929
3062,39.15667,-86.58939,930
3062,39.15654,-86.58922,931
3062,39.15636,-86.58903,932
3062,39.15616,-86.58894,933
3062,39.15601,-86.58889,934
3062,39.15591,-86.58889,935
3062,39.15544,-86.58887,936
3062,39.1549,-86.58886,937
3062,39.15472,-86.58885,938
3062,39.15441,-86.58884,939
3062,39.15442,-86.58828,940
3062,39.15443,-86.58744,941
3062,39.15444,-86.58697,942
3062,39.15448,-86.58674,943
3062,39.15453,-86.58661,944
3062,39.15463,-86.58638,945
3062,39.15465,-86.58634,946
3062,39.15487,-86.58592,947
3062,39.15507,-86.58558,948
3062,39.15565,-86.58456,949
3062,39.15581,-86.58428,950
3062,39.15597,-86.58401,951
3062,39.15632,-86.58339,952
3062,39.15674,-86.58263,953
3062,39.15648,-86.58263,954
3062,39.15608,-86.58263,955
3062,39.15576,-86.58263,956
3062,39.15546,-86.58262,957
3062,39.15488,-86.58262,958
3062,39.15405,-86.58261,959
3062,39.15364,-86.5826,960
3062,39.15336,-86.5826,961
3062,39.15278,-86.58261,962
3062,39.15258,-86.5826,963
3062,39.1521,-86.58261,964
3062,39.15179,-86.58262,965
3062,39.15135,-86.58263,966
3062,39.15089,-86.58263,967
3062,39.15065,-86.58263,968
3062,39.15055,-86.58262,969
3062,39.15012,-86.58261,970
3062,39.15005,-86.58261,971
3062,39.14969,-86.58261,972
3062,39.14919,-86.58261,973
3062,39.14912,-86.58261,974
3062,39.1489,-86.58261,975
3062,39.14876,-86.58261,976
3062,39.14852,-86.5826,977
3062,39.14827,-86.5826,978
3062,39.14778,-86.5826,979
3062,39.14774,-86.5826,980
3062,39.14721,-86.58261,981
3062,39.1467,-86.58261,982
3062,39.14628,-86.58261,983
3062,39.1459,-86.58261,984
3062,39.14577,-86.58261,985
3062,39.14535,-86.58261,986
3062,39.14462,-86.58262,987
3062,39.14451,-86.58262,988
3062,39.14432,-86.58261,989
3062,39.14393,-86.58261,990
3062,39.14317,-86.5826,991
3062,39.14271,-86.5826,992
3062,39.14253,-86.5826,993
3062,39.14245,-86.5826,994
3062,39.14233,-86.5826,995
3062,39.14209,-86.5826,996
3062,39.14202,-86.58259,997
3062,39.1419,-86.58259,998
3062,39.14202,-86.5824,999
3062,39.14229,-86.582,1000
3062,39.14236,-86.5819,1001
1011,39.20101,-86.54726,0
1011,39.20154,-86.5473,1
1011,39.20226,-86.54732,2
1011,39.20244,-86.54732,3
1011,39.2028,-86.54733,4
1011,39.20333,-86.54734,5
1011,39.20401,-86.54735,6
1011,39.20473,-86.54736,7
1011,39.20491,-86.54736,8
1011,39.20545,-86.54737,9
1011,39.20556,-86.54737,10
1011,39.20595,-86.54738,11
1011,39.2065,-86.54739,12
1011,39.20684,-86.5474,13
1011,39.20738,-86.54741,14
1011,39.2078,-86.54742,15
1011,39.20835,-86.54742,16
1011,39.20835,-86.54766,17
1011,39.20835,-86.54783,18
1011,39.20835,-86.5493,19
1011,39.20836,-86.55,20
1011,39.20836,-86.55001,21
1011,39.20838,-86.55117,22
1011,39.20838,-86.55139,23
1011,39.20839,-86.55209,24
1011,39.20786,-86.55209,25
1011,39.20784,-86.55209,26
1011,39.20766,-86.55208,27
1011,39.2075,-86.55208,28
1011,39.20709,-86.55208,29
1011,39.20696,-86.55208,30
1011,39.20694,-86.55208,31
1011,39.20678,-86.55207,32
1011,39.20659,-86.55207,33
1011,39.20642,-86.55207,34
1011,39.20623,-86.55207,35
1011,39.20605,-86.55206,36
1011,39.20603,-86.55206,37
1011,39.20587,-86.55206,38
1011,39.20569,-86.55206,39
1011,39.20551,-86.55206,40
1011,39.20461,-86.55204,41
1011,39.20443,-86.55204,42
1011,39.20425,-86.55204,43
1011,39.20407,-86.55204,44
1011,39.20389,-86.55203,45
1011,39.20371,-86.55203,46
1011,39.20353,-86.55203,47
1011,39.20345,-86.55203,48
1011,39.20335,-86.55203,49
1011,39.20282,-86.55202,50
1011,39.20264,-86.55202,51
1011,39.20208,-86.55201,52
1011,39.20204,-86.55201,53
1011,39.2019,-86.55197,54
1011,39.2019,-86.55172,55
1011,39.2019,-86.55144,56
1011,39.2019,-86.55143,57
1011,39.20191,-86.55074,58
1011,39.20191,-86.55052,59
1011,39.20191,-86.55051,60
1011,39.20191,-86.55034,61
1011,39.20191,-86.55027,62
1011,39.20191,-86.5501,63
1011,39.20192,-86.55005,64
1011,39.20193,-86.54993,65
1011,39.20157,-86.54993,66
1011,39.20121,-86.54993,67
1011,39.20109,-86.54993,68
1011,39.20097,-86.54987,69
1011,39.20083,-86.54978,70
1011,39.20066,-86.54962,71
1011,39.20058,-86.5495,72
1011,39.20048,-86.54932,73
1011,39.20044,-86.54915,74
1011,39.20044,-86.54911,75
1011,39.20043,-86.54904,76
1011,39.20043,-86.54877,77
1011,39.20043,-86.54816,78
1011,39.20082,-86.54814,79
1011,39.2009,-86.54806,80
1011,39.20093,-86.54801,81
1011,39.20098,-86.54792,82
1011,39.201,-86.54789,83
1011,39.201,-86.54781,84
1011,39.201,-86.54729,85
1011,39.201,-86.54694,86
1011,39.20101,-86.54624,87
1011,39.20102,-86.54532,88
1011,39.20103,-86.54369,89
1011,39.20103,-86.54346,90
1011,39.20103,-86.54343,91
1011,39.201,-86.54323,92
1011,39.201,-86.54318,93
1011,39.20095,-86.54305,94
1011,39.20086,-86.54281,95
1011,39.20033,-86.54267,96
1011,39.1998,-86.54253,97
1011,39.19945,-86.54244,98
1011,39.19927,-86.54239,99
1011,39.1991,-86.54235,100
1011,39.19908,-86.54234,101
1011,39.19857,-86.54221,102
1011,39.19839,-86.54217,103
1011,39.19821,-86.54212,104
1011,39.19819,-86.54211,105
1011,39.19815,-86.54234,106
1011,39.19802,-86.54325,107
1011,39.19797,-86.54347,108
1011,39.19788,-86.54384,109
1011,39.19782,-86.54398,110
1011,39.19768,-86.54423,111
1011,39.1973,-86.54472,112
1011,39.19689,-86.54524,113
1011,39.19659,-86.5457,114
1011,39.1965,-86.546,115
1011,39.19647,-86.54614,116
1011,39.19646,-86.54623,117
1011,39.19645,-86.54629,118
1011,39.19645,-86.54637,119
1011,39.19642,-86.5467,120
1011,39.19617,-86.5467,121
1011,39.19581,-86.5467,122
1011,39.19563,-86.5467,123
1011,39.19513,-86.5467,124
1011,39.19482,-86.54667,125
1011,39.19473,-86.54664,126
1011,39.19465,-86.54662,127
1011,39.1944,-86.54647,128
1011,39.19427,-86.5462,129
1011,39.19423,-86.54599,130
1011,39.19421,-86.54536,131
1011,39.1942,-86.54512,132
1011,39.1942,-86.54507,133
1011,39.19419,-86.54411,134
1011,39.19419,-86.54397,135
1011,39.19418,-86.54281,136
1011,39.19418,-86.54258,137
1011,39.19418,-86.54223,138
1011,39.19417,-86.54115,139
1011,39.19417,-86.5411,140
1011,39.19392,-86.54102,141
1011,39.19372,-86.54083,142
1011,39.19361,-86.54055,143
1011,39.19342,-86.54006,144
1011,39.19337,-86.53993,145
1011,39.19329,-86.53972,146
1011,39.19303,-86.53897,147
1011,39.19295,-86.53872,148
1011,39.19289,-86.53854,149
1011,39.1928,-86.5383,150
1011,39.19274,-86.53818,151
1011,39.1927,-86.53811,152
1011,39.19261,-86.53799,153
1011,39.19245,-86.53786,154
1011,39.19231,-86.53779,155
1011,39.19226,-86.53777,156
1011,39.19209,-86.53773,157
1011,39.19195,-86.53772,158
1011,39.19185,-86.53771,159
1011,39.19142,-86.53772,160
1011,39.19124,-86.53772,161
1011,39.19057,-86.53773,162
1011,39.19016,-86.53775,163
1011,39.18985,-86.53775,164
1011,39.18951,-86.53775,165
1011,39.18877,-86.53775,166
1011,39.18809,-86.53775,167
1011,39.18755,-86.53773,168
1011,39.18705,-86.53771,169
1011,39.18694,-86.53771,170
1011,39.18688,-86.53771,171
1011,39.18658,-86.53772,172
1011,39.18645,-86.53772,173
1011,39.18637,-86.53669,174
1011,39.18635,-86.53627,175
1011,39.18631,-86.53571,176
1011,39.18629,-86.53525,177
1011,39.18628,-86.53515,178
1011,39.18626,-86.53469,179
1011,39.18625,-86.5346,180
1011,39.18604,-86.53462,181
1011,39.18598,-86.53462,182
1011,39.1859,-86.53463,183
1011,39.18568,-86.53464,184
1011,39.18557,-86.53463,185
1011,39.18548,-86.53463,186
1011,39.18546,-86.53463,187
1011,39.18541,-86.53463,188
1011,39.18535,-86.53463,189
1011,39.18525,-86.53462,190
1011,39.18495,-86.53459,191
1011,39.18473,-86.53458,192
1011,39.18472,-86.53458,193
1011,39.18462,-86.53457,194
1011,39.18453,-86.53457,195
1011,39.18444,-86.53457,196
1011,39.18435,-86.53456,197
1011,39.18421,-86.53457,198
1011,39.18386,-86.53458,199
1011,39.18355,-86.5346,200
1011,39.1834,-86.53461,201
1011,39.18334,-86.53461,202
1011,39.18298,-86.53462,203
1011,39.18279,-86.53462,204
1011,39.18264,-86.53463,205
1011,39.18251,-86.53463,206
1011,39.18238,-86.53464,207
1011,39.18209,-86.53465,208
1011,39.18159,-86.53466,209
1011,39.18015,-86.53468,210
1011,39.18006,-86.53469,211
1011,39.17955,-86.5347,212
1011,39.17907,-86.5347,213
1011,39.17899,-86.53471,214
1011,39.17845,-86.53471,215
1011,39.17771,-86.53472,216
1011,39.17737,-86.53473,217
1011,39.1773,-86.53473,218
1011,39.17686,-86.53473,219
1011,39.17653,-86.53474,220
1011,39.17642,-86.53474,221
1011,39.17596,-86.53475,222
1011,39.17524,-86.53478,223
1011,39.17506,-86.53478,224
1011,39.17488,-86.53478,225
1011,39.17438,-86.53479,226
1011,39.17419,-86.53479,227
1011,39.17383,-86.5348,228
1011,39.17376,-86.5348,229
1011,39.17357,-86.5348,230
1011,39.17343,-86.5348,231
1011,39.17329,-86.5348,232
1011,39.1733,-86.53417,233
1011,39.17329,-86.5339,234
1011,39.17329,-86.53381,235
1011,39.17329,-86.53358,236
1011,39.17372,-86.53358,237
1011,39.17417,-86.53357,238
1011,39.17439,-86.53357,239
1011,39.17463,-86.53357,240
1011,39.17493,-86.53356,241
1011,39.17521,-86.53356,242
1011,39.17592,-86.53354,243
1011,39.17596,-86.53354,244
1011,39.17641,-86.53354,245
1011,39.17686,-86.53353,246
1011,39.1773,-86.53352,247
1011,39.17766,-86.53352,248
1011,39.17776,-86.53352,249
1011,39.17843,-86.5335,250
1011,39.17846,-86.5335,251
1011,39.17855,-86.5335,252
1011,39.17869,-86.5335,253
1011,39.17897,-86.53349,254
1011,39.17907,-86.53349,255
1011,39.17922,-86.53349,256
1011,39.17965,-86.53351,257
1011,39.17984,-86.53352,258
1011,39.17998,-86.53353,259
1011,39.18014,-86.53355,260
1011,39.18032,-86.53357,261
1011,39.18075,-86.53363,262
1011,39.18095,-86.53365,263
1011,39.18108,-86.53368,264
1011,39.18131,-86.53372,265
1011,39.18149,-86.53375,266
1011,39.18184,-86.53383,267
1011,39.18226,-86.53391,268
1011,39.18246,-86.53396,269
1011,39.18267,-86.534,270
1011,39.18308,-86.53408,271
1011,39.18324,-86.53412,272
1011,39.18333,-86.53414,273
1011,39.18339,-86.53415,274
1011,39.18374,-86.53423,275
1011,39.18425,-86.53433,276
1011,39.18454,-86.53438,277
1011,39.18479,-86.53442,278
1011,39.18489,-86.53444,279
1011,39.18499,-86.53445,280
1011,39.18517,-86.53447,281
1011,39.1855,-86.53448,282
1011,39.18567,-86.53448,283
1011,39.18591,-86.53448,284
1011,39.18602,-86.53447,285
1011,39.18604,-86.53447,286
1011,39.18626,-86.53445,287
1011,39.18638,-86.53443,288
1011,39.18638,-86.53458,289
1011,39.18643,-86.53527,290
1011,39.18643,-86.53532,291
1011,39.18643,-86.53533,292
1011,39.18645,-86.53559,293
1011,39.18648,-86.53608,294
1011,39.18651,-86.53657,295
1011,39.18654,-86.53716,296
1011,39.18657,-86.53758,297
1011,39.18658,-86.53772,298
1011,39.18645,-86.53772,299
1011,39.18637,-86.53669,300
1011,39.18637,-86.5366,301
1011,39.18635,-86.53627,302
1011,39.18631,-86.53571,303
1011,39.18629,-86.53525,304
1011,39.18628,-86.53515,305
1011,39.18626,-86.53473,306
1011,39.18625,-86.5346,307
1011,39.18604,-86.53462,308
1011,39.18598,-86.53462,309
1011,39.1859,-86.53463,310
1011,39.18568,-86.53464,311
1011,39.18557,-86.53463,312
1011,39.18546,-86.53463,313
1011,39.18541,-86.53463,314
1011,39.18535,-86.53463,315
1011,39.18525,-86.53462,316
1011,39.18495,-86.53459,317
1011,39.18473,-86.53458,318
1011,39.18472,-86.53458,319
1011,39.18462,-86.53457,320
1011,39.18453,-86.53457,321
1011,39.18444,-86.53457,322
1011,39.18435,-86.53456,323
1011,39.18421,-86.53457,324
1011,39.18386,-86.53458,325
1011,39.18355,-86.5346,326
1011,39.1834,-86.53461,327
1011,39.18334,-86.53461,328
1011,39.18298,-86.53462,329
1011,39.18264,-86.53463,330
1011,39.18251,-86.53463,331
1011,39.18209,-86.53465,332
1011,39.18159,-86.53466,333
1011,39.18015,-86.53468,334
1011,39.17955,-86.5347,335
1011,39.17907,-86.5347,336
1011,39.17899,-86.53471,337
1011,39.17845,-86.53471,338
1011,39.17771,-86.53472,339
1011,39.1773,-86.53473,340
1011,39.17686,-86.53473,341
1011,39.17653,-86.53474,342
1011,39.17642,-86.53474,343
1011,39.17596,-86.53475,344
1011,39.17524,-86.53478,345
1011,39.17506,-86.53478,346
1011,39.17488,-86.53478,347
1011,39.17419,-86.53479,348
1011,39.17383,-86.5348,349
1011,39.17357,-86.5348,350
1011,39.17329,-86.5348,351
1011,39.1733,-86.53417,352
1011,39.17329,-86.53381,353
1011,39.17329,-86.53358,354
1011,39.17401,-86.53358,355
1011,39.17417,-86.53357,356
1011,39.17439,-86.53357,357
1011,39.17493,-86.53356,358
1011,39.17507,-86.53356,359
1011,39.17521,-86.53356,360
1011,39.17596,-86.53354,361
1011,39.17596,-86.53331,362
1011,39.17596,-86.53301,363
1011,39.17596,-86.53298,364
1011,39.17596,-86.53271,365
1011,39.17596,-86.53225,366
1011,39.17596,-86.53222,367
1011,39.17597,-86.53207,368
1011,39.17597,-86.53169,369
1011,39.17597,-86.53138,370
1011,39.17598,-86.53098,371
1011,39.17598,-86.53064,372
1011,39.17598,-86.52977,373
1011,39.17598,-86.5297,374
1011,39.17598,-86.52907,375
1011,39.17598,-86.52896,376
1011,39.17599,-86.52833,377
1011,39.17898,-86.52832,378
1011,39.17899,-86.52713,379
1011,39.17901,-86.52199,380
1011,39.179,-86.51902,381
1011,39.1784,-86.51889,382
1011,39.17796,-86.51881,383
1011,39.17708,-86.51882,384
1011,39.17553,-86.51901,385
1011,39.17513,-86.51906,386
1011,39.1741,-86.51889,387
1011,39.1733,-86.51891,388
1011,39.17241,-86.519,389
1011,39.17173,-86.51904,390
1011,39.1716,-86.51905,391
1011,39.1716,-86.5192,392
1011,39.1716,-86.51972,393
1011,39.17161,-86.51993,394
1011,39.17161,-86.52016,395
1011,39.17161,-86.52039,396
1011,39.17161,-86.52072,397
1011,39.17161,-86.52077,398
1011,39.17161,-86.521,399
1011,39.17162,-86.52238,400
1011,39.17163,-86.52304,401
1011,39.17163,-86.52325,402
1011,39.17163,-86.5235,403
1011,39.17151,-86.5235,404
1011,39.17138,-86.52349,405
1011,39.17117,-86.52349,406
1011,39.17102,-86.52349,407
1011,39.17088,-86.52349,408
1011,39.17073,-86.52349,409
1011,39.17043,-86.52349,410
1011,39.17013,-86.52349,411
1011,39.16994,-86.52349,412
1011,39.16947,-86.52349,413
1011,39.16908,-86.5235,414
1011,39.16898,-86.5235,415
1011,39.16853,-86.52349,416
1011,39.16849,-86.52349,417
1011,39.16849,-86.52368,418
1011,39.16849,-86.52374,419
1011,39.16849,-86.52382,420
1011,39.16849,-86.5242,421
1011,39.16849,-86.52449,422
1011,39.16849,-86.52464,423
1011,39.1685,-86.52547,424
1011,39.16851,-86.52694,425
1011,39.16852,-86.52806,426
1011,39.16852,-86.52826,427
1011,39.16827,-86.52826,428
1011,39.16803,-86.52826,429
1011,39.16754,-86.52825,430
1011,39.16704,-86.52824,431
1011,39.16655,-86.52824,432
1011,39.16655,-86.52917,433
1011,39.16656,-86.5298,434
1011,39.16656,-86.53044,435
1011,39.16657,-86.53109,436
1011,39.16657,-86.53171,437
1011,39.16657,-86.5323,438
1011,39.16657,-86.53234,439
1011,39.16608,-86.53235,440
1011,39.16558,-86.53236,441
1011,39.16508,-86.53236,442
1011,39.16495,-86.53236,443
1011,39.16459,-86.53237,444
1011,39.16465,-86.53237,445
1011,39.16465,-86.53237,446
1011,39.16459,-86.53237,447
1011,39.16447,-86.53237,448
1011,39.16427,-86.53238,449
1011,39.16426,-86.53361,450
1011,39.16454,-86.53363,451
1011,39.16454,-86.53299,452
1011,39.16458,-86.53291,453
1011,39.16458,-86.53242,454
1011,39.16458,-86.53109,455
1011,39.16655,-86.53109,456
1011,39.16657,-86.53109,457
1011,39.16657,-86.53109,458
1011,39.16656,-86.52979,459
1011,39.16657,-86.53109,460
1011,39.16458,-86.53109,461
1011,39.16657,-86.53109,462
1011,39.16657,-86.53109,463
1011,39.16657,-86.53109,464
1011,39.16656,-86.52979,465
1011,39.16657,-86.53109,466
1011,39.16458,-86.53109,467
1011,39.16458,-86.53109,468
1011,39.16657,-86.53109,469
1011,39.16653,-86.52694,470
1011,39.16745,-86.52694,471
1011,39.16849,-86.52694,472
1021,39.201,-86.54729,0
1021,39.20154,-86.5473,1
1021,39.20226,-86.54732,2
1021,39.20244,-86.54732,3
1021,39.2028,-86.54733,4
1021,39.20289,-86.54733,5
1021,39.20323,-86.54734,6
1021,39.2033,-86.54734,7
1021,39.20333,-86.54734,8
1021,39.20332,-86.54805,9
1021,39.20332,-86.54827,10
1021,39.20332,-86.54868,11
1021,39.20332,-86.54873,12
1021,39.20331,-86.54905,13
1021,39.20331,-86.54939,14
1021,39.2033,-86.54963,15
1021,39.20328,-86.54977,16
1021,39.20323,-86.54987,17
1021,39.20312,-86.54995,18
1021,39.20311,-86.54995,19
1021,39.20296,-86.54995,20
1021,39.20271,-86.54995,21
1021,39.20253,-86.54994,22
1021,39.20193,-86.54993,23
1021,39.20157,-86.54993,24
1021,39.20121,-86.54993,25
1021,39.20109,-86.54993,26
1021,39.20097,-86.54987,27
1021,39.20083,-86.54978,28
1021,39.20066,-86.54962,29
1021,39.20058,-86.5495,30
1021,39.20048,-86.54932,31
1021,39.20044,-86.54915,32
1021,39.20044,-86.54911,33
1021,39.20043,-86.54904,34
1021,39.20043,-86.54877,35
1021,39.20043,-86.54816,36
1021,39.20082,-86.54814,37
1021,39.2009,-86.54806,38
1021,39.20093,-86.54801,39
1021,39.20098,-86.54792,40
1021,39.201,-86.54789,41
1021,39.201,-86.54781,42
1021,39.201,-86.54729,43
1021,39.201,-86.54694,44
1021,39.20101,-86.54624,45
1021,39.20102,-86.54532,46
1021,39.20103,-86.54369,47
1021,39.20103,-86.54346,48
1021,39.20103,-86.54343,49
1021,39.201,-86.54323,50
1021,39.201,-86.54318,51
1021,39.20095,-86.54305,52
1021,39.20086,-86.54281,53
1021,39.20033,-86.54267,54
1021,39.1998,-86.54253,55
1021,39.19945,-86.54244,56
1021,39.19927,-86.54239,57
1021,39.1991,-86.54235,58
1021,39.19908,-86.54234,59
1021,39.19857,-86.54221,60
1021,39.19839,-86.54217,61
1021,39.19821,-86.54212,62
1021,39.19819,-86.54211,63
1021,39.19815,-86.54234,64
1021,39.19802,-86.54325,65
1021,39.19797,-86.54347,66
1021,39.19788,-86.54384,67
1021,39.19782,-86.54398,68
1021,39.19768,-86.54423,69
1021,39.1973,-86.54472,70
1021,39.19689,-86.54524,71
1021,39.19659,-86.5457,72
1021,39.1965,-86.546,73
1021,39.19647,-86.54614,74
1021,39.19646,-86.54623,75
1021,39.19645,-86.54629,76
1021,39.19645,-86.54637,77
1021,39.19642,-86.5467,78
1021,39.19617,-86.5467,79
1021,39.19581,-86.5467,80
1021,39.19563,-86.5467,81
1021,39.19513,-86.5467,82
1021,39.19482,-86.54667,83
1021,39.19473,-86.54664,84
1021,39.19465,-86.54662,85
1021,39.1944,-86.54647,86
1021,39.19427,-86.5462,87
1021,39.19423,-86.54599,88
1021,39.19421,-86.54536,89
1021,39.1942,-86.54512,90
1021,39.1942,-86.54507,91
1021,39.19419,-86.54411,92
1021,39.19419,-86.54397,93
1021,39.19418,-86.54281,94
1021,39.19418,-86.54258,95
1021,39.19418,-86.54223,96
1021,39.19417,-86.54115,97
1021,39.19417,-86.5411,98
1021,39.19392,-86.54102,99
1021,39.19372,-86.54083,100
1021,39.19361,-86.54055,101
1021,39.19342,-86.54006,102
1021,39.19337,-86.53993,103
1021,39.19329,-86.53972,104
1021,39.19303,-86.53897,105
1021,39.19295,-86.53872,106
1021,39.19289,-86.53854,107
1021,39.1928,-86.5383,108
1021,39.19274,-86.53818,109
1021,39.1927,-86.53811,110
1021,39.19261,-86.53799,111
1021,39.19245,-86.53786,112
1021,39.19231,-86.53779,113
1021,39.19226,-86.53777,114
1021,39.19209,-86.53773,115
1021,39.19195,-86.53772,116
1021,39.19185,-86.53771,117
1021,39.19142,-86.53772,118
1021,39.19124,-86.53772,119
1021,39.19057,-86.53773,120
1021,39.19016,-86.53775,121
1021,39.18985,-86.53775,122
1021,39.18951,-86.53775,123
1021,39.18877,-86.53775,124
1021,39.18809,-86.53775,125
1021,39.18755,-86.53773,126
1021,39.18705,-86.53771,127
1021,39.18694,-86.53771,128
1021,39.18688,-86.53771,129
1021,39.18658,-86.53772,130
1021,39.18645,-86.53772,131
1021,39.18637,-86.53669,132
1021,39.18635,-86.53627,133
1021,39.18631,-86.53571,134
1021,39.18629,-86.53525,135
1021,39.18628,-86.53515,136
1021,39.18626,-86.53469,137
1021,39.18625,-86.5346,138
1021,39.18604,-86.53462,139
1021,39.18598,-86.53462,140
1021,39.1859,-86.53463,141
1021,39.18568,-86.53464,142
1021,39.18557,-86.53463,143
1021,39.18548,-86.53463,144
1021,39.18546,-86.53463,145
1021,39.18541,-86.53463,146
1021,39.18535,-86.53463,147
1021,39.18525,-86.53462,148
1021,39.18495,-86.53459,149
1021,39.18473,-86.53458,150
1021,39.18472,-86.53458,151
1021,39.18462,-86.53457,152
1021,39.18453,-86.53457,153
1021,39.18444,-86.53457,154
1021,39.18435,-86.53456,155
1021,39.18421,-86.53457,156
1021,39.18386,-86.53458,157
1021,39.18355,-86.5346,158
1021,39.1834,-86.53461,159
1021,39.18334,-86.53461,160
1021,39.18298,-86.53462,161
1021,39.18279,-86.53462,162
1021,39.18264,-86.53463,163
1021,39.18251,-86.53463,164
1021,39.18238,-86.53464,165
1021,39.18209,-86.53465,166
1021,39.18159,-86.53466,167
1021,39.18015,-86.53468,168
1021,39.18006,-86.53469,169
1021,39.17955,-86.5347,170
1021,39.17907,-86.5347,171
1021,39.17899,-86.53471,172
1021,39.17845,-86.53471,173
1021,39.17771,-86.53472,174
1021,39.17737,-86.53473,175
1021,39.1773,-86.53473,176
1021,39.17686,-86.53473,177
1021,39.17653,-86.53474,178
1021,39.17642,-86.53474,179
1021,39.17596,-86.53475,180
1021,39.17524,-86.53478,181
1021,39.17506,-86.53478,182
1021,39.17488,-86.53478,183
1021,39.17438,-86.53479,184
1021,39.17419,-86.53479,185
1021,39.17383,-86.5348,186
1021,39.17376,-86.5348,187
1021,39.17357,-86.5348,188
1021,39.17343,-86.5348,189
1021,39.17329,-86.5348,190
1021,39.1733,-86.53417,191
1021,39.17329,-86.5339,192
1021,39.17329,-86.53381,193
1021,39.17329,-86.53358,194
1021,39.17372,-86.53358,195
1021,39.17417,-86.53357,196
1021,39.17439,-86.53357,197
1021,39.17463,-86.53357,198
1021,39.17493,-86.53356,199
1021,39.17521,-86.53356,200
1021,39.17592,-86.53354,201
1021,39.17596,-86.53354,202
1021,39.17641,-86.53354,203
1021,39.17686,-86.53353,204
1021,39.1773,-86.53352,205
1021,39.17766,-86.53352,206
1021,39.17776,-86.53352,207
1021,39.17843,-86.5335,208
1021,39.17846,-86.5335,209
1021,39.17855,-86.5335,210
1021,39.17869,-86.5335,211
1021,39.17897,-86.53349,212
1021,39.17907,-86.53349,213
1021,39.17922,-86.53349,214
1021,39.17965,-86.53351,215
1021,39.17984,-86.53352,216
1021,39.17998,-86.53353,217
1021,39.18014,-86.53355,218
1021,39.18032,-86.53357,219
1021,39.18075,-86.53363,220
1021,39.18095,-86.53365,221
1021,39.18108,-86.53368,222
1021,39.18131,-86.53372,223
1021,39.18149,-86.53375,224
1021,39.18184,-86.53383,225
1021,39.18226,-86.53391,226
1021,39.18246,-86.53396,227
1021,39.18267,-86.534,228
1021,39.18308,-86.53408,229
1021,39.18324,-86.53412,230
1021,39.18333,-86.53414,231
1021,39.18339,-86.53415,232
1021,39.18374,-86.53423,233
1021,39.18425,-86.53433,234
1021,39.18454,-86.53438,235
1021,39.18479,-86.53442,236
1021,39.18489,-86.53444,237
1021,39.18499,-86.53445,238
1021,39.18517,-86.53447,239
1021,39.1855,-86.53448,240
1021,39.18567,-86.53448,241
1021,39.18591,-86.53448,242
1021,39.18602,-86.53447,243
1021,39.18604,-86.53447,244
1021,39.18626,-86.53445,245
1021,39.18638,-86.53443,246
1021,39.18638,-86.53458,247
1021,39.18643,-86.53527,248
1021,39.18643,-86.53532,249
1021,39.18643,-86.53533,250
1021,39.18645,-86.53559,251
1021,39.18648,-86.53608,252
1021,39.18651,-86.53657,253
1021,39.18654,-86.53716,254
1021,39.18657,-86.53758,255
1021,39.18658,-86.53772,256
1021,39.18645,-86.53772,257
1021,39.18637,-86.53669,258
1021,39.18637,-86.5366,259
1021,39.18635,-86.53627,260
1021,39.18631,-86.53571,261
1021,39.18629,-86.53525,262
1021,39.18628,-86.53515,263
1021,39.18626,-86.53473,264
1021,39.18625,-86.5346,265
1021,39.18604,-86.53462,266
1021,39.18598,-86.53462,267
1021,39.1859,-86.53463,268
1021,39.18568,-86.53464,269
1021,39.18557,-86.53463,270
1021,39.18546,-86.53463,271
1021,39.18541,-86.53463,272
1021,39.18535,-86.53463,273
1021,39.18525,-86.53462,274
1021,39.18495,-86.53459,275
1021,39.18473,-86.53458,276
1021,39.18472,-86.53458,277
1021,39.18462,-86.53457,278
1021,39.18453,-86.53457,279
1021,39.18444,-86.53457,280
1021,39.18435,-86.53456,281
1021,39.18421,-86.53457,282
1021,39.18386,-86.53458,283
1021,39.18355,-86.5346,284
1021,39.1834,-86.53461,285
1021,39.18334,-86.53461,286
1021,39.18298,-86.53462,287
1021,39.18264,-86.53463,288
1021,39.18251,-86.53463,289
1021,39.18209,-86.53465,290
1021,39.18159,-86.53466,291
1021,39.18015,-86.53468,292
1021,39.17955,-86.5347,293
1021,39.17907,-86.5347,294
1021,39.17899,-86.53471,295
1021,39.17845,-86.53471,296
1021,39.17771,-86.53472,297
1021,39.1773,-86.53473,298
1021,39.17686,-86.53473,299
1021,39.17653,-86.53474,300
1021,39.17642,-86.53474,301
1021,39.17596,-86.53475,302
1021,39.17524,-86.53478,303
1021,39.17506,-86.53478,304
1021,39.17488,-86.53478,305
1021,39.17419,-86.53479,306
1021,39.17383,-86.5348,307
1021,39.17357,-86.5348,308
1021,39.17329,-86.5348,309
1021,39.1733,-86.53417,310
1021,39.17329,-86.53381,311
1021,39.17329,-86.53358,312
1021,39.17401,-86.53358,313
1021,39.17417,-86.53357,314
1021,39.17439,-86.53357,315
1021,39.17493,-86.53356,316
1021,39.17507,-86.53356,317
1021,39.17521,-86.53356,318
1021,39.17596,-86.53354,319
1021,39.17596,-86.53331,320
1021,39.17596,-86.53301,321
1021,39.17596,-86.53298,322
1021,39.17596,-86.53271,323
1021,39.17596,-86.53225,324
1021,39.17596,-86.53222,325
1021,39.17597,-86.53207,326
1021,39.17597,-86.53169,327
1021,39.17597,-86.53138,328
1021,39.17598,-86.53098,329
1021,39.17598,-86.53064,330
1021,39.17598,-86.52977,331
1021,39.17598,-86.5297,332
1021,39.17598,-86.52907,333
1021,39.17598,-86.52896,334
1021,39.17599,-86.52833,335
1021,39.17898,-86.52832,336
1021,39.17899,-86.52713,337
1021,39.17901,-86.52199,338
1021,39.179,-86.51902,339
1021,39.1784,-86.51889,340
1021,39.17796,-86.51881,341
1021,39.17708,-86.51882,342
1021,39.17553,-86.51901,343
1021,39.17513,-86.51906,344
1021,39.1741,-86.51889,345
1021,39.1733,-86.51891,346
1021,39.17241,-86.519,347
1021,39.17173,-86.51904,348
1021,39.1716,-86.51905,349
1021,39.1716,-86.5192,350
1021,39.1716,-86.51972,351
1021,39.17161,-86.51993,352
1021,39.17161,-86.52016,353
1021,39.17161,-86.52039,354
1021,39.17161,-86.52072,355
1021,39.17161,-86.52077,356
1021,39.17161,-86.521,357
1021,39.17162,-86.52238,358
1021,39.17163,-86.52304,359
1021,39.17163,-86.52325,360
1021,39.17163,-86.5235,361
1021,39.17151,-86.5235,362
1021,39.17138,-86.52349,363
1021,39.17117,-86.52349,364
1021,39.17102,-86.52349,365
1021,39.17088,-86.52349,366
1021,39.17073,-86.52349,367
1021,39.17043,-86.52349,368
1021,39.17013,-86.52349,369
1021,39.16994,-86.52349,370
1021,39.16947,-86.52349,371
1021,39.16908,-86.5235,372
1021,39.16898,-86.5235,373
1021,39.16853,-86.52349,374
1021,39.16849,-86.52349,375
1021,39.16849,-86.52368,376
1021,39.16849,-86.52374,377
1021,39.16849,-86.52382,378
1021,39.16849,-86.5242,379
1021,39.16849,-86.52449,380
1021,39.16849,-86.52464,381
1021,39.1685,-86.52547,382
1021,39.16851,-86.52694,383
1021,39.16852,-86.52806,384
1021,39.16852,-86.52826,385
1021,39.16827,-86.52826,386
1021,39.16803,-86.52826,387
1021,39.16754,-86.52825,388
1021,39.16704,-86.52824,389
1021,39.16655,-86.52824,390
1021,39.16655,-86.52917,391
1021,39.16656,-86.5298,392
1021,39.16656,-86.53044,393
1021,39.16657,-86.53109,394
1021,39.16657,-86.53171,395
1021,39.16657,-86.5323,396
1021,39.16657,-86.53234,397
1021,39.16608,-86.53235,398
1021,39.16558,-86.53236,399
1021,39.16508,-86.53236,400
1021,39.16495,-86.53236,401
1021,39.16459,-86.53237,402
1021,39.16465,-86.53237,403
1021,39.16465,-86.53237,404
1021,39.16459,-86.53237,405
1021,39.16447,-86.53237,406
1021,39.16427,-86.53238,407
1021,39.16426,-86.53361,408
1021,39.16454,-86.53363,409
1021,39.16454,-86.53299,410
1021,39.16458,-86.53291,411
1021,39.16458,-86.53242,412
1021,39.16458,-86.53109,413
1021,39.16655,-86.53109,414
1021,39.16657,-86.53109,415
1021,39.16657,-86.53109,416
1021,39.16656,-86.52979,417
1021,39.16657,-86.53109,418
1021,39.16458,-86.53109,419
1021,39.16657,-86.53109,420
1021,39.16657,-86.53109,421
1021,39.16657,-86.53109,422
1021,39.16656,-86.52979,423
1021,39.16657,-86.53109,424
1021,39.16458,-86.53109,425
1021,39.16458,-86.53109,426
1021,39.16657,-86.53109,427
1021,39.16653,-86.52694,428
1021,39.16745,-86.52694,429
1021,39.16849,-86.52694,430
1031,39.20101,-86.54726,0
1031,39.20154,-86.5473,1
1031,39.20226,-86.54732,2
1031,39.20244,-86.54732,3
1031,39.2028,-86.54733,4
1031,39.20333,-86.54734,5
1031,39.20401,-86.54735,6
1031,39.20473,-86.54736,7
1031,39.20491,-86.54736,8
1031,39.20545,-86.54737,9
1031,39.20556,-86.54737,10
1031,39.20595,-86.54738,11
1031,39.2065,-86.54739,12
1031,39.20684,-86.5474,13
1031,39.20738,-86.54741,14
1031,39.2078,-86.54742,15
1031,39.20835,-86.54742,16
1031,39.20835,-86.54766,17
1031,39.20835,-86.54783,18
1031,39.20835,-86.5493,19
1031,39.20836,-86.55,20
1031,39.20836,-86.55001,21
1031,39.20838,-86.55117,22
1031,39.20838,-86.55139,23
1031,39.20839,-86.55209,24
1031,39.20786,-86.55209,25
1031,39.20784,-86.55209,26
1031,39.20766,-86.55208,27
1031,39.2075,-86.55208,28
1031,39.20709,-86.55208,29
1031,39.20696,-86.55208,30
1031,39.20694,-86.55208,31
1031,39.20678,-86.55207,32
1031,39.20659,-86.55207,33
1031,39.20642,-86.55207,34
1031,39.20623,-86.55207,35
1031,39.20605,-86.55206,36
1031,39.20603,-86.55206,37
1031,39.20587,-86.55206,38
1031,39.20569,-86.55206,39
1031,39.20551,-86.55206,40
1031,39.20461,-86.55204,41
1031,39.20443,-86.55204,42
1031,39.20425,-86.55204,43
1031,39.20407,-86.55204,44
1031,39.20389,-86.55203,45
1031,39.20371,-86.55203,46
1031,39.20353,-86.55203,47
1031,39.20345,-86.55203,48
1031,39.20335,-86.55203,49
1031,39.20282,-86.55202,50
1031,39.20264,-86.55202,51
1031,39.20208,-86.55201,52
1031,39.20204,-86.55201,53
1031,39.2019,-86.55197,54
1031,39.2019,-86.55172,55
1031,39.2019,-86.55144,56
1031,39.2019,-86.55143,57
1031,39.20191,-86.55074,58
1031,39.20191,-86.55052,59
1031,39.20191,-86.55051,60
1031,39.20191,-86.55034,61
1031,39.20191,-86.55027,62
1031,39.20191,-86.5501,63
1031,39.20192,-86.55005,64
1031,39.20193,-86.54993,65
1031,39.20157,-86.54993,66
1031,39.20121,-86.54993,67
1031,39.20109,-86.54993,68
1031,39.20097,-86.54987,69
1031,39.20083,-86.54978,70
1031,39.20066,-86.54962,71
1031,39.20058,-86.5495,72
1031,39.20048,-86.54932,73
1031,39.20044,-86.54915,74
1031,39.20044,-86.54911,75
1031,39.20043,-86.54904,76
1031,39.20043,-86.54877,77
1031,39.20043,-86.54816,78
1031,39.20082,-86.54814,79
1031,39.2009,-86.54806,80
1031,39.20093,-86.54801,81
1031,39.20098,-86.54792,82
1031,39.201,-86.54789,83
1031,39.201,-86.54781,84
1031,39.201,-86.54729,85
1031,39.201,-86.54694,86
1031,39.20101,-86.54624,87
1031,39.20102,-86.54532,88
1031,39.20103,-86.54369,89
1031,39.20103,-86.54346,90
1031,39.20103,-86.54343,91
1031,39.201,-86.54323,92
1031,39.201,-86.54318,93
1031,39.20095,-86.54305,94
1031,39.20086,-86.54281,95
1031,39.20033,-86.54267,96
1031,39.1998,-86.54253,97
1031,39.19945,-86.54244,98
1031,39.19927,-86.54239,99
1031,39.1991,-86.54235,100
1031,39.19908,-86.54234,101
1031,39.19857,-86.54221,102
1031,39.19839,-86.54217,103
1031,39.19821,-86.54212,104
1031,39.19819,-86.54211,105
1031,39.19815,-86.54234,106
1031,39.19802,-86.54325,107
1031,39.19797,-86.54347,108
1031,39.19788,-86.54384,109
1031,39.19782,-86.54398,110
1031,39.19768,-86.54423,111
1031,39.1973,-86.54472,112
1031,39.19689,-86.54524,113
1031,39.19659,-86.5457,114
1031,39.1965,-86.546,115
1031,39.19647,-86.54614,116
1031,39.19646,-86.54623,117
1031,39.19645,-86.54629,118
1031,39.19645,-86.54637,119
1031,39.19642,-86.5467,120
1031,39.19617,-86.5467,121
1031,39.19581,-86.5467,122
1031,39.19563,-86.5467,123
1031,39.19513,-86.5467,124
1031,39.19482,-86.54667,125
1031,39.19473,-86.54664,126
1031,39.19465,-86.54662,127
1031,39.1944,-86.54647,128
1031,39.19427,-86.5462,129
1031,39.19423,-86.54599,130
1031,39.19421,-86.54536,131
1031,39.1942,-86.54512,132
1031,39.1942,-86.54507,133
1031,39.19419,-86.54411,134
1031,39.19419,-86.54397,135
1031,39.19418,-86.54281,136
1031,39.19418,-86.54258,137
1031,39.19418,-86.54223,138
1031,39.19417,-86.54115,139
1031,39.19417,-86.5411,140
1031,39.19392,-86.54102,141
1031,39.19372,-86.54083,142
1031,39.19361,-86.54055,143
1031,39.19342,-86.54006,144
1031,39.19337,-86.53993,145
1031,39.19329,-86.53972,146
1031,39.19303,-86.53897,147
1031,39.19295,-86.53872,148
1031,39.19289,-86.53854,149
1031,39.1928,-86.5383,150
1031,39.19274,-86.53818,151
1031,39.1927,-86.53811,152
1031,39.19261,-86.53799,153
1031,39.19245,-86.53786,154
1031,39.19231,-86.53779,155
1031,39.19226,-86.53777,156
1031,39.19209,-86.53773,157
1031,39.19195,-86.53772,158
1031,39.19185,-86.53771,159
1031,39.19142,-86.53772,160
1031,39.19124,-86.53772,161
1031,39.19057,-86.53773,162
1031,39.19016,-86.53775,163
1031,39.18985,-86.53775,164
1031,39.18951,-86.53775,165
1031,39.18877,-86.53775,166
1031,39.18809,-86.53775,167
1031,39.18755,-86.53773,168
1031,39.18705,-86.53771,169
1031,39.18694,-86.53771,170
1031,39.18688,-86.53771,171
1031,39.18658,-86.53772,172
1031,39.18645,-86.53772,173
1031,39.18637,-86.53669,174
1031,39.18635,-86.53627,175
1031,39.18631,-86.53571,176
1031,39.18629,-86.53525,177
1031,39.18628,-86.53515,178
1031,39.18626,-86.53469,179
1031,39.18625,-86.5346,180
1031,39.18604,-86.53462,181
1031,39.18598,-86.53462,182
1031,39.1859,-86.53463,183
1031,39.18568,-86.53464,184
1031,39.18557,-86.53463,185
1031,39.18548,-86.53463,186
1031,39.18546,-86.53463,187
1031,39.18541,-86.53463,188
1031,39.18535,-86.53463,189
1031,39.18525,-86.53462,190
1031,39.18495,-86.53459,191
1031,39.18473,-86.53458,192
1031,39.18472,-86.53458,193
1031,39.18462,-86.53457,194
1031,39.18453,-86.53457,195
1031,39.18444,-86.53457,196
1031,39.18435,-86.53456,197
1031,39.18421,-86.53457,198
1031,39.18386,-86.53458,199
1031,39.18355,-86.5346,200
1031,39.1834,-86.53461,201
1031,39.18334,-86.53461,202
1031,39.18298,-86.53462,203
1031,39.18279,-86.53462,204
1031,39.18264,-86.53463,205
1031,39.18251,-86.53463,206
1031,39.18238,-86.53464,207
1031,39.18209,-86.53465,208
1031,39.18159,-86.53466,209
1031,39.18015,-86.53468,210
1031,39.18006,-86.53469,211
1031,39.17955,-86.5347,212
1031,39.17907,-86.5347,213
1031,39.17899,-86.53471,214
1031,39.17845,-86.53471,215
1031,39.17771,-86.53472,216
1031,39.17737,-86.53473,217
1031,39.1773,-86.53473,218
1031,39.17686,-86.53473,219
1031,39.17653,-86.53474,220
1031,39.17642,-86.53474,221
1031,39.17596,-86.53475,222
1031,39.17524,-86.53478,223
1031,39.17506,-86.53478,224
1031,39.17488,-86.53478,225
1031,39.17438,-86.53479,226
1031,39.17419,-86.53479,227
1031,39.17383,-86.5348,228
1031,39.17376,-86.5348,229
1031,39.17357,-86.5348,230
1031,39.17343,-86.5348,231
1031,39.17329,-86.5348,232
1031,39.1733,-86.53417,233
1031,39.17329,-86.5339,234
1031,39.17329,-86.53381,235
1031,39.17329,-86.53358,236
1031,39.17372,-86.53358,237
1031,39.17417,-86.53357,238
1031,39.17439,-86.53357,239
1031,39.17463,-86.53357,240
1031,39.17493,-86.53356,241
1031,39.17521,-86.53356,242
1031,39.17592,-86.53354,243
1031,39.17596,-86.53354,244
1031,39.17641,-86.53354,245
1031,39.17686,-86.53353,246
1031,39.1773,-86.53352,247
1031,39.17766,-86.53352,248
1031,39.17776,-86.53352,249
1031,39.17843,-86.5335,250
1031,39.17846,-86.5335,251
1031,39.17855,-86.5335,252
1031,39.17869,-86.5335,253
1031,39.17897,-86.53349,254
1031,39.17907,-86.53349,255
1031,39.17922,-86.53349,256
1031,39.17965,-86.53351,257
1031,39.17984,-86.53352,258
1031,39.17998,-86.53353,259
1031,39.18014,-86.53355,260
1031,39.18032,-86.53357,261
1031,39.18075,-86.53363,262
1031,39.18095,-86.53365,263
1031,39.18108,-86.53368,264
1031,39.18131,-86.53372,265
1031,39.18149,-86.53375,266
1031,39.18184,-86.53383,267
1031,39.18226,-86.53391,268
1031,39.18246,-86.53396,269
1031,39.18267,-86.534,270
1031,39.18308,-86.53408,271
1031,39.18324,-86.53412,272
1031,39.18333,-86.53414,273
1031,39.18339,-86.53415,274
1031,39.18374,-86.53423,275
1031,39.18425,-86.53433,276
1031,39.18454,-86.53438,277
1031,39.18479,-86.53442,278
1031,39.18489,-86.53444,279
1031,39.18499,-86.53445,280
1031,39.18517,-86.53447,281
1031,39.1855,-86.53448,282
1031,39.18567,-86.53448,283
1031,39.18591,-86.53448,284
1031,39.18602,-86.53447,285
1031,39.18604,-86.53447,286
1031,39.18626,-86.53445,287
1031,39.18638,-86.53443,288
1031,39.18638,-86.53458,289
1031,39.18643,-86.53527,290
1031,39.18643,-86.53532,291
1031,39.18643,-86.53533,292
1031,39.18645,-86.53559,293
1031,39.18648,-86.53608,294
1031,39.18651,-86.53657,295
1031,39.18654,-86.53716,296
1031,39.18657,-86.53758,297
1031,39.18658,-86.53772,298
1031,39.18645,-86.53772,299
1031,39.18637,-86.53669,300
1031,39.18637,-86.5366,301
1031,39.18635,-86.53627,302
1031,39.18631,-86.53571,303
1031,39.18629,-86.53525,304
1031,39.18628,-86.53515,305
1031,39.18626,-86.53473,306
1031,39.18625,-86.5346,307
1031,39.18604,-86.53462,308
1031,39.18598,-86.53462,309
1031,39.1859,-86.53463,310
1031,39.18568,-86.53464,311
1031,39.18557,-86.53463,312
1031,39.18546,-86.53463,313
1031,39.18541,-86.53463,314
1031,39.18535,-86.53463,315
1031,39.18525,-86.53462,316
1031,39.18495,-86.53459,317
1031,39.18473,-86.53458,318
1031,39.18472,-86.53458,319
1031,39.18462,-86.53457,320
1031,39.18453,-86.53457,321
1031,39.18444,-86.53457,322
1031,39.18435,-86.53456,323
1031,39.18421,-86.53457,324
1031,39.18386,-86.53458,325
1031,39.18355,-86.5346,326
1031,39.1834,-86.53461,327
1031,39.18334,-86.53461,328
1031,39.18298,-86.53462,329
1031,39.18264,-86.53463,330
1031,39.18251,-86.53463,331
1031,39.18209,-86.53465,332
1031,39.18159,-86.53466,333
1031,39.18015,-86.53468,334
1031,39.17955,-86.5347,335
1031,39.17907,-86.5347,336
1031,39.17899,-86.53471,337
1031,39.17845,-86.53471,338
1031,39.17771,-86.53472,339
1031,39.1773,-86.53473,340
1031,39.17686,-86.53473,341
1031,39.17653,-86.53474,342
1031,39.17642,-86.53474,343
1031,39.17596,-86.53475,344
1031,39.17524,-86.53478,345
1031,39.17506,-86.53478,346
1031,39.17488,-86.53478,347
1031,39.17419,-86.53479,348
1031,39.17383,-86.5348,349
1031,39.17357,-86.5348,350
1031,39.17329,-86.5348,351
1031,39.1733,-86.53417,352
1031,39.17329,-86.53381,353
1031,39.17329,-86.53358,354
1031,39.17401,-86.53358,355
1031,39.17417,-86.53357,356
1031,39.17439,-86.53357,357
1031,39.17493,-86.53356,358
1031,39.17507,-86.53356,359
1031,39.17521,-86.53356,360
1031,39.17596,-86.53354,361
1031,39.17596,-86.53331,362
1031,39.17596,-86.53301,363
1031,39.17596,-86.53298,364
1031,39.17596,-86.53271,365
1031,39.17596,-86.53225,366
1031,39.17596,-86.53222,367
1031,39.17597,-86.53207,368
1031,39.17597,-86.53169,369
1031,39.17597,-86.53138,370
1031,39.17598,-86.53098,371
1031,39.17598,-86.53064,372
1031,39.17598,-86.52977,373
1031,39.17598,-86.5297,374
1031,39.17598,-86.52907,375
1031,39.17598,-86.52896,376
1031,39.17599,-86.52833,377
1031,39.17898,-86.52832,378
1031,39.17899,-86.52713,379
1031,39.17901,-86.52199,380
1031,39.179,-86.51902,381
1031,39.1784,-86.51889,382
1031,39.17796,-86.51881,383
1031,39.17708,-86.51882,384
1031,39.17553,-86.51901,385
1031,39.17513,-86.51906,386
1031,39.1741,-86.51889,387
1031,39.1733,-86.51891,388
1031,39.17241,-86.519,389
1031,39.17173,-86.51904,390
1031,39.1716,-86.51905,391
1031,39.1716,-86.5192,392
1031,39.1716,-86.51972,393
1031,39.17161,-86.51993,394
1031,39.17161,-86.52016,395
1031,39.17161,-86.52039,396
1031,39.17161,-86.52072,397
1031,39.17161,-86.52077,398
1031,39.17161,-86.521,399
1031,39.17162,-86.52238,400
1031,39.17163,-86.52304,401
1031,39.17163,-86.52325,402
1031,39.17163,-86.5235,403
1031,39.17151,-86.5235,404
1031,39.17138,-86.52349,405
1031,39.17117,-86.52349,406
1031,39.17102,-86.52349,407
1031,39.17088,-86.52349,408
1031,39.17073,-86.52349,409
1031,39.17043,-86.52349,410
1031,39.17013,-86.52349,411
1031,39.16994,-86.52349,412
1031,39.16947,-86.52349,413
1031,39.16908,-86.5235,414
1031,39.16898,-86.5235,415
1031,39.16853,-86.52349,416
1031,39.16849,-86.52349,417
1031,39.16849,-86.52368,418
1031,39.16849,-86.52374,419
1031,39.16849,-86.52382,420
1031,39.16849,-86.5242,421
1031,39.16849,-86.52449,422
1031,39.16849,-86.52464,423
1031,39.1685,-86.52547,424
1031,39.16851,-86.52694,425
1031,39.16852,-86.52806,426
1031,39.16852,-86.52826,427
1031,39.16827,-86.52826,428
1031,39.16803,-86.52826,429
1031,39.16754,-86.52825,430
1031,39.16704,-86.52824,431
1031,39.16655,-86.52824,432
1031,39.16655,-86.52917,433
1031,39.16656,-86.5298,434
1031,39.16656,-86.53044,435
1031,39.16657,-86.53109,436
1031,39.16657,-86.53171,437
1031,39.16657,-86.5323,438
1031,39.16657,-86.53234,439
1031,39.16608,-86.53235,440
1031,39.16558,-86.53236,441
1031,39.16508,-86.53236,442
1031,39.16495,-86.53236,443
1031,39.16459,-86.53237,444
1031,39.16465,-86.53237,445
1031,39.16465,-86.53237,446
1031,39.16459,-86.53237,447
1031,39.16447,-86.53237,448
1031,39.16427,-86.53238,449
1031,39.16426,-86.53361,450
1031,39.16454,-86.53363,451
1031,39.16454,-86.53299,452
1031,39.16458,-86.53291,453
1031,39.16458,-86.53242,454
1031,39.16458,-86.53109,455
1031,39.16655,-86.53109,456
1031,39.16657,-86.53109,457
1031,39.16657,-86.53109,458
1031,39.16656,-86.52979,459
1031,39.16657,-86.53109,460
1031,39.16458,-86.53109,461
1031,39.16657,-86.53109,462
1031,39.16657,-86.53109,463
1031,39.16657,-86.53109,464
1031,39.16656,-86.52979,465
1031,39.16657,-86.53109,466
1031,39.16458,-86.53109,467
1031,39.16458,-86.53109,468
1031,39.16657,-86.53109,469
1031,39.16653,-86.52694,470
1031,39.16745,-86.52694,471
1031,39.16849,-86.52694,472
2001,39.16429,-86.53364,0
2001,39.16456,-86.53364,1
2001,39.16464,-86.53364,2
2001,39.16517,-86.53363,3
2001,39.16558,-86.53362,4
2001,39.16609,-86.53361,5
2001,39.16647,-86.53361,6
2001,39.1666,-86.53361,7
2001,39.16757,-86.5336,8
2001,39.16757,-86.5342,9
2001,39.16757,-86.53485,10
2001,39.16758,-86.53555,11
2001,39.16758,-86.53563,12
2001,39.16758,-86.53591,13
2001,39.16759,-86.53612,14
2001,39.16834,-86.53613,15
2001,39.16857,-86.53614,16
2001,39.16857,-86.53636,17
2001,39.16857,-86.53651,18
2001,39.16857,-86.5367,19
2001,39.16858,-86.53691,20
2001,39.16858,-86.53702,21
2001,39.16858,-86.53721,22
2001,39.16859,-86.53737,23
2001,39.16858,-86.53804,24
2001,39.16858,-86.53866,25
2001,39.16906,-86.53865,26
2001,39.16928,-86.53865,27
2001,39.16953,-86.53864,28
2001,39.17001,-86.53864,29
2001,39.17048,-86.53863,30
2001,39.17102,-86.53862,31
2001,39.17142,-86.53861,32
2001,39.17178,-86.5386,33
2001,39.17222,-86.53859,34
2001,39.17229,-86.53859,35
2001,39.17251,-86.53859,36
2001,39.17305,-86.53857,37
2001,39.17327,-86.53857,38
2001,39.17327,-86.53904,39
2001,39.17327,-86.53947,40
2001,39.17327,-86.53976,41
2001,39.17327,-86.54023,42
2001,39.17327,-86.54034,43
2001,39.17327,-86.54038,44
2001,39.17326,-86.54041,45
2001,39.17326,-86.54043,46
2001,39.17326,-86.54044,47
2001,39.17325,-86.54046,48
2001,39.17321,-86.54053,49
2001,39.17305,-86.5408,50
2001,39.17321,-86.54098,51
2001,39.17326,-86.54108,52
2001,39.17327,-86.54165,53
2001,39.17327,-86.54211,54
2001,39.17327,-86.54257,55
2001,39.17326,-86.54327,56
2001,39.17326,-86.5435,57
2001,39.17326,-86.54379,58
2001,39.17326,-86.54417,59
2001,39.17325,-86.54486,60
2001,39.17325,-86.54555,61
2001,39.17325,-86.54625,62
2001,39.17325,-86.54648,63
2001,39.17325,-86.54713,64
2001,39.17325,-86.54778,65
2001,39.17325,-86.54822,66
2001,39.17325,-86.54891,67
2001,39.17325,-86.54915,68
2001,39.17325,-86.54929,69
2001,39.17325,-86.54957,70
2001,39.17325,-86.54981,71
2001,39.17325,-86.55022,72
2001,39.17325,-86.55043,73
2001,39.17325,-86.55089,74
2001,39.17325,-86.55136,75
2001,39.17325,-86.55252,76
2001,39.17325,-86.55361,77
2001,39.17325,-86.55396,78
2001,39.17324,-86.55413,79
2001,39.17324,-86.55466,80
2001,39.17324,-86.5549,81
2001,39.17326,-86.55512,82
2001,39.17346,-86.55529,83
2001,39.17354,-86.55536,84
2001,39.17367,-86.55546,85
2001,39.17371,-86.55549,86
2001,39.17398,-86.55572,87
2001,39.17459,-86.55621,88
2001,39.17479,-86.55637,89
2001,39.17481,-86.55639,90
2001,39.17494,-86.55649,91
2001,39.17497,-86.55651,92
2001,39.17509,-86.55662,93
2001,39.17527,-86.55676,94
2001,39.17536,-86.55661,95
2001,39.1755,-86.55651,96
2001,39.17556,-86.55649,97
2001,39.17566,-86.55649,98
2001,39.176,-86.55649,99
2001,39.17603,-86.55649,100
2001,39.17604,-86.55649,101
2001,39.17621,-86.55649,102
2001,39.17623,-86.55649,103
2001,39.17631,-86.55649,104
2001,39.17667,-86.5565,105
2001,39.17675,-86.5565,106
2001,39.17678,-86.5565,107
2001,39.17703,-86.55651,108
2001,39.17739,-86.55652,109
2001,39.17747,-86.55652,110
2001,39.17775,-86.55653,111
2001,39.17786,-86.55653,112
2001,39.1784,-86.55654,113
2001,39.17885,-86.55654,114
2001,39.17913,-86.55654,115
2001,39.17913,-86.55629,116
2001,39.17913,-86.55606,117
2001,39.17913,-86.55578,118
2001,39.17914,-86.55553,119
2001,39.17913,-86.55532,120
2001,39.17913,-86.55527,121
2001,39.17913,-86.55486,122
2001,39.17912,-86.55433,123
2001,39.17911,-86.55409,124
2001,39.17911,-86.55385,125
2001,39.17911,-86.55339,126
2001,39.17911,-86.55316,127
2001,39.17911,-86.55293,128
2001,39.17911,-86.55263,129
2001,39.17888,-86.55262,130
2001,39.1787,-86.55262,131
2001,39.17852,-86.55262,132
2001,39.17834,-86.55261,133
2001,39.17816,-86.55261,134
2001,39.1778,-86.5526,135
2001,39.17762,-86.5526,136
2001,39.17746,-86.5526,137
2001,39.17744,-86.5526,138
2001,39.17708,-86.55259,139
2001,39.1769,-86.55259,140
2001,39.17666,-86.55258,141
2001,39.17665,-86.55235,142
2001,39.17665,-86.55192,143
2001,39.17665,-86.5517,144
2001,39.17611,-86.55172,145
2001,39.17593,-86.55172,146
2001,39.17587,-86.55172,147
2001,39.17567,-86.55173,148
2001,39.17528,-86.5517,149
2001,39.17526,-86.5517,150
2001,39.17509,-86.55165,151
2001,39.17493,-86.55154,152
2001,39.17472,-86.55145,153
2001,39.17456,-86.55138,154
2001,39.17423,-86.55139,155
2001,39.17423,-86.55091,156
2001,39.17423,-86.55046,157
2001,39.17423,-86.55022,158
2001,39.17424,-86.54941,159
2001,39.17424,-86.5484,160
2001,39.17425,-86.54808,161
2001,39.17414,-86.54714,162
2001,39.17371,-86.54713,163
2001,39.17356,-86.54713,164
2001,39.17325,-86.54713,165
2001,39.17325,-86.54648,166
2001,39.17325,-86.54625,167
2001,39.17325,-86.54555,168
2001,39.17325,-86.54486,169
2001,39.17326,-86.54417,170
2001,39.17326,-86.54379,171
2001,39.17326,-86.5435,172
2001,39.17326,-86.54327,173
2001,39.17327,-86.54274,174
2001,39.17327,-86.54257,175
2001,39.17327,-86.54211,176
2001,39.17381,-86.54212,177
2001,39.17416,-86.54212,178
2001,39.17434,-86.54212,179
2001,39.1746,-86.54211,180
2001,39.17488,-86.5421,181
2001,39.17506,-86.5421,182
2001,39.17515,-86.5421,183
2001,39.17533,-86.54209,184
2001,39.17551,-86.54209,185
2001,39.17587,-86.54209,186
2001,39.17588,-86.54209,187
2001,39.17606,-86.54209,188
2001,39.17663,-86.54208,189
2001,39.17697,-86.54208,190
2001,39.17733,-86.54208,191
2001,39.17801,-86.54205,192
2001,39.17837,-86.54204,193
2001,39.17838,-86.54204,194
2001,39.17866,-86.54203,195
2001,39.17891,-86.54202,196
2001,39.17902,-86.54202,197
2001,39.17902,-86.54179,198
2001,39.17902,-86.5413,199
2001,39.17902,-86.54106,200
2001,39.17902,-86.54093,201
2001,39.17902,-86.5406,202
2001,39.17902,-86.54058,203
2001,39.17902,-86.54034,204
2001,39.17902,-86.5402,205
2001,39.17902,-86.54013,206
2001,39.17902,-86.53967,207
2001,39.17901,-86.53871,208
2001,39.17899,-86.53863,209
2001,39.17898,-86.53836,210
2001,39.17899,-86.53774,211
2001,39.17898,-86.53724,212
2001,39.17898,-86.53701,213
2001,39.17897,-86.53645,214
2001,39.17897,-86.53619,215
2001,39.17897,-86.53593,216
2001,39.179,-86.53587,217
2001,39.17899,-86.5357,218
2001,39.17899,-86.53537,219
2001,39.17899,-86.53471,220
2001,39.17845,-86.53471,221
2001,39.17771,-86.53472,222
2001,39.1773,-86.53473,223
2001,39.17696,-86.53473,224
2001,39.17686,-86.53473,225
2001,39.17653,-86.53474,226
2001,39.17642,-86.53474,227
2001,39.17596,-86.53475,228
2001,39.17524,-86.53478,229
2001,39.17506,-86.53478,230
2001,39.17488,-86.53478,231
2001,39.17419,-86.53479,232
2001,39.17383,-86.5348,233
2001,39.17357,-86.5348,234
2001,39.17329,-86.5348,235
2001,39.17309,-86.5348,236
2001,39.17284,-86.53481,237
2001,39.17248,-86.53481,238
2001,39.17216,-86.5348,239
2001,39.17198,-86.5348,240
2001,39.17168,-86.53481,241
2001,39.17147,-86.53481,242
2001,39.17124,-86.53481,243
2001,39.17106,-86.53481,244
2001,39.17095,-86.53481,245
2001,39.17085,-86.53482,246
2001,39.17045,-86.53482,247
2001,39.17034,-86.53482,248
2001,39.1699,-86.53483,249
2001,39.16951,-86.53483,250
2001,39.16872,-86.53484,251
2001,39.16857,-86.53485,252
2001,39.16857,-86.53461,253
2001,39.16856,-86.53421,254
2001,39.16856,-86.53375,255
2001,39.16856,-86.53359,256
2001,39.16855,-86.53326,257
2001,39.16854,-86.53252,258
2001,39.16854,-86.53241,259
2001,39.16853,-86.53234,260
2001,39.16821,-86.53234,261
2001,39.16756,-86.53233,262
2001,39.16657,-86.53234,263
2001,39.16608,-86.53235,264
2001,39.16558,-86.53236,265
2001,39.16508,-86.53236,266
2001,39.16495,-86.53236,267
2001,39.16459,-86.53237,268
2001,39.16433,-86.53237,269
2001,39.16421,-86.53237,270
2001,39.16421,-86.53345,271
1012,39.1214,-86.53005,0
1012,39.12144,-86.52974,1
1012,39.12144,-86.52934,2
1012,39.12145,-86.52849,3
1012,39.12145,-86.52803,4
1012,39.12145,-86.52756,5
1012,39.12145,-86.5271,6
1012,39.12145,-86.52665,7
1012,39.12142,-86.52665,8
1012,39.12145,-86.52665,9
1012,39.12192,-86.52665,10
1012,39.12246,-86.52666,11
1012,39.12265,-86.52666,12
1012,39.12306,-86.52667,13
1012,39.12342,-86.52668,14
1012,39.12365,-86.52668,15
1012,39.1237,-86.52668,16
1012,39.12399,-86.52669,17
1012,39.12435,-86.52669,18
1012,39.12469,-86.5267,19
1012,39.12487,-86.5267,20
1012,39.12505,-86.5267,21
1012,39.12523,-86.52671,22
1012,39.12541,-86.52671,23
1012,39.12547,-86.52671,24
1012,39.12558,-86.52671,25
1012,39.12581,-86.52672,26
1012,39.12628,-86.52672,27
1012,39.12653,-86.52673,28
1012,39.12659,-86.52673,29
1012,39.12675,-86.52673,30
1012,39.12707,-86.52674,31
1012,39.12721,-86.52675,32
1012,39.12764,-86.52676,33
1012,39.12771,-86.52676,34
1012,39.12782,-86.52677,35
1012,39.12782,-86.52701,36
1012,39.12782,-86.52715,37
1012,39.12782,-86.52768,38
1012,39.12782,-86.52794,39
1012,39.12783,-86.5287,40
1012,39.12783,-86.52872,41
1012,39.12784,-86.52875,42
1012,39.12785,-86.52877,43
1012,39.12786,-86.52878,44
1012,39.12846,-86.52878,45
1012,39.12853,-86.52878,46
1012,39.12854,-86.52878,47
1012,39.12855,-86.52878,48
1012,39.12856,-86.52877,49
1012,39.12856,-86.52876,50
1012,39.12857,-86.52875,51
1012,39.12857,-86.52852,52
1012,39.12858,-86.52723,53
1012,39.12857,-86.52875,54
1012,39.12856,-86.52876,55
1012,39.12856,-86.52877,56
1012,39.12855,-86.52878,57
1012,39.12854,-86.52878,58
1012,39.12853,-86.52878,59
1012,39.12786,-86.52878,60
1012,39.12785,-86.52877,61
1012,39.12784,-86.52875,62
1012,39.12783,-86.52872,63
1012,39.12783,-86.5287,64
1012,39.12782,-86.52794,65
1012,39.12782,-86.52701,66
1012,39.12782,-86.52677,67
1012,39.12824,-86.52678,68
1012,39.12838,-86.52679,69
1012,39.12854,-86.52679,70
1012,39.1289,-86.5268,71
1012,39.12907,-86.5268,72
1012,39.12908,-86.5268,73
1012,39.12951,-86.52681,74
1012,39.12987,-86.52681,75
1012,39.13003,-86.52682,76
1012,39.13023,-86.52682,77
1012,39.13076,-86.52682,78
1012,39.13081,-86.52682,79
1012,39.13135,-86.52682,80
1012,39.13211,-86.52682,81
1012,39.13235,-86.52683,82
1012,39.13254,-86.52683,83
1012,39.13323,-86.52684,84
1012,39.13326,-86.52684,85
1012,39.13339,-86.52685,86
1012,39.1336,-86.52685,87
1012,39.13388,-86.52687,88
1012,39.1341,-86.52688,89
1012,39.13427,-86.52688,90
1012,39.13493,-86.52689,91
1012,39.13515,-86.52689,92
1012,39.13546,-86.52688,93
1012,39.13556,-86.52688,94
1012,39.13564,-86.52688,95
1012,39.13601,-86.52688,96
1012,39.13609,-86.52688,97
1012,39.13631,-86.52689,98
1012,39.13632,-86.52689,99
1012,39.13649,-86.52689,100
1012,39.13684,-86.5269,101
1012,39.13686,-86.5269,102
1012,39.13704,-86.5269,103
1012,39.13712,-86.5269,104
1012,39.13752,-86.52692,105
1012,39.13756,-86.52692,106
1012,39.13788,-86.52692,107
1012,39.13814,-86.52692,108
1012,39.13856,-86.52693,109
1012,39.13923,-86.52693,110
1012,39.13944,-86.52693,111
1012,39.13969,-86.52693,112
1012,39.14039,-86.52694,113
1012,39.14108,-86.52694,114
1012,39.14131,-86.52694,115
1012,39.14141,-86.52694,116
1012,39.14193,-86.52694,117
1012,39.14209,-86.52694,118
1012,39.14246,-86.52694,119
1012,39.14268,-86.52695,120
1012,39.14282,-86.52695,121
1012,39.1434,-86.52695,122
1012,39.14394,-86.52696,123
1012,39.14426,-86.52696,124
1012,39.14439,-86.52696,125
1012,39.1444,-86.52696,126
1012,39.14456,-86.52697,127
1012,39.14456,-86.52779,128
1012,39.14458,-86.52928,129
1012,39.14458,-86.52932,130
1012,39.14458,-86.52936,131
1012,39.14458,-86.52954,132
1012,39.14458,-86.52976,133
1012,39.14458,-86.52999,134
1012,39.14457,-86.53049,135
1012,39.14453,-86.53071,136
1012,39.14447,-86.53084,137
1012,39.14447,-86.53085,138
1012,39.14435,-86.53102,139
1012,39.14423,-86.53122,140
1012,39.14413,-86.53154,141
1012,39.14412,-86.53158,142
1012,39.14406,-86.5318,143
1012,39.14453,-86.53194,144
1012,39.14523,-86.53214,145
1012,39.14542,-86.53219,146
1012,39.14556,-86.53224,147
1012,39.14567,-86.53227,148
1012,39.14595,-86.53236,149
1012,39.14623,-86.53244,150
1012,39.14632,-86.53247,151
1012,39.1465,-86.53253,152
1012,39.14657,-86.53255,153
1012,39.14692,-86.53266,154
1012,39.14692,-86.53243,155
1012,39.14692,-86.53203,156
1012,39.14692,-86.53189,157
1012,39.14692,-86.5318,158
1012,39.14691,-86.53145,159
1012,39.14691,-86.53087,160
1012,39.14691,-86.5302,161
1012,39.14691,-86.52999,162
1012,39.1469,-86.52753,163
1012,39.14701,-86.52607,164
1012,39.14695,-86.52503,165
1012,39.14689,-86.52345,166
1012,39.14686,-86.52131,167
1012,39.14688,-86.52084,168
1012,39.14835,-86.52083,169
1012,39.14846,-86.52083,170
1012,39.14882,-86.52083,171
1012,39.14929,-86.52084,172
1012,39.15,-86.52083,173
1012,39.15019,-86.52083,174
1012,39.15054,-86.52083,175
1012,39.15054,-86.52093,176
1012,39.15053,-86.52187,177
1012,39.15053,-86.52191,178
1012,39.15053,-86.52261,179
1012,39.15053,-86.5228,180
1012,39.15053,-86.52303,181
1012,39.15053,-86.52321,182
1012,39.15053,-86.52374,183
1012,39.15053,-86.52444,184
1012,39.15053,-86.52467,185
1012,39.15053,-86.5251,186
1012,39.15054,-86.52534,187
1012,39.15054,-86.52559,188
1012,39.15054,-86.52564,189
1012,39.15055,-86.52614,190
1012,39.15057,-86.52691,191
1012,39.15101,-86.52693,192
1012,39.15165,-86.52695,193
1012,39.15183,-86.52695,194
1012,39.15208,-86.52696,195
1012,39.15243,-86.52697,196
1012,39.15296,-86.52697,197
1012,39.15318,-86.52697,198
1012,39.15332,-86.52697,199
1012,39.15332,-86.52758,200
1012,39.15333,-86.52809,201
1012,39.15333,-86.52862,202
1012,39.15333,-86.52919,203
1012,39.15334,-86.53025,204
1012,39.15334,-86.53079,205
1012,39.15334,-86.5309,206
1012,39.15333,-86.53132,207
1012,39.15335,-86.53189,208
1012,39.15336,-86.53248,209
1012,39.15336,-86.53288,210
1012,39.15336,-86.53308,211
1012,39.15335,-86.5337,212
1012,39.15379,-86.5337,213
1012,39.15422,-86.53369,214
1012,39.15443,-86.53369,215
1012,39.15447,-86.53369,216
1012,39.15468,-86.53369,217
1012,39.15518,-86.53368,218
1012,39.15562,-86.53368,219
1012,39.15606,-86.53367,220
1012,39.1562,-86.53367,221
1012,39.15651,-86.53367,222
1012,39.15661,-86.53367,223
1012,39.1568,-86.53367,224
1012,39.15697,-86.53363,225
1012,39.15739,-86.53364,226
1012,39.15759,-86.53365,227
1012,39.15782,-86.53366,228
1012,39.15797,-86.53366,229
1012,39.15829,-86.53366,230
1012,39.15836,-86.53366,231
1012,39.15878,-86.53365,232
1012,39.15937,-86.53366,233
1012,39.15954,-86.53366,234
1012,39.15969,-86.53367,235
1012,39.15983,-86.53367,236
1012,39.15995,-86.53367,237
1012,39.16001,-86.53367,238
1012,39.16037,-86.53366,239
1012,39.16057,-86.53365,240
1012,39.16068,-86.53366,241
1012,39.16074,-86.53365,242
1012,39.16128,-86.53365,243
1012,39.16138,-86.53365,244
1012,39.16169,-86.53365,245
1012,39.16192,-86.53365,246
1012,39.16248,-86.53364,247
1012,39.16285,-86.53364,248
1012,39.16335,-86.53364,249
1012,39.16404,-86.53364,250
1012,39.16416,-86.53364,251
1012,39.16456,-86.53364,252
1012,39.16455,-86.53342,253
1012,39.16455,-86.53339,254
1012,39.16455,-86.53301,255
1012,39.16459,-86.53295,256
1012,39.16459,-86.53276,257
1012,39.16459,-86.53237,258
1012,39.16459,-86.53193,259
1012,39.1646,-86.53179,260
1012,39.16459,-86.53152,261
1012,39.16459,-86.53141,262
1012,39.16459,-86.53109,263
1012,39.16458,-86.53063,264
1012,39.16457,-86.52982,265
1012,39.16457,-86.52918,266
1012,39.16457,-86.52886,267
1012,39.16457,-86.52879,268
1012,39.16457,-86.52874,269
1012,39.16456,-86.52863,270
1012,39.16456,-86.5286,271
1012,39.16455,-86.52856,272
1012,39.16454,-86.52853,273
1012,39.16453,-86.5285,274
1012,39.16452,-86.52846,275
1012,39.16448,-86.52837,276
1012,39.16442,-86.52822,277
1012,39.16429,-86.52821,278
1012,39.16411,-86.5282,279
1012,39.16388,-86.52819,280
1012,39.16372,-86.52819,281
1012,39.16356,-86.52816,282
1012,39.16346,-86.52813,283
1012,39.1634,-86.52809,284
1012,39.16333,-86.52803,285
1012,39.16328,-86.52796,286
1012,39.16325,-86.5279,287
1012,39.16323,-86.52784,288
1012,39.1632,-86.52775,289
1012,39.16318,-86.52766,290
1012,39.16318,-86.52765,291
1012,39.16317,-86.5276,292
1012,39.16316,-86.52755,293
1012,39.16315,-86.52744,294
1012,39.16315,-86.52734,295
1012,39.16315,-86.52725,296
1012,39.1634,-86.52726,297
1012,39.16359,-86.52713,298
1012,39.16367,-86.52708,299
1012,39.16373,-86.52704,300
1012,39.16387,-86.52696,301
1012,39.16394,-86.52692,302
1012,39.16399,-86.52691,303
1012,39.16403,-86.5269,304
1012,39.16408,-86.52689,305
1012,39.1642,-86.5269,306
1012,39.1643,-86.5269,307
1012,39.16446,-86.52689,308
1012,39.16471,-86.5269,309
1012,39.16499,-86.5269,310
1012,39.16554,-86.52691,311
1012,39.16561,-86.52691,312
1012,39.16605,-86.52691,313
1012,39.16655,-86.52693,314
1012,39.16655,-86.52743,315
1012,39.16655,-86.52745,316
1012,39.16654,-86.52782,317
1012,39.16655,-86.52824,318
1012,39.16655,-86.52917,319
1012,39.16655,-86.52953,320
1012,39.16656,-86.5298,321
1012,39.16656,-86.53044,322
1012,39.16657,-86.53109,323
1012,39.16657,-86.53145,324
1012,39.16657,-86.53171,325
1012,39.16657,-86.53234,326
1012,39.16608,-86.53235,327
1012,39.16575,-86.53235,328
1012,39.16558,-86.53236,329
1012,39.16508,-86.53236,330
1012,39.16495,-86.53236,331
1012,39.16459,-86.53237,332
1012,39.16407,-86.53237,333
1012,39.16407,-86.53361,334
1012,39.16423,-86.53361,335
1012,39.16422,-86.5324,336
1012,39.16348,-86.53237,337
1012,39.16148,-86.5324,338
1012,39.15895,-86.5324,339
1012,39.15715,-86.53242,340
1012,39.15578,-86.53246,341
1012,39.15339,-86.53249,342
1012,39.15334,-86.53242,343
1012,39.15332,-86.53114,344
1012,39.15331,-86.52884,345
1012,39.15331,-86.52699,346
1012,39.15306,-86.52699,347
1012,39.15158,-86.52696,348
1012,39.1506,-86.52692,349
1012,39.15054,-86.52683,350
1012,39.15051,-86.52532,351
1012,39.1505,-86.52345,352
1012,39.15052,-86.52087,353
1012,39.15047,-86.52084,354
1012,39.15009,-86.52084,355
1012,39.14766,-86.52084,356
1012,39.14691,-86.52084,357
1012,39.14687,-86.5215,358
1012,39.14692,-86.52491,359
1012,39.14698,-86.52675,360
1012,39.14688,-86.52705,361
1012,39.14689,-86.52734,362
1012,39.14692,-86.53154,363
1012,39.14691,-86.53268,364
1012,39.14574,-86.5323,365
1012,39.14414,-86.53184,366
1012,39.1441,-86.53163,367
1012,39.14419,-86.53128,368
1012,39.14445,-86.53085,369
1012,39.14452,-86.53071,370
1012,39.14455,-86.53046,371
1012,39.14456,-86.53001,372
1012,39.14457,-86.52932,373
1012,39.14454,-86.52768,374
1012,39.14454,-86.52725,375
1012,39.14454,-86.527,376
1012,39.14431,-86.52698,377
1012,39.14234,-86.52697,378
1012,39.13969,-86.52693,379
1012,39.13944,-86.52693,380
1012,39.13923,-86.52693,381
1012,39.13856,-86.52693,382
1012,39.13814,-86.52692,383
1012,39.13788,-86.52692,384
1012,39.13756,-86.52692,385
1012,39.13712,-86.5269,386
1012,39.13704,-86.5269,387
1012,39.13684,-86.5269,388
1012,39.13649,-86.52689,389
1012,39.13632,-86.52689,390
1012,39.13631,-86.52689,391
1012,39.13601,-86.52688,392
1012,39.13601,-86.52698,393
1012,39.136,-86.5274,394
1012,39.13598,-86.52811,395
1012,39.13597,-86.52842,396
1012,39.13597,-86.52858,397
1012,39.13596,-86.52882,398
1012,39.13597,-86.52956,399
1012,39.13597,-86.52967,400
1012,39.13596,-86.5298,401
1012,39.13596,-86.53005,402
1012,39.13594,-86.53057,403
1012,39.13594,-86.53086,404
1012,39.13593,-86.53109,405
1012,39.13564,-86.53117,406
1012,39.13553,-86.5312,407
1012,39.13542,-86.53124,408
1012,39.1354,-86.53124,409
1012,39.13518,-86.5313,410
1012,39.13516,-86.5313,411
1012,39.13499,-86.53134,412
1012,39.13484,-86.53136,413
1012,39.13476,-86.53137,414
1012,39.13467,-86.53138,415
1012,39.13449,-86.53139,416
1012,39.13442,-86.53139,417
1012,39.13434,-86.5314,418
1012,39.13412,-86.53139,419
1012,39.13378,-86.5314,420
1012,39.1336,-86.53141,421
1012,39.13353,-86.53141,422
1012,39.13327,-86.53141,423
1012,39.13324,-86.53141,424
1012,39.13288,-86.53142,425
1012,39.13237,-86.53142,426
1012,39.13234,-86.53142,427
1012,39.13198,-86.53143,428
1012,39.13152,-86.53142,429
1012,39.13113,-86.53141,430
1012,39.13079,-86.53141,431
1012,39.1305,-86.53141,432
1012,39.13024,-86.5314,433
1012,39.13003,-86.5314,434
1012,39.12982,-86.5314,435
1012,39.12949,-86.5314,436
1012,39.12942,-86.53139,437
1012,39.12909,-86.53139,438
1012,39.12888,-86.53139,439
1012,39.12809,-86.53138,440
1012,39.12755,-86.53138,441
1012,39.12741,-86.53138,442
1012,39.12683,-86.53137,443
1012,39.12667,-86.53136,444
1012,39.1263,-86.53136,445
1012,39.126,-86.53136,446
1012,39.12594,-86.53136,447
1012,39.12558,-86.53136,448
1012,39.12553,-86.53136,449
1012,39.12522,-86.53136,450
1012,39.12516,-86.53136,451
1012,39.12468,-86.53136,452
1012,39.12421,-86.53136,453
1012,39.12389,-86.53136,454
1012,39.12371,-86.53136,455
1012,39.12351,-86.53136,456
1012,39.1234,-86.53136,457
1012,39.12309,-86.53137,458
1012,39.12284,-86.53136,459
1012,39.12248,-86.53136,460
1012,39.12232,-86.53136,461
1012,39.12199,-86.53135,462
1012,39.12154,-86.53134,463
1012,39.12145,-86.53134,464
1012,39.12145,-86.53079,465
1012,39.12145,-86.53039,466
1012,39.12144,-86.53005,467
1012,39.12144,-86.52974,468
1012,39.12144,-86.52934,469
1012,39.12145,-86.52849,470
1012,39.12145,-86.52803,471
1012,39.12145,-86.52756,472
1012,39.12145,-86.5271,473
1012,39.12145,-86.52665,474
1012,39.12192,-86.52665,475
1012,39.12246,-86.52666,476
1012,39.12265,-86.52666,477
1012,39.12306,-86.52667,478
1012,39.12342,-86.52668,479
1012,39.12365,-86.52668,480
1012,39.12399,-86.52669,481
1012,39.12435,-86.52669,482
1012,39.12469,-86.5267,483
1012,39.12487,-86.5267,484
1012,39.12505,-86.5267,485
1012,39.12523,-86.52671,486
1012,39.12541,-86.52671,487
1012,39.12558,-86.52671,488
1012,39.12581,-86.52672,489
1012,39.12628,-86.52672,490
1012,39.12653,-86.52673,491
1012,39.12659,-86.52673,492
1012,39.12675,-86.52673,493
1012,39.12707,-86.52674,494
1012,39.12721,-86.52675,495
1012,39.12764,-86.52676,496
1012,39.12782,-86.52677,497
1012,39.12838,-86.52679,498
1012,39.12854,-86.52679,499
1012,39.1289,-86.5268,500
1012,39.12907,-86.5268,501
1012,39.12908,-86.5268,502
1012,39.12951,-86.52681,503
1012,39.12987,-86.52681,504
1012,39.13003,-86.52682,505
1012,39.13023,-86.52682,506
1012,39.13076,-86.52682,507
1012,39.13081,-86.52682,508
1012,39.13135,-86.52682,509
1012,39.13211,-86.52682,510
1012,39.13235,-86.52683,511
1012,39.13254,-86.52683,512
1012,39.13326,-86.52684,513
1012,39.13339,-86.52685,514
1012,39.1336,-86.52685,515
1012,39.13388,-86.52687,516
1012,39.1341,-86.52688,517
1012,39.13427,-86.52688,518
1012,39.13493,-86.52689,519
1012,39.13515,-86.52689,520
1012,39.13546,-86.52688,521
1012,39.13556,-86.52688,522
1012,39.13564,-86.52688,523
1012,39.13601,-86.52688,524
1012,39.13631,-86.52689,525
1012,39.13632,-86.52689,526
1012,39.13649,-86.52689,527
1012,39.13684,-86.5269,528
1012,39.13704,-86.5269,529
1012,39.13712,-86.5269,530
1012,39.13756,-86.52692,531
1012,39.13788,-86.52692,532
1012,39.13814,-86.52692,533
1012,39.13846,-86.52693,534
1012,39.13856,-86.52693,535
1012,39.13923,-86.52693,536
1012,39.13944,-86.52693,537
1012,39.13969,-86.52693,538
1012,39.14039,-86.52694,539
1012,39.14108,-86.52694,540
1012,39.14131,-86.52694,541
1012,39.14193,-86.52694,542
1012,39.14209,-86.52694,543
1012,39.14246,-86.52694,544
1012,39.14268,-86.52695,545
1012,39.14282,-86.52695,546
1012,39.1434,-86.52695,547
1012,39.14394,-86.52696,548
1012,39.14426,-86.52696,549
1012,39.14439,-86.52696,550
1012,39.1444,-86.52696,551
1012,39.14456,-86.52697,552
1012,39.14456,-86.52723,553
1012,39.14456,-86.5277,554
1012,39.14458,-86.52932,555
1012,39.14458,-86.52936,556
1012,39.14458,-86.52954,557
1012,39.14458,-86.52976,558
1012,39.14458,-86.52999,559
1012,39.14457,-86.53049,560
1012,39.14453,-86.53071,561
1012,39.14447,-86.53084,562
1012,39.14447,-86.53085,563
1012,39.14435,-86.53102,564
1012,39.14423,-86.53122,565
1012,39.14412,-86.53158,566
1012,39.14406,-86.5318,567
1012,39.14453,-86.53194,568
1012,39.14523,-86.53214,569
1012,39.14542,-86.53219,570
1012,39.14556,-86.53224,571
1012,39.14567,-86.53227,572
1012,39.14595,-86.53236,573
1012,39.14632,-86.53247,574
1012,39.1465,-86.53253,575
1012,39.14657,-86.53255,576
1012,39.14692,-86.53266,577
1012,39.14692,-86.53243,578
1012,39.14692,-86.53203,579
1012,39.14692,-86.53189,580
1012,39.14692,-86.5318,581
1012,39.14691,-86.53145,582
1012,39.14691,-86.53087,583
1012,39.14691,-86.53018,584
1012,39.14691,-86.52902,585
1012,39.1469,-86.52809,586
1012,39.1469,-86.52786,587
1012,39.1469,-86.52716,588
1012,39.1469,-86.52705,589
1012,39.14693,-86.5269,590
1012,39.14698,-86.52669,591
1012,39.14698,-86.52668,592
1012,39.14701,-86.52644,593
1012,39.14702,-86.52619,594
1012,39.14701,-86.52599,595
1012,39.14701,-86.52598,596
1012,39.14698,-86.52552,597
1012,39.14695,-86.52506,598
1012,39.14693,-86.52486,599
1012,39.1469,-86.52429,600
1012,39.1469,-86.52404,601
1012,39.14689,-86.52334,602
1012,39.14689,-86.52311,603
1012,39.14689,-86.52309,604
1012,39.14688,-86.52241,605
1012,39.14688,-86.52208,606
1012,39.14687,-86.52175,607
1012,39.14686,-86.52143,608
1012,39.14687,-86.52106,609
1012,39.14688,-86.52089,610
1012,39.14688,-86.52083,611
1012,39.14742,-86.52083,612
1012,39.14846,-86.52083,613
1012,39.14882,-86.52083,614
1012,39.14929,-86.52084,615
1012,39.15,-86.52083,616
1012,39.15054,-86.52083,617
1012,39.15054,-86.52093,618
1012,39.15053,-86.52187,619
1012,39.15053,-86.52191,620
1012,39.15053,-86.52243,621
1012,39.15053,-86.52191,622
1012,39.15053,-86.52187,623
1012,39.15054,-86.52093,624
1012,39.15054,-86.52083,625
1012,39.15,-86.52083,626
1012,39.14929,-86.52084,627
1012,39.14898,-86.52083,628
1012,39.14882,-86.52083,629
1012,39.14846,-86.52083,630
1012,39.14742,-86.52083,631
1012,39.14688,-86.52083,632
1012,39.14687,-86.52106,633
1012,39.14686,-86.52143,634
1012,39.14687,-86.52175,635
1012,39.14686,-86.52143,636
1012,39.14687,-86.52106,637
1012,39.14688,-86.52083,638
1012,39.14742,-86.52083,639
1012,39.14846,-86.52083,640
1012,39.14882,-86.52083,641
1012,39.14929,-86.52084,642
1012,39.15,-86.52083,643
1012,39.15054,-86.52083,644
1012,39.15054,-86.52093,645
1012,39.15053,-86.52187,646
1012,39.15053,-86.52191,647
1012,39.15053,-86.52261,648
1012,39.15053,-86.5228,649
1012,39.15053,-86.52303,650
1012,39.15053,-86.52374,651
1012,39.15053,-86.52444,652
1012,39.15053,-86.52467,653
1012,39.15053,-86.5251,654
1012,39.15054,-86.52534,655
1012,39.15054,-86.52559,656
1012,39.15055,-86.52606,657
20012,39.16429,-86.53364,0
20012,39.16456,-86.53364,1
20012,39.16464,-86.53364,2
20012,39.16517,-86.53363,3
20012,39.16558,-86.53362,4
20012,39.16609,-86.53361,5
20012,39.16647,-86.53361,6
20012,39.1666,-86.53361,7
20012,39.16757,-86.5336,8
20012,39.16757,-86.5342,9
20012,39.16757,-86.53485,10
20012,39.16758,-86.53555,11
20012,39.16758,-86.53563,12
20012,39.16758,-86.53591,13
20012,39.16759,-86.53612,14
20012,39.16834,-86.53613,15
20012,39.16857,-86.53614,16
20012,39.16857,-86.53636,17
20012,39.16857,-86.53651,18
20012,39.16857,-86.5367,19
20012,39.16858,-86.53691,20
20012,39.16858,-86.53702,21
20012,39.16858,-86.53721,22
20012,39.16859,-86.53737,23
20012,39.16858,-86.53804,24
20012,39.16858,-86.53866,25
20012,39.16906,-86.53865,26
20012,39.16928,-86.53865,27
20012,39.16953,-86.53864,28
20012,39.17001,-86.53864,29
20012,39.17048,-86.53863,30
20012,39.17102,-86.53862,31
20012,39.17142,-86.53861,32
20012,39.17178,-86.5386,33
20012,39.17222,-86.53859,34
20012,39.17229,-86.53859,35
20012,39.17251,-86.53859,36
20012,39.17305,-86.53857,37
20012,39.17327,-86.53857,38
20012,39.17327,-86.53904,39
20012,39.17327,-86.53947,40
20012,39.17327,-86.53976,41
20012,39.17327,-86.54023,42
20012,39.17327,-86.54034,43
20012,39.17327,-86.54038,44
20012,39.17326,-86.54041,45
20012,39.17326,-86.54043,46
20012,39.17326,-86.54044,47
20012,39.17325,-86.54046,48
20012,39.17321,-86.54053,49
20012,39.17305,-86.5408,50
20012,39.17321,-86.54098,51
20012,39.17326,-86.54108,52
20012,39.17327,-86.54165,53
20012,39.17327,-86.54211,54
20012,39.17327,-86.54257,55
20012,39.17326,-86.54327,56
20012,39.17326,-86.5435,57
20012,39.17326,-86.54379,58
20012,39.17326,-86.54417,59
20012,39.17325,-86.54486,60
20012,39.17325,-86.54555,61
20012,39.17325,-86.54625,62
20012,39.17325,-86.54648,63
20012,39.17325,-86.54713,64
20012,39.17325,-86.54778,65
20012,39.17325,-86.54822,66
20012,39.17325,-86.54891,67
20012,39.17325,-86.54915,68
20012,39.17325,-86.54929,69
20012,39.17325,-86.54957,70
20012,39.17325,-86.54981,71
20012,39.17325,-86.55022,72
20012,39.17325,-86.55043,73
20012,39.17325,-86.55089,74
20012,39.17325,-86.55136,75
20012,39.17325,-86.55252,76
20012,39.17325,-86.55361,77
20012,39.17325,-86.55396,78
20012,39.17324,-86.55413,79
20012,39.17324,-86.55466,80
20012,39.17324,-86.5549,81
20012,39.17326,-86.55512,82
20012,39.17346,-86.55529,83
20012,39.17354,-86.55536,84
20012,39.17367,-86.55546,85
20012,39.17371,-86.55549,86
20012,39.17398,-86.55572,87
20012,39.17459,-86.55621,88
20012,39.17479,-86.55637,89
20012,39.17481,-86.55639,90
20012,39.17494,-86.55649,91
20012,39.17497,-86.55651,92
20012,39.17509,-86.55662,93
20012,39.17527,-86.55676,94
20012,39.17536,-86.55661,95
20012,39.1755,-86.55651,96
20012,39.17556,-86.55649,97
20012,39.17566,-86.55649,98
20012,39.176,-86.55649,99
20012,39.17603,-86.55649,100
20012,39.17604,-86.55649,101
20012,39.17621,-86.55649,102
20012,39.17623,-86.55649,103
20012,39.17631,-86.55649,104
20012,39.17667,-86.5565,105
20012,39.17675,-86.5565,106
20012,39.17678,-86.5565,107
20012,39.17703,-86.55651,108
20012,39.17739,-86.55652,109
20012,39.17747,-86.55652,110
20012,39.17775,-86.55653,111
20012,39.17786,-86.55653,112
20012,39.1784,-86.55654,113
20012,39.17885,-86.55654,114
20012,39.17913,-86.55654,115
20012,39.17913,-86.55629,116
20012,39.17913,-86.55606,117
20012,39.17913,-86.55578,118
20012,39.17914,-86.55553,119
20012,39.17913,-86.55532,120
20012,39.17913,-86.55527,121
20012,39.17913,-86.55486,122
20012,39.17912,-86.55433,123
20012,39.17911,-86.55409,124
20012,39.17911,-86.55385,125
20012,39.17911,-86.55339,126
20012,39.17911,-86.55316,127
20012,39.17911,-86.55293,128
20012,39.17911,-86.55263,129
20012,39.17888,-86.55262,130
20012,39.1787,-86.55262,131
20012,39.17852,-86.55262,132
20012,39.17834,-86.55261,133
20012,39.17816,-86.55261,134
20012,39.1778,-86.5526,135
20012,39.17762,-86.5526,136
20012,39.17746,-86.5526,137
20012,39.17744,-86.5526,138
20012,39.17708,-86.55259,139
20012,39.1769,-86.55259,140
20012,39.17666,-86.55258,141
20012,39.17665,-86.55235,142
20012,39.17665,-86.55192,143
20012,39.17665,-86.5517,144
20012,39.17611,-86.55172,145
20012,39.17593,-86.55172,146
20012,39.17587,-86.55172,147
20012,39.17567,-86.55173,148
20012,39.17528,-86.5517,149
20012,39.17526,-86.5517,150
20012,39.17509,-86.55165,151
20012,39.17493,-86.55154,152
20012,39.17472,-86.55145,153
20012,39.17456,-86.55138,154
20012,39.17423,-86.55139,155
20012,39.17423,-86.55091,156
20012,39.17423,-86.55046,157
20012,39.17423,-86.55022,158
20012,39.17424,-86.54941,159
20012,39.17424,-86.5484,160
20012,39.17425,-86.54808,161
20012,39.17414,-86.54714,162
20012,39.17371,-86.54713,163
20012,39.17356,-86.54713,164
20012,39.17325,-86.54713,165
20012,39.17325,-86.54648,166
20012,39.17325,-86.54625,167
20012,39.17325,-86.54555,168
20012,39.17325,-86.54486,169
20012,39.17326,-86.54417,170
20012,39.17326,-86.54379,171
20012,39.17326,-86.5435,172
20012,39.17326,-86.54327,173
20012,39.17327,-86.54274,174
20012,39.17327,-86.54257,175
20012,39.17327,-86.54211,176
20012,39.17381,-86.54212,177
20012,39.17416,-86.54212,178
20012,39.17434,-86.54212,179
20012,39.1746,-86.54211,180
20012,39.17488,-86.5421,181
20012,39.17506,-86.5421,182
20012,39.17515,-86.5421,183
20012,39.17533,-86.54209,184
20012,39.17551,-86.54209,185
20012,39.17587,-86.54209,186
20012,39.17588,-86.54209,187
20012,39.17606,-86.54209,188
20012,39.17663,-86.54208,189
20012,39.17697,-86.54208,190
20012,39.17733,-86.54208,191
20012,39.17801,-86.54205,192
20012,39.17837,-86.54204,193
20012,39.17838,-86.54204,194
20012,39.17866,-86.54203,195
20012,39.17891,-86.54202,196
20012,39.17902,-86.54202,197
20012,39.17902,-86.54179,198
20012,39.17902,-86.5413,199
20012,39.17902,-86.54106,200
20012,39.17902,-86.54093,201
20012,39.17902,-86.5406,202
20012,39.17902,-86.54058,203
20012,39.17902,-86.54034,204
20012,39.17902,-86.5402,205
20012,39.17902,-86.54013,206
20012,39.17902,-86.53967,207
20012,39.17901,-86.53871,208
20012,39.17899,-86.53863,209
20012,39.17898,-86.53836,210
20012,39.17899,-86.53774,211
20012,39.17898,-86.53724,212
20012,39.17898,-86.53701,213
20012,39.17897,-86.53645,214
20012,39.17897,-86.53619,215
20012,39.17897,-86.53593,216
20012,39.179,-86.53587,217
20012,39.17899,-86.5357,218
20012,39.17899,-86.53537,219
20012,39.17899,-86.53471,220
20012,39.17845,-86.53471,221
20012,39.17771,-86.53472,222
20012,39.1773,-86.53473,223
20012,39.17696,-86.53473,224
20012,39.17686,-86.53473,225
20012,39.17653,-86.53474,226
20012,39.17642,-86.53474,227
20012,39.17596,-86.53475,228
20012,39.17524,-86.53478,229
20012,39.17506,-86.53478,230
20012,39.17488,-86.53478,231
20012,39.17419,-86.53479,232
20012,39.17383,-86.5348,233
20012,39.17357,-86.5348,234
20012,39.17329,-86.5348,235
20012,39.17309,-86.5348,236
20012,39.17284,-86.53481,237
20012,39.17248,-86.53481,238
20012,39.17216,-86.5348,239
20012,39.17198,-86.5348,240
20012,39.17168,-86.53481,241
20012,39.17147,-86.53481,242
20012,39.17124,-86.53481,243
20012,39.17106,-86.53481,244
20012,39.17095,-86.53481,245
20012,39.17085,-86.53482,246
20012,39.17045,-86.53482,247
20012,39.17034,-86.53482,248
20012,39.1699,-86.53483,249
20012,39.16951,-86.53483,250
20012,39.16872,-86.53484,251
20012,39.16857,-86.53485,252
20012,39.16857,-86.53461,253
20012,39.16856,-86.53421,254
20012,39.16856,-86.53375,255
20012,39.16856,-86.53359,256
20012,39.16855,-86.53326,257
20012,39.16854,-86.53252,258
20012,39.16854,-86.53241,259
20012,39.16853,-86.53234,260
20012,39.16821,-86.53234,261
20012,39.16756,-86.53233,262
20012,39.16657,-86.53234,263
20012,39.16608,-86.53235,264
20012,39.16558,-86.53236,265
20012,39.16508,-86.53236,266
20012,39.16495,-86.53236,267
20012,39.16459,-86.53237,268
20012,39.16433,-86.53237,269
20012,39.16421,-86.53237,270
20012,39.16421,-86.53345,271
20011,39.16429,-86.53364,0
20011,39.16456,-86.53364,1
20011,39.16464,-86.53364,2
20011,39.16517,-86.53363,3
20011,39.16558,-86.53362,4
20011,39.16609,-86.53361,5
20011,39.16647,-86.53361,6
20011,39.1666,-86.53361,7
20011,39.16757,-86.5336,8
20011,39.16757,-86.5342,9
20011,39.16757,-86.53485,10
20011,39.16758,-86.53555,11
20011,39.16758,-86.53563,12
20011,39.16758,-86.53591,13
20011,39.16759,-86.53612,14
20011,39.16834,-86.53613,15
20011,39.16857,-86.53614,16
20011,39.16857,-86.53636,17
20011,39.16857,-86.53651,18
20011,39.16857,-86.5367,19
20011,39.16858,-86.53691,20
20011,39.16858,-86.53702,21
20011,39.16858,-86.53721,22
20011,39.16859,-86.53737,23
20011,39.16858,-86.53804,24
20011,39.16858,-86.53866,25
20011,39.16906,-86.53865,26
20011,39.16928,-86.53865,27
20011,39.16953,-86.53864,28
20011,39.17001,-86.53864,29
20011,39.17048,-86.53863,30
20011,39.17102,-86.53862,31
20011,39.17142,-86.53861,32
20011,39.17178,-86.5386,33
20011,39.17222,-86.53859,34
20011,39.17229,-86.53859,35
20011,39.17251,-86.53859,36
20011,39.17305,-86.53857,37
20011,39.17327,-86.53857,38
20011,39.17327,-86.53904,39
20011,39.17327,-86.53947,40
20011,39.17327,-86.53976,41
20011,39.17327,-86.54023,42
20011,39.17327,-86.54034,43
20011,39.17327,-86.54038,44
20011,39.17326,-86.54041,45
20011,39.17326,-86.54043,46
20011,39.17326,-86.54044,47
20011,39.17325,-86.54046,48
20011,39.17321,-86.54053,49
20011,39.17305,-86.5408,50
20011,39.17321,-86.54098,51
20011,39.17326,-86.54108,52
20011,39.17327,-86.54165,53
20011,39.17327,-86.54211,54
20011,39.17327,-86.54257,55
20011,39.17326,-86.54327,56
20011,39.17326,-86.5435,57
20011,39.17326,-86.54379,58
20011,39.17326,-86.54417,59
20011,39.17325,-86.54486,60
20011,39.17325,-86.54555,61
20011,39.17325,-86.54625,62
20011,39.17325,-86.54648,63
20011,39.17325,-86.54713,64
20011,39.17325,-86.54778,65
20011,39.17325,-86.54822,66
20011,39.17325,-86.54891,67
20011,39.17325,-86.54915,68
20011,39.17325,-86.54929,69
20011,39.17325,-86.54957,70
20011,39.17325,-86.54981,71
20011,39.17325,-86.55022,72
20011,39.17325,-86.55043,73
20011,39.17325,-86.55089,74
20011,39.17325,-86.55136,75
20011,39.17325,-86.55252,76
20011,39.17325,-86.55361,77
20011,39.17325,-86.55396,78
20011,39.17324,-86.55413,79
20011,39.17324,-86.55466,80
20011,39.17324,-86.5549,81
20011,39.17326,-86.55512,82
20011,39.17346,-86.55529,83
20011,39.17354,-86.55536,84
20011,39.17367,-86.55546,85
20011,39.17371,-86.55549,86
20011,39.17398,-86.55572,87
20011,39.17459,-86.55621,88
20011,39.17479,-86.55637,89
20011,39.17481,-86.55639,90
20011,39.17494,-86.55649,91
20011,39.17497,-86.55651,92
20011,39.17509,-86.55662,93
20011,39.17527,-86.55676,94
20011,39.17536,-86.55661,95
20011,39.1755,-86.55651,96
20011,39.17556,-86.55649,97
20011,39.17566,-86.55649,98
20011,39.176,-86.55649,99
20011,39.17603,-86.55649,100
20011,39.17604,-86.55649,101
20011,39.17621,-86.55649,102
20011,39.17623,-86.55649,103
20011,39.17631,-86.55649,104
20011,39.17667,-86.5565,105
20011,39.17675,-86.5565,106
20011,39.17678,-86.5565,107
20011,39.17703,-86.55651,108
20011,39.17739,-86.55652,109
20011,39.17747,-86.55652,110
20011,39.17775,-86.55653,111
20011,39.17786,-86.55653,112
20011,39.1784,-86.55654,113
20011,39.17885,-86.55654,114
20011,39.17913,-86.55654,115
20011,39.17913,-86.55629,116
20011,39.17913,-86.55606,117
20011,39.17913,-86.55578,118
20011,39.17914,-86.55553,119
20011,39.17913,-86.55532,120
20011,39.17913,-86.55527,121
20011,39.17913,-86.55486,122
20011,39.17912,-86.55433,123
20011,39.17911,-86.55409,124
20011,39.17911,-86.55385,125
20011,39.17911,-86.55339,126
20011,39.17911,-86.55316,127
20011,39.17911,-86.55293,128
20011,39.17911,-86.55263,129
20011,39.17888,-86.55262,130
20011,39.1787,-86.55262,131
20011,39.17852,-86.55262,132
20011,39.17834,-86.55261,133
20011,39.17816,-86.55261,134
20011,39.1778,-86.5526,135
20011,39.17762,-86.5526,136
20011,39.17746,-86.5526,137
20011,39.17744,-86.5526,138
20011,39.17708,-86.55259,139
20011,39.1769,-86.55259,140
20011,39.17666,-86.55258,141
20011,39.17665,-86.55235,142
20011,39.17665,-86.55192,143
20011,39.17665,-86.5517,144
20011,39.17611,-86.55172,145
20011,39.17593,-86.55172,146
20011,39.17587,-86.55172,147
20011,39.17567,-86.55173,148
20011,39.17528,-86.5517,149
20011,39.17526,-86.5517,150
20011,39.17509,-86.55165,151
20011,39.17493,-86.55154,152
20011,39.17472,-86.55145,153
20011,39.17456,-86.55138,154
20011,39.17423,-86.55139,155
20011,39.17423,-86.55091,156
20011,39.17423,-86.55046,157
20011,39.17423,-86.55022,158
20011,39.17424,-86.54941,159
20011,39.17424,-86.5484,160
20011,39.17425,-86.54808,161
20011,39.17414,-86.54714,162
20011,39.17371,-86.54713,163
20011,39.17356,-86.54713,164
20011,39.17325,-86.54713,165
20011,39.17325,-86.54648,166
20011,39.17325,-86.54625,167
20011,39.17325,-86.54555,168
20011,39.17325,-86.54486,169
20011,39.17326,-86.54417,170
20011,39.17326,-86.54379,171
20011,39.17326,-86.5435,172
20011,39.17326,-86.54327,173
20011,39.17327,-86.54274,174
20011,39.17327,-86.54257,175
20011,39.17327,-86.54211,176
20011,39.17381,-86.54212,177
20011,39.17416,-86.54212,178
20011,39.17434,-86.54212,179
20011,39.1746,-86.54211,180
20011,39.17488,-86.5421,181
20011,39.17506,-86.5421,182
20011,39.17515,-86.5421,183
20011,39.17533,-86.54209,184
20011,39.17551,-86.54209,185
20011,39.17587,-86.54209,186
20011,39.17588,-86.54209,187
20011,39.17606,-86.54209,188
20011,39.17663,-86.54208,189
20011,39.17697,-86.54208,190
20011,39.17733,-86.54208,191
20011,39.17801,-86.54205,192
20011,39.17837,-86.54204,193
20011,39.17838,-86.54204,194
20011,39.17866,-86.54203,195
20011,39.17891,-86.54202,196
20011,39.17902,-86.54202,197
20011,39.17902,-86.54179,198
20011,39.17902,-86.5413,199
20011,39.17902,-86.54106,200
20011,39.17902,-86.54093,201
20011,39.17902,-86.5406,202
20011,39.17902,-86.54058,203
20011,39.17902,-86.54034,204
20011,39.17902,-86.5402,205
20011,39.17902,-86.54013,206
20011,39.17902,-86.53967,207
20011,39.17901,-86.53871,208
20011,39.17899,-86.53863,209
20011,39.17898,-86.53836,210
20011,39.17899,-86.53774,211
20011,39.17898,-86.53724,212
20011,39.17898,-86.53701,213
20011,39.17897,-86.53645,214
20011,39.17897,-86.53619,215
20011,39.17897,-86.53593,216
20011,39.179,-86.53587,217
20011,39.17899,-86.5357,218
20011,39.17899,-86.53537,219
20011,39.17899,-86.53471,220
20011,39.17845,-86.53471,221
20011,39.17771,-86.53472,222
20011,39.1773,-86.53473,223
20011,39.17696,-86.53473,224
20011,39.17686,-86.53473,225
20011,39.17653,-86.53474,226
20011,39.17642,-86.53474,227
20011,39.17596,-86.53475,228
20011,39.17524,-86.53478,229
20011,39.17506,-86.53478,230
20011,39.17488,-86.53478,231
20011,39.17419,-86.53479,232
20011,39.17383,-86.5348,233
20011,39.17357,-86.5348,234
20011,39.17329,-86.5348,235
20011,39.17309,-86.5348,236
20011,39.17284,-86.53481,237
20011,39.17248,-86.53481,238
20011,39.17216,-86.5348,239
20011,39.17198,-86.5348,240
20011,39.17168,-86.53481,241
20011,39.17147,-86.53481,242
20011,39.17124,-86.53481,243
20011,39.17106,-86.53481,244
20011,39.17095,-86.53481,245
20011,39.17085,-86.53482,246
20011,39.17045,-86.53482,247
20011,39.17034,-86.53482,248
20011,39.1699,-86.53483,249
20011,39.16951,-86.53483,250
20011,39.16872,-86.53484,251
20011,39.16857,-86.53485,252
20011,39.16857,-86.53461,253
20011,39.16856,-86.53421,254
20011,39.16856,-86.53375,255
20011,39.16856,-86.53359,256
20011,39.16855,-86.53326,257
20011,39.16854,-86.53252,258
20011,39.16854,-86.53241,259
20011,39.16853,-86.53234,260
20011,39.16821,-86.53234,261
20011,39.16756,-86.53233,262
20011,39.16657,-86.53234,263
20011,39.16608,-86.53235,264
20011,39.16558,-86.53236,265
20011,39.16508,-86.53236,266
20011,39.16495,-86.53236,267
20011,39.16459,-86.53237,268
20011,39.16433,-86.53237,269
20011,39.16421,-86.53237,270
20011,39.16421,-86.53345,271
20015,39.16429,-86.53364,0
20015,39.16456,-86.53364,1
20015,39.16464,-86.53364,2
20015,39.16517,-86.53363,3
20015,39.16558,-86.53362,4
20015,39.16609,-86.53361,5
20015,39.16647,-86.53361,6
20015,39.1666,-86.53361,7
20015,39.16757,-86.5336,8
20015,39.16757,-86.5342,9
20015,39.16757,-86.53485,10
20015,39.16758,-86.53555,11
20015,39.16758,-86.53563,12
20015,39.16758,-86.53591,13
20015,39.16759,-86.53612,14
20015,39.16834,-86.53613,15
20015,39.16857,-86.53614,16
20015,39.16857,-86.53636,17
20015,39.16857,-86.53651,18
20015,39.16857,-86.5367,19
20015,39.16858,-86.53691,20
20015,39.16858,-86.53702,21
20015,39.16858,-86.53721,22
20015,39.16859,-86.53737,23
20015,39.16858,-86.53804,24
20015,39.16858,-86.53866,25
20015,39.16906,-86.53865,26
20015,39.16928,-86.53865,27
20015,39.16953,-86.53864,28
20015,39.17001,-86.53864,29
20015,39.17048,-86.53863,30
20015,39.17102,-86.53862,31
20015,39.17142,-86.53861,32
20015,39.17178,-86.5386,33
20015,39.17222,-86.53859,34
20015,39.17229,-86.53859,35
20015,39.17251,-86.53859,36
20015,39.17305,-86.53857,37
20015,39.17327,-86.53857,38
20015,39.17327,-86.53904,39
20015,39.17327,-86.53947,40
20015,39.17327,-86.53976,41
20015,39.17327,-86.54023,42
20015,39.17327,-86.54034,43
20015,39.17327,-86.54038,44
20015,39.17326,-86.54041,45
20015,39.17326,-86.54043,46
20015,39.17326,-86.54044,47
20015,39.17325,-86.54046,48
20015,39.17321,-86.54053,49
20015,39.17305,-86.5408,50
20015,39.17321,-86.54098,51
20015,39.17326,-86.54108,52
20015,39.17327,-86.54165,53
20015,39.17327,-86.54211,54
20015,39.17327,-86.54257,55
20015,39.17326,-86.54327,56
20015,39.17326,-86.5435,57
20015,39.17326,-86.54379,58
20015,39.17326,-86.54417,59
20015,39.17325,-86.54486,60
20015,39.17325,-86.54555,61
20015,39.17325,-86.54625,62
20015,39.17325,-86.54648,63
20015,39.17325,-86.54713,64
20015,39.17325,-86.54778,65
20015,39.17325,-86.54822,66
20015,39.17325,-86.54891,67
20015,39.17325,-86.54915,68
20015,39.17325,-86.54929,69
20015,39.17325,-86.54957,70
20015,39.17325,-86.54981,71
20015,39.17325,-86.55022,72
20015,39.17325,-86.55043,73
20015,39.17325,-86.55089,74
20015,39.17325,-86.55136,75
20015,39.17325,-86.55252,76
20015,39.17325,-86.55361,77
20015,39.17325,-86.55396,78
20015,39.17324,-86.55413,79
20015,39.17324,-86.55466,80
20015,39.17324,-86.5549,81
20015,39.17326,-86.55512,82
20015,39.17346,-86.55529,83
20015,39.17354,-86.55536,84
20015,39.17367,-86.55546,85
20015,39.17371,-86.55549,86
20015,39.17398,-86.55572,87
20015,39.17459,-86.55621,88
20015,39.17479,-86.55637,89
20015,39.17481,-86.55639,90
20015,39.17494,-86.55649,91
20015,39.17497,-86.55651,92
20015,39.17509,-86.55662,93
20015,39.17527,-86.55676,94
20015,39.17536,-86.55661,95
20015,39.1755,-86.55651,96
20015,39.17556,-86.55649,97
20015,39.17566,-86.55649,98
20015,39.176,-86.55649,99
20015,39.17603,-86.55649,100
20015,39.17604,-86.55649,101
20015,39.17621,-86.55649,102
20015,39.17623,-86.55649,103
20015,39.17631,-86.55649,104
20015,39.17667,-86.5565,105
20015,39.17675,-86.5565,106
20015,39.17678,-86.5565,107
20015,39.17703,-86.55651,108
20015,39.17739,-86.55652,109
20015,39.17747,-86.55652,110
20015,39.17775,-86.55653,111
20015,39.17786,-86.55653,112
20015,39.1784,-86.55654,113
20015,39.17885,-86.55654,114
20015,39.17913,-86.55654,115
20015,39.17913,-86.55629,116
20015,39.17913,-86.55606,117
20015,39.17913,-86.55578,118
20015,39.17914,-86.55553,119
20015,39.17913,-86.55532,120
20015,39.17913,-86.55527,121
20015,39.17913,-86.55486,122
20015,39.17912,-86.55433,123
20015,39.17911,-86.55409,124
20015,39.17911,-86.55385,125
20015,39.17911,-86.55339,126
20015,39.17911,-86.55316,127
20015,39.17911,-86.55293,128
20015,39.17911,-86.55263,129
20015,39.17888,-86.55262,130
20015,39.1787,-86.55262,131
20015,39.17852,-86.55262,132
20015,39.17834,-86.55261,133
20015,39.17816,-86.55261,134
20015,39.1778,-86.5526,135
20015,39.17762,-86.5526,136
20015,39.17746,-86.5526,137
20015,39.17744,-86.5526,138
20015,39.17708,-86.55259,139
20015,39.1769,-86.55259,140
20015,39.17666,-86.55258,141
20015,39.17665,-86.55235,142
20015,39.17665,-86.55192,143
20015,39.17665,-86.5517,144
20015,39.17611,-86.55172,145
20015,39.17593,-86.55172,146
20015,39.17587,-86.55172,147
20015,39.17567,-86.55173,148
20015,39.17528,-86.5517,149
20015,39.17526,-86.5517,150
20015,39.17509,-86.55165,151
20015,39.17493,-86.55154,152
20015,39.17472,-86.55145,153
20015,39.17456,-86.55138,154
20015,39.17423,-86.55139,155
20015,39.17423,-86.55091,156
20015,39.17423,-86.55046,157
20015,39.17423,-86.55022,158
20015,39.17424,-86.54941,159
20015,39.17424,-86.5484,160
20015,39.17425,-86.54808,161
20015,39.17414,-86.54714,162
20015,39.17371,-86.54713,163
20015,39.17356,-86.54713,164
20015,39.17325,-86.54713,165
20015,39.17325,-86.54648,166
20015,39.17325,-86.54625,167
20015,39.17325,-86.54555,168
20015,39.17325,-86.54486,169
20015,39.17326,-86.54417,170
20015,39.17326,-86.54379,171
20015,39.17326,-86.5435,172
20015,39.17326,-86.54327,173
20015,39.17327,-86.54274,174
20015,39.17327,-86.54257,175
20015,39.17327,-86.54211,176
20015,39.17381,-86.54212,177
20015,39.17416,-86.54212,178
20015,39.17434,-86.54212,179
20015,39.1746,-86.54211,180
20015,39.17488,-86.5421,181
20015,39.17506,-86.5421,182
20015,39.17515,-86.5421,183
20015,39.17533,-86.54209,184
20015,39.17551,-86.54209,185
20015,39.17587,-86.54209,186
20015,39.17588,-86.54209,187
20015,39.17606,-86.54209,188
20015,39.17663,-86.54208,189
20015,39.17697,-86.54208,190
20015,39.17733,-86.54208,191
20015,39.17801,-86.54205,192
20015,39.17837,-86.54204,193
20015,39.17838,-86.54204,194
20015,39.17866,-86.54203,195
20015,39.17891,-86.54202,196
20015,39.17902,-86.54202,197
20015,39.17902,-86.54179,198
20015,39.17902,-86.5413,199
20015,39.17902,-86.54106,200
20015,39.17902,-86.54093,201
20015,39.17902,-86.5406,202
20015,39.17902,-86.54058,203
20015,39.17902,-86.54034,204
20015,39.17902,-86.5402,205
20015,39.17902,-86.54013,206
20015,39.17902,-86.53967,207
20015,39.17901,-86.53871,208
20015,39.17899,-86.53863,209
20015,39.17898,-86.53836,210
20015,39.17899,-86.53774,211
20015,39.17898,-86.53724,212
20015,39.17898,-86.53701,213
20015,39.17897,-86.53645,214
20015,39.17897,-86.53619,215
20015,39.17897,-86.53593,216
20015,39.179,-86.53587,217
20015,39.17899,-86.5357,218
20015,39.17899,-86.53537,219
20015,39.17899,-86.53471,220
20015,39.17845,-86.53471,221
20015,39.17771,-86.53472,222
20015,39.1773,-86.53473,223
20015,39.17696,-86.53473,224
20015,39.17686,-86.53473,225
20015,39.17653,-86.53474,226
20015,39.17642,-86.53474,227
20015,39.17596,-86.53475,228
20015,39.17524,-86.53478,229
20015,39.17506,-86.53478,230
20015,39.17488,-86.53478,231
20015,39.17419,-86.53479,232
20015,39.17383,-86.5348,233
20015,39.17357,-86.5348,234
20015,39.17329,-86.5348,235
20015,39.17309,-86.5348,236
20015,39.17284,-86.53481,237
20015,39.17248,-86.53481,238
20015,39.17216,-86.5348,239
20015,39.17198,-86.5348,240
20015,39.17168,-86.53481,241
20015,39.17147,-86.53481,242
20015,39.17124,-86.53481,243
20015,39.17106,-86.53481,244
20015,39.17095,-86.53481,245
20015,39.17085,-86.53482,246
20015,39.17045,-86.53482,247
20015,39.17034,-86.53482,248
20015,39.1699,-86.53483,249
20015,39.16951,-86.53483,250
20015,39.16872,-86.53484,251
20015,39.16857,-86.53485,252
20015,39.16857,-86.53461,253
20015,39.16856,-86.53421,254
20015,39.16856,-86.53375,255
20015,39.16856,-86.53359,256
20015,39.16855,-86.53326,257
20015,39.16854,-86.53252,258
20015,39.16854,-86.53241,259
20015,39.16853,-86.53234,260
20015,39.16821,-86.53234,261
20015,39.16756,-86.53233,262
20015,39.16657,-86.53234,263
20015,39.16608,-86.53235,264
20015,39.16558,-86.53236,265
20015,39.16508,-86.53236,266
20015,39.16495,-86.53236,267
20015,39.16459,-86.53237,268
20015,39.16433,-86.53237,269
20015,39.16421,-86.53237,270
20015,39.16421,-86.53345,271
20021,39.14123,-86.54511,0
20021,39.14122,-86.54532,1
20021,39.14118,-86.54565,2
20021,39.14116,-86.54584,3
20021,39.14114,-86.54601,4
20021,39.14113,-86.54607,5
20021,39.14108,-86.54651,6
20021,39.14107,-86.54666,7
20021,39.14106,-86.5467,8
20021,39.14105,-86.54674,9
20021,39.14104,-86.54679,10
20021,39.14103,-86.54683,11
20021,39.14102,-86.54689,12
20021,39.14096,-86.54713,13
20021,39.14089,-86.5474,14
20021,39.14074,-86.5473,15
20021,39.14073,-86.5473,16
20021,39.14059,-86.54721,17
20021,39.14022,-86.54689,18
20021,39.14021,-86.54689,19
20021,39.14008,-86.5467,20
20021,39.14004,-86.54652,21
20021,39.14001,-86.5459,22
20021,39.14,-86.54557,23
20021,39.13999,-86.54534,24
20021,39.13999,-86.54531,25
20021,39.13998,-86.54511,26
20021,39.13995,-86.54483,27
20021,39.13994,-86.54413,28
20021,39.13993,-86.54317,29
20021,39.13991,-86.54204,30
20021,39.1399,-86.54154,31
20021,39.13988,-86.54091,32
20021,39.13986,-86.54047,33
20021,39.13986,-86.54036,34
20021,39.13984,-86.53983,35
20021,39.13982,-86.53926,36
20021,39.13981,-86.53889,37
20021,39.13981,-86.53866,38
20021,39.14022,-86.5387,39
20021,39.14088,-86.53878,40
20021,39.14123,-86.53881,41
20021,39.14144,-86.53884,42
20021,39.14159,-86.53886,43
20021,39.1416,-86.53886,44
20021,39.1417,-86.53887,45
20021,39.14172,-86.53887,46
20021,39.14195,-86.53889,47
20021,39.14217,-86.5389,48
20021,39.14227,-86.5389,49
20021,39.14245,-86.5389,50
20021,39.14255,-86.5389,51
20021,39.14272,-86.53891,52
20021,39.14299,-86.53891,53
20021,39.14306,-86.53891,54
20021,39.14313,-86.53891,55
20021,39.14343,-86.53891,56
20021,39.14367,-86.53891,57
20021,39.14419,-86.5389,58
20021,39.14426,-86.5389,59
20021,39.14451,-86.5389,60
20021,39.14523,-86.53888,61
20021,39.14553,-86.53888,62
20021,39.14574,-86.53887,63
20021,39.14607,-86.53887,64
20021,39.14636,-86.53887,65
20021,39.14661,-86.53886,66
20021,39.14697,-86.53886,67
20021,39.14713,-86.53885,68
20021,39.14736,-86.53885,69
20021,39.14808,-86.53884,70
20021,39.14898,-86.53882,71
20021,39.1497,-86.53881,72
20021,39.14999,-86.53881,73
20021,39.1506,-86.53881,74
20021,39.15111,-86.53879,75
20021,39.15114,-86.53879,76
20021,39.15152,-86.53878,77
20021,39.15167,-86.53878,78
20021,39.15203,-86.53876,79
20021,39.15223,-86.53876,80
20021,39.15252,-86.53875,81
20021,39.15299,-86.53873,82
20021,39.15331,-86.53873,83
20021,39.15338,-86.53873,84
20021,39.15381,-86.53872,85
20021,39.1539,-86.53872,86
20021,39.15418,-86.53872,87
20021,39.15454,-86.53873,88
20021,39.15488,-86.53873,89
20021,39.1556,-86.53872,90
20021,39.15596,-86.53871,91
20021,39.15629,-86.53871,92
20021,39.15637,-86.53871,93
20021,39.15655,-86.5387,94
20021,39.15702,-86.53869,95
20021,39.1571,-86.53869,96
20021,39.15747,-86.53868,97
20021,39.15776,-86.53868,98
20021,39.15835,-86.53867,99
20021,39.15879,-86.53867,100
20021,39.15889,-86.53867,101
20021,39.15892,-86.53867,102
20021,39.15898,-86.53867,103
20021,39.15921,-86.53867,104
20021,39.15941,-86.53867,105
20021,39.15941,-86.53815,106
20021,39.1594,-86.53795,107
20021,39.1594,-86.5378,108
20021,39.1594,-86.53722,109
20021,39.1594,-86.53714,110
20021,39.15939,-86.53681,111
20021,39.15939,-86.53653,112
20021,39.15938,-86.53629,113
20021,39.15986,-86.53629,114
20021,39.15997,-86.53629,115
20021,39.16028,-86.53629,116
20021,39.16136,-86.53629,117
20021,39.16136,-86.53617,118
20021,39.16135,-86.53605,119
20021,39.16134,-86.53558,120
20021,39.16134,-86.53546,121
20021,39.16134,-86.53494,122
20021,39.16134,-86.53491,123
20021,39.16137,-86.5348,124
20021,39.16137,-86.53447,125
20021,39.16137,-86.53431,126
20021,39.16137,-86.53414,127
20021,39.16138,-86.5339,128
20021,39.16138,-86.53365,129
20021,39.16169,-86.53365,130
20021,39.16187,-86.53365,131
20021,39.16192,-86.53365,132
20021,39.16285,-86.53364,133
20021,39.16335,-86.53364,134
20021,39.16393,-86.53364,135
20021,39.1641,-86.53364,136
20021,39.16408,-86.53237,137
20021,39.16366,-86.53237,138
20021,39.16146,-86.5324,139
20021,39.16138,-86.5324,140
20021,39.16138,-86.53282,141
20021,39.16138,-86.53295,142
20021,39.16138,-86.53302,143
20021,39.16138,-86.53365,144
20021,39.16137,-86.53414,145
20021,39.16137,-86.53431,146
20021,39.16137,-86.53469,147
20021,39.16137,-86.5348,148
20021,39.16142,-86.53493,149
20021,39.16134,-86.53494,150
20021,39.16119,-86.53495,151
20021,39.16085,-86.53496,152
20021,39.1608,-86.53496,153
20021,39.16031,-86.53497,154
20021,39.15996,-86.53497,155
20021,39.15971,-86.53498,156
20021,39.15939,-86.53497,157
20021,39.15939,-86.53522,158
20021,39.15939,-86.53566,159
20021,39.15939,-86.53599,160
20021,39.15939,-86.5362,161
20021,39.15938,-86.53629,162
20021,39.15939,-86.53653,163
20021,39.1594,-86.53714,164
20021,39.1594,-86.53722,165
20021,39.1594,-86.5378,166
20021,39.1594,-86.53795,167
20021,39.15941,-86.53815,168
20021,39.15941,-86.53867,169
20021,39.15898,-86.53867,170
20021,39.15892,-86.53867,171
20021,39.15889,-86.53867,172
20021,39.15879,-86.53867,173
20021,39.15835,-86.53867,174
20021,39.15747,-86.53868,175
20021,39.1571,-86.53869,176
20021,39.15702,-86.53869,177
20021,39.15655,-86.5387,178
20021,39.15637,-86.53871,179
20021,39.15629,-86.53871,180
20021,39.15596,-86.53871,181
20021,39.1556,-86.53872,182
20021,39.15488,-86.53873,183
20021,39.15454,-86.53873,184
20021,39.15418,-86.53872,185
20021,39.1539,-86.53872,186
20021,39.15381,-86.53872,187
20021,39.15331,-86.53873,188
20021,39.15299,-86.53873,189
20021,39.15252,-86.53875,190
20021,39.15223,-86.53876,191
20021,39.15203,-86.53876,192
20021,39.15167,-86.53878,193
20021,39.15152,-86.53878,194
20021,39.15114,-86.53879,195
20021,39.1506,-86.53881,196
20021,39.14999,-86.53881,197
20021,39.1497,-86.53881,198
20021,39.14898,-86.53882,199
20021,39.14808,-86.53884,200
20021,39.14736,-86.53885,201
20021,39.14697,-86.53886,202
20021,39.14661,-86.53886,203
20021,39.14636,-86.53887,204
20021,39.14607,-86.53887,205
20021,39.14606,-86.53902,206
20021,39.14606,-86.53906,207
20021,39.14605,-86.53909,208
20021,39.14604,-86.5391,209
20021,39.14604,-86.53911,210
20021,39.14603,-86.53913,211
20021,39.14602,-86.53915,212
20021,39.146,-86.53917,213
20021,39.14599,-86.53918,214
20021,39.14591,-86.53925,215
20021,39.14573,-86.53942,216
20021,39.14521,-86.53996,217
20021,39.14493,-86.54025,218
20021,39.14454,-86.54065,219
20021,39.14386,-86.54136,220
20021,39.1437,-86.54152,221
20021,39.14342,-86.54182,222
20021,39.14308,-86.54215,223
20021,39.14265,-86.54257,224
20021,39.14208,-86.54313,225
20021,39.14149,-86.54371,226
20021,39.14136,-86.54383,227
20021,39.14121,-86.54398,228
20021,39.14121,-86.5443,229
20021,39.14123,-86.54463,230
20021,39.14125,-86.54483,231
20021,39.14125,-86.54486,232
20021,39.14124,-86.54511,233
20026,39.14123,-86.54511,0
20026,39.14122,-86.54532,1
20026,39.14118,-86.54565,2
20026,39.14116,-86.54584,3
20026,39.14114,-86.54601,4
20026,39.14113,-86.54607,5
20026,39.14108,-86.54651,6
20026,39.14107,-86.54666,7
20026,39.14106,-86.5467,8
20026,39.14105,-86.54674,9
20026,39.14104,-86.54679,10
20026,39.14103,-86.54683,11
20026,39.14102,-86.54689,12
20026,39.14096,-86.54713,13
20026,39.14089,-86.5474,14
20026,39.14074,-86.5473,15
20026,39.14073,-86.5473,16
20026,39.14059,-86.54721,17
20026,39.14022,-86.54689,18
20026,39.14021,-86.54689,19
20026,39.14008,-86.5467,20
20026,39.14004,-86.54652,21
20026,39.14001,-86.5459,22
20026,39.14,-86.54557,23
20026,39.13999,-86.54534,24
20026,39.13999,-86.54531,25
20026,39.13998,-86.54511,26
20026,39.13995,-86.54483,27
20026,39.13994,-86.54413,28
20026,39.13993,-86.54317,29
20026,39.13991,-86.54204,30
20026,39.1399,-86.54154,31
20026,39.13988,-86.54091,32
20026,39.13986,-86.54047,33
20026,39.13986,-86.54036,34
20026,39.13984,-86.53983,35
20026,39.13982,-86.53926,36
20026,39.13981,-86.53889,37
20026,39.13981,-86.53866,38
20026,39.14022,-86.5387,39
20026,39.14088,-86.53878,40
20026,39.14123,-86.53881,41
20026,39.14144,-86.53884,42
20026,39.14159,-86.53886,43
20026,39.1416,-86.53886,44
20026,39.1417,-86.53887,45
20026,39.14172,-86.53887,46
20026,39.14195,-86.53889,47
20026,39.14217,-86.5389,48
20026,39.14227,-86.5389,49
20026,39.14245,-86.5389,50
20026,39.14255,-86.5389,51
20026,39.14272,-86.53891,52
20026,39.14299,-86.53891,53
20026,39.14306,-86.53891,54
20026,39.14313,-86.53891,55
20026,39.14343,-86.53891,56
20026,39.14367,-86.53891,57
20026,39.14419,-86.5389,58
20026,39.14426,-86.5389,59
20026,39.14451,-86.5389,60
20026,39.14523,-86.53888,61
20026,39.14553,-86.53888,62
20026,39.14574,-86.53887,63
20026,39.14607,-86.53887,64
20026,39.14636,-86.53887,65
20026,39.14661,-86.53886,66
20026,39.14697,-86.53886,67
20026,39.14713,-86.53885,68
20026,39.14736,-86.53885,69
20026,39.14808,-86.53884,70
20026,39.14898,-86.53882,71
20026,39.1497,-86.53881,72
20026,39.14999,-86.53881,73
20026,39.1506,-86.53881,74
20026,39.15111,-86.53879,75
20026,39.15114,-86.53879,76
20026,39.15152,-86.53878,77
20026,39.15167,-86.53878,78
20026,39.15203,-86.53876,79
20026,39.15223,-86.53876,80
20026,39.15252,-86.53875,81
20026,39.15299,-86.53873,82
20026,39.15331,-86.53873,83
20026,39.15338,-86.53873,84
20026,39.15381,-86.53872,85
20026,39.1539,-86.53872,86
20026,39.15418,-86.53872,87
20026,39.15454,-86.53873,88
20026,39.15488,-86.53873,89
20026,39.1556,-86.53872,90
20026,39.15596,-86.53871,91
20026,39.15629,-86.53871,92
20026,39.15637,-86.53871,93
20026,39.15655,-86.5387,94
20026,39.15702,-86.53869,95
20026,39.1571,-86.53869,96
20026,39.15747,-86.53868,97
20026,39.15776,-86.53868,98
20026,39.15835,-86.53867,99
20026,39.15879,-86.53867,100
20026,39.15889,-86.53867,101
20026,39.15892,-86.53867,102
20026,39.15898,-86.53867,103
20026,39.15921,-86.53867,104
20026,39.15941,-86.53867,105
20026,39.15941,-86.53815,106
20026,39.1594,-86.53795,107
20026,39.1594,-86.5378,108
20026,39.1594,-86.53722,109
20026,39.1594,-86.53714,110
20026,39.15939,-86.53681,111
20026,39.15939,-86.53653,112
20026,39.15938,-86.53629,113
20026,39.15986,-86.53629,114
20026,39.15997,-86.53629,115
20026,39.16028,-86.53629,116
20026,39.16136,-86.53629,117
20026,39.16136,-86.53617,118
20026,39.16135,-86.53605,119
20026,39.16134,-86.53558,120
20026,39.16134,-86.53546,121
20026,39.16134,-86.53494,122
20026,39.16134,-86.53491,123
20026,39.16137,-86.5348,124
20026,39.16137,-86.53447,125
20026,39.16137,-86.53431,126
20026,39.16137,-86.53414,127
20026,39.16138,-86.5339,128
20026,39.16138,-86.53365,129
20026,39.16169,-86.53365,130
20026,39.16187,-86.53365,131
20026,39.16192,-86.53365,132
20026,39.16285,-86.53364,133
20026,39.16335,-86.53364,134
20026,39.16393,-86.53364,135
20026,39.1641,-86.53364,136
20026,39.16408,-86.53237,137
20026,39.16366,-86.53237,138
20026,39.16146,-86.5324,139
20026,39.16138,-86.5324,140
20026,39.16138,-86.53282,141
20026,39.16138,-86.53295,142
20026,39.16138,-86.53302,143
20026,39.16138,-86.53365,144
20026,39.16137,-86.53414,145
20026,39.16137,-86.53431,146
20026,39.16137,-86.53469,147
20026,39.16137,-86.5348,148
20026,39.16142,-86.53493,149
20026,39.16134,-86.53494,150
20026,39.16119,-86.53495,151
20026,39.16085,-86.53496,152
20026,39.1608,-86.53496,153
20026,39.16031,-86.53497,154
20026,39.15996,-86.53497,155
20026,39.15971,-86.53498,156
20026,39.15939,-86.53497,157
20026,39.15939,-86.53522,158
20026,39.15939,-86.53566,159
20026,39.15939,-86.53599,160
20026,39.15939,-86.5362,161
20026,39.15938,-86.53629,162
20026,39.15939,-86.53653,163
20026,39.1594,-86.53714,164
20026,39.1594,-86.53722,165
20026,39.1594,-86.5378,166
20026,39.1594,-86.53795,167
20026,39.15941,-86.53815,168
20026,39.15941,-86.53867,169
20026,39.15898,-86.53867,170
20026,39.15892,-86.53867,171
20026,39.15889,-86.53867,172
20026,39.15879,-86.53867,173
20026,39.15835,-86.53867,174
20026,39.15747,-86.53868,175
20026,39.1571,-86.53869,176
20026,39.15702,-86.53869,177
20026,39.15655,-86.5387,178
20026,39.15637,-86.53871,179
20026,39.15629,-86.53871,180
20026,39.15596,-86.53871,181
20026,39.1556,-86.53872,182
20026,39.15488,-86.53873,183
20026,39.15454,-86.53873,184
20026,39.15418,-86.53872,185
20026,39.1539,-86.53872,186
20026,39.15381,-86.53872,187
20026,39.15331,-86.53873,188
20026,39.15299,-86.53873,189
20026,39.15252,-86.53875,190
20026,39.15223,-86.53876,191
20026,39.15203,-86.53876,192
20026,39.15167,-86.53878,193
20026,39.15152,-86.53878,194
20026,39.15114,-86.53879,195
20026,39.1506,-86.53881,196
20026,39.14999,-86.53881,197
20026,39.1497,-86.53881,198
20026,39.14898,-86.53882,199
20026,39.14808,-86.53884,200
20026,39.14736,-86.53885,201
20026,39.14697,-86.53886,202
20026,39.14661,-86.53886,203
20026,39.14636,-86.53887,204
20026,39.14607,-86.53887,205
20026,39.14606,-86.53902,206
20026,39.14606,-86.53906,207
20026,39.14605,-86.53909,208
20026,39.14604,-86.5391,209
20026,39.14604,-86.53911,210
20026,39.14603,-86.53913,211
20026,39.14602,-86.53915,212
20026,39.146,-86.53917,213
20026,39.14599,-86.53918,214
20026,39.14591,-86.53925,215
20026,39.14573,-86.53942,216
20026,39.14521,-86.53996,217
20026,39.14493,-86.54025,218
20026,39.14454,-86.54065,219
20026,39.14386,-86.54136,220
20026,39.1437,-86.54152,221
20026,39.14342,-86.54182,222
20026,39.14308,-86.54215,223
20026,39.14265,-86.54257,224
20026,39.14208,-86.54313,225
20026,39.14149,-86.54371,226
20026,39.14136,-86.54383,227
20026,39.14121,-86.54398,228
20026,39.14121,-86.5443,229
20026,39.14123,-86.54463,230
20026,39.14125,-86.54483,231
20026,39.14125,-86.54486,232
20026,39.14124,-86.54511,233
200212,39.14123,-86.54511,0
200212,39.14122,-86.54532,1
200212,39.14118,-86.54565,2
200212,39.14116,-86.54584,3
200212,39.14114,-86.54601,4
200212,39.14113,-86.54607,5
200212,39.14108,-86.54651,6
200212,39.14107,-86.54666,7
200212,39.14106,-86.5467,8
200212,39.14105,-86.54674,9
200212,39.14104,-86.54679,10
200212,39.14103,-86.54683,11
200212,39.14102,-86.54689,12
200212,39.14096,-86.54713,13
200212,39.14089,-86.5474,14
200212,39.14074,-86.5473,15
200212,39.14073,-86.5473,16
200212,39.14059,-86.54721,17
200212,39.14022,-86.54689,18
200212,39.14021,-86.54689,19
200212,39.14008,-86.5467,20
200212,39.14004,-86.54652,21
200212,39.14001,-86.5459,22
200212,39.14,-86.54557,23
200212,39.13999,-86.54534,24
200212,39.13999,-86.54531,25
200212,39.13998,-86.54511,26
200212,39.13995,-86.54483,27
200212,39.13994,-86.54413,28
200212,39.13993,-86.54317,29
200212,39.13991,-86.54204,30
200212,39.1399,-86.54154,31
200212,39.13988,-86.54091,32
200212,39.13986,-86.54047,33
200212,39.13986,-86.54036,34
200212,39.13984,-86.53983,35
200212,39.13982,-86.53926,36
200212,39.13981,-86.53889,37
200212,39.13981,-86.53866,38
200212,39.14022,-86.5387,39
200212,39.14088,-86.53878,40
200212,39.14123,-86.53881,41
200212,39.14144,-86.53884,42
200212,39.14159,-86.53886,43
200212,39.1416,-86.53886,44
200212,39.1417,-86.53887,45
200212,39.14172,-86.53887,46
200212,39.14195,-86.53889,47
200212,39.14217,-86.5389,48
200212,39.14227,-86.5389,49
200212,39.14245,-86.5389,50
200212,39.14255,-86.5389,51
200212,39.14272,-86.53891,52
200212,39.14299,-86.53891,53
200212,39.14306,-86.53891,54
200212,39.14313,-86.53891,55
200212,39.14343,-86.53891,56
200212,39.14367,-86.53891,57
200212,39.14419,-86.5389,58
200212,39.14426,-86.5389,59
200212,39.14451,-86.5389,60
200212,39.14523,-86.53888,61
200212,39.14553,-86.53888,62
200212,39.14574,-86.53887,63
200212,39.14607,-86.53887,64
200212,39.14636,-86.53887,65
200212,39.14661,-86.53886,66
200212,39.14697,-86.53886,67
200212,39.14713,-86.53885,68
200212,39.14736,-86.53885,69
200212,39.14808,-86.53884,70
200212,39.14898,-86.53882,71
200212,39.1497,-86.53881,72
200212,39.14999,-86.53881,73
200212,39.1506,-86.53881,74
200212,39.15111,-86.53879,75
200212,39.15114,-86.53879,76
200212,39.15152,-86.53878,77
200212,39.15167,-86.53878,78
200212,39.15203,-86.53876,79
200212,39.15223,-86.53876,80
200212,39.15252,-86.53875,81
200212,39.15299,-86.53873,82
200212,39.15331,-86.53873,83
200212,39.15338,-86.53873,84
200212,39.15381,-86.53872,85
200212,39.1539,-86.53872,86
200212,39.15418,-86.53872,87
200212,39.15454,-86.53873,88
200212,39.15488,-86.53873,89
200212,39.1556,-86.53872,90
200212,39.15596,-86.53871,91
200212,39.15629,-86.53871,92
200212,39.15637,-86.53871,93
200212,39.15655,-86.5387,94
200212,39.15702,-86.53869,95
200212,39.1571,-86.53869,96
200212,39.15747,-86.53868,97
200212,39.15776,-86.53868,98
200212,39.15835,-86.53867,99
200212,39.15879,-86.53867,100
200212,39.15889,-86.53867,101
200212,39.15892,-86.53867,102
200212,39.15898,-86.53867,103
200212,39.15921,-86.53867,104
200212,39.15941,-86.53867,105
200212,39.15941,-86.53815,106
200212,39.1594,-86.53795,107
200212,39.1594,-86.5378,108
200212,39.1594,-86.53722,109
200212,39.1594,-86.53714,110
200212,39.15939,-86.53681,111
200212,39.15939,-86.53653,112
200212,39.15938,-86.53629,113
200212,39.15986,-86.53629,114
200212,39.15997,-86.53629,115
200212,39.16028,-86.53629,116
200212,39.16136,-86.53629,117
200212,39.16136,-86.53617,118
200212,39.16135,-86.53605,119
200212,39.16134,-86.53558,120
200212,39.16134,-86.53546,121
200212,39.16134,-86.53494,122
200212,39.16134,-86.53491,123
200212,39.16137,-86.5348,124
200212,39.16137,-86.53447,125
200212,39.16137,-86.53431,126
200212,39.16137,-86.53414,127
200212,39.16138,-86.5339,128
200212,39.16138,-86.53365,129
200212,39.16169,-86.53365,130
200212,39.16187,-86.53365,131
200212,39.16192,-86.53365,132
200212,39.16285,-86.53364,133
200212,39.16335,-86.53364,134
200212,39.16393,-86.53364,135
200212,39.1641,-86.53364,136
200212,39.16408,-86.53237,137
200212,39.16366,-86.53237,138
200212,39.16146,-86.5324,139
200212,39.16138,-86.5324,140
200212,39.16138,-86.53282,141
200212,39.16138,-86.53295,142
200212,39.16138,-86.53302,143
200212,39.16138,-86.53365,144
200212,39.16137,-86.53414,145
200212,39.16137,-86.53431,146
200212,39.16137,-86.53469,147
200212,39.16137,-86.5348,148
200212,39.16142,-86.53493,149
200212,39.16134,-86.53494,150
200212,39.16119,-86.53495,151
200212,39.16085,-86.53496,152
200212,39.1608,-86.53496,153
200212,39.16031,-86.53497,154
200212,39.15996,-86.53497,155
200212,39.15971,-86.53498,156
200212,39.15939,-86.53497,157
200212,39.15939,-86.53522,158
200212,39.15939,-86.53566,159
200212,39.15939,-86.53599,160
200212,39.15939,-86.5362,161
200212,39.15938,-86.53629,162
200212,39.15939,-86.53653,163
200212,39.1594,-86.53714,164
200212,39.1594,-86.53722,165
200212,39.1594,-86.5378,166
200212,39.1594,-86.53795,167
200212,39.15941,-86.53815,168
200212,39.15941,-86.53867,169
200212,39.15898,-86.53867,170
200212,39.15892,-86.53867,171
200212,39.15889,-86.53867,172
200212,39.15879,-86.53867,173
200212,39.15835,-86.53867,174
200212,39.15747,-86.53868,175
200212,39.1571,-86.53869,176
200212,39.15702,-86.53869,177
200212,39.15655,-86.5387,178
200212,39.15637,-86.53871,179
200212,39.15629,-86.53871,180
200212,39.15596,-86.53871,181
200212,39.1556,-86.53872,182
200212,39.15488,-86.53873,183
200212,39.15454,-86.53873,184
200212,39.15418,-86.53872,185
200212,39.1539,-86.53872,186
200212,39.15381,-86.53872,187
200212,39.15331,-86.53873,188
200212,39.15299,-86.53873,189
200212,39.15252,-86.53875,190
200212,39.15223,-86.53876,191
200212,39.15203,-86.53876,192
200212,39.15167,-86.53878,193
200212,39.15152,-86.53878,194
200212,39.15114,-86.53879,195
200212,39.1506,-86.53881,196
200212,39.14999,-86.53881,197
200212,39.1497,-86.53881,198
200212,39.14898,-86.53882,199
200212,39.14808,-86.53884,200
200212,39.14736,-86.53885,201
200212,39.14697,-86.53886,202
200212,39.14661,-86.53886,203
200212,39.14636,-86.53887,204
200212,39.14607,-86.53887,205
200212,39.14606,-86.53902,206
200212,39.14606,-86.53906,207
200212,39.14605,-86.53909,208
200212,39.14604,-86.5391,209
200212,39.14604,-86.53911,210
200212,39.14603,-86.53913,211
200212,39.14602,-86.53915,212
200212,39.146,-86.53917,213
200212,39.14599,-86.53918,214
200212,39.14591,-86.53925,215
200212,39.14573,-86.53942,216
200212,39.14521,-86.53996,217
200212,39.14493,-86.54025,218
200212,39.14454,-86.54065,219
200212,39.14386,-86.54136,220
200212,39.1437,-86.54152,221
200212,39.14342,-86.54182,222
200212,39.14308,-86.54215,223
200212,39.14265,-86.54257,224
200212,39.14208,-86.54313,225
200212,39.14149,-86.54371,226
200212,39.14136,-86.54383,227
200212,39.14121,-86.54398,228
200212,39.14121,-86.5443,229
200212,39.14123,-86.54463,230
200212,39.14125,-86.54483,231
200212,39.14125,-86.54486,232
200212,39.14124,-86.54511,233
20027,39.14123,-86.54511,0
20027,39.14122,-86.54532,1
20027,39.14118,-86.54565,2
20027,39.14116,-86.54584,3
20027,39.14114,-86.54601,4
20027,39.14113,-86.54607,5
20027,39.14108,-86.54651,6
20027,39.14107,-86.54666,7
20027,39.14106,-86.5467,8
20027,39.14105,-86.54674,9
20027,39.14104,-86.54679,10
20027,39.14103,-86.54683,11
20027,39.14102,-86.54689,12
20027,39.14096,-86.54713,13
20027,39.14089,-86.5474,14
20027,39.14074,-86.5473,15
20027,39.14073,-86.5473,16
20027,39.14059,-86.54721,17
20027,39.14022,-86.54689,18
20027,39.14021,-86.54689,19
20027,39.14008,-86.5467,20
20027,39.14004,-86.54652,21
20027,39.14001,-86.5459,22
20027,39.14,-86.54557,23
20027,39.13999,-86.54534,24
20027,39.13999,-86.54531,25
20027,39.13998,-86.54511,26
20027,39.13995,-86.54483,27
20027,39.13994,-86.54413,28
20027,39.13993,-86.54317,29
20027,39.13991,-86.54204,30
20027,39.1399,-86.54154,31
20027,39.13988,-86.54091,32
20027,39.13986,-86.54047,33
20027,39.13986,-86.54036,34
20027,39.13984,-86.53983,35
20027,39.13982,-86.53926,36
20027,39.13981,-86.53889,37
20027,39.13981,-86.53866,38
20027,39.14022,-86.5387,39
20027,39.14088,-86.53878,40
20027,39.14123,-86.53881,41
20027,39.14144,-86.53884,42
20027,39.14159,-86.53886,43
20027,39.1416,-86.53886,44
20027,39.1417,-86.53887,45
20027,39.14172,-86.53887,46
20027,39.14195,-86.53889,47
20027,39.14217,-86.5389,48
20027,39.14227,-86.5389,49
20027,39.14245,-86.5389,50
20027,39.14255,-86.5389,51
20027,39.14272,-86.53891,52
20027,39.14299,-86.53891,53
20027,39.14306,-86.53891,54
20027,39.14313,-86.53891,55
20027,39.14343,-86.53891,56
20027,39.14367,-86.53891,57
20027,39.14419,-86.5389,58
20027,39.14426,-86.5389,59
20027,39.14451,-86.5389,60
20027,39.14523,-86.53888,61
20027,39.14553,-86.53888,62
20027,39.14574,-86.53887,63
20027,39.14607,-86.53887,64
20027,39.14636,-86.53887,65
20027,39.14661,-86.53886,66
20027,39.14697,-86.53886,67
20027,39.14713,-86.53885,68
20027,39.14736,-86.53885,69
20027,39.14808,-86.53884,70
20027,39.14898,-86.53882,71
20027,39.1497,-86.53881,72
20027,39.14999,-86.53881,73
20027,39.1506,-86.53881,74
20027,39.15111,-86.53879,75
20027,39.15114,-86.53879,76
20027,39.15152,-86.53878,77
20027,39.15167,-86.53878,78
20027,39.15203,-86.53876,79
20027,39.15223,-86.53876,80
20027,39.15252,-86.53875,81
20027,39.15299,-86.53873,82
20027,39.15331,-86.53873,83
20027,39.15338,-86.53873,84
20027,39.15381,-86.53872,85
20027,39.1539,-86.53872,86
20027,39.15418,-86.53872,87
20027,39.15454,-86.53873,88
20027,39.15488,-86.53873,89
20027,39.1556,-86.53872,90
20027,39.15596,-86.53871,91
20027,39.15629,-86.53871,92
20027,39.15637,-86.53871,93
20027,39.15655,-86.5387,94
20027,39.15702,-86.53869,95
20027,39.1571,-86.53869,96
20027,39.15747,-86.53868,97
20027,39.15776,-86.53868,98
20027,39.15835,-86.53867,99
20027,39.15879,-86.53867,100
20027,39.15889,-86.53867,101
20027,39.15892,-86.53867,102
20027,39.15898,-86.53867,103
20027,39.15921,-86.53867,104
20027,39.15941,-86.53867,105
20027,39.15941,-86.53815,106
20027,39.1594,-86.53795,107
20027,39.1594,-86.5378,108
20027,39.1594,-86.53722,109
20027,39.1594,-86.53714,110
20027,39.15939,-86.53681,111
20027,39.15939,-86.53653,112
20027,39.15938,-86.53629,113
20027,39.15986,-86.53629,114
20027,39.15997,-86.53629,115
20027,39.16028,-86.53629,116
20027,39.16136,-86.53629,117
20027,39.16136,-86.53617,118
20027,39.16135,-86.53605,119
20027,39.16134,-86.53558,120
20027,39.16134,-86.53546,121
20027,39.16134,-86.53494,122
20027,39.16134,-86.53491,123
20027,39.16137,-86.5348,124
20027,39.16137,-86.53447,125
20027,39.16137,-86.53431,126
20027,39.16137,-86.53414,127
20027,39.16138,-86.5339,128
20027,39.16138,-86.53365,129
20027,39.16169,-86.53365,130
20027,39.16187,-86.53365,131
20027,39.16192,-86.53365,132
20027,39.16285,-86.53364,133
20027,39.16335,-86.53364,134
20027,39.16393,-86.53364,135
20027,39.1641,-86.53364,136
20027,39.16408,-86.53237,137
20027,39.16366,-86.53237,138
20027,39.16146,-86.5324,139
20027,39.16138,-86.5324,140
20027,39.16138,-86.53282,141
20027,39.16138,-86.53295,142
20027,39.16138,-86.53302,143
20027,39.16138,-86.53365,144
20027,39.16137,-86.53414,145
20027,39.16137,-86.53431,146
20027,39.16137,-86.53469,147
20027,39.16137,-86.5348,148
20027,39.16142,-86.53493,149
20027,39.16134,-86.53494,150
20027,39.16119,-86.53495,151
20027,39.16085,-86.53496,152
20027,39.1608,-86.53496,153
20027,39.16031,-86.53497,154
20027,39.15996,-86.53497,155
20027,39.15971,-86.53498,156
20027,39.15939,-86.53497,157
20027,39.15939,-86.53522,158
20027,39.15939,-86.53566,159
20027,39.15939,-86.53599,160
20027,39.15939,-86.5362,161
20027,39.15938,-86.53629,162
20027,39.15939,-86.53653,163
20027,39.1594,-86.53714,164
20027,39.1594,-86.53722,165
20027,39.1594,-86.5378,166
20027,39.1594,-86.53795,167
20027,39.15941,-86.53815,168
20027,39.15941,-86.53867,169
20027,39.15898,-86.53867,170
20027,39.15892,-86.53867,171
20027,39.15889,-86.53867,172
20027,39.15879,-86.53867,173
20027,39.15835,-86.53867,174
20027,39.15747,-86.53868,175
20027,39.1571,-86.53869,176
20027,39.15702,-86.53869,177
20027,39.15655,-86.5387,178
20027,39.15637,-86.53871,179
20027,39.15629,-86.53871,180
20027,39.15596,-86.53871,181
20027,39.1556,-86.53872,182
20027,39.15488,-86.53873,183
20027,39.15454,-86.53873,184
20027,39.15418,-86.53872,185
20027,39.1539,-86.53872,186
20027,39.15381,-86.53872,187
20027,39.15331,-86.53873,188
20027,39.15299,-86.53873,189
20027,39.15252,-86.53875,190
20027,39.15223,-86.53876,191
20027,39.15203,-86.53876,192
20027,39.15167,-86.53878,193
20027,39.15152,-86.53878,194
20027,39.15114,-86.53879,195
20027,39.1506,-86.53881,196
20027,39.14999,-86.53881,197
20027,39.1497,-86.53881,198
20027,39.14898,-86.53882,199
20027,39.14808,-86.53884,200
20027,39.14736,-86.53885,201
20027,39.14697,-86.53886,202
20027,39.14661,-86.53886,203
20027,39.14636,-86.53887,204
20027,39.14607,-86.53887,205
20027,39.14606,-86.53902,206
20027,39.14606,-86.53906,207
20027,39.14605,-86.53909,208
20027,39.14604,-86.5391,209
20027,39.14604,-86.53911,210
20027,39.14603,-86.53913,211
20027,39.14602,-86.53915,212
20027,39.146,-86.53917,213
20027,39.14599,-86.53918,214
20027,39.14591,-86.53925,215
20027,39.14573,-86.53942,216
20027,39.14521,-86.53996,217
20027,39.14493,-86.54025,218
20027,39.14454,-86.54065,219
20027,39.14386,-86.54136,220
20027,39.1437,-86.54152,221
20027,39.14342,-86.54182,222
20027,39.14308,-86.54215,223
20027,39.14265,-86.54257,224
20027,39.14208,-86.54313,225
20027,39.14149,-86.54371,226
20027,39.14136,-86.54383,227
20027,39.14121,-86.54398,228
20027,39.14121,-86.5443,229
20027,39.14123,-86.54463,230
20027,39.14125,-86.54483,231
20027,39.14125,-86.54486,232
20027,39.14124,-86.54511,233
40021,39.13081,-86.52675,0
40021,39.13081,-86.52682,1
40021,39.13135,-86.52682,2
40021,39.13147,-86.52682,3
40021,39.13211,-86.52682,4
40021,39.13235,-86.52683,5
40021,39.13254,-86.52683,6
40021,39.13326,-86.52684,7
40021,39.13339,-86.52685,8
40021,39.1336,-86.52685,9
40021,39.13388,-86.52687,10
40021,39.1341,-86.52688,11
40021,39.13427,-86.52688,12
40021,39.13493,-86.52689,13
40021,39.13515,-86.52689,14
40021,39.13546,-86.52688,15
40021,39.13556,-86.52688,16
40021,39.13564,-86.52688,17
40021,39.13601,-86.52688,18
40021,39.13601,-86.52635,19
40021,39.13601,-86.52591,20
40021,39.13601,-86.5259,21
40021,39.13601,-86.52579,22
40021,39.13601,-86.52566,23
40021,39.136,-86.52558,24
40021,39.13599,-86.52523,25
40021,39.13598,-86.52489,26
40021,39.13597,-86.52451,27
40021,39.13597,-86.5239,28
40021,39.13597,-86.52315,29
40021,39.13598,-86.52278,30
40021,39.13598,-86.52236,31
40021,39.13599,-86.52196,32
40021,39.13599,-86.52152,33
40021,39.136,-86.52136,34
40021,39.136,-86.52114,35
40021,39.13597,-86.52107,36
40021,39.13597,-86.52061,37
40021,39.13597,-86.5204,38
40021,39.13597,-86.52022,39
40021,39.13597,-86.52006,40
40021,39.13596,-86.5199,41
40021,39.13596,-86.5197,42
40021,39.13595,-86.51932,43
40021,39.13595,-86.519,44
40021,39.13596,-86.51861,45
40021,39.13597,-86.51822,46
40021,39.13597,-86.51816,47
40021,39.13599,-86.51799,48
40021,39.13599,-86.51758,49
40021,39.13599,-86.51745,50
40021,39.13607,-86.51746,51
40021,39.13662,-86.51749,52
40021,39.13669,-86.5175,53
40021,39.13677,-86.51751,54
40021,39.13687,-86.51755,55
40021,39.13701,-86.51758,56
40021,39.13744,-86.51758,57
40021,39.13745,-86.51758,58
40021,39.13953,-86.5176,59
40021,39.13978,-86.5176,60
40021,39.13984,-86.5176,61
40021,39.14001,-86.51755,62
40021,39.14006,-86.51751,63
40021,39.14011,-86.51746,64
40021,39.14021,-86.51737,65
40021,39.14028,-86.51722,66
40021,39.14029,-86.51717,67
40021,39.14032,-86.51703,68
40021,39.14032,-86.51678,69
40021,39.14033,-86.51625,70
40021,39.14033,-86.51624,71
40021,39.14034,-86.51578,72
40021,39.14034,-86.51576,73
40021,39.14038,-86.51567,74
40021,39.14041,-86.51561,75
40021,39.14045,-86.51559,76
40021,39.14049,-86.51557,77
40021,39.14075,-86.51558,78
40021,39.14077,-86.51558,79
40021,39.141,-86.51558,80
40021,39.14102,-86.51544,81
40021,39.14102,-86.51543,82
40021,39.14103,-86.51538,83
40021,39.14102,-86.51537,84
40021,39.14102,-86.51536,85
40021,39.14115,-86.51526,86
40021,39.14129,-86.51517,87
40021,39.14148,-86.51507,88
40021,39.14155,-86.51503,89
40021,39.14165,-86.515,90
40021,39.1417,-86.51499,91
40021,39.14171,-86.51499,92
40021,39.1418,-86.51501,93
40021,39.14181,-86.51501,94
40021,39.14182,-86.51502,95
40021,39.14199,-86.51517,96
40021,39.1423,-86.51528,97
40021,39.14228,-86.51538,98
40021,39.14225,-86.51537,99
40021,39.14197,-86.51525,100
40021,39.14186,-86.51504,101
40021,39.14159,-86.51502,102
40021,39.14155,-86.51503,103
40021,39.14131,-86.51516,104
40021,39.14129,-86.51517,105
40021,39.14115,-86.51526,106
40021,39.14112,-86.51529,107
40021,39.14102,-86.51536,108
40021,39.14102,-86.51537,109
40021,39.14103,-86.51538,110
40021,39.14102,-86.51543,111
40021,39.141,-86.51558,112
40021,39.14103,-86.51559,113
40021,39.14105,-86.51559,114
40021,39.14114,-86.51561,115
40021,39.14124,-86.51566,116
40021,39.14151,-86.51582,117
40021,39.14177,-86.51598,118
40021,39.14219,-86.51615,119
40021,39.14222,-86.51616,120
40021,39.14299,-86.51653,121
40021,39.1432,-86.5173,122
40021,39.14323,-86.51733,123
40021,39.14331,-86.51739,124
40021,39.14345,-86.51739,125
40021,39.14403,-86.51738,126
40021,39.14428,-86.51741,127
40021,39.14446,-86.51743,128
40021,39.14464,-86.51742,129
40021,39.14477,-86.51741,130
40021,39.14482,-86.51741,131
40021,39.145,-86.51742,132
40021,39.14509,-86.51742,133
40021,39.14518,-86.51742,134
40021,39.14536,-86.51743,135
40021,39.14572,-86.51744,136
40021,39.1459,-86.51744,137
40021,39.14641,-86.51745,138
40021,39.14652,-86.51746,139
40021,39.14683,-86.51746,140
40021,39.14683,-86.51723,141
40021,39.14682,-86.51675,142
40021,39.14682,-86.51654,143
40021,39.14682,-86.51629,144
40021,39.14682,-86.51555,145
40021,39.14682,-86.51528,146
40021,39.14682,-86.51509,147
40021,39.14699,-86.51509,148
40021,39.14753,-86.5151,149
40021,39.14771,-86.51511,150
40021,39.14791,-86.51511,151
40021,39.14826,-86.51512,152
40021,39.14854,-86.51511,153
40021,39.14858,-86.51511,154
40021,39.14876,-86.51511,155
40021,39.14894,-86.51511,156
40021,39.14948,-86.51512,157
40021,39.14965,-86.51512,158
40021,39.14969,-86.51512,159
40021,39.14995,-86.51512,160
40021,39.15001,-86.51512,161
40021,39.15034,-86.51513,162
40021,39.15037,-86.51512,163
40021,39.15055,-86.51512,164
40021,39.15055,-86.51465,165
40021,39.15054,-86.51429,166
40021,39.15054,-86.51396,167
40021,39.15053,-86.5135,168
40021,39.15053,-86.51332,169
40021,39.15052,-86.51318,170
40021,39.15052,-86.51308,171
40021,39.15052,-86.51302,172
40021,39.15052,-86.51285,173
40021,39.15051,-86.51279,174
40021,39.15051,-86.51256,175
40021,39.15051,-86.51252,176
40021,39.1505,-86.51169,177
40021,39.1505,-86.51142,178
40021,39.1505,-86.51106,179
40021,39.1505,-86.51095,180
40021,39.1505,-86.51023,181
40021,39.15049,-86.50979,182
40021,39.15049,-86.50954,183
40021,39.15049,-86.50912,184
40021,39.15049,-86.50898,185
40021,39.15049,-86.50889,186
40021,39.15048,-86.50883,187
40021,39.15048,-86.50862,188
40021,39.15047,-86.50842,189
40021,39.15086,-86.50843,190
40021,39.15091,-86.50843,191
40021,39.15107,-86.50843,192
40021,39.15122,-86.50843,193
40021,39.15135,-86.50843,194
40021,39.15189,-86.50843,195
40021,39.15225,-86.50844,196
40021,39.15261,-86.50844,197
40021,39.15309,-86.50844,198
40021,39.15327,-86.50844,199
40021,39.15363,-86.50843,200
40021,39.15383,-86.50844,201
40021,39.15419,-86.50844,202
40021,39.15462,-86.50845,203
40021,39.15477,-86.50845,204
40021,39.15549,-86.50845,205
40021,39.15664,-86.50845,206
40021,39.15707,-86.50845,207
40021,39.1574,-86.50845,208
40021,39.15779,-86.50846,209
40021,39.15778,-86.50925,210
40021,39.15778,-86.50926,211
40021,39.15779,-86.51201,212
40021,39.1578,-86.51252,213
40021,39.1578,-86.51264,214
40021,39.1578,-86.51282,215
40021,39.1578,-86.51305,216
40021,39.1578,-86.51375,217
40021,39.1578,-86.51407,218
40021,39.15781,-86.51421,219
40021,39.15781,-86.51457,220
40021,39.15801,-86.51468,221
40021,39.15831,-86.51484,222
40021,39.15857,-86.51502,223
40021,39.15889,-86.5153,224
40021,39.15908,-86.51571,225
40021,39.15926,-86.51634,226
40021,39.1606,-86.51638,227
40021,39.16206,-86.51639,228
40021,39.16309,-86.5164,229
40021,39.16366,-86.5164,230
40021,39.16376,-86.5164,231
40021,39.16399,-86.5164,232
40021,39.16426,-86.5164,233
40021,39.16427,-86.51666,234
40021,39.16427,-86.51693,235
40021,39.16427,-86.51702,236
40021,39.16427,-86.51714,237
40021,39.16427,-86.51739,238
40021,39.16427,-86.51774,239
40021,39.16427,-86.51784,240
40021,39.16426,-86.51828,241
40021,39.16426,-86.51875,242
40021,39.16426,-86.51913,243
40021,39.16426,-86.51921,244
40021,39.16426,-86.51932,245
40021,39.16426,-86.51955,246
40021,39.16426,-86.51968,247
40021,39.16426,-86.51969,248
40021,39.16426,-86.52008,249
40021,39.16425,-86.52069,250
40021,39.16425,-86.52106,251
40021,39.16425,-86.52112,252
40021,39.16425,-86.52162,253
40021,39.16425,-86.52191,254
40021,39.16425,-86.52205,255
40021,39.16426,-86.52228,256
40021,39.16426,-86.52262,257
40021,39.16426,-86.52268,258
40021,39.16426,-86.52279,259
40021,39.16426,-86.52302,260
40021,39.16426,-86.52333,261
40021,39.16426,-86.52346,262
40021,39.16426,-86.52355,263
40021,39.16426,-86.52365,264
40021,39.16426,-86.52387,265
40021,39.16427,-86.5242,266
40021,39.16427,-86.52497,267
40021,39.16428,-86.52531,268
40021,39.16428,-86.52555,269
40021,39.16428,-86.52587,270
40021,39.16428,-86.52606,271
40021,39.16428,-86.52614,272
40021,39.16429,-86.52624,273
40021,39.1643,-86.52668,274
40021,39.1643,-86.52682,275
40021,39.1643,-86.5269,276
40021,39.16446,-86.52689,277
40021,39.16471,-86.5269,278
40021,39.16499,-86.5269,279
40021,39.16554,-86.52691,280
40021,39.16561,-86.52691,281
40021,39.16605,-86.52691,282
40021,39.16637,-86.52692,283
40021,39.16655,-86.52693,284
40021,39.16655,-86.52743,285
40021,39.16655,-86.52745,286
40021,39.16654,-86.52782,287
40021,39.16655,-86.52824,288
40021,39.16655,-86.52917,289
40021,39.16656,-86.5298,290
40021,39.16656,-86.53015,291
40021,39.16656,-86.53044,292
40021,39.16657,-86.53109,293
40021,39.16657,-86.53171,294
40021,39.16657,-86.53234,295
40021,39.16608,-86.53235,296
40021,39.16573,-86.53235,297
40021,39.16558,-86.53236,298
40021,39.16508,-86.53236,299
40021,39.16495,-86.53236,300
40021,39.16459,-86.53237,301
40021,39.16445,-86.53237,302
40021,39.1641,-86.53237,303
40021,39.16409,-86.53363,304
40021,39.16448,-86.53364,305
40021,39.16456,-86.53364,306
40021,39.16455,-86.53339,307
40021,39.16455,-86.53301,308
40021,39.16459,-86.53295,309
40021,39.16459,-86.53276,310
40021,39.16459,-86.53237,311
40021,39.16459,-86.53193,312
40021,39.1646,-86.53179,313
40021,39.16459,-86.53152,314
40021,39.16459,-86.53109,315
40021,39.16459,-86.53068,316
40021,39.16458,-86.53063,317
40021,39.16457,-86.52982,318
40021,39.16457,-86.52918,319
40021,39.16457,-86.52892,320
40021,39.16457,-86.52886,321
40021,39.16457,-86.52874,322
40021,39.16456,-86.52863,323
40021,39.16456,-86.5286,324
40021,39.16455,-86.52856,325
40021,39.16454,-86.52853,326
40021,39.16453,-86.5285,327
40021,39.16452,-86.52846,328
40021,39.16448,-86.52837,329
40021,39.16442,-86.52822,330
40021,39.16429,-86.52821,331
40021,39.16421,-86.52821,332
40021,39.16411,-86.5282,333
40021,39.16372,-86.52819,334
40021,39.16356,-86.52816,335
40021,39.16346,-86.52813,336
40021,39.1634,-86.52809,337
40021,39.16333,-86.52803,338
40021,39.16328,-86.52796,339
40021,39.16326,-86.52792,340
40021,39.16325,-86.5279,341
40021,39.16323,-86.52784,342
40021,39.1632,-86.52775,343
40021,39.16318,-86.52765,344
40021,39.16317,-86.5276,345
40021,39.16316,-86.52755,346
40021,39.16315,-86.52744,347
40021,39.16315,-86.52734,348
40021,39.16315,-86.52725,349
40021,39.16315,-86.52679,350
40021,39.16314,-86.52657,351
40021,39.16314,-86.52604,352
40021,39.16314,-86.52588,353
40021,39.16314,-86.52532,354
40021,39.16313,-86.52516,355
40021,39.16313,-86.52419,356
40021,39.16313,-86.52402,357
40021,39.16312,-86.52372,358
40021,39.16312,-86.52337,359
40021,39.16312,-86.52263,360
40021,39.16311,-86.52176,361
40021,39.16311,-86.52154,362
40021,39.16311,-86.52106,363
40021,39.1631,-86.52019,364
40021,39.16309,-86.51991,365
40021,39.16309,-86.51975,366
40021,39.16309,-86.51912,367
40021,39.16309,-86.51897,368
40021,39.16308,-86.51852,369
40021,39.16308,-86.51794,370
40021,39.16308,-86.5179,371
40021,39.16307,-86.51772,372
40021,39.16307,-86.51726,373
40021,39.16307,-86.51699,374
40021,39.16306,-86.51662,375
40021,39.16305,-86.51643,376
40021,39.16289,-86.51641,377
40021,39.16116,-86.5164,378
40021,39.15927,-86.51636,379
40021,39.15918,-86.51595,380
40021,39.15911,-86.51578,381
40021,39.15891,-86.51536,382
40021,39.15855,-86.51503,383
40021,39.15815,-86.51478,384
40021,39.15782,-86.5146,385
40021,39.15779,-86.51384,386
40021,39.15776,-86.51011,387
40021,39.15777,-86.50854,388
40021,39.15772,-86.50849,389
40021,39.15741,-86.50849,390
40021,39.15628,-86.50849,391
40021,39.15539,-86.50849,392
40021,39.15409,-86.50846,393
40021,39.15355,-86.50847,394
40021,39.15196,-86.50846,395
40021,39.15073,-86.50845,396
40021,39.15052,-86.50844,397
40021,39.15049,-86.50851,398
40021,39.15052,-86.50956,399
40021,39.15052,-86.5114,400
40021,39.15054,-86.51278,401
40021,39.15058,-86.51496,402
40021,39.15058,-86.51507,403
40021,39.15043,-86.51514,404
40021,39.14949,-86.51513,405
40021,39.14847,-86.51514,406
40021,39.14767,-86.51512,407
40021,39.14687,-86.51511,408
40021,39.14683,-86.51518,409
40021,39.14683,-86.51585,410
40021,39.14683,-86.51652,411
40021,39.14684,-86.51734,412
40021,39.14685,-86.51741,413
40021,39.14675,-86.51748,414
40021,39.14597,-86.51745,415
40021,39.14478,-86.51742,416
40021,39.14446,-86.51744,417
40021,39.144,-86.51739,418
40021,39.14342,-86.51741,419
40021,39.14326,-86.51738,420
40021,39.143,-86.51656,421
40021,39.14256,-86.51627,422
40021,39.14202,-86.51607,423
40021,39.14147,-86.51579,424
40021,39.14107,-86.51558,425
40021,39.14101,-86.51557,426
40021,39.14102,-86.51538,427
40021,39.14125,-86.51521,428
40021,39.14169,-86.51498,429
40021,39.14178,-86.51499,430
40021,39.14192,-86.5151,431
40021,39.14199,-86.51515,432
40021,39.14229,-86.51528,433
40021,39.14203,-86.51527,434
40021,39.14193,-86.51516,435
40021,39.14181,-86.515,436
40021,39.14154,-86.51504,437
40021,39.14103,-86.51536,438
40021,39.14099,-86.51557,439
40021,39.14062,-86.51557,440
40021,39.14048,-86.51556,441
40021,39.1404,-86.51564,442
40021,39.14033,-86.51584,443
40021,39.14033,-86.51669,444
40021,39.14033,-86.51703,445
40021,39.14026,-86.51727,446
40021,39.14002,-86.51753,447
40021,39.13985,-86.51758,448
40021,39.13913,-86.51761,449
40021,39.13798,-86.51761,450
40021,39.13708,-86.5176,451
40021,39.13675,-86.5175,452
40021,39.13603,-86.51748,453
40021,39.13596,-86.51727,454
40021,39.13596,-86.51619,455
40021,39.13596,-86.51592,456
40021,39.13558,-86.51592,457
40021,39.13422,-86.51594,458
40021,39.13401,-86.51598,459
40021,39.13277,-86.5163,460
40021,39.13137,-86.51674,461
40021,39.13096,-86.51711,462
40021,39.13078,-86.51745,463
40021,39.13072,-86.51782,464
40021,39.1307,-86.51834,465
40021,39.13073,-86.51971,466
40021,39.13084,-86.52036,467
40021,39.13093,-86.5215,468
40021,39.13085,-86.52213,469
40021,39.13065,-86.52323,470
40021,39.13065,-86.52472,471
40021,39.1307,-86.52563,472
40021,39.13079,-86.52676,473
400223,39.13081,-86.52675,0
400223,39.13081,-86.52682,1
400223,39.13135,-86.52682,2
400223,39.13147,-86.52682,3
400223,39.13211,-86.52682,4
400223,39.13235,-86.52683,5
400223,39.13254,-86.52683,6
400223,39.13326,-86.52684,7
400223,39.13339,-86.52685,8
400223,39.1336,-86.52685,9
400223,39.13388,-86.52687,10
400223,39.1341,-86.52688,11
400223,39.13427,-86.52688,12
400223,39.13493,-86.52689,13
400223,39.13515,-86.52689,14
400223,39.13546,-86.52688,15
400223,39.13556,-86.52688,16
400223,39.13564,-86.52688,17
400223,39.13601,-86.52688,18
400223,39.13601,-86.52635,19
400223,39.13601,-86.52591,20
400223,39.13601,-86.5259,21
400223,39.13601,-86.52579,22
400223,39.13601,-86.52566,23
400223,39.136,-86.52558,24
400223,39.13599,-86.52523,25
400223,39.13598,-86.52489,26
400223,39.13597,-86.52451,27
400223,39.13597,-86.5239,28
400223,39.13597,-86.52315,29
400223,39.13598,-86.52278,30
400223,39.13598,-86.52236,31
400223,39.13599,-86.52196,32
400223,39.13599,-86.52152,33
400223,39.136,-86.52136,34
400223,39.136,-86.52114,35
400223,39.13597,-86.52107,36
400223,39.13597,-86.52061,37
400223,39.13597,-86.5204,38
400223,39.13597,-86.52022,39
400223,39.13597,-86.52006,40
400223,39.13596,-86.5199,41
400223,39.13596,-86.5197,42
400223,39.13595,-86.51932,43
400223,39.13595,-86.519,44
400223,39.13596,-86.51861,45
400223,39.13597,-86.51822,46
400223,39.13597,-86.51816,47
400223,39.13599,-86.51799,48
400223,39.13599,-86.51758,49
400223,39.13599,-86.51745,50
400223,39.13607,-86.51746,51
400223,39.13662,-86.51749,52
400223,39.13669,-86.5175,53
400223,39.13677,-86.51751,54
400223,39.13687,-86.51755,55
400223,39.13701,-86.51758,56
400223,39.13744,-86.51758,57
400223,39.13745,-86.51758,58
400223,39.13953,-86.5176,59
400223,39.13978,-86.5176,60
400223,39.13984,-86.5176,61
400223,39.14001,-86.51755,62
400223,39.14006,-86.51751,63
400223,39.14011,-86.51746,64
400223,39.14021,-86.51737,65
400223,39.14028,-86.51722,66
400223,39.14029,-86.51717,67
400223,39.14032,-86.51703,68
400223,39.14032,-86.51678,69
400223,39.14033,-86.51625,70
400223,39.14033,-86.51624,71
400223,39.14034,-86.51578,72
400223,39.14034,-86.51576,73
400223,39.14038,-86.51567,74
400223,39.14041,-86.51561,75
400223,39.14045,-86.51559,76
400223,39.14049,-86.51557,77
400223,39.14075,-86.51558,78
400223,39.14077,-86.51558,79
400223,39.141,-86.51558,80
400223,39.14102,-86.51544,81
400223,39.14102,-86.51543,82
400223,39.14103,-86.51538,83
400223,39.14102,-86.51537,84
400223,39.14102,-86.51536,85
400223,39.14115,-86.51526,86
400223,39.14129,-86.51517,87
400223,39.14148,-86.51507,88
400223,39.14155,-86.51503,89
400223,39.14165,-86.515,90
400223,39.1417,-86.51499,91
400223,39.14171,-86.51499,92
400223,39.1418,-86.51501,93
400223,39.14181,-86.51501,94
400223,39.14182,-86.51502,95
400223,39.14199,-86.51517,96
400223,39.1423,-86.51528,97
400223,39.14228,-86.51538,98
400223,39.14225,-86.51537,99
400223,39.14197,-86.51525,100
400223,39.14186,-86.51504,101
400223,39.14159,-86.51502,102
400223,39.14155,-86.51503,103
400223,39.14131,-86.51516,104
400223,39.14129,-86.51517,105
400223,39.14115,-86.51526,106
400223,39.14112,-86.51529,107
400223,39.14102,-86.51536,108
400223,39.14102,-86.51537,109
400223,39.14103,-86.51538,110
400223,39.14102,-86.51543,111
400223,39.141,-86.51558,112
400223,39.14103,-86.51559,113
400223,39.14105,-86.51559,114
400223,39.14114,-86.51561,115
400223,39.14124,-86.51566,116
400223,39.14151,-86.51582,117
400223,39.14177,-86.51598,118
400223,39.14219,-86.51615,119
400223,39.14222,-86.51616,120
400223,39.14299,-86.51653,121
400223,39.1432,-86.5173,122
400223,39.14323,-86.51733,123
400223,39.14331,-86.51739,124
400223,39.14345,-86.51739,125
400223,39.14403,-86.51738,126
400223,39.14428,-86.51741,127
400223,39.14446,-86.51743,128
400223,39.14464,-86.51742,129
400223,39.14477,-86.51741,130
400223,39.14482,-86.51741,131
400223,39.145,-86.51742,132
400223,39.14509,-86.51742,133
400223,39.14518,-86.51742,134
400223,39.14536,-86.51743,135
400223,39.14572,-86.51744,136
400223,39.1459,-86.51744,137
400223,39.14641,-86.51745,138
400223,39.14652,-86.51746,139
400223,39.14683,-86.51746,140
400223,39.14683,-86.51723,141
400223,39.14682,-86.51675,142
400223,39.14682,-86.51654,143
400223,39.14682,-86.51629,144
400223,39.14682,-86.51555,145
400223,39.14682,-86.51528,146
400223,39.14682,-86.51509,147
400223,39.14699,-86.51509,148
400223,39.14753,-86.5151,149
400223,39.14771,-86.51511,150
400223,39.14791,-86.51511,151
400223,39.14826,-86.51512,152
400223,39.14854,-86.51511,153
400223,39.14858,-86.51511,154
400223,39.14876,-86.51511,155
400223,39.14894,-86.51511,156
400223,39.14948,-86.51512,157
400223,39.14965,-86.51512,158
400223,39.14969,-86.51512,159
400223,39.14995,-86.51512,160
400223,39.15001,-86.51512,161
400223,39.15034,-86.51513,162
400223,39.15037,-86.51512,163
400223,39.15055,-86.51512,164
400223,39.15055,-86.51465,165
400223,39.15054,-86.51429,166
400223,39.15054,-86.51396,167
400223,39.15053,-86.5135,168
400223,39.15053,-86.51332,169
400223,39.15052,-86.51318,170
400223,39.15052,-86.51308,171
400223,39.15052,-86.51302,172
400223,39.15052,-86.51285,173
400223,39.15051,-86.51279,174
400223,39.15051,-86.51256,175
400223,39.15051,-86.51252,176
400223,39.1505,-86.51169,177
400223,39.1505,-86.51142,178
400223,39.1505,-86.51106,179
400223,39.1505,-86.51095,180
400223,39.1505,-86.51023,181
400223,39.15049,-86.50979,182
400223,39.15049,-86.50954,183
400223,39.15049,-86.50912,184
400223,39.15049,-86.50898,185
400223,39.15049,-86.50889,186
400223,39.15048,-86.50883,187
400223,39.15048,-86.50862,188
400223,39.15047,-86.50842,189
400223,39.15086,-86.50843,190
400223,39.15091,-86.50843,191
400223,39.15107,-86.50843,192
400223,39.15122,-86.50843,193
400223,39.15135,-86.50843,194
400223,39.15189,-86.50843,195
400223,39.15225,-86.50844,196
400223,39.15261,-86.50844,197
400223,39.15309,-86.50844,198
400223,39.15327,-86.50844,199
400223,39.15363,-86.50843,200
400223,39.15383,-86.50844,201
400223,39.15419,-86.50844,202
400223,39.15462,-86.50845,203
400223,39.15477,-86.50845,204
400223,39.15549,-86.50845,205
400223,39.15664,-86.50845,206
400223,39.15707,-86.50845,207
400223,39.1574,-86.50845,208
400223,39.15779,-86.50846,209
400223,39.15778,-86.50925,210
400223,39.15778,-86.50926,211
400223,39.15779,-86.51201,212
400223,39.1578,-86.51252,213
400223,39.1578,-86.51264,214
400223,39.1578,-86.51282,215
400223,39.1578,-86.51305,216
400223,39.1578,-86.51375,217
400223,39.1578,-86.51407,218
400223,39.15781,-86.51421,219
400223,39.15781,-86.51457,220
400223,39.15801,-86.51468,221
400223,39.15831,-86.51484,222
400223,39.15857,-86.51502,223
400223,39.15889,-86.5153,224
400223,39.15908,-86.51571,225
400223,39.15926,-86.51634,226
400223,39.1606,-86.51638,227
400223,39.16206,-86.51639,228
400223,39.16309,-86.5164,229
400223,39.16366,-86.5164,230
400223,39.16376,-86.5164,231
400223,39.16399,-86.5164,232
400223,39.16426,-86.5164,233
400223,39.16427,-86.51666,234
400223,39.16427,-86.51693,235
400223,39.16427,-86.51702,236
400223,39.16427,-86.51714,237
400223,39.16427,-86.51739,238
400223,39.16427,-86.51774,239
400223,39.16427,-86.51784,240
400223,39.16426,-86.51828,241
400223,39.16426,-86.51875,242
400223,39.16426,-86.51913,243
400223,39.16426,-86.51921,244
400223,39.16426,-86.51932,245
400223,39.16426,-86.51955,246
400223,39.16426,-86.51968,247
400223,39.16426,-86.51969,248
400223,39.16426,-86.52008,249
400223,39.16425,-86.52069,250
400223,39.16425,-86.52106,251
400223,39.16425,-86.52112,252
400223,39.16425,-86.52162,253
400223,39.16425,-86.52191,254
400223,39.16425,-86.52205,255
400223,39.16426,-86.52228,256
400223,39.16426,-86.52262,257
400223,39.16426,-86.52268,258
400223,39.16426,-86.52279,259
400223,39.16426,-86.52302,260
400223,39.16426,-86.52333,261
400223,39.16426,-86.52346,262
400223,39.16426,-86.52355,263
400223,39.16426,-86.52365,264
400223,39.16426,-86.52387,265
400223,39.16427,-86.5242,266
400223,39.16427,-86.52497,267
400223,39.16428,-86.52531,268
400223,39.16428,-86.52555,269
400223,39.16428,-86.52587,270
400223,39.16428,-86.52606,271
400223,39.16428,-86.52614,272
400223,39.16429,-86.52624,273
400223,39.1643,-86.52668,274
400223,39.1643,-86.52682,275
400223,39.1643,-86.5269,276
400223,39.16446,-86.52689,277
400223,39.16471,-86.5269,278
400223,39.16499,-86.5269,279
400223,39.16554,-86.52691,280
400223,39.16561,-86.52691,281
400223,39.16605,-86.52691,282
400223,39.16637,-86.52692,283
400223,39.16655,-86.52693,284
400223,39.16655,-86.52743,285
400223,39.16655,-86.52745,286
400223,39.16654,-86.52782,287
400223,39.16655,-86.52824,288
400223,39.16655,-86.52917,289
400223,39.16656,-86.5298,290
400223,39.16656,-86.53015,291
400223,39.16656,-86.53044,292
400223,39.16657,-86.53109,293
400223,39.16657,-86.53171,294
400223,39.16657,-86.53234,295
400223,39.16608,-86.53235,296
400223,39.16573,-86.53235,297
400223,39.16558,-86.53236,298
400223,39.16508,-86.53236,299
400223,39.16495,-86.53236,300
400223,39.16459,-86.53237,301
400223,39.16445,-86.53237,302
400223,39.1641,-86.53237,303
400223,39.16409,-86.53363,304
400223,39.16448,-86.53364,305
400223,39.16456,-86.53364,306
400223,39.16455,-86.53339,307
400223,39.16455,-86.53301,308
400223,39.16459,-86.53295,309
400223,39.16459,-86.53276,310
400223,39.16459,-86.53237,311
400223,39.16459,-86.53193,312
400223,39.1646,-86.53179,313
400223,39.16459,-86.53152,314
400223,39.16459,-86.53109,315
400223,39.16459,-86.53068,316
400223,39.16458,-86.53063,317
400223,39.16457,-86.52982,318
400223,39.16457,-86.52918,319
400223,39.16457,-86.52892,320
400223,39.16457,-86.52886,321
400223,39.16457,-86.52874,322
400223,39.16456,-86.52863,323
400223,39.16456,-86.5286,324
400223,39.16455,-86.52856,325
400223,39.16454,-86.52853,326
400223,39.16453,-86.5285,327
400223,39.16452,-86.52846,328
400223,39.16448,-86.52837,329
400223,39.16442,-86.52822,330
400223,39.16429,-86.52821,331
400223,39.16421,-86.52821,332
400223,39.16411,-86.5282,333
400223,39.16372,-86.52819,334
400223,39.16356,-86.52816,335
400223,39.16346,-86.52813,336
400223,39.1634,-86.52809,337
400223,39.16333,-86.52803,338
400223,39.16328,-86.52796,339
400223,39.16326,-86.52792,340
400223,39.16325,-86.5279,341
400223,39.16323,-86.52784,342
400223,39.1632,-86.52775,343
400223,39.16318,-86.52765,344
400223,39.16317,-86.5276,345
400223,39.16316,-86.52755,346
400223,39.16315,-86.52744,347
400223,39.16315,-86.52734,348
400223,39.16315,-86.52725,349
400223,39.16315,-86.52679,350
400223,39.16314,-86.52657,351
400223,39.16314,-86.52604,352
400223,39.16314,-86.52588,353
400223,39.16314,-86.52532,354
400223,39.16313,-86.52516,355
400223,39.16313,-86.52419,356
400223,39.16313,-86.52402,357
400223,39.16312,-86.52372,358
400223,39.16312,-86.52337,359
400223,39.16312,-86.52263,360
400223,39.16311,-86.52176,361
400223,39.16311,-86.52154,362
400223,39.16311,-86.52106,363
400223,39.1631,-86.52019,364
400223,39.16309,-86.51991,365
400223,39.16309,-86.51975,366
400223,39.16309,-86.51912,367
400223,39.16309,-86.51897,368
400223,39.16308,-86.51852,369
400223,39.16308,-86.51794,370
400223,39.16308,-86.5179,371
400223,39.16307,-86.51772,372
400223,39.16307,-86.51726,373
400223,39.16307,-86.51699,374
400223,39.16306,-86.51662,375
400223,39.16305,-86.51643,376
400223,39.16289,-86.51641,377
400223,39.16116,-86.5164,378
400223,39.15927,-86.51636,379
400223,39.15918,-86.51595,380
400223,39.15911,-86.51578,381
400223,39.15891,-86.51536,382
400223,39.15855,-86.51503,383
400223,39.15815,-86.51478,384
400223,39.15782,-86.5146,385
400223,39.15779,-86.51384,386
400223,39.15776,-86.51011,387
400223,39.15777,-86.50854,388
400223,39.15772,-86.50849,389
400223,39.15741,-86.50849,390
400223,39.15628,-86.50849,391
400223,39.15539,-86.50849,392
400223,39.15409,-86.50846,393
400223,39.15355,-86.50847,394
400223,39.15196,-86.50846,395
400223,39.15073,-86.50845,396
400223,39.15052,-86.50844,397
400223,39.15049,-86.50851,398
400223,39.15052,-86.50956,399
400223,39.15052,-86.5114,400
400223,39.15054,-86.51278,401
400223,39.15058,-86.51496,402
400223,39.15058,-86.51507,403
400223,39.15043,-86.51514,404
400223,39.14949,-86.51513,405
400223,39.14847,-86.51514,406
400223,39.14767,-86.51512,407
400223,39.14687,-86.51511,408
400223,39.14683,-86.51518,409
400223,39.14683,-86.51585,410
400223,39.14683,-86.51652,411
400223,39.14684,-86.51734,412
400223,39.14685,-86.51741,413
400223,39.14675,-86.51748,414
400223,39.14597,-86.51745,415
400223,39.14478,-86.51742,416
400223,39.14446,-86.51744,417
400223,39.144,-86.51739,418
400223,39.14342,-86.51741,419
400223,39.14326,-86.51738,420
400223,39.143,-86.51656,421
400223,39.14256,-86.51627,422
400223,39.14202,-86.51607,423
400223,39.14147,-86.51579,424
400223,39.14107,-86.51558,425
400223,39.14101,-86.51557,426
400223,39.14102,-86.51538,427
400223,39.14125,-86.51521,428
400223,39.14169,-86.51498,429
400223,39.14178,-86.51499,430
400223,39.14192,-86.5151,431
400223,39.14199,-86.51515,432
400223,39.14229,-86.51528,433
400223,39.14203,-86.51527,434
400223,39.14193,-86.51516,435
400223,39.14181,-86.515,436
400223,39.14154,-86.51504,437
400223,39.14103,-86.51536,438
400223,39.14099,-86.51557,439
400223,39.14062,-86.51557,440
400223,39.14048,-86.51556,441
400223,39.1404,-86.51564,442
400223,39.14033,-86.51584,443
400223,39.14033,-86.51669,444
400223,39.14033,-86.51703,445
400223,39.14026,-86.51727,446
400223,39.14002,-86.51753,447
400223,39.13985,-86.51758,448
400223,39.13913,-86.51761,449
400223,39.13798,-86.51761,450
400223,39.13708,-86.5176,451
400223,39.13675,-86.5175,452
400223,39.13603,-86.51748,453
400223,39.13596,-86.51727,454
400223,39.13596,-86.51619,455
400223,39.13596,-86.51592,456
400223,39.13558,-86.51592,457
400223,39.13422,-86.51594,458
400223,39.13401,-86.51598,459
400223,39.13277,-86.5163,460
400223,39.13137,-86.51674,461
400223,39.13096,-86.51711,462
400223,39.13078,-86.51745,463
400223,39.13072,-86.51782,464
400223,39.1307,-86.51834,465
400223,39.13073,-86.51971,466
400223,39.13084,-86.52036,467
400223,39.13093,-86.5215,468
400223,39.13085,-86.52213,469
400223,39.13065,-86.52323,470
400223,39.13065,-86.52472,471
400223,39.1307,-86.52563,472
400223,39.13079,-86.52676,473
40025,39.13081,-86.52675,0
40025,39.13081,-86.52682,1
40025,39.13135,-86.52682,2
40025,39.13147,-86.52682,3
40025,39.13211,-86.52682,4
40025,39.13235,-86.52683,5
40025,39.13254,-86.52683,6
40025,39.13326,-86.52684,7
40025,39.13339,-86.52685,8
40025,39.1336,-86.52685,9
40025,39.13388,-86.52687,10
40025,39.1341,-86.52688,11
40025,39.13427,-86.52688,12
40025,39.13493,-86.52689,13
40025,39.13515,-86.52689,14
40025,39.13546,-86.52688,15
40025,39.13556,-86.52688,16
40025,39.13564,-86.52688,17
40025,39.13601,-86.52688,18
40025,39.13601,-86.52635,19
40025,39.13601,-86.52591,20
40025,39.13601,-86.5259,21
40025,39.13601,-86.52579,22
40025,39.13601,-86.52566,23
40025,39.136,-86.52558,24
40025,39.13599,-86.52523,25
40025,39.13598,-86.52489,26
40025,39.13597,-86.52451,27
40025,39.13597,-86.5239,28
40025,39.13597,-86.52315,29
40025,39.13598,-86.52278,30
40025,39.13598,-86.52236,31
40025,39.13599,-86.52196,32
40025,39.13599,-86.52152,33
40025,39.136,-86.52136,34
40025,39.136,-86.52114,35
40025,39.13597,-86.52107,36
40025,39.13597,-86.52061,37
40025,39.13597,-86.5204,38
40025,39.13597,-86.52022,39
40025,39.13597,-86.52006,40
40025,39.13596,-86.5199,41
40025,39.13596,-86.5197,42
40025,39.13595,-86.51932,43
40025,39.13595,-86.519,44
40025,39.13596,-86.51861,45
40025,39.13597,-86.51822,46
40025,39.13597,-86.51816,47
40025,39.13599,-86.51799,48
40025,39.13599,-86.51758,49
40025,39.13599,-86.51745,50
40025,39.13607,-86.51746,51
40025,39.13662,-86.51749,52
40025,39.13669,-86.5175,53
40025,39.13677,-86.51751,54
40025,39.13687,-86.51755,55
40025,39.13701,-86.51758,56
40025,39.13744,-86.51758,57
40025,39.13745,-86.51758,58
40025,39.13953,-86.5176,59
40025,39.13978,-86.5176,60
40025,39.13984,-86.5176,61
40025,39.14001,-86.51755,62
40025,39.14006,-86.51751,63
40025,39.14011,-86.51746,64
40025,39.14021,-86.51737,65
40025,39.14028,-86.51722,66
40025,39.14029,-86.51717,67
40025,39.14032,-86.51703,68
40025,39.14032,-86.51678,69
40025,39.14033,-86.51625,70
40025,39.14033,-86.51624,71
40025,39.14034,-86.51578,72
40025,39.14034,-86.51576,73
40025,39.14038,-86.51567,74
40025,39.14041,-86.51561,75
40025,39.14045,-86.51559,76
40025,39.14049,-86.51557,77
40025,39.14075,-86.51558,78
40025,39.14077,-86.51558,79
40025,39.141,-86.51558,80
40025,39.14102,-86.51544,81
40025,39.14102,-86.51543,82
40025,39.14103,-86.51538,83
40025,39.14102,-86.51537,84
40025,39.14102,-86.51536,85
40025,39.14115,-86.51526,86
40025,39.14129,-86.51517,87
40025,39.14148,-86.51507,88
40025,39.14155,-86.51503,89
40025,39.14165,-86.515,90
40025,39.1417,-86.51499,91
40025,39.14171,-86.51499,92
40025,39.1418,-86.51501,93
40025,39.14181,-86.51501,94
40025,39.14182,-86.51502,95
40025,39.14199,-86.51517,96
40025,39.1423,-86.51528,97
40025,39.14228,-86.51538,98
40025,39.14225,-86.51537,99
40025,39.14197,-86.51525,100
40025,39.14186,-86.51504,101
40025,39.14159,-86.51502,102
40025,39.14155,-86.51503,103
40025,39.14131,-86.51516,104
40025,39.14129,-86.51517,105
40025,39.14115,-86.51526,106
40025,39.14112,-86.51529,107
40025,39.14102,-86.51536,108
40025,39.14102,-86.51537,109
40025,39.14103,-86.51538,110
40025,39.14102,-86.51543,111
40025,39.141,-86.51558,112
40025,39.14103,-86.51559,113
40025,39.14105,-86.51559,114
40025,39.14114,-86.51561,115
40025,39.14124,-86.51566,116
40025,39.14151,-86.51582,117
40025,39.14177,-86.51598,118
40025,39.14219,-86.51615,119
40025,39.14222,-86.51616,120
40025,39.14299,-86.51653,121
40025,39.1432,-86.5173,122
40025,39.14323,-86.51733,123
40025,39.14331,-86.51739,124
40025,39.14345,-86.51739,125
40025,39.14403,-86.51738,126
40025,39.14428,-86.51741,127
40025,39.14446,-86.51743,128
40025,39.14464,-86.51742,129
40025,39.14477,-86.51741,130
40025,39.14482,-86.51741,131
40025,39.145,-86.51742,132
40025,39.14509,-86.51742,133
40025,39.14518,-86.51742,134
40025,39.14536,-86.51743,135
40025,39.14572,-86.51744,136
40025,39.1459,-86.51744,137
40025,39.14641,-86.51745,138
40025,39.14652,-86.51746,139
40025,39.14683,-86.51746,140
40025,39.14683,-86.51723,141
40025,39.14682,-86.51675,142
40025,39.14682,-86.51654,143
40025,39.14682,-86.51629,144
40025,39.14682,-86.51555,145
40025,39.14682,-86.51528,146
40025,39.14682,-86.51509,147
40025,39.14699,-86.51509,148
40025,39.14753,-86.5151,149
40025,39.14771,-86.51511,150
40025,39.14791,-86.51511,151
40025,39.14826,-86.51512,152
40025,39.14854,-86.51511,153
40025,39.14858,-86.51511,154
40025,39.14876,-86.51511,155
40025,39.14894,-86.51511,156
40025,39.14948,-86.51512,157
40025,39.14965,-86.51512,158
40025,39.14969,-86.51512,159
40025,39.14995,-86.51512,160
40025,39.15001,-86.51512,161
40025,39.15034,-86.51513,162
40025,39.15037,-86.51512,163
40025,39.15055,-86.51512,164
40025,39.15055,-86.51465,165
40025,39.15054,-86.51429,166
40025,39.15054,-86.51396,167
40025,39.15053,-86.5135,168
40025,39.15053,-86.51332,169
40025,39.15052,-86.51318,170
40025,39.15052,-86.51308,171
40025,39.15052,-86.51302,172
40025,39.15052,-86.51285,173
40025,39.15051,-86.51279,174
40025,39.15051,-86.51256,175
40025,39.15051,-86.51252,176
40025,39.1505,-86.51169,177
40025,39.1505,-86.51142,178
40025,39.1505,-86.51106,179
40025,39.1505,-86.51095,180
40025,39.1505,-86.51023,181
40025,39.15049,-86.50979,182
40025,39.15049,-86.50954,183
40025,39.15049,-86.50912,184
40025,39.15049,-86.50898,185
40025,39.15049,-86.50889,186
40025,39.15048,-86.50883,187
40025,39.15048,-86.50862,188
40025,39.15047,-86.50842,189
40025,39.15086,-86.50843,190
40025,39.15091,-86.50843,191
40025,39.15107,-86.50843,192
40025,39.15122,-86.50843,193
40025,39.15135,-86.50843,194
40025,39.15189,-86.50843,195
40025,39.15225,-86.50844,196
40025,39.15261,-86.50844,197
40025,39.15309,-86.50844,198
40025,39.15327,-86.50844,199
40025,39.15363,-86.50843,200
40025,39.15383,-86.50844,201
40025,39.15419,-86.50844,202
40025,39.15462,-86.50845,203
40025,39.15477,-86.50845,204
40025,39.15549,-86.50845,205
40025,39.15664,-86.50845,206
40025,39.15707,-86.50845,207
40025,39.1574,-86.50845,208
40025,39.15779,-86.50846,209
40025,39.15778,-86.50925,210
40025,39.15778,-86.50926,211
40025,39.15779,-86.51201,212
40025,39.1578,-86.51252,213
40025,39.1578,-86.51264,214
40025,39.1578,-86.51282,215
40025,39.1578,-86.51305,216
40025,39.1578,-86.51375,217
40025,39.1578,-86.51407,218
40025,39.15781,-86.51421,219
40025,39.15781,-86.51457,220
40025,39.15801,-86.51468,221
40025,39.15831,-86.51484,222
40025,39.15857,-86.51502,223
40025,39.15889,-86.5153,224
40025,39.15908,-86.51571,225
40025,39.15926,-86.51634,226
40025,39.1606,-86.51638,227
40025,39.16206,-86.51639,228
40025,39.16309,-86.5164,229
40025,39.16366,-86.5164,230
40025,39.16376,-86.5164,231
40025,39.16399,-86.5164,232
40025,39.16426,-86.5164,233
40025,39.16427,-86.51666,234
40025,39.16427,-86.51693,235
40025,39.16427,-86.51702,236
40025,39.16427,-86.51714,237
40025,39.16427,-86.51739,238
40025,39.16427,-86.51774,239
40025,39.16427,-86.51784,240
40025,39.16426,-86.51828,241
40025,39.16426,-86.51875,242
40025,39.16426,-86.51913,243
40025,39.16426,-86.51921,244
40025,39.16426,-86.51932,245
40025,39.16426,-86.51955,246
40025,39.16426,-86.51968,247
40025,39.16426,-86.51969,248
40025,39.16426,-86.52008,249
40025,39.16425,-86.52069,250
40025,39.16425,-86.52106,251
40025,39.16425,-86.52112,252
40025,39.16425,-86.52162,253
40025,39.16425,-86.52191,254
40025,39.16425,-86.52205,255
40025,39.16426,-86.52228,256
40025,39.16426,-86.52262,257
40025,39.16426,-86.52268,258
40025,39.16426,-86.52279,259
40025,39.16426,-86.52302,260
40025,39.16426,-86.52333,261
40025,39.16426,-86.52346,262
40025,39.16426,-86.52355,263
40025,39.16426,-86.52365,264
40025,39.16426,-86.52387,265
40025,39.16427,-86.5242,266
40025,39.16427,-86.52497,267
40025,39.16428,-86.52531,268
40025,39.16428,-86.52555,269
40025,39.16428,-86.52587,270
40025,39.16428,-86.52606,271
40025,39.16428,-86.52614,272
40025,39.16429,-86.52624,273
40025,39.1643,-86.52668,274
40025,39.1643,-86.52682,275
40025,39.1643,-86.5269,276
40025,39.16446,-86.52689,277
40025,39.16471,-86.5269,278
40025,39.16499,-86.5269,279
40025,39.16554,-86.52691,280
40025,39.16561,-86.52691,281
40025,39.16605,-86.52691,282
40025,39.16637,-86.52692,283
40025,39.16655,-86.52693,284
40025,39.16655,-86.52743,285
40025,39.16655,-86.52745,286
40025,39.16654,-86.52782,287
40025,39.16655,-86.52824,288
40025,39.16655,-86.52917,289
40025,39.16656,-86.5298,290
40025,39.16656,-86.53015,291
40025,39.16656,-86.53044,292
40025,39.16657,-86.53109,293
40025,39.16657,-86.53171,294
40025,39.16657,-86.53234,295
40025,39.16608,-86.53235,296
40025,39.16573,-86.53235,297
40025,39.16558,-86.53236,298
40025,39.16508,-86.53236,299
40025,39.16495,-86.53236,300
40025,39.16459,-86.53237,301
40025,39.16445,-86.53237,302
40025,39.1641,-86.53237,303
40025,39.16409,-86.53363,304
40025,39.16448,-86.53364,305
40025,39.16456,-86.53364,306
40025,39.16455,-86.53339,307
40025,39.16455,-86.53301,308
40025,39.16459,-86.53295,309
40025,39.16459,-86.53276,310
40025,39.16459,-86.53237,311
40025,39.16459,-86.53193,312
40025,39.1646,-86.53179,313
40025,39.16459,-86.53152,314
40025,39.16459,-86.53109,315
40025,39.16459,-86.53068,316
40025,39.16458,-86.53063,317
40025,39.16457,-86.52982,318
40025,39.16457,-86.52918,319
40025,39.16457,-86.52892,320
40025,39.16457,-86.52886,321
40025,39.16457,-86.52874,322
40025,39.16456,-86.52863,323
40025,39.16456,-86.5286,324
40025,39.16455,-86.52856,325
40025,39.16454,-86.52853,326
40025,39.16453,-86.5285,327
40025,39.16452,-86.52846,328
40025,39.16448,-86.52837,329
40025,39.16442,-86.52822,330
40025,39.16429,-86.52821,331
40025,39.16421,-86.52821,332
40025,39.16411,-86.5282,333
40025,39.16372,-86.52819,334
40025,39.16356,-86.52816,335
40025,39.16346,-86.52813,336
40025,39.1634,-86.52809,337
40025,39.16333,-86.52803,338
40025,39.16328,-86.52796,339
40025,39.16326,-86.52792,340
40025,39.16325,-86.5279,341
40025,39.16323,-86.52784,342
40025,39.1632,-86.52775,343
40025,39.16318,-86.52765,344
40025,39.16317,-86.5276,345
40025,39.16316,-86.52755,346
40025,39.16315,-86.52744,347
40025,39.16315,-86.52734,348
40025,39.16315,-86.52725,349
40025,39.16315,-86.52679,350
40025,39.16314,-86.52657,351
40025,39.16314,-86.52604,352
40025,39.16314,-86.52588,353
40025,39.16314,-86.52532,354
40025,39.16313,-86.52516,355
40025,39.16313,-86.52419,356
40025,39.16313,-86.52402,357
40025,39.16312,-86.52372,358
40025,39.16312,-86.52337,359
40025,39.16312,-86.52263,360
40025,39.16311,-86.52176,361
40025,39.16311,-86.52154,362
40025,39.16311,-86.52106,363
40025,39.1631,-86.52019,364
40025,39.16309,-86.51991,365
40025,39.16309,-86.51975,366
40025,39.16309,-86.51912,367
40025,39.16309,-86.51897,368
40025,39.16308,-86.51852,369
40025,39.16308,-86.51794,370
40025,39.16308,-86.5179,371
40025,39.16307,-86.51772,372
40025,39.16307,-86.51726,373
40025,39.16307,-86.51699,374
40025,39.16306,-86.51662,375
40025,39.16305,-86.51643,376
40025,39.16289,-86.51641,377
40025,39.16116,-86.5164,378
40025,39.15927,-86.51636,379
40025,39.15918,-86.51595,380
40025,39.15911,-86.51578,381
40025,39.15891,-86.51536,382
40025,39.15855,-86.51503,383
40025,39.15815,-86.51478,384
40025,39.15782,-86.5146,385
40025,39.15779,-86.51384,386
40025,39.15776,-86.51011,387
40025,39.15777,-86.50854,388
40025,39.15772,-86.50849,389
40025,39.15741,-86.50849,390
40025,39.15628,-86.50849,391
40025,39.15539,-86.50849,392
40025,39.15409,-86.50846,393
40025,39.15355,-86.50847,394
40025,39.15196,-86.50846,395
40025,39.15073,-86.50845,396
40025,39.15052,-86.50844,397
40025,39.15049,-86.50851,398
40025,39.15052,-86.50956,399
40025,39.15052,-86.5114,400
40025,39.15054,-86.51278,401
40025,39.15058,-86.51496,402
40025,39.15058,-86.51507,403
40025,39.15043,-86.51514,404
40025,39.14949,-86.51513,405
40025,39.14847,-86.51514,406
40025,39.14767,-86.51512,407
40025,39.14687,-86.51511,408
40025,39.14683,-86.51518,409
40025,39.14683,-86.51585,410
40025,39.14683,-86.51652,411
40025,39.14684,-86.51734,412
40025,39.14685,-86.51741,413
40025,39.14675,-86.51748,414
40025,39.14597,-86.51745,415
40025,39.14478,-86.51742,416
40025,39.14446,-86.51744,417
40025,39.144,-86.51739,418
40025,39.14342,-86.51741,419
40025,39.14326,-86.51738,420
40025,39.143,-86.51656,421
40025,39.14256,-86.51627,422
40025,39.14202,-86.51607,423
40025,39.14147,-86.51579,424
40025,39.14107,-86.51558,425
40025,39.14101,-86.51557,426
40025,39.14102,-86.51538,427
40025,39.14125,-86.51521,428
40025,39.14169,-86.51498,429
40025,39.14178,-86.51499,430
40025,39.14192,-86.5151,431
40025,39.14199,-86.51515,432
40025,39.14229,-86.51528,433
40025,39.14203,-86.51527,434
40025,39.14193,-86.51516,435
40025,39.14181,-86.515,436
40025,39.14154,-86.51504,437
40025,39.14103,-86.51536,438
40025,39.14099,-86.51557,439
40025,39.14062,-86.51557,440
40025,39.14048,-86.51556,441
40025,39.1404,-86.51564,442
40025,39.14033,-86.51584,443
40025,39.14033,-86.51669,444
40025,39.14033,-86.51703,445
40025,39.14026,-86.51727,446
40025,39.14002,-86.51753,447
40025,39.13985,-86.51758,448
40025,39.13913,-86.51761,449
40025,39.13798,-86.51761,450
40025,39.13708,-86.5176,451
40025,39.13675,-86.5175,452
40025,39.13603,-86.51748,453
40025,39.13596,-86.51727,454
40025,39.13596,-86.51619,455
40025,39.13596,-86.51592,456
40025,39.13558,-86.51592,457
40025,39.13422,-86.51594,458
40025,39.13401,-86.51598,459
40025,39.13277,-86.5163,460
40025,39.13137,-86.51674,461
40025,39.13096,-86.51711,462
40025,39.13078,-86.51745,463
40025,39.13072,-86.51782,464
40025,39.1307,-86.51834,465
40025,39.13073,-86.51971,466
40025,39.13084,-86.52036,467
40025,39.13093,-86.5215,468
40025,39.13085,-86.52213,469
40025,39.13065,-86.52323,470
40025,39.13065,-86.52472,471
40025,39.1307,-86.52563,472
40025,39.13079,-86.52676,473
400251,39.13081,-86.52675,0
400251,39.13081,-86.52682,1
400251,39.13135,-86.52682,2
400251,39.13147,-86.52682,3
400251,39.13211,-86.52682,4
400251,39.13235,-86.52683,5
400251,39.13254,-86.52683,6
400251,39.13326,-86.52684,7
400251,39.13339,-86.52685,8
400251,39.1336,-86.52685,9
400251,39.13388,-86.52687,10
400251,39.1341,-86.52688,11
400251,39.13427,-86.52688,12
400251,39.13493,-86.52689,13
400251,39.13515,-86.52689,14
400251,39.13546,-86.52688,15
400251,39.13556,-86.52688,16
400251,39.13564,-86.52688,17
400251,39.13601,-86.52688,18
400251,39.13601,-86.52635,19
400251,39.13601,-86.52591,20
400251,39.13601,-86.5259,21
400251,39.13601,-86.52579,22
400251,39.13601,-86.52566,23
400251,39.136,-86.52558,24
400251,39.13599,-86.52523,25
400251,39.13598,-86.52489,26
400251,39.13597,-86.52451,27
400251,39.13597,-86.5239,28
400251,39.13597,-86.52315,29
400251,39.13598,-86.52278,30
400251,39.13598,-86.52236,31
400251,39.13599,-86.52196,32
400251,39.13599,-86.52152,33
400251,39.136,-86.52136,34
400251,39.136,-86.52114,35
400251,39.13597,-86.52107,36
400251,39.13597,-86.52061,37
400251,39.13597,-86.5204,38
400251,39.13597,-86.52022,39
400251,39.13597,-86.52006,40
400251,39.13596,-86.5199,41
400251,39.13596,-86.5197,42
400251,39.13595,-86.51932,43
400251,39.13595,-86.519,44
400251,39.13596,-86.51861,45
400251,39.13597,-86.51822,46
400251,39.13597,-86.51816,47
400251,39.13599,-86.51799,48
400251,39.13599,-86.51758,49
400251,39.13599,-86.51745,50
400251,39.13607,-86.51746,51
400251,39.13662,-86.51749,52
400251,39.13669,-86.5175,53
400251,39.13677,-86.51751,54
400251,39.13687,-86.51755,55
400251,39.13701,-86.51758,56
400251,39.13744,-86.51758,57
400251,39.13745,-86.51758,58
400251,39.13953,-86.5176,59
400251,39.13978,-86.5176,60
400251,39.13984,-86.5176,61
400251,39.14001,-86.51755,62
400251,39.14006,-86.51751,63
400251,39.14011,-86.51746,64
400251,39.14021,-86.51737,65
400251,39.14028,-86.51722,66
400251,39.14029,-86.51717,67
400251,39.14032,-86.51703,68
400251,39.14032,-86.51678,69
400251,39.14033,-86.51625,70
400251,39.14033,-86.51624,71
400251,39.14034,-86.51578,72
400251,39.14034,-86.51576,73
400251,39.14038,-86.51567,74
400251,39.14041,-86.51561,75
400251,39.14045,-86.51559,76
400251,39.14049,-86.51557,77
400251,39.14075,-86.51558,78
400251,39.14077,-86.51558,79
400251,39.141,-86.51558,80
400251,39.14102,-86.51544,81
400251,39.14102,-86.51543,82
400251,39.14103,-86.51538,83
400251,39.14102,-86.51537,84
400251,39.14102,-86.51536,85
400251,39.14115,-86.51526,86
400251,39.14129,-86.51517,87
400251,39.14148,-86.51507,88
400251,39.14155,-86.51503,89
400251,39.14165,-86.515,90
400251,39.1417,-86.51499,91
400251,39.14171,-86.51499,92
400251,39.1418,-86.51501,93
400251,39.14181,-86.51501,94
400251,39.14182,-86.51502,95
400251,39.14199,-86.51517,96
400251,39.1423,-86.51528,97
400251,39.14228,-86.51538,98
400251,39.14225,-86.51537,99
400251,39.14197,-86.51525,100
400251,39.14186,-86.51504,101
400251,39.14159,-86.51502,102
400251,39.14155,-86.51503,103
400251,39.14131,-86.51516,104
400251,39.14129,-86.51517,105
400251,39.14115,-86.51526,106
400251,39.14112,-86.51529,107
400251,39.14102,-86.51536,108
400251,39.14102,-86.51537,109
400251,39.14103,-86.51538,110
400251,39.14102,-86.51543,111
400251,39.141,-86.51558,112
400251,39.14103,-86.51559,113
400251,39.14105,-86.51559,114
400251,39.14114,-86.51561,115
400251,39.14124,-86.51566,116
400251,39.14151,-86.51582,117
400251,39.14177,-86.51598,118
400251,39.14219,-86.51615,119
400251,39.14222,-86.51616,120
400251,39.14299,-86.51653,121
400251,39.1432,-86.5173,122
400251,39.14323,-86.51733,123
400251,39.14331,-86.51739,124
400251,39.14345,-86.51739,125
400251,39.14403,-86.51738,126
400251,39.14428,-86.51741,127
400251,39.14446,-86.51743,128
400251,39.14464,-86.51742,129
400251,39.14477,-86.51741,130
400251,39.14482,-86.51741,131
400251,39.145,-86.51742,132
400251,39.14509,-86.51742,133
400251,39.14518,-86.51742,134
400251,39.14536,-86.51743,135
400251,39.14572,-86.51744,136
400251,39.1459,-86.51744,137
400251,39.14641,-86.51745,138
400251,39.14652,-86.51746,139
400251,39.14683,-86.51746,140
400251,39.14683,-86.51723,141
400251,39.14682,-86.51675,142
400251,39.14682,-86.51654,143
400251,39.14682,-86.51629,144
400251,39.14682,-86.51555,145
400251,39.14682,-86.51528,146
400251,39.14682,-86.51509,147
400251,39.14699,-86.51509,148
400251,39.14753,-86.5151,149
400251,39.14771,-86.51511,150
400251,39.14791,-86.51511,151
400251,39.14826,-86.51512,152
400251,39.14854,-86.51511,153
400251,39.14858,-86.51511,154
400251,39.14876,-86.51511,155
400251,39.14894,-86.51511,156
400251,39.14948,-86.51512,157
400251,39.14965,-86.51512,158
400251,39.14969,-86.51512,159
400251,39.14995,-86.51512,160
400251,39.15001,-86.51512,161
400251,39.15034,-86.51513,162
400251,39.15037,-86.51512,163
400251,39.15055,-86.51512,164
400251,39.15055,-86.51465,165
400251,39.15054,-86.51429,166
400251,39.15054,-86.51396,167
400251,39.15053,-86.5135,168
400251,39.15053,-86.51332,169
400251,39.15052,-86.51318,170
400251,39.15052,-86.51308,171
400251,39.15052,-86.51302,172
400251,39.15052,-86.51285,173
400251,39.15051,-86.51279,174
400251,39.15051,-86.51256,175
400251,39.15051,-86.51252,176
400251,39.1505,-86.51169,177
400251,39.1505,-86.51142,178
400251,39.1505,-86.51106,179
400251,39.1505,-86.51095,180
400251,39.1505,-86.51023,181
400251,39.15049,-86.50979,182
400251,39.15049,-86.50954,183
400251,39.15049,-86.50912,184
400251,39.15049,-86.50898,185
400251,39.15049,-86.50889,186
400251,39.15048,-86.50883,187
400251,39.15048,-86.50862,188
400251,39.15047,-86.50842,189
400251,39.15086,-86.50843,190
400251,39.15091,-86.50843,191
400251,39.15107,-86.50843,192
400251,39.15122,-86.50843,193
400251,39.15135,-86.50843,194
400251,39.15189,-86.50843,195
400251,39.15225,-86.50844,196
400251,39.15261,-86.50844,197
400251,39.15309,-86.50844,198
400251,39.15327,-86.50844,199
400251,39.15363,-86.50843,200
400251,39.15383,-86.50844,201
400251,39.15419,-86.50844,202
400251,39.15462,-86.50845,203
400251,39.15477,-86.50845,204
400251,39.15549,-86.50845,205
400251,39.15664,-86.50845,206
400251,39.15707,-86.50845,207
400251,39.1574,-86.50845,208
400251,39.15779,-86.50846,209
400251,39.15778,-86.50925,210
400251,39.15778,-86.50926,211
400251,39.15779,-86.51201,212
400251,39.1578,-86.51252,213
400251,39.1578,-86.51264,214
400251,39.1578,-86.51282,215
400251,39.1578,-86.51305,216
400251,39.1578,-86.51375,217
400251,39.1578,-86.51407,218
400251,39.15781,-86.51421,219
400251,39.15781,-86.51457,220
400251,39.15801,-86.51468,221
400251,39.15831,-86.51484,222
400251,39.15857,-86.51502,223
400251,39.15889,-86.5153,224
400251,39.15908,-86.51571,225
400251,39.15926,-86.51634,226
400251,39.1606,-86.51638,227
400251,39.16206,-86.51639,228
400251,39.16309,-86.5164,229
400251,39.16366,-86.5164,230
400251,39.16376,-86.5164,231
400251,39.16399,-86.5164,232
400251,39.16426,-86.5164,233
400251,39.16427,-86.51666,234
400251,39.16427,-86.51693,235
400251,39.16427,-86.51702,236
400251,39.16427,-86.51714,237
400251,39.16427,-86.51739,238
400251,39.16427,-86.51774,239
400251,39.16427,-86.51784,240
400251,39.16426,-86.51828,241
400251,39.16426,-86.51875,242
400251,39.16426,-86.51913,243
400251,39.16426,-86.51921,244
400251,39.16426,-86.51932,245
400251,39.16426,-86.51955,246
400251,39.16426,-86.51968,247
400251,39.16426,-86.51969,248
400251,39.16426,-86.52008,249
400251,39.16425,-86.52069,250
400251,39.16425,-86.52106,251
400251,39.16425,-86.52112,252
400251,39.16425,-86.52162,253
400251,39.16425,-86.52191,254
400251,39.16425,-86.52205,255
400251,39.16426,-86.52228,256
400251,39.16426,-86.52262,257
400251,39.16426,-86.52268,258
400251,39.16426,-86.52279,259
400251,39.16426,-86.52302,260
400251,39.16426,-86.52333,261
400251,39.16426,-86.52346,262
400251,39.16426,-86.52355,263
400251,39.16426,-86.52365,264
400251,39.16426,-86.52387,265
400251,39.16427,-86.5242,266
400251,39.16427,-86.52497,267
400251,39.16428,-86.52531,268
400251,39.16428,-86.52555,269
400251,39.16428,-86.52587,270
400251,39.16428,-86.52606,271
400251,39.16428,-86.52614,272
400251,39.16429,-86.52624,273
400251,39.1643,-86.52668,274
400251,39.1643,-86.52682,275
400251,39.1643,-86.5269,276
400251,39.16446,-86.52689,277
400251,39.16471,-86.5269,278
400251,39.16499,-86.5269,279
400251,39.16554,-86.52691,280
400251,39.16561,-86.52691,281
400251,39.16605,-86.52691,282
400251,39.16637,-86.52692,283
400251,39.16655,-86.52693,284
400251,39.16655,-86.52743,285
400251,39.16655,-86.52745,286
400251,39.16654,-86.52782,287
400251,39.16655,-86.52824,288
400251,39.16655,-86.52917,289
400251,39.16656,-86.5298,290
400251,39.16656,-86.53015,291
400251,39.16656,-86.53044,292
400251,39.16657,-86.53109,293
400251,39.16657,-86.53171,294
400251,39.16657,-86.53234,295
400251,39.16608,-86.53235,296
400251,39.16573,-86.53235,297
400251,39.16558,-86.53236,298
400251,39.16508,-86.53236,299
400251,39.16495,-86.53236,300
400251,39.16459,-86.53237,301
400251,39.16445,-86.53237,302
400251,39.1641,-86.53237,303
400251,39.16409,-86.53363,304
400251,39.16448,-86.53364,305
400251,39.16456,-86.53364,306
400251,39.16455,-86.53339,307
400251,39.16455,-86.53301,308
400251,39.16459,-86.53295,309
400251,39.16459,-86.53276,310
400251,39.16459,-86.53237,311
400251,39.16459,-86.53193,312
400251,39.1646,-86.53179,313
400251,39.16459,-86.53152,314
400251,39.16459,-86.53109,315
400251,39.16459,-86.53068,316
400251,39.16458,-86.53063,317
400251,39.16457,-86.52982,318
400251,39.16457,-86.52918,319
400251,39.16457,-86.52892,320
400251,39.16457,-86.52886,321
400251,39.16457,-86.52874,322
400251,39.16456,-86.52863,323
400251,39.16456,-86.5286,324
400251,39.16455,-86.52856,325
400251,39.16454,-86.52853,326
400251,39.16453,-86.5285,327
400251,39.16452,-86.52846,328
400251,39.16448,-86.52837,329
400251,39.16442,-86.52822,330
400251,39.16429,-86.52821,331
400251,39.16421,-86.52821,332
400251,39.16411,-86.5282,333
400251,39.16372,-86.52819,334
400251,39.16356,-86.52816,335
400251,39.16346,-86.52813,336
400251,39.1634,-86.52809,337
400251,39.16333,-86.52803,338
400251,39.16328,-86.52796,339
400251,39.16326,-86.52792,340
400251,39.16325,-86.5279,341
400251,39.16323,-86.52784,342
400251,39.1632,-86.52775,343
400251,39.16318,-86.52765,344
400251,39.16317,-86.5276,345
400251,39.16316,-86.52755,346
400251,39.16315,-86.52744,347
400251,39.16315,-86.52734,348
400251,39.16315,-86.52725,349
400251,39.16315,-86.52679,350
400251,39.16314,-86.52657,351
400251,39.16314,-86.52604,352
400251,39.16314,-86.52588,353
400251,39.16314,-86.52532,354
400251,39.16313,-86.52516,355
400251,39.16313,-86.52419,356
400251,39.16313,-86.52402,357
400251,39.16312,-86.52372,358
400251,39.16312,-86.52337,359
400251,39.16312,-86.52263,360
400251,39.16311,-86.52176,361
400251,39.16311,-86.52154,362
400251,39.16311,-86.52106,363
400251,39.1631,-86.52019,364
400251,39.16309,-86.51991,365
400251,39.16309,-86.51975,366
400251,39.16309,-86.51912,367
400251,39.16309,-86.51897,368
400251,39.16308,-86.51852,369
400251,39.16308,-86.51794,370
400251,39.16308,-86.5179,371
400251,39.16307,-86.51772,372
400251,39.16307,-86.51726,373
400251,39.16307,-86.51699,374
400251,39.16306,-86.51662,375
400251,39.16305,-86.51643,376
400251,39.16289,-86.51641,377
400251,39.16116,-86.5164,378
400251,39.15927,-86.51636,379
400251,39.15918,-86.51595,380
400251,39.15911,-86.51578,381
400251,39.15891,-86.51536,382
400251,39.15855,-86.51503,383
400251,39.15815,-86.51478,384
400251,39.15782,-86.5146,385
400251,39.15779,-86.51384,386
400251,39.15776,-86.51011,387
400251,39.15777,-86.50854,388
400251,39.15772,-86.50849,389
400251,39.15741,-86.50849,390
400251,39.15628,-86.50849,391
400251,39.15539,-86.50849,392
400251,39.15409,-86.50846,393
400251,39.15355,-86.50847,394
400251,39.15196,-86.50846,395
400251,39.15073,-86.50845,396
400251,39.15052,-86.50844,397
400251,39.15049,-86.50851,398
400251,39.15052,-86.50956,399
400251,39.15052,-86.5114,400
400251,39.15054,-86.51278,401
400251,39.15058,-86.51496,402
400251,39.15058,-86.51507,403
400251,39.15043,-86.51514,404
400251,39.14949,-86.51513,405
400251,39.14847,-86.51514,406
400251,39.14767,-86.51512,407
400251,39.14687,-86.51511,408
400251,39.14683,-86.51518,409
400251,39.14683,-86.51585,410
400251,39.14683,-86.51652,411
400251,39.14684,-86.51734,412
400251,39.14685,-86.51741,413
400251,39.14675,-86.51748,414
400251,39.14597,-86.51745,415
400251,39.14478,-86.51742,416
400251,39.14446,-86.51744,417
400251,39.144,-86.51739,418
400251,39.14342,-86.51741,419
400251,39.14326,-86.51738,420
400251,39.143,-86.51656,421
400251,39.14256,-86.51627,422
400251,39.14202,-86.51607,423
400251,39.14147,-86.51579,424
400251,39.14107,-86.51558,425
400251,39.14101,-86.51557,426
400251,39.14102,-86.51538,427
400251,39.14125,-86.51521,428
400251,39.14169,-86.51498,429
400251,39.14178,-86.51499,430
400251,39.14192,-86.5151,431
400251,39.14199,-86.51515,432
400251,39.14229,-86.51528,433
400251,39.14203,-86.51527,434
400251,39.14193,-86.51516,435
400251,39.14181,-86.515,436
400251,39.14154,-86.51504,437
400251,39.14103,-86.51536,438
400251,39.14099,-86.51557,439
400251,39.14062,-86.51557,440
400251,39.14048,-86.51556,441
400251,39.1404,-86.51564,442
400251,39.14033,-86.51584,443
400251,39.14033,-86.51669,444
400251,39.14033,-86.51703,445
400251,39.14026,-86.51727,446
400251,39.14002,-86.51753,447
400251,39.13985,-86.51758,448
400251,39.13913,-86.51761,449
400251,39.13798,-86.51761,450
400251,39.13708,-86.5176,451
400251,39.13675,-86.5175,452
400251,39.13603,-86.51748,453
400251,39.13596,-86.51727,454
400251,39.13596,-86.51619,455
400251,39.13596,-86.51592,456
400251,39.13558,-86.51592,457
400251,39.13422,-86.51594,458
400251,39.13401,-86.51598,459
400251,39.13277,-86.5163,460
400251,39.13137,-86.51674,461
400251,39.13096,-86.51711,462
400251,39.13078,-86.51745,463
400251,39.13072,-86.51782,464
400251,39.1307,-86.51834,465
400251,39.13073,-86.51971,466
400251,39.13084,-86.52036,467
400251,39.13093,-86.5215,468
400251,39.13085,-86.52213,469
400251,39.13065,-86.52323,470
400251,39.13065,-86.52472,471
400251,39.1307,-86.52563,472
400251,39.13079,-86.52676,473
40012,39.12682,-86.58295,0
40012,39.12681,-86.5828,1
40012,39.12681,-86.58258,2
40012,39.12695,-86.58258,3
40012,39.12716,-86.58258,4
40012,39.12744,-86.58258,5
40012,39.12772,-86.58257,6
40012,39.12788,-86.58256,7
40012,39.12808,-86.58256,8
40012,39.12826,-86.58255,9
40012,39.12867,-86.58257,10
40012,39.12908,-86.58258,11
40012,39.12921,-86.58258,12
40012,39.12944,-86.58258,13
40012,39.12962,-86.58259,14
40012,39.12974,-86.58259,15
40012,39.1298,-86.58259,16
40012,39.1301,-86.58259,17
40012,39.13044,-86.5826,18
40012,39.13076,-86.58259,19
40012,39.13094,-86.58259,20
40012,39.13112,-86.58259,21
40012,39.1313,-86.58259,22
40012,39.1315,-86.58259,23
40012,39.13168,-86.58259,24
40012,39.13218,-86.58259,25
40012,39.13246,-86.58259,26
40012,39.13251,-86.58259,27
40012,39.13305,-86.58259,28
40012,39.13327,-86.5826,29
40012,39.13381,-86.5826,30
40012,39.13398,-86.5826,31
40012,39.13419,-86.58261,32
40012,39.13446,-86.58261,33
40012,39.13454,-86.58261,34
40012,39.13499,-86.58261,35
40012,39.13536,-86.58261,36
40012,39.13591,-86.58261,37
40012,39.13678,-86.58262,38
40012,39.13732,-86.58261,39
40012,39.13804,-86.58261,40
40012,39.13827,-86.58261,41
40012,39.13917,-86.58261,42
40012,39.14015,-86.58261,43
40012,39.14036,-86.58262,44
40012,39.14068,-86.58262,45
40012,39.14082,-86.58262,46
40012,39.141,-86.58262,47
40012,39.14147,-86.58262,48
40012,39.14158,-86.58262,49
40012,39.1419,-86.58259,50
40012,39.14229,-86.582,51
40012,39.14236,-86.5819,52
40012,39.14243,-86.58181,53
40012,39.14276,-86.58138,54
40012,39.14306,-86.58099,55
40012,39.14309,-86.58096,56
40012,39.14319,-86.58083,57
40012,39.14325,-86.58075,58
40012,39.14334,-86.58062,59
40012,39.14341,-86.58052,60
40012,39.14348,-86.58042,61
40012,39.14356,-86.58029,62
40012,39.14375,-86.58001,63
40012,39.14382,-86.57989,64
40012,39.14389,-86.57978,65
40012,39.14401,-86.57956,66
40012,39.14416,-86.57929,67
40012,39.14436,-86.57891,68
40012,39.14442,-86.5788,69
40012,39.14453,-86.57858,70
40012,39.14459,-86.57847,71
40012,39.14498,-86.57773,72
40012,39.14576,-86.57626,73
40012,39.14592,-86.57597,74
40012,39.14632,-86.5752,75
40012,39.14667,-86.57454,76
40012,39.14675,-86.5744,77
40012,39.14721,-86.57352,78
40012,39.14732,-86.57331,79
40012,39.14736,-86.57324,80
40012,39.14736,-86.57323,81
40012,39.14749,-86.57299,82
40012,39.1475,-86.57297,83
40012,39.14752,-86.57294,84
40012,39.14777,-86.57246,85
40012,39.14809,-86.57185,86
40012,39.1483,-86.57146,87
40012,39.14857,-86.57095,88
40012,39.14878,-86.57057,89
40012,39.14885,-86.57043,90
40012,39.14896,-86.5702,91
40012,39.14898,-86.57014,92
40012,39.14903,-86.57005,93
40012,39.14913,-86.56984,94
40012,39.14921,-86.56971,95
40012,39.14932,-86.56955,96
40012,39.14933,-86.56953,97
40012,39.14947,-86.56928,98
40012,39.14955,-86.56914,99
40012,39.14963,-86.56902,100
40012,39.14965,-86.56899,101
40012,39.14974,-86.56885,102
40012,39.14964,-86.56876,103
40012,39.14961,-86.56874,104
40012,39.14959,-86.56873,105
40012,39.14957,-86.56872,106
40012,39.14954,-86.56873,107
40012,39.14953,-86.56873,108
40012,39.14951,-86.56873,109
40012,39.14949,-86.56874,110
40012,39.14947,-86.56875,111
40012,39.14944,-86.56877,112
40012,39.14943,-86.56879,113
40012,39.14941,-86.56882,114
40012,39.14922,-86.56917,115
40012,39.14917,-86.56926,116
40012,39.14912,-86.56936,117
40012,39.14898,-86.56963,118
40012,39.1488,-86.56997,119
40012,39.14862,-86.57032,120
40012,39.14851,-86.57052,121
40012,39.14841,-86.57071,122
40012,39.1482,-86.57109,123
40012,39.1481,-86.57128,124
40012,39.148,-86.57148,125
40012,39.1479,-86.57158,126
40012,39.14785,-86.57162,127
40012,39.14783,-86.57163,128
40012,39.1477,-86.5717,129
40012,39.1476,-86.57172,130
40012,39.14756,-86.57172,131
40012,39.14749,-86.57171,132
40012,39.14743,-86.57169,133
40012,39.14742,-86.57168,134
40012,39.14734,-86.57163,135
40012,39.14723,-86.57154,136
40012,39.1472,-86.57152,137
40012,39.14718,-86.5715,138
40012,39.14708,-86.57142,139
40012,39.14703,-86.57138,140
40012,39.14693,-86.57129,141
40012,39.1468,-86.57118,142
40012,39.14676,-86.57115,143
40012,39.1469,-86.57089,144
40012,39.14693,-86.57083,145
40012,39.14705,-86.57093,146
40012,39.14706,-86.57094,147
40012,39.14707,-86.571,148
40012,39.14697,-86.57121,149
40012,39.14693,-86.57129,150
40012,39.14703,-86.57138,151
40012,39.14708,-86.57142,152
40012,39.14718,-86.5715,153
40012,39.14723,-86.57154,154
40012,39.14734,-86.57163,155
40012,39.14742,-86.57168,156
40012,39.14743,-86.57169,157
40012,39.14749,-86.57171,158
40012,39.14754,-86.57171,159
40012,39.14756,-86.57172,160
40012,39.1476,-86.57172,161
40012,39.1477,-86.5717,162
40012,39.14783,-86.57163,163
40012,39.14785,-86.57162,164
40012,39.1479,-86.57158,165
40012,39.148,-86.57148,166
40012,39.1481,-86.57128,167
40012,39.1482,-86.57109,168
40012,39.14841,-86.57071,169
40012,39.14851,-86.57052,170
40012,39.14857,-86.57041,171
40012,39.1488,-86.56997,172
40012,39.14898,-86.56963,173
40012,39.14912,-86.56936,174
40012,39.14922,-86.56917,175
40012,39.14941,-86.56882,176
40012,39.14942,-86.56881,177
40012,39.14943,-86.56879,178
40012,39.14944,-86.56877,179
40012,39.14947,-86.56875,180
40012,39.14949,-86.56874,181
40012,39.14951,-86.56873,182
40012,39.14953,-86.56873,183
40012,39.14954,-86.56873,184
40012,39.14957,-86.56872,185
40012,39.14959,-86.56873,186
40012,39.14961,-86.56874,187
40012,39.14964,-86.56876,188
40012,39.14974,-86.56885,189
40012,39.14984,-86.56874,190
40012,39.14993,-86.56864,191
40012,39.15004,-86.56852,192
40012,39.15011,-86.56844,193
40012,39.15019,-86.56837,194
40012,39.15029,-86.56827,195
40012,39.15041,-86.56818,196
40012,39.15049,-86.56812,197
40012,39.15051,-86.5681,198
40012,39.15064,-86.56801,199
40012,39.15088,-86.56784,200
40012,39.15126,-86.56763,201
40012,39.15145,-86.56752,202
40012,39.15149,-86.5675,203
40012,39.15159,-86.56744,204
40012,39.15163,-86.56742,205
40012,39.15166,-86.56741,206
40012,39.15168,-86.5674,207
40012,39.15176,-86.56738,208
40012,39.1519,-86.56729,209
40012,39.15201,-86.56721,210
40012,39.15208,-86.56716,211
40012,39.15215,-86.56711,212
40012,39.15221,-86.56707,213
40012,39.15223,-86.56705,214
40012,39.15231,-86.56699,215
40012,39.15239,-86.56691,216
40012,39.15246,-86.56685,217
40012,39.15253,-86.56679,218
40012,39.15258,-86.56674,219
40012,39.15272,-86.56659,220
40012,39.15281,-86.56649,221
40012,39.15283,-86.56646,222
40012,39.15291,-86.56636,223
40012,39.15303,-86.56621,224
40012,39.15316,-86.56605,225
40012,39.1532,-86.56599,226
40012,39.1533,-86.56585,227
40012,39.15353,-86.56549,228
40012,39.1536,-86.56538,229
40012,39.15364,-86.56532,230
40012,39.15385,-86.56498,231
40012,39.15405,-86.56464,232
40012,39.15426,-86.56432,233
40012,39.15469,-86.56365,234
40012,39.15496,-86.5632,235
40012,39.15535,-86.56262,236
40012,39.15546,-86.56245,237
40012,39.15574,-86.56204,238
40012,39.15586,-86.56185,239
40012,39.15613,-86.56141,240
40012,39.15635,-86.56105,241
40012,39.15636,-86.56103,242
40012,39.15671,-86.56045,243
40012,39.15692,-86.56006,244
40012,39.15709,-86.55973,245
40012,39.15737,-86.55915,246
40012,39.15749,-86.5589,247
40012,39.15749,-86.55889,248
40012,39.15757,-86.55871,249
40012,39.15766,-86.55852,250
40012,39.15772,-86.55837,251
40012,39.15786,-86.558,252
40012,39.15793,-86.55782,253
40012,39.15804,-86.55754,254
40012,39.15816,-86.55725,255
40012,39.15826,-86.55704,256
40012,39.15831,-86.55694,257
40012,39.15836,-86.55684,258
40012,39.15854,-86.5565,259
40012,39.15866,-86.55629,260
40012,39.15887,-86.55594,261
40012,39.15895,-86.55582,262
40012,39.1593,-86.55527,263
40012,39.15946,-86.55498,264
40012,39.15956,-86.5548,265
40012,39.15958,-86.55475,266
40012,39.15966,-86.5546,267
40012,39.15968,-86.55457,268
40012,39.15978,-86.55435,269
40012,39.15987,-86.55413,270
40012,39.15996,-86.55386,271
40012,39.16013,-86.55326,272
40012,39.16018,-86.55307,273
40012,39.16021,-86.55294,274
40012,39.16021,-86.55281,275
40012,39.16022,-86.55275,276
40012,39.16025,-86.55253,277
40012,39.1603,-86.55215,278
40012,39.16031,-86.55214,279
40012,39.16032,-86.552,280
40012,39.16032,-86.55199,281
40012,39.16033,-86.55177,282
40012,39.16034,-86.55134,283
40012,39.16034,-86.5508,284
40012,39.16016,-86.55079,285
40012,39.16003,-86.55079,286
40012,39.15973,-86.55077,287
40012,39.15962,-86.55076,288
40012,39.15957,-86.55076,289
40012,39.15939,-86.55075,290
40012,39.15937,-86.55075,291
40012,39.15926,-86.55074,292
40012,39.15921,-86.55074,293
40012,39.1592,-86.55073,294
40012,39.15916,-86.55073,295
40012,39.15903,-86.55073,296
40012,39.15901,-86.55072,297
40012,39.15885,-86.55072,298
40012,39.15884,-86.55071,299
40012,39.15849,-86.5507,300
40012,39.15848,-86.5507,301
40012,39.15834,-86.55069,302
40012,39.1583,-86.55069,303
40012,39.15796,-86.55067,304
40012,39.15794,-86.55067,305
40012,39.15776,-86.55066,306
40012,39.1577,-86.55066,307
40012,39.15743,-86.55064,308
40012,39.15724,-86.55063,309
40012,39.15704,-86.55062,310
40012,39.15695,-86.55062,311
40012,39.15677,-86.5506,312
40012,39.15651,-86.55059,313
40012,39.15621,-86.55057,314
40012,39.15602,-86.55056,315
40012,39.15586,-86.55055,316
40012,39.15585,-86.55032,317
40012,39.15581,-86.54924,318
40012,39.1558,-86.54878,319
40012,39.1558,-86.54876,320
40012,39.1558,-86.54859,321
40012,39.15579,-86.54835,322
40012,39.15577,-86.54802,323
40012,39.15571,-86.54752,324
40012,39.1557,-86.54706,325
40012,39.1557,-86.54684,326
40012,39.1557,-86.54659,327
40012,39.15569,-86.54638,328
40012,39.15569,-86.54614,329
40012,39.15569,-86.54613,330
40012,39.15568,-86.54591,331
40012,39.15568,-86.54579,332
40012,39.15568,-86.54552,333
40012,39.15567,-86.54538,334
40012,39.15567,-86.54515,335
40012,39.15566,-86.54475,336
40012,39.15566,-86.54452,337
40012,39.15566,-86.54446,338
40012,39.15565,-86.54429,339
40012,39.15566,-86.54379,340
40012,39.15566,-86.54347,341
40012,39.15566,-86.54341,342
40012,39.15566,-86.54333,343
40012,39.15593,-86.5434,344
40012,39.15613,-86.54362,345
40012,39.1562,-86.5437,346
40012,39.15623,-86.54373,347
40012,39.15749,-86.54509,348
40012,39.15753,-86.54513,349
40012,39.15889,-86.54655,350
40012,39.15938,-86.54707,351
40012,39.15953,-86.54723,352
40012,39.15981,-86.54756,353
40012,39.15992,-86.54766,354
40012,39.1601,-86.54783,355
40012,39.16053,-86.54825,356
40012,39.16056,-86.54827,357
40012,39.16078,-86.54848,358
40012,39.16097,-86.548,359
40012,39.16109,-86.5477,360
40012,39.16119,-86.54743,361
40012,39.16125,-86.54729,362
40012,39.16129,-86.54716,363
40012,39.16129,-86.54714,364
40012,39.16132,-86.54704,365
40012,39.16135,-86.54692,366
40012,39.16138,-86.54683,367
40012,39.16139,-86.5468,368
40012,39.16139,-86.54677,369
40012,39.1614,-86.5467,370
40012,39.16141,-86.54662,371
40012,39.16142,-86.54655,372
40012,39.16143,-86.54644,373
40012,39.16145,-86.54613,374
40012,39.16144,-86.54574,375
40012,39.16144,-86.54551,376
40012,39.16144,-86.54481,377
40012,39.16144,-86.54459,378
40012,39.16143,-86.5435,379
40012,39.16143,-86.54335,380
40012,39.16143,-86.54294,381
40012,39.16143,-86.5429,382
40012,39.16143,-86.54271,383
40012,39.16143,-86.54267,384
40012,39.16142,-86.54247,385
40012,39.16142,-86.54243,386
40012,39.16142,-86.54224,387
40012,39.16142,-86.5418,388
40012,39.16139,-86.5418,389
40012,39.16142,-86.5418,390
40012,39.16142,-86.54157,391
40012,39.16142,-86.54134,392
40012,39.16142,-86.54116,393
40012,39.16139,-86.54104,394
40012,39.16139,-86.54083,395
40012,39.16137,-86.5405,396
40012,39.16136,-86.5401,397
40012,39.16136,-86.54003,398
40012,39.16136,-86.53942,399
40012,39.16137,-86.53898,400
40012,39.16137,-86.53868,401
40012,39.16143,-86.53869,402
40012,39.16151,-86.53868,403
40012,39.16177,-86.53868,404
40012,39.16182,-86.53868,405
40012,39.16195,-86.53867,406
40012,39.16239,-86.53867,407
40012,39.16287,-86.53866,408
40012,39.16305,-86.53866,409
40012,39.16331,-86.53866,410
40012,39.16373,-86.53865,411
40012,39.16408,-86.53865,412
40012,39.16414,-86.53865,413
40012,39.16425,-86.53865,414
40012,39.16459,-86.53867,415
40012,39.16467,-86.53868,416
40012,39.16501,-86.53869,417
40012,39.16519,-86.5387,418
40012,39.1654,-86.5387,419
40012,39.16562,-86.5387,420
40012,39.16561,-86.53806,421
40012,39.16561,-86.53762,422
40012,39.16561,-86.53742,423
40012,39.1656,-86.53677,424
40012,39.1656,-86.53658,425
40012,39.1656,-86.53631,426
40012,39.1656,-86.53608,427
40012,39.16559,-86.53557,428
40012,39.16559,-86.53536,429
40012,39.16559,-86.5349,430
40012,39.16559,-86.53488,431
40012,39.16558,-86.53418,432
40012,39.16558,-86.53362,433
40012,39.16558,-86.53315,434
40012,39.16558,-86.53299,435
40012,39.16558,-86.53284,436
40012,39.16558,-86.53236,437
40012,39.16521,-86.53236,438
40012,39.16508,-86.53236,439
40012,39.16495,-86.53236,440
40012,39.16459,-86.53237,441
40012,39.16421,-86.53237,442
40012,39.16422,-86.53362,443
40012,39.16448,-86.53361,444
40012,39.16539,-86.53363,445
40012,39.16558,-86.53362,446
40012,39.16558,-86.53398,447
40012,39.16558,-86.53418,448
40012,39.16559,-86.53488,449
40012,39.16541,-86.53488,450
40012,39.16513,-86.53488,451
40012,39.16499,-86.53488,452
40012,39.16471,-86.53489,453
40012,39.16467,-86.53489,454
40012,39.16467,-86.53565,455
40012,39.16467,-86.53585,456
40012,39.16468,-86.53608,457
40012,39.16468,-86.53609,458
40012,39.16468,-86.53631,459
40012,39.16468,-86.5365,460
40012,39.16468,-86.5369,461
40012,39.16468,-86.53741,462
40012,39.16468,-86.53806,463
40012,39.16468,-86.53837,464
40012,39.16467,-86.53868,465
40012,39.16459,-86.53867,466
40012,39.16425,-86.53865,467
40012,39.16414,-86.53865,468
40012,39.16373,-86.53865,469
40012,39.16331,-86.53866,470
40012,39.16316,-86.53866,471
40012,39.16305,-86.53866,472
40012,39.16287,-86.53866,473
40012,39.16239,-86.53867,474
40012,39.16195,-86.53867,475
40012,39.16177,-86.53868,476
40012,39.16143,-86.53869,477
40012,39.16143,-86.539,478
40012,39.16143,-86.53932,479
40012,39.16143,-86.53942,480
40012,39.16144,-86.53981,481
40012,39.16144,-86.53983,482
40012,39.16144,-86.54057,483
40012,39.16144,-86.54084,484
40012,39.16144,-86.54093,485
40012,39.16144,-86.54102,486
40012,39.16144,-86.54106,487
40012,39.16142,-86.54116,488
40012,39.16142,-86.54134,489
40012,39.16142,-86.54157,490
40012,39.16142,-86.5418,491
40012,39.16142,-86.54224,492
40012,39.16142,-86.54243,493
40012,39.16142,-86.54247,494
40012,39.16143,-86.54267,495
40012,39.16143,-86.54271,496
40012,39.16143,-86.5429,497
40012,39.16143,-86.54294,498
40012,39.16143,-86.54335,499
40012,39.16143,-86.5435,500
40012,39.16144,-86.54459,501
40012,39.16144,-86.54481,502
40012,39.16144,-86.54574,503
40012,39.16145,-86.54613,504
40012,39.16143,-86.54644,505
40012,39.16142,-86.54655,506
40012,39.16141,-86.54662,507
40012,39.1614,-86.5467,508
40012,39.16139,-86.54677,509
40012,39.16139,-86.5468,510
40012,39.16138,-86.54683,511
40012,39.16135,-86.54692,512
40012,39.16132,-86.54704,513
40012,39.16129,-86.54714,514
40012,39.16129,-86.54716,515
40012,39.16125,-86.54729,516
40012,39.16119,-86.54743,517
40012,39.16109,-86.5477,518
40012,39.16097,-86.548,519
40012,39.16085,-86.5483,520
40012,39.16078,-86.54848,521
40012,39.16053,-86.54825,522
40012,39.16034,-86.54807,523
40012,39.1601,-86.54783,524
40012,39.15992,-86.54766,525
40012,39.15981,-86.54756,526
40012,39.15953,-86.54723,527
40012,39.15749,-86.54509,528
40012,39.1562,-86.5437,529
40012,39.15614,-86.54363,530
40012,39.15613,-86.54362,531
40012,39.15593,-86.5434,532
40012,39.15566,-86.54333,533
40012,39.15566,-86.54341,534
40012,39.15566,-86.54377,535
40012,39.15566,-86.54379,536
40012,39.15565,-86.54429,537
40012,39.15566,-86.54446,538
40012,39.15566,-86.54452,539
40012,39.15566,-86.54475,540
40012,39.15567,-86.54515,541
40012,39.15567,-86.54538,542
40012,39.15568,-86.54579,543
40012,39.15568,-86.54591,544
40012,39.15569,-86.54613,545
40012,39.15569,-86.54614,546
40012,39.15569,-86.54638,547
40012,39.15569,-86.54649,548
40012,39.1557,-86.54659,549
40012,39.1557,-86.54684,550
40012,39.1557,-86.54706,551
40012,39.15571,-86.54752,552
40012,39.15577,-86.54802,553
40012,39.15579,-86.54835,554
40012,39.1558,-86.54859,555
40012,39.1558,-86.54878,556
40012,39.15581,-86.54893,557
40012,39.15581,-86.54924,558
40012,39.15585,-86.55032,559
40012,39.15586,-86.55055,560
40012,39.15621,-86.55057,561
40012,39.15677,-86.5506,562
40012,39.15695,-86.55062,563
40012,39.15704,-86.55062,564
40012,39.15724,-86.55063,565
40012,39.15743,-86.55064,566
40012,39.15776,-86.55066,567
40012,39.15794,-86.55067,568
40012,39.15796,-86.55067,569
40012,39.1583,-86.55069,570
40012,39.15834,-86.55069,571
40012,39.15848,-86.5507,572
40012,39.15849,-86.5507,573
40012,39.15884,-86.55071,574
40012,39.15885,-86.55072,575
40012,39.15901,-86.55072,576
40012,39.15903,-86.55073,577
40012,39.15916,-86.55073,578
40012,39.1592,-86.55073,579
40012,39.15921,-86.55074,580
40012,39.15937,-86.55075,581
40012,39.15939,-86.55075,582
40012,39.15957,-86.55076,583
40012,39.15962,-86.55076,584
40012,39.15973,-86.55077,585
40012,39.16003,-86.55079,586
40012,39.16034,-86.5508,587
40012,39.16043,-86.55082,588
40012,39.16043,-86.55099,589
40012,39.16043,-86.55137,590
40012,39.16042,-86.55149,591
40012,39.16041,-86.55182,592
40012,39.1604,-86.55186,593
40012,39.16039,-86.55196,594
40012,39.16038,-86.55211,595
40012,39.16037,-86.55221,596
40012,39.16034,-86.55236,597
40012,39.16033,-86.55243,598
40012,39.1603,-86.55263,599
40012,39.16026,-86.55277,600
40012,39.16025,-86.55282,601
40012,39.16025,-86.55284,602
40012,39.16021,-86.55294,603
40012,39.16013,-86.55326,604
40012,39.15997,-86.5538,605
40012,39.15996,-86.55386,606
40012,39.15987,-86.55413,607
40012,39.15978,-86.55435,608
40012,39.15968,-86.55457,609
40012,39.15966,-86.5546,610
40012,39.15956,-86.5548,611
40012,39.15946,-86.55498,612
40012,39.1593,-86.55527,613
40012,39.15895,-86.55582,614
40012,39.15887,-86.55594,615
40012,39.15866,-86.55629,616
40012,39.15854,-86.5565,617
40012,39.15836,-86.55684,618
40012,39.15831,-86.55694,619
40012,39.15826,-86.55704,620
40012,39.15816,-86.55725,621
40012,39.15804,-86.55754,622
40012,39.15786,-86.558,623
40012,39.15772,-86.55837,624
40012,39.15766,-86.55852,625
40012,39.15757,-86.55871,626
40012,39.15749,-86.55889,627
40012,39.15749,-86.5589,628
40012,39.15737,-86.55915,629
40012,39.15709,-86.55973,630
40012,39.15692,-86.56006,631
40012,39.15671,-86.56045,632
40012,39.1565,-86.5608,633
40012,39.15636,-86.56103,634
40012,39.15635,-86.56105,635
40012,39.15613,-86.56141,636
40012,39.15586,-86.56185,637
40012,39.15574,-86.56204,638
40012,39.15546,-86.56245,639
40012,39.15496,-86.5632,640
40012,39.15469,-86.56365,641
40012,39.15426,-86.56432,642
40012,39.15405,-86.56464,643
40012,39.15385,-86.56498,644
40012,39.1536,-86.56538,645
40012,39.15353,-86.56549,646
40012,39.1533,-86.56585,647
40012,39.1532,-86.56599,648
40012,39.15316,-86.56605,649
40012,39.15303,-86.56621,650
40012,39.15291,-86.56636,651
40012,39.15283,-86.56646,652
40012,39.15281,-86.56649,653
40012,39.15272,-86.56659,654
40012,39.15258,-86.56674,655
40012,39.15253,-86.56679,656
40012,39.15246,-86.56685,657
40012,39.15239,-86.56691,658
40012,39.15231,-86.56699,659
40012,39.15223,-86.56705,660
40012,39.15221,-86.56707,661
40012,39.15215,-86.56711,662
40012,39.15208,-86.56716,663
40012,39.15201,-86.56721,664
40012,39.1519,-86.56729,665
40012,39.15176,-86.56738,666
40012,39.15169,-86.56745,667
40012,39.15166,-86.56748,668
40012,39.15161,-86.56752,669
40012,39.15154,-86.56757,670
40012,39.15147,-86.56761,671
40012,39.15136,-86.56768,672
40012,39.15093,-86.56797,673
40012,39.15077,-86.56808,674
40012,39.15065,-86.56817,675
40012,39.15063,-86.56818,676
40012,39.15053,-86.56826,677
40012,39.15042,-86.56833,678
40012,39.15034,-86.56841,679
40012,39.15033,-86.56841,680
40012,39.15024,-86.5685,681
40012,39.15015,-86.56858,682
40012,39.15002,-86.56872,683
40012,39.14982,-86.56894,684
40012,39.14994,-86.56909,685
40012,39.14995,-86.5691,686
40012,39.14996,-86.56912,687
40012,39.14998,-86.56918,688
40012,39.15,-86.56921,689
40012,39.15,-86.56924,690
40012,39.15001,-86.56929,691
40012,39.15001,-86.56934,692
40012,39.15001,-86.56937,693
40012,39.15,-86.56939,694
40012,39.15,-86.56941,695
40012,39.14998,-86.56946,696
40012,39.14993,-86.56959,697
40012,39.14992,-86.56962,698
40012,39.14991,-86.56964,699
40012,39.1499,-86.56967,700
40012,39.14988,-86.5697,701
40012,39.14987,-86.56974,702
40012,39.14986,-86.56975,703
40012,39.14984,-86.56983,704
40012,39.14982,-86.56987,705
40012,39.14981,-86.56993,706
40012,39.14981,-86.56996,707
40012,39.14981,-86.57002,708
40012,39.14981,-86.57019,709
40012,39.14982,-86.57027,710
40012,39.14984,-86.57034,711
40012,39.14984,-86.57035,712
40012,39.14985,-86.5704,713
40012,39.14989,-86.57047,714
40012,39.14992,-86.57052,715
40012,39.14997,-86.57059,716
40012,39.15,-86.57062,717
40012,39.15007,-86.5707,718
40012,39.15024,-86.5709,719
40012,39.15061,-86.57132,720
40012,39.15088,-86.57162,721
40012,39.15101,-86.57178,722
40012,39.15106,-86.57183,723
40012,39.15115,-86.57192,724
40012,39.15133,-86.57211,725
40012,39.15155,-86.57226,726
40012,39.15161,-86.57229,727
40012,39.15177,-86.57236,728
40012,39.15178,-86.57237,729
40012,39.15203,-86.57245,730
40012,39.15221,-86.57249,731
40012,39.15226,-86.57249,732
40012,39.15231,-86.57249,733
40012,39.15249,-86.57249,734
40012,39.15251,-86.57249,735
40012,39.15305,-86.57249,736
40012,39.15331,-86.57248,737
40012,39.15357,-86.57249,738
40012,39.15392,-86.5725,739
40012,39.1541,-86.57251,740
40012,39.15428,-86.57251,741
40012,39.15436,-86.57251,742
40012,39.15468,-86.57252,743
40012,39.15479,-86.57248,744
40012,39.15482,-86.57246,745
40012,39.15484,-86.57245,746
40012,39.15497,-86.57239,747
40012,39.15499,-86.57238,748
40012,39.15515,-86.57232,749
40012,39.15516,-86.57231,750
40012,39.15524,-86.57229,751
40012,39.15534,-86.57226,752
40012,39.15555,-86.57219,753
40012,39.15565,-86.57213,754
40012,39.15569,-86.57211,755
40012,39.15574,-86.57207,756
40012,39.1558,-86.57202,757
40012,39.15582,-86.57198,758
40012,39.15584,-86.57196,759
40012,39.15602,-86.57162,760
40012,39.15614,-86.57145,761
40012,39.15623,-86.57132,762
40012,39.15628,-86.57127,763
40012,39.15634,-86.57124,764
40012,39.1564,-86.5712,765
40012,39.15643,-86.57118,766
40012,39.15646,-86.57117,767
40012,39.15651,-86.57115,768
40012,39.15669,-86.57109,769
40012,39.15678,-86.57109,770
40012,39.15689,-86.57111,771
40012,39.1569,-86.57111,772
40012,39.15698,-86.57113,773
40012,39.15725,-86.57123,774
40012,39.15737,-86.57124,775
40012,39.15749,-86.57123,776
40012,39.1576,-86.57119,777
40012,39.15761,-86.57119,778
40012,39.15774,-86.57113,779
40012,39.15775,-86.57112,780
40012,39.15777,-86.57111,781
40012,39.15787,-86.57105,782
40012,39.15793,-86.57101,783
40012,39.158,-86.57128,784
40012,39.15783,-86.57134,785
40012,39.15783,-86.57133,786
40012,39.15778,-86.57116,787
40012,39.15777,-86.57111,788
40012,39.15775,-86.57112,789
40012,39.15761,-86.57119,790
40012,39.1576,-86.57119,791
40012,39.15749,-86.57123,792
40012,39.15737,-86.57124,793
40012,39.15725,-86.57123,794
40012,39.15698,-86.57113,795
40012,39.1569,-86.57111,796
40012,39.15689,-86.57111,797
40012,39.15678,-86.57109,798
40012,39.15669,-86.57109,799
40012,39.15651,-86.57115,800
40012,39.1565,-86.57115,801
40012,39.15646,-86.57117,802
40012,39.1564,-86.5712,803
40012,39.15634,-86.57124,804
40012,39.15628,-86.57127,805
40012,39.15623,-86.57132,806
40012,39.15614,-86.57145,807
40012,39.15602,-86.57162,808
40012,39.15584,-86.57196,809
40012,39.15582,-86.57198,810
40012,39.1558,-86.57202,811
40012,39.15574,-86.57207,812
40012,39.15569,-86.57211,813
40012,39.15565,-86.57213,814
40012,39.15555,-86.57219,815
40012,39.15536,-86.57226,816
40012,39.15534,-86.57226,817
40012,39.15524,-86.57229,818
40012,39.15516,-86.57231,819
40012,39.15515,-86.57232,820
40012,39.15499,-86.57238,821
40012,39.15497,-86.57239,822
40012,39.15482,-86.57246,823
40012,39.15479,-86.57248,824
40012,39.15468,-86.57252,825
40012,39.15436,-86.57251,826
40012,39.15428,-86.57251,827
40012,39.1541,-86.57251,828
40012,39.15392,-86.5725,829
40012,39.15357,-86.57249,830
40012,39.15331,-86.57248,831
40012,39.15305,-86.57249,832
40012,39.15251,-86.57249,833
40012,39.15231,-86.57249,834
40012,39.15221,-86.57249,835
40012,39.15203,-86.57245,836
40012,39.15178,-86.57237,837
40012,39.15177,-86.57236,838
40012,39.15161,-86.57229,839
40012,39.15155,-86.57226,840
40012,39.15133,-86.57211,841
40012,39.15115,-86.57192,842
40012,39.15106,-86.57183,843
40012,39.15101,-86.57178,844
40012,39.15088,-86.57162,845
40012,39.15061,-86.57132,846
40012,39.15024,-86.5709,847
40012,39.15007,-86.5707,848
40012,39.15,-86.57062,849
40012,39.14997,-86.57059,850
40012,39.14992,-86.57052,851
40012,39.14989,-86.57047,852
40012,39.14985,-86.5704,853
40012,39.14984,-86.57035,854
40012,39.14984,-86.57034,855
40012,39.14982,-86.57027,856
40012,39.14981,-86.57019,857
40012,39.14981,-86.57002,858
40012,39.14981,-86.56996,859
40012,39.14981,-86.56993,860
40012,39.14982,-86.56987,861
40012,39.14984,-86.56983,862
40012,39.14986,-86.56975,863
40012,39.14987,-86.56974,864
40012,39.14988,-86.5697,865
40012,39.1499,-86.56967,866
40012,39.14991,-86.56964,867
40012,39.14992,-86.56962,868
40012,39.14993,-86.56959,869
40012,39.14998,-86.56946,870
40012,39.15,-86.56941,871
40012,39.15,-86.56939,872
40012,39.15001,-86.56937,873
40012,39.15001,-86.56934,874
40012,39.15001,-86.56929,875
40012,39.15,-86.56924,876
40012,39.15,-86.56921,877
40012,39.14998,-86.56918,878
40012,39.14996,-86.56912,879
40012,39.14994,-86.56909,880
40012,39.14982,-86.56894,881
40012,39.14972,-86.5691,882
40012,39.14967,-86.56919,883
40012,39.14958,-86.56933,884
40012,39.14946,-86.56955,885
40012,39.14946,-86.56956,886
40012,39.14933,-86.56979,887
40012,39.14925,-86.56993,888
40012,39.1492,-86.57001,889
40012,39.149,-86.5704,890
40012,39.14894,-86.57051,891
40012,39.14886,-86.57065,892
40012,39.14861,-86.57116,893
40012,39.14829,-86.57174,894
40012,39.14826,-86.57179,895
40012,39.14788,-86.57251,896
40012,39.14785,-86.57257,897
40012,39.14768,-86.5729,898
40012,39.14765,-86.57295,899
40012,39.14764,-86.57297,900
40012,39.14761,-86.57303,901
40012,39.14751,-86.57321,902
40012,39.1475,-86.57323,903
40012,39.14747,-86.57329,904
40012,39.14733,-86.57355,905
40012,39.14722,-86.57377,906
40012,39.14717,-86.57386,907
40012,39.14714,-86.57392,908
40012,39.1471,-86.57398,909
40012,39.14704,-86.5741,910
40012,39.14698,-86.57421,911
40012,39.14684,-86.57449,912
40012,39.14677,-86.57461,913
40012,39.14653,-86.57508,914
40012,39.14643,-86.57526,915
40012,39.14597,-86.57613,916
40012,39.14585,-86.57635,917
40012,39.14559,-86.57684,918
40012,39.14507,-86.57782,919
40012,39.14492,-86.57811,920
40012,39.14466,-86.57859,921
40012,39.14456,-86.57878,922
40012,39.14438,-86.57913,923
40012,39.14419,-86.57948,924
40012,39.14413,-86.57959,925
40012,39.14406,-86.57972,926
40012,39.14396,-86.57989,927
40012,39.14393,-86.57994,928
40012,39.14392,-86.57997,929
40012,39.14383,-86.58011,930
40012,39.14374,-86.58025,931
40012,39.14365,-86.58039,932
40012,39.14353,-86.58056,933
40012,39.14338,-86.58078,934
40012,39.14334,-86.58084,935
40012,39.14322,-86.58099,936
40012,39.14308,-86.58117,937
40012,39.14284,-86.58148,938
40012,39.14273,-86.58162,939
40012,39.14263,-86.58173,940
40012,39.14244,-86.58197,941
40012,39.14231,-86.58213,942
40012,39.14229,-86.58216,943
40012,39.14226,-86.58224,944
40012,39.14202,-86.58259,945
40012,39.1419,-86.58259,946
40012,39.14158,-86.58262,947
40012,39.14147,-86.58262,948
40012,39.14082,-86.58262,949
40012,39.14068,-86.58262,950
40012,39.14015,-86.58261,951
40012,39.13917,-86.58261,952
40012,39.13827,-86.58261,953
40012,39.13804,-86.58261,954
40012,39.13732,-86.58261,955
40012,39.13678,-86.58262,956
40012,39.13591,-86.58261,957
40012,39.13536,-86.58261,958
40012,39.13499,-86.58261,959
40012,39.13454,-86.58261,960
40012,39.13446,-86.58261,961
40012,39.13419,-86.58261,962
40012,39.13398,-86.5826,963
40012,39.13381,-86.5826,964
40012,39.13327,-86.5826,965
40012,39.13305,-86.58259,966
40012,39.13251,-86.58259,967
40012,39.13218,-86.58259,968
40012,39.13168,-86.58259,969
40012,39.1315,-86.58259,970
40012,39.1313,-86.58259,971
40012,39.13112,-86.58259,972
40012,39.13094,-86.58259,973
40012,39.13076,-86.58259,974
40012,39.13044,-86.5826,975
40012,39.1301,-86.58259,976
40012,39.1298,-86.58259,977
40012,39.12962,-86.58259,978
40012,39.12944,-86.58258,979
40012,39.12921,-86.58258,980
40012,39.12908,-86.58258,981
40012,39.12867,-86.58257,982
40012,39.12826,-86.58255,983
40012,39.12808,-86.58256,984
40012,39.12772,-86.58257,985
40012,39.12744,-86.58258,986
40012,39.12716,-86.58258,987
40012,39.12681,-86.58258,988
40012,39.12681,-86.5828,989
40012,39.12682,-86.58292,990
40015,39.12682,-86.58295,0
40015,39.12681,-86.5828,1
40015,39.12681,-86.58258,2
40015,39.12695,-86.58258,3
40015,39.12716,-86.58258,4
40015,39.12744,-86.58258,5
40015,39.12772,-86.58257,6
40015,39.12788,-86.58256,7
40015,39.12808,-86.58256,8
40015,39.12826,-86.58255,9
40015,39.12867,-86.58257,10
40015,39.12908,-86.58258,11
40015,39.12921,-86.58258,12
40015,39.12944,-86.58258,13
40015,39.12962,-86.58259,14
40015,39.12974,-86.58259,15
40015,39.1298,-86.58259,16
40015,39.1301,-86.58259,17
40015,39.13044,-86.5826,18
40015,39.13076,-86.58259,19
40015,39.13094,-86.58259,20
40015,39.13112,-86.58259,21
40015,39.1313,-86.58259,22
40015,39.1315,-86.58259,23
40015,39.13168,-86.58259,24
40015,39.13218,-86.58259,25
40015,39.13246,-86.58259,26
40015,39.13251,-86.58259,27
40015,39.13305,-86.58259,28
40015,39.13327,-86.5826,29
40015,39.13381,-86.5826,30
40015,39.13398,-86.5826,31
40015,39.13419,-86.58261,32
40015,39.13446,-86.58261,33
40015,39.13454,-86.58261,34
40015,39.13499,-86.58261,35
40015,39.13536,-86.58261,36
40015,39.13591,-86.58261,37
40015,39.13678,-86.58262,38
40015,39.13732,-86.58261,39
40015,39.13804,-86.58261,40
40015,39.13827,-86.58261,41
40015,39.13917,-86.58261,42
40015,39.14015,-86.58261,43
40015,39.14036,-86.58262,44
40015,39.14068,-86.58262,45
40015,39.14082,-86.58262,46
40015,39.141,-86.58262,47
40015,39.14147,-86.58262,48
40015,39.14158,-86.58262,49
40015,39.1419,-86.58259,50
40015,39.14229,-86.582,51
40015,39.14236,-86.5819,52
40015,39.14243,-86.58181,53
40015,39.14276,-86.58138,54
40015,39.14306,-86.58099,55
40015,39.14309,-86.58096,56
40015,39.14319,-86.58083,57
40015,39.14325,-86.58075,58
40015,39.14334,-86.58062,59
40015,39.14341,-86.58052,60
40015,39.14348,-86.58042,61
40015,39.14356,-86.58029,62
40015,39.14375,-86.58001,63
40015,39.14382,-86.57989,64
40015,39.14389,-86.57978,65
40015,39.14401,-86.57956,66
40015,39.14416,-86.57929,67
40015,39.14436,-86.57891,68
40015,39.14442,-86.5788,69
40015,39.14453,-86.57858,70
40015,39.14459,-86.57847,71
40015,39.14498,-86.57773,72
40015,39.14576,-86.57626,73
40015,39.14592,-86.57597,74
40015,39.14632,-86.5752,75
40015,39.14667,-86.57454,76
40015,39.14675,-86.5744,77
40015,39.14721,-86.57352,78
40015,39.14732,-86.57331,79
40015,39.14736,-86.57324,80
40015,39.14736,-86.57323,81
40015,39.14749,-86.57299,82
40015,39.1475,-86.57297,83
40015,39.14752,-86.57294,84
40015,39.14777,-86.57246,85
40015,39.14809,-86.57185,86
40015,39.1483,-86.57146,87
40015,39.14857,-86.57095,88
40015,39.14878,-86.57057,89
40015,39.14885,-86.57043,90
40015,39.14896,-86.5702,91
40015,39.14898,-86.57014,92
40015,39.14903,-86.57005,93
40015,39.14913,-86.56984,94
40015,39.14921,-86.56971,95
40015,39.14932,-86.56955,96
40015,39.14933,-86.56953,97
40015,39.14947,-86.56928,98
40015,39.14955,-86.56914,99
40015,39.14963,-86.56902,100
40015,39.14965,-86.56899,101
40015,39.14974,-86.56885,102
40015,39.14964,-86.56876,103
40015,39.14961,-86.56874,104
40015,39.14959,-86.56873,105
40015,39.14957,-86.56872,106
40015,39.14954,-86.56873,107
40015,39.14953,-86.56873,108
40015,39.14951,-86.56873,109
40015,39.14949,-86.56874,110
40015,39.14947,-86.56875,111
40015,39.14944,-86.56877,112
40015,39.14943,-86.56879,113
40015,39.14941,-86.56882,114
40015,39.14922,-86.56917,115
40015,39.14917,-86.56926,116
40015,39.14912,-86.56936,117
40015,39.14898,-86.56963,118
40015,39.1488,-86.56997,119
40015,39.14862,-86.57032,120
40015,39.14851,-86.57052,121
40015,39.14841,-86.57071,122
40015,39.1482,-86.57109,123
40015,39.1481,-86.57128,124
40015,39.148,-86.57148,125
40015,39.1479,-86.57158,126
40015,39.14785,-86.57162,127
40015,39.14783,-86.57163,128
40015,39.1477,-86.5717,129
40015,39.1476,-86.57172,130
40015,39.14756,-86.57172,131
40015,39.14749,-86.57171,132
40015,39.14743,-86.57169,133
40015,39.14742,-86.57168,134
40015,39.14734,-86.57163,135
40015,39.14723,-86.57154,136
40015,39.1472,-86.57152,137
40015,39.14718,-86.5715,138
40015,39.14708,-86.57142,139
40015,39.14703,-86.57138,140
40015,39.14693,-86.57129,141
40015,39.1468,-86.57118,142
40015,39.14676,-86.57115,143
40015,39.1469,-86.57089,144
40015,39.14693,-86.57083,145
40015,39.14705,-86.57093,146
40015,39.14706,-86.57094,147
40015,39.14707,-86.571,148
40015,39.14697,-86.57121,149
40015,39.14693,-86.57129,150
40015,39.14703,-86.57138,151
40015,39.14708,-86.57142,152
40015,39.14718,-86.5715,153
40015,39.14723,-86.57154,154
40015,39.14734,-86.57163,155
40015,39.14742,-86.57168,156
40015,39.14743,-86.57169,157
40015,39.14749,-86.57171,158
40015,39.14754,-86.57171,159
40015,39.14756,-86.57172,160
40015,39.1476,-86.57172,161
40015,39.1477,-86.5717,162
40015,39.14783,-86.57163,163
40015,39.14785,-86.57162,164
40015,39.1479,-86.57158,165
40015,39.148,-86.57148,166
40015,39.1481,-86.57128,167
40015,39.1482,-86.57109,168
40015,39.14841,-86.57071,169
40015,39.14851,-86.57052,170
40015,39.14857,-86.57041,171
40015,39.1488,-86.56997,172
40015,39.14898,-86.56963,173
40015,39.14912,-86.56936,174
40015,39.14922,-86.56917,175
40015,39.14941,-86.56882,176
40015,39.14942,-86.56881,177
40015,39.14943,-86.56879,178
40015,39.14944,-86.56877,179
40015,39.14947,-86.56875,180
40015,39.14949,-86.56874,181
40015,39.14951,-86.56873,182
40015,39.14953,-86.56873,183
40015,39.14954,-86.56873,184
40015,39.14957,-86.56872,185
40015,39.14959,-86.56873,186
40015,39.14961,-86.56874,187
40015,39.14964,-86.56876,188
40015,39.14974,-86.56885,189
40015,39.14984,-86.56874,190
40015,39.14993,-86.56864,191
40015,39.15004,-86.56852,192
40015,39.15011,-86.56844,193
40015,39.15019,-86.56837,194
40015,39.15029,-86.56827,195
40015,39.15041,-86.56818,196
40015,39.15049,-86.56812,197
40015,39.15051,-86.5681,198
40015,39.15064,-86.56801,199
40015,39.15088,-86.56784,200
40015,39.15126,-86.56763,201
40015,39.15145,-86.56752,202
40015,39.15149,-86.5675,203
40015,39.15159,-86.56744,204
40015,39.15163,-86.56742,205
40015,39.15166,-86.56741,206
40015,39.15168,-86.5674,207
40015,39.15176,-86.56738,208
40015,39.1519,-86.56729,209
40015,39.15201,-86.56721,210
40015,39.15208,-86.56716,211
40015,39.15215,-86.56711,212
40015,39.15221,-86.56707,213
40015,39.15223,-86.56705,214
40015,39.15231,-86.56699,215
40015,39.15239,-86.56691,216
40015,39.15246,-86.56685,217
40015,39.15253,-86.56679,218
40015,39.15258,-86.56674,219
40015,39.15272,-86.56659,220
40015,39.15281,-86.56649,221
40015,39.15283,-86.56646,222
40015,39.15291,-86.56636,223
40015,39.15303,-86.56621,224
40015,39.15316,-86.56605,225
40015,39.1532,-86.56599,226
40015,39.1533,-86.56585,227
40015,39.15353,-86.56549,228
40015,39.1536,-86.56538,229
40015,39.15364,-86.56532,230
40015,39.15385,-86.56498,231
40015,39.15405,-86.56464,232
40015,39.15426,-86.56432,233
40015,39.15469,-86.56365,234
40015,39.15496,-86.5632,235
40015,39.15535,-86.56262,236
40015,39.15546,-86.56245,237
40015,39.15574,-86.56204,238
40015,39.15586,-86.56185,239
40015,39.15613,-86.56141,240
40015,39.15635,-86.56105,241
40015,39.15636,-86.56103,242
40015,39.15671,-86.56045,243
40015,39.15692,-86.56006,244
40015,39.15709,-86.55973,245
40015,39.15737,-86.55915,246
40015,39.15749,-86.5589,247
40015,39.15749,-86.55889,248
40015,39.15757,-86.55871,249
40015,39.15766,-86.55852,250
40015,39.15772,-86.55837,251
40015,39.15786,-86.558,252
40015,39.15793,-86.55782,253
40015,39.15804,-86.55754,254
40015,39.15816,-86.55725,255
40015,39.15826,-86.55704,256
40015,39.15831,-86.55694,257
40015,39.15836,-86.55684,258
40015,39.15854,-86.5565,259
40015,39.15866,-86.55629,260
40015,39.15887,-86.55594,261
40015,39.15895,-86.55582,262
40015,39.1593,-86.55527,263
40015,39.15946,-86.55498,264
40015,39.15956,-86.5548,265
40015,39.15958,-86.55475,266
40015,39.15966,-86.5546,267
40015,39.15968,-86.55457,268
40015,39.15978,-86.55435,269
40015,39.15987,-86.55413,270
40015,39.15996,-86.55386,271
40015,39.16013,-86.55326,272
40015,39.16018,-86.55307,273
40015,39.16021,-86.55294,274
40015,39.16021,-86.55281,275
40015,39.16022,-86.55275,276
40015,39.16025,-86.55253,277
40015,39.1603,-86.55215,278
40015,39.16031,-86.55214,279
40015,39.16032,-86.552,280
40015,39.16032,-86.55199,281
40015,39.16033,-86.55177,282
40015,39.16034,-86.55134,283
40015,39.16034,-86.5508,284
40015,39.16016,-86.55079,285
40015,39.16003,-86.55079,286
40015,39.15973,-86.55077,287
40015,39.15962,-86.55076,288
40015,39.15957,-86.55076,289
40015,39.15939,-86.55075,290
40015,39.15937,-86.55075,291
40015,39.15926,-86.55074,292
40015,39.15921,-86.55074,293
40015,39.1592,-86.55073,294
40015,39.15916,-86.55073,295
40015,39.15903,-86.55073,296
40015,39.15901,-86.55072,297
40015,39.15885,-86.55072,298
40015,39.15884,-86.55071,299
40015,39.15849,-86.5507,300
40015,39.15848,-86.5507,301
40015,39.15834,-86.55069,302
40015,39.1583,-86.55069,303
40015,39.15796,-86.55067,304
40015,39.15794,-86.55067,305
40015,39.15776,-86.55066,306
40015,39.1577,-86.55066,307
40015,39.15743,-86.55064,308
40015,39.15724,-86.55063,309
40015,39.15704,-86.55062,310
40015,39.15695,-86.55062,311
40015,39.15677,-86.5506,312
40015,39.15651,-86.55059,313
40015,39.15621,-86.55057,314
40015,39.15602,-86.55056,315
40015,39.15586,-86.55055,316
40015,39.15585,-86.55032,317
40015,39.15581,-86.54924,318
40015,39.1558,-86.54878,319
40015,39.1558,-86.54876,320
40015,39.1558,-86.54859,321
40015,39.15579,-86.54835,322
40015,39.15577,-86.54802,323
40015,39.15571,-86.54752,324
40015,39.1557,-86.54706,325
40015,39.1557,-86.54684,326
40015,39.1557,-86.54659,327
40015,39.15569,-86.54638,328
40015,39.15569,-86.54614,329
40015,39.15569,-86.54613,330
40015,39.15568,-86.54591,331
40015,39.15568,-86.54579,332
40015,39.15568,-86.54552,333
40015,39.15567,-86.54538,334
40015,39.15567,-86.54515,335
40015,39.15566,-86.54475,336
40015,39.15566,-86.54452,337
40015,39.15566,-86.54446,338
40015,39.15565,-86.54429,339
40015,39.15566,-86.54379,340
40015,39.15566,-86.54347,341
40015,39.15566,-86.54341,342
40015,39.15566,-86.54333,343
40015,39.15593,-86.5434,344
40015,39.15613,-86.54362,345
40015,39.1562,-86.5437,346
40015,39.15623,-86.54373,347
40015,39.15749,-86.54509,348
40015,39.15753,-86.54513,349
40015,39.15889,-86.54655,350
40015,39.15938,-86.54707,351
40015,39.15953,-86.54723,352
40015,39.15981,-86.54756,353
40015,39.15992,-86.54766,354
40015,39.1601,-86.54783,355
40015,39.16053,-86.54825,356
40015,39.16056,-86.54827,357
40015,39.16078,-86.54848,358
40015,39.16097,-86.548,359
40015,39.16109,-86.5477,360
40015,39.16119,-86.54743,361
40015,39.16125,-86.54729,362
40015,39.16129,-86.54716,363
40015,39.16129,-86.54714,364
40015,39.16132,-86.54704,365
40015,39.16135,-86.54692,366
40015,39.16138,-86.54683,367
40015,39.16139,-86.5468,368
40015,39.16139,-86.54677,369
40015,39.1614,-86.5467,370
40015,39.16141,-86.54662,371
40015,39.16142,-86.54655,372
40015,39.16143,-86.54644,373
40015,39.16145,-86.54613,374
40015,39.16144,-86.54574,375
40015,39.16144,-86.54551,376
40015,39.16144,-86.54481,377
40015,39.16144,-86.54459,378
40015,39.16143,-86.5435,379
40015,39.16143,-86.54335,380
40015,39.16143,-86.54294,381
40015,39.16143,-86.5429,382
40015,39.16143,-86.54271,383
40015,39.16143,-86.54267,384
40015,39.16142,-86.54247,385
40015,39.16142,-86.54243,386
40015,39.16142,-86.54224,387
40015,39.16142,-86.5418,388
40015,39.16139,-86.5418,389
40015,39.16142,-86.5418,390
40015,39.16142,-86.54157,391
40015,39.16142,-86.54134,392
40015,39.16142,-86.54116,393
40015,39.16139,-86.54104,394
40015,39.16139,-86.54083,395
40015,39.16137,-86.5405,396
40015,39.16136,-86.5401,397
40015,39.16136,-86.54003,398
40015,39.16136,-86.53942,399
40015,39.16137,-86.53898,400
40015,39.16137,-86.53868,401
40015,39.16143,-86.53869,402
40015,39.16151,-86.53868,403
40015,39.16177,-86.53868,404
40015,39.16182,-86.53868,405
40015,39.16195,-86.53867,406
40015,39.16239,-86.53867,407
40015,39.16287,-86.53866,408
40015,39.16305,-86.53866,409
40015,39.16331,-86.53866,410
40015,39.16373,-86.53865,411
40015,39.16408,-86.53865,412
40015,39.16414,-86.53865,413
40015,39.16425,-86.53865,414
40015,39.16459,-86.53867,415
40015,39.16467,-86.53868,416
40015,39.16501,-86.53869,417
40015,39.16519,-86.5387,418
40015,39.1654,-86.5387,419
40015,39.16562,-86.5387,420
40015,39.16561,-86.53806,421
40015,39.16561,-86.53762,422
40015,39.16561,-86.53742,423
40015,39.1656,-86.53677,424
40015,39.1656,-86.53658,425
40015,39.1656,-86.53631,426
40015,39.1656,-86.53608,427
40015,39.16559,-86.53557,428
40015,39.16559,-86.53536,429
40015,39.16559,-86.5349,430
40015,39.16559,-86.53488,431
40015,39.16558,-86.53418,432
40015,39.16558,-86.53362,433
40015,39.16558,-86.53315,434
40015,39.16558,-86.53299,435
40015,39.16558,-86.53284,436
40015,39.16558,-86.53236,437
40015,39.16521,-86.53236,438
40015,39.16508,-86.53236,439
40015,39.16495,-86.53236,440
40015,39.16459,-86.53237,441
40015,39.16421,-86.53237,442
40015,39.16422,-86.53362,443
40015,39.16448,-86.53361,444
40015,39.16539,-86.53363,445
40015,39.16558,-86.53362,446
40015,39.16558,-86.53398,447
40015,39.16558,-86.53418,448
40015,39.16559,-86.53488,449
40015,39.16541,-86.53488,450
40015,39.16513,-86.53488,451
40015,39.16499,-86.53488,452
40015,39.16471,-86.53489,453
40015,39.16467,-86.53489,454
40015,39.16467,-86.53565,455
40015,39.16467,-86.53585,456
40015,39.16468,-86.53608,457
40015,39.16468,-86.53609,458
40015,39.16468,-86.53631,459
40015,39.16468,-86.5365,460
40015,39.16468,-86.5369,461
40015,39.16468,-86.53741,462
40015,39.16468,-86.53806,463
40015,39.16468,-86.53837,464
40015,39.16467,-86.53868,465
40015,39.16459,-86.53867,466
40015,39.16425,-86.53865,467
40015,39.16414,-86.53865,468
40015,39.16373,-86.53865,469
40015,39.16331,-86.53866,470
40015,39.16316,-86.53866,471
40015,39.16305,-86.53866,472
40015,39.16287,-86.53866,473
40015,39.16239,-86.53867,474
40015,39.16195,-86.53867,475
40015,39.16177,-86.53868,476
40015,39.16143,-86.53869,477
40015,39.16143,-86.539,478
40015,39.16143,-86.53932,479
40015,39.16143,-86.53942,480
40015,39.16144,-86.53981,481
40015,39.16144,-86.53983,482
40015,39.16144,-86.54057,483
40015,39.16144,-86.54084,484
40015,39.16144,-86.54093,485
40015,39.16144,-86.54102,486
40015,39.16144,-86.54106,487
40015,39.16142,-86.54116,488
40015,39.16142,-86.54134,489
40015,39.16142,-86.54157,490
40015,39.16142,-86.5418,491
40015,39.16142,-86.54224,492
40015,39.16142,-86.54243,493
40015,39.16142,-86.54247,494
40015,39.16143,-86.54267,495
40015,39.16143,-86.54271,496
40015,39.16143,-86.5429,497
40015,39.16143,-86.54294,498
40015,39.16143,-86.54335,499
40015,39.16143,-86.5435,500
40015,39.16144,-86.54459,501
40015,39.16144,-86.54481,502
40015,39.16144,-86.54574,503
40015,39.16145,-86.54613,504
40015,39.16143,-86.54644,505
40015,39.16142,-86.54655,506
40015,39.16141,-86.54662,507
40015,39.1614,-86.5467,508
40015,39.16139,-86.54677,509
40015,39.16139,-86.5468,510
40015,39.16138,-86.54683,511
40015,39.16135,-86.54692,512
40015,39.16132,-86.54704,513
40015,39.16129,-86.54714,514
40015,39.16129,-86.54716,515
40015,39.16125,-86.54729,516
40015,39.16119,-86.54743,517
40015,39.16109,-86.5477,518
40015,39.16097,-86.548,519
40015,39.16085,-86.5483,520
40015,39.16078,-86.54848,521
40015,39.16053,-86.54825,522
40015,39.16034,-86.54807,523
40015,39.1601,-86.54783,524
40015,39.15992,-86.54766,525
40015,39.15981,-86.54756,526
40015,39.15953,-86.54723,527
40015,39.15749,-86.54509,528
40015,39.1562,-86.5437,529
40015,39.15614,-86.54363,530
40015,39.15613,-86.54362,531
40015,39.15593,-86.5434,532
40015,39.15566,-86.54333,533
40015,39.15566,-86.54341,534
40015,39.15566,-86.54377,535
40015,39.15566,-86.54379,536
40015,39.15565,-86.54429,537
40015,39.15566,-86.54446,538
40015,39.15566,-86.54452,539
40015,39.15566,-86.54475,540
40015,39.15567,-86.54515,541
40015,39.15567,-86.54538,542
40015,39.15568,-86.54579,543
40015,39.15568,-86.54591,544
40015,39.15569,-86.54613,545
40015,39.15569,-86.54614,546
40015,39.15569,-86.54638,547
40015,39.15569,-86.54649,548
40015,39.1557,-86.54659,549
40015,39.1557,-86.54684,550
40015,39.1557,-86.54706,551
40015,39.15571,-86.54752,552
40015,39.15577,-86.54802,553
40015,39.15579,-86.54835,554
40015,39.1558,-86.54859,555
40015,39.1558,-86.54878,556
40015,39.15581,-86.54893,557
40015,39.15581,-86.54924,558
40015,39.15585,-86.55032,559
40015,39.15586,-86.55055,560
40015,39.15621,-86.55057,561
40015,39.15677,-86.5506,562
40015,39.15695,-86.55062,563
40015,39.15704,-86.55062,564
40015,39.15724,-86.55063,565
40015,39.15743,-86.55064,566
40015,39.15776,-86.55066,567
40015,39.15794,-86.55067,568
40015,39.15796,-86.55067,569
40015,39.1583,-86.55069,570
40015,39.15834,-86.55069,571
40015,39.15848,-86.5507,572
40015,39.15849,-86.5507,573
40015,39.15884,-86.55071,574
40015,39.15885,-86.55072,575
40015,39.15901,-86.55072,576
40015,39.15903,-86.55073,577
40015,39.15916,-86.55073,578
40015,39.1592,-86.55073,579
40015,39.15921,-86.55074,580
40015,39.15937,-86.55075,581
40015,39.15939,-86.55075,582
40015,39.15957,-86.55076,583
40015,39.15962,-86.55076,584
40015,39.15973,-86.55077,585
40015,39.16003,-86.55079,586
40015,39.16034,-86.5508,587
40015,39.16043,-86.55082,588
40015,39.16043,-86.55099,589
40015,39.16043,-86.55137,590
40015,39.16042,-86.55149,591
40015,39.16041,-86.55182,592
40015,39.1604,-86.55186,593
40015,39.16039,-86.55196,594
40015,39.16038,-86.55211,595
40015,39.16037,-86.55221,596
40015,39.16034,-86.55236,597
40015,39.16033,-86.55243,598
40015,39.1603,-86.55263,599
40015,39.16026,-86.55277,600
40015,39.16025,-86.55282,601
40015,39.16025,-86.55284,602
40015,39.16021,-86.55294,603
40015,39.16013,-86.55326,604
40015,39.15997,-86.5538,605
40015,39.15996,-86.55386,606
40015,39.15987,-86.55413,607
40015,39.15978,-86.55435,608
40015,39.15968,-86.55457,609
40015,39.15966,-86.5546,610
40015,39.15956,-86.5548,611
40015,39.15946,-86.55498,612
40015,39.1593,-86.55527,613
40015,39.15895,-86.55582,614
40015,39.15887,-86.55594,615
40015,39.15866,-86.55629,616
40015,39.15854,-86.5565,617
40015,39.15836,-86.55684,618
40015,39.15831,-86.55694,619
40015,39.15826,-86.55704,620
40015,39.15816,-86.55725,621
40015,39.15804,-86.55754,622
40015,39.15786,-86.558,623
40015,39.15772,-86.55837,624
40015,39.15766,-86.55852,625
40015,39.15757,-86.55871,626
40015,39.15749,-86.55889,627
40015,39.15749,-86.5589,628
40015,39.15737,-86.55915,629
40015,39.15709,-86.55973,630
40015,39.15692,-86.56006,631
40015,39.15671,-86.56045,632
40015,39.1565,-86.5608,633
40015,39.15636,-86.56103,634
40015,39.15635,-86.56105,635
40015,39.15613,-86.56141,636
40015,39.15586,-86.56185,637
40015,39.15574,-86.56204,638
40015,39.15546,-86.56245,639
40015,39.15496,-86.5632,640
40015,39.15469,-86.56365,641
40015,39.15426,-86.56432,642
40015,39.15405,-86.56464,643
40015,39.15385,-86.56498,644
40015,39.1536,-86.56538,645
40015,39.15353,-86.56549,646
40015,39.1533,-86.56585,647
40015,39.1532,-86.56599,648
40015,39.15316,-86.56605,649
40015,39.15303,-86.56621,650
40015,39.15291,-86.56636,651
40015,39.15283,-86.56646,652
40015,39.15281,-86.56649,653
40015,39.15272,-86.56659,654
40015,39.15258,-86.56674,655
40015,39.15253,-86.56679,656
40015,39.15246,-86.56685,657
40015,39.15239,-86.56691,658
40015,39.15231,-86.56699,659
40015,39.15223,-86.56705,660
40015,39.15221,-86.56707,661
40015,39.15215,-86.56711,662
40015,39.15208,-86.56716,663
40015,39.15201,-86.56721,664
40015,39.1519,-86.56729,665
40015,39.15176,-86.56738,666
40015,39.15169,-86.56745,667
40015,39.15166,-86.56748,668
40015,39.15161,-86.56752,669
40015,39.15154,-86.56757,670
40015,39.15147,-86.56761,671
40015,39.15136,-86.56768,672
40015,39.15093,-86.56797,673
40015,39.15077,-86.56808,674
40015,39.15065,-86.56817,675
40015,39.15063,-86.56818,676
40015,39.15053,-86.56826,677
40015,39.15042,-86.56833,678
40015,39.15034,-86.56841,679
40015,39.15033,-86.56841,680
40015,39.15024,-86.5685,681
40015,39.15015,-86.56858,682
40015,39.15002,-86.56872,683
40015,39.14982,-86.56894,684
40015,39.14994,-86.56909,685
40015,39.14995,-86.5691,686
40015,39.14996,-86.56912,687
40015,39.14998,-86.56918,688
40015,39.15,-86.56921,689
40015,39.15,-86.56924,690
40015,39.15001,-86.56929,691
40015,39.15001,-86.56934,692
40015,39.15001,-86.56937,693
40015,39.15,-86.56939,694
40015,39.15,-86.56941,695
40015,39.14998,-86.56946,696
40015,39.14993,-86.56959,697
40015,39.14992,-86.56962,698
40015,39.14991,-86.56964,699
40015,39.1499,-86.56967,700
40015,39.14988,-86.5697,701
40015,39.14987,-86.56974,702
40015,39.14986,-86.56975,703
40015,39.14984,-86.56983,704
40015,39.14982,-86.56987,705
40015,39.14981,-86.56993,706
40015,39.14981,-86.56996,707
40015,39.14981,-86.57002,708
40015,39.14981,-86.57019,709
40015,39.14982,-86.57027,710
40015,39.14984,-86.57034,711
40015,39.14984,-86.57035,712
40015,39.14985,-86.5704,713
40015,39.14989,-86.57047,714
40015,39.14992,-86.57052,715
40015,39.14997,-86.57059,716
40015,39.15,-86.57062,717
40015,39.15007,-86.5707,718
40015,39.15024,-86.5709,719
40015,39.15061,-86.57132,720
40015,39.15088,-86.57162,721
40015,39.15101,-86.57178,722
40015,39.15106,-86.57183,723
40015,39.15115,-86.57192,724
40015,39.15133,-86.57211,725
40015,39.15155,-86.57226,726
40015,39.15161,-86.57229,727
40015,39.15177,-86.57236,728
40015,39.15178,-86.57237,729
40015,39.15203,-86.57245,730
40015,39.15221,-86.57249,731
40015,39.15226,-86.57249,732
40015,39.15231,-86.57249,733
40015,39.15249,-86.57249,734
40015,39.15251,-86.57249,735
40015,39.15305,-86.57249,736
40015,39.15331,-86.57248,737
40015,39.15357,-86.57249,738
40015,39.15392,-86.5725,739
40015,39.1541,-86.57251,740
40015,39.15428,-86.57251,741
40015,39.15436,-86.57251,742
40015,39.15468,-86.57252,743
40015,39.15479,-86.57248,744
40015,39.15482,-86.57246,745
40015,39.15484,-86.57245,746
40015,39.15497,-86.57239,747
40015,39.15499,-86.57238,748
40015,39.15515,-86.57232,749
40015,39.15516,-86.57231,750
40015,39.15524,-86.57229,751
40015,39.15534,-86.57226,752
40015,39.15555,-86.57219,753
40015,39.15565,-86.57213,754
40015,39.15569,-86.57211,755
40015,39.15574,-86.57207,756
40015,39.1558,-86.57202,757
40015,39.15582,-86.57198,758
40015,39.15584,-86.57196,759
40015,39.15602,-86.57162,760
40015,39.15614,-86.57145,761
40015,39.15623,-86.57132,762
40015,39.15628,-86.57127,763
40015,39.15634,-86.57124,764
40015,39.1564,-86.5712,765
40015,39.15643,-86.57118,766
40015,39.15646,-86.57117,767
40015,39.15651,-86.57115,768
40015,39.15669,-86.57109,769
40015,39.15678,-86.57109,770
40015,39.15689,-86.57111,771
40015,39.1569,-86.57111,772
40015,39.15698,-86.57113,773
40015,39.15725,-86.57123,774
40015,39.15737,-86.57124,775
40015,39.15749,-86.57123,776
40015,39.1576,-86.57119,777
40015,39.15761,-86.57119,778
40015,39.15774,-86.57113,779
40015,39.15775,-86.57112,780
40015,39.15777,-86.57111,781
40015,39.15787,-86.57105,782
40015,39.15793,-86.57101,783
40015,39.158,-86.57128,784
40015,39.15783,-86.57134,785
40015,39.15783,-86.57133,786
40015,39.15778,-86.57116,787
40015,39.15777,-86.57111,788
40015,39.15775,-86.57112,789
40015,39.15761,-86.57119,790
40015,39.1576,-86.57119,791
40015,39.15749,-86.57123,792
40015,39.15737,-86.57124,793
40015,39.15725,-86.57123,794
40015,39.15698,-86.57113,795
40015,39.1569,-86.57111,796
40015,39.15689,-86.57111,797
40015,39.15678,-86.57109,798
40015,39.15669,-86.57109,799
40015,39.15651,-86.57115,800
40015,39.1565,-86.57115,801
40015,39.15646,-86.57117,802
40015,39.1564,-86.5712,803
40015,39.15634,-86.57124,804
40015,39.15628,-86.57127,805
40015,39.15623,-86.57132,806
40015,39.15614,-86.57145,807
40015,39.15602,-86.57162,808
40015,39.15584,-86.57196,809
40015,39.15582,-86.57198,810
40015,39.1558,-86.57202,811
40015,39.15574,-86.57207,812
40015,39.15569,-86.57211,813
40015,39.15565,-86.57213,814
40015,39.15555,-86.57219,815
40015,39.15536,-86.57226,816
40015,39.15534,-86.57226,817
40015,39.15524,-86.57229,818
40015,39.15516,-86.57231,819
40015,39.15515,-86.57232,820
40015,39.15499,-86.57238,821
40015,39.15497,-86.57239,822
40015,39.15482,-86.57246,823
40015,39.15479,-86.57248,824
40015,39.15468,-86.57252,825
40015,39.15436,-86.57251,826
40015,39.15428,-86.57251,827
40015,39.1541,-86.57251,828
40015,39.15392,-86.5725,829
40015,39.15357,-86.57249,830
40015,39.15331,-86.57248,831
40015,39.15305,-86.57249,832
40015,39.15251,-86.57249,833
40015,39.15231,-86.57249,834
40015,39.15221,-86.57249,835
40015,39.15203,-86.57245,836
40015,39.15178,-86.57237,837
40015,39.15177,-86.57236,838
40015,39.15161,-86.57229,839
40015,39.15155,-86.57226,840
40015,39.15133,-86.57211,841
40015,39.15115,-86.57192,842
40015,39.15106,-86.57183,843
40015,39.15101,-86.57178,844
40015,39.15088,-86.57162,845
40015,39.15061,-86.57132,846
40015,39.15024,-86.5709,847
40015,39.15007,-86.5707,848
40015,39.15,-86.57062,849
40015,39.14997,-86.57059,850
40015,39.14992,-86.57052,851
40015,39.14989,-86.57047,852
40015,39.14985,-86.5704,853
40015,39.14984,-86.57035,854
40015,39.14984,-86.57034,855
40015,39.14982,-86.57027,856
40015,39.14981,-86.57019,857
40015,39.14981,-86.57002,858
40015,39.14981,-86.56996,859
40015,39.14981,-86.56993,860
40015,39.14982,-86.56987,861
40015,39.14984,-86.56983,862
40015,39.14986,-86.56975,863
40015,39.14987,-86.56974,864
40015,39.14988,-86.5697,865
40015,39.1499,-86.56967,866
40015,39.14991,-86.56964,867
40015,39.14992,-86.56962,868
40015,39.14993,-86.56959,869
40015,39.14998,-86.56946,870
40015,39.15,-86.56941,871
40015,39.15,-86.56939,872
40015,39.15001,-86.56937,873
40015,39.15001,-86.56934,874
40015,39.15001,-86.56929,875
40015,39.15,-86.56924,876
40015,39.15,-86.56921,877
40015,39.14998,-86.56918,878
40015,39.14996,-86.56912,879
40015,39.14994,-86.56909,880
40015,39.14982,-86.56894,881
40015,39.14972,-86.5691,882
40015,39.14967,-86.56919,883
40015,39.14958,-86.56933,884
40015,39.14946,-86.56955,885
40015,39.14946,-86.56956,886
40015,39.14933,-86.56979,887
40015,39.14925,-86.56993,888
40015,39.1492,-86.57001,889
40015,39.149,-86.5704,890
40015,39.14894,-86.57051,891
40015,39.14886,-86.57065,892
40015,39.14861,-86.57116,893
40015,39.14829,-86.57174,894
40015,39.14826,-86.57179,895
40015,39.14788,-86.57251,896
40015,39.14785,-86.57257,897
40015,39.14768,-86.5729,898
40015,39.14765,-86.57295,899
40015,39.14764,-86.57297,900
40015,39.14761,-86.57303,901
40015,39.14751,-86.57321,902
40015,39.1475,-86.57323,903
40015,39.14747,-86.57329,904
40015,39.14733,-86.57355,905
40015,39.14722,-86.57377,906
40015,39.14717,-86.57386,907
40015,39.14714,-86.57392,908
40015,39.1471,-86.57398,909
40015,39.14704,-86.5741,910
40015,39.14698,-86.57421,911
40015,39.14684,-86.57449,912
40015,39.14677,-86.57461,913
40015,39.14653,-86.57508,914
40015,39.14643,-86.57526,915
40015,39.14597,-86.57613,916
40015,39.14585,-86.57635,917
40015,39.14559,-86.57684,918
40015,39.14507,-86.57782,919
40015,39.14492,-86.57811,920
40015,39.14466,-86.57859,921
40015,39.14456,-86.57878,922
40015,39.14438,-86.57913,923
40015,39.14419,-86.57948,924
40015,39.14413,-86.57959,925
40015,39.14406,-86.57972,926
40015,39.14396,-86.57989,927
40015,39.14393,-86.57994,928
40015,39.14392,-86.57997,929
40015,39.14383,-86.58011,930
40015,39.14374,-86.58025,931
40015,39.14365,-86.58039,932
40015,39.14353,-86.58056,933
40015,39.14338,-86.58078,934
40015,39.14334,-86.58084,935
40015,39.14322,-86.58099,936
40015,39.14308,-86.58117,937
40015,39.14284,-86.58148,938
40015,39.14273,-86.58162,939
40015,39.14263,-86.58173,940
40015,39.14244,-86.58197,941
40015,39.14231,-86.58213,942
40015,39.14229,-86.58216,943
40015,39.14226,-86.58224,944
40015,39.14202,-86.58259,945
40015,39.1419,-86.58259,946
40015,39.14158,-86.58262,947
40015,39.14147,-86.58262,948
40015,39.14082,-86.58262,949
40015,39.14068,-86.58262,950
40015,39.14015,-86.58261,951
40015,39.13917,-86.58261,952
40015,39.13827,-86.58261,953
40015,39.13804,-86.58261,954
40015,39.13732,-86.58261,955
40015,39.13678,-86.58262,956
40015,39.13591,-86.58261,957
40015,39.13536,-86.58261,958
40015,39.13499,-86.58261,959
40015,39.13454,-86.58261,960
40015,39.13446,-86.58261,961
40015,39.13419,-86.58261,962
40015,39.13398,-86.5826,963
40015,39.13381,-86.5826,964
40015,39.13327,-86.5826,965
40015,39.13305,-86.58259,966
40015,39.13251,-86.58259,967
40015,39.13218,-86.58259,968
40015,39.13168,-86.58259,969
40015,39.1315,-86.58259,970
40015,39.1313,-86.58259,971
40015,39.13112,-86.58259,972
40015,39.13094,-86.58259,973
40015,39.13076,-86.58259,974
40015,39.13044,-86.5826,975
40015,39.1301,-86.58259,976
40015,39.1298,-86.58259,977
40015,39.12962,-86.58259,978
40015,39.12944,-86.58258,979
40015,39.12921,-86.58258,980
40015,39.12908,-86.58258,981
40015,39.12867,-86.58257,982
40015,39.12826,-86.58255,983
40015,39.12808,-86.58256,984
40015,39.12772,-86.58257,985
40015,39.12744,-86.58258,986
40015,39.12716,-86.58258,987
40015,39.12681,-86.58258,988
40015,39.12681,-86.5828,989
40015,39.12682,-86.58292,990
400151,39.12682,-86.58295,0
400151,39.12681,-86.5828,1
400151,39.12681,-86.58258,2
400151,39.12695,-86.58258,3
400151,39.12716,-86.58258,4
400151,39.12744,-86.58258,5
400151,39.12772,-86.58257,6
400151,39.12788,-86.58256,7
400151,39.12808,-86.58256,8
400151,39.12826,-86.58255,9
400151,39.12867,-86.58257,10
400151,39.12908,-86.58258,11
400151,39.12921,-86.58258,12
400151,39.12944,-86.58258,13
400151,39.12962,-86.58259,14
400151,39.12974,-86.58259,15
400151,39.1298,-86.58259,16
400151,39.1301,-86.58259,17
400151,39.13044,-86.5826,18
400151,39.13076,-86.58259,19
400151,39.13094,-86.58259,20
400151,39.13112,-86.58259,21
400151,39.1313,-86.58259,22
400151,39.1315,-86.58259,23
400151,39.13168,-86.58259,24
400151,39.13218,-86.58259,25
400151,39.13246,-86.58259,26
400151,39.13251,-86.58259,27
400151,39.13305,-86.58259,28
400151,39.13327,-86.5826,29
400151,39.13381,-86.5826,30
400151,39.13398,-86.5826,31
400151,39.13419,-86.58261,32
400151,39.13446,-86.58261,33
400151,39.13454,-86.58261,34
400151,39.13499,-86.58261,35
400151,39.13536,-86.58261,36
400151,39.13591,-86.58261,37
400151,39.13678,-86.58262,38
400151,39.13732,-86.58261,39
400151,39.13804,-86.58261,40
400151,39.13827,-86.58261,41
400151,39.13917,-86.58261,42
400151,39.14015,-86.58261,43
400151,39.14036,-86.58262,44
400151,39.14068,-86.58262,45
400151,39.14082,-86.58262,46
400151,39.141,-86.58262,47
400151,39.14147,-86.58262,48
400151,39.14158,-86.58262,49
400151,39.1419,-86.58259,50
400151,39.14229,-86.582,51
400151,39.14236,-86.5819,52
400151,39.14243,-86.58181,53
400151,39.14276,-86.58138,54
400151,39.14306,-86.58099,55
400151,39.14309,-86.58096,56
400151,39.14319,-86.58083,57
400151,39.14325,-86.58075,58
400151,39.14334,-86.58062,59
400151,39.14341,-86.58052,60
400151,39.14348,-86.58042,61
400151,39.14356,-86.58029,62
400151,39.14375,-86.58001,63
400151,39.14382,-86.57989,64
400151,39.14389,-86.57978,65
400151,39.14401,-86.57956,66
400151,39.14416,-86.57929,67
400151,39.14436,-86.57891,68
400151,39.14442,-86.5788,69
400151,39.14453,-86.57858,70
400151,39.14459,-86.57847,71
400151,39.14498,-86.57773,72
400151,39.14576,-86.57626,73
400151,39.14592,-86.57597,74
400151,39.14632,-86.5752,75
400151,39.14667,-86.57454,76
400151,39.14675,-86.5744,77
400151,39.14721,-86.57352,78
400151,39.14732,-86.57331,79
400151,39.14736,-86.57324,80
400151,39.14736,-86.57323,81
400151,39.14749,-86.57299,82
400151,39.1475,-86.57297,83
400151,39.14752,-86.57294,84
400151,39.14777,-86.57246,85
400151,39.14809,-86.57185,86
400151,39.1483,-86.57146,87
400151,39.14857,-86.57095,88
400151,39.14878,-86.57057,89
400151,39.14885,-86.57043,90
400151,39.14896,-86.5702,91
400151,39.14898,-86.57014,92
400151,39.14903,-86.57005,93
400151,39.14913,-86.56984,94
400151,39.14921,-86.56971,95
400151,39.14932,-86.56955,96
400151,39.14933,-86.56953,97
400151,39.14947,-86.56928,98
400151,39.14955,-86.56914,99
400151,39.14963,-86.56902,100
400151,39.14965,-86.56899,101
400151,39.14974,-86.56885,102
400151,39.14964,-86.56876,103
400151,39.14961,-86.56874,104
400151,39.14959,-86.56873,105
400151,39.14957,-86.56872,106
400151,39.14954,-86.56873,107
400151,39.14953,-86.56873,108
400151,39.14951,-86.56873,109
400151,39.14949,-86.56874,110
400151,39.14947,-86.56875,111
400151,39.14944,-86.56877,112
400151,39.14943,-86.56879,113
400151,39.14941,-86.56882,114
400151,39.14922,-86.56917,115
400151,39.14917,-86.56926,116
400151,39.14912,-86.56936,117
400151,39.14898,-86.56963,118
400151,39.1488,-86.56997,119
400151,39.14862,-86.57032,120
400151,39.14851,-86.57052,121
400151,39.14841,-86.57071,122
400151,39.1482,-86.57109,123
400151,39.1481,-86.57128,124
400151,39.148,-86.57148,125
400151,39.1479,-86.57158,126
400151,39.14785,-86.57162,127
400151,39.14783,-86.57163,128
400151,39.1477,-86.5717,129
400151,39.1476,-86.57172,130
400151,39.14756,-86.57172,131
400151,39.14749,-86.57171,132
400151,39.14743,-86.57169,133
400151,39.14742,-86.57168,134
400151,39.14734,-86.57163,135
400151,39.14723,-86.57154,136
400151,39.1472,-86.57152,137
400151,39.14718,-86.5715,138
400151,39.14708,-86.57142,139
400151,39.14703,-86.57138,140
400151,39.14693,-86.57129,141
400151,39.1468,-86.57118,142
400151,39.14676,-86.57115,143
400151,39.1469,-86.57089,144
400151,39.14693,-86.57083,145
400151,39.14705,-86.57093,146
400151,39.14706,-86.57094,147
400151,39.14707,-86.571,148
400151,39.14697,-86.57121,149
400151,39.14693,-86.57129,150
400151,39.14703,-86.57138,151
400151,39.14708,-86.57142,152
400151,39.14718,-86.5715,153
400151,39.14723,-86.57154,154
400151,39.14734,-86.57163,155
400151,39.14742,-86.57168,156
400151,39.14743,-86.57169,157
400151,39.14749,-86.57171,158
400151,39.14754,-86.57171,159
400151,39.14756,-86.57172,160
400151,39.1476,-86.57172,161
400151,39.1477,-86.5717,162
400151,39.14783,-86.57163,163
400151,39.14785,-86.57162,164
400151,39.1479,-86.57158,165
400151,39.148,-86.57148,166
400151,39.1481,-86.57128,167
400151,39.1482,-86.57109,168
400151,39.14841,-86.57071,169
400151,39.14851,-86.57052,170
400151,39.14857,-86.57041,171
400151,39.1488,-86.56997,172
400151,39.14898,-86.56963,173
400151,39.14912,-86.56936,174
400151,39.14922,-86.56917,175
400151,39.14941,-86.56882,176
400151,39.14942,-86.56881,177
400151,39.14943,-86.56879,178
400151,39.14944,-86.56877,179
400151,39.14947,-86.56875,180
400151,39.14949,-86.56874,181
400151,39.14951,-86.56873,182
400151,39.14953,-86.56873,183
400151,39.14954,-86.56873,184
400151,39.14957,-86.56872,185
400151,39.14959,-86.56873,186
400151,39.14961,-86.56874,187
400151,39.14964,-86.56876,188
400151,39.14974,-86.56885,189
400151,39.14984,-86.56874,190
400151,39.14993,-86.56864,191
400151,39.15004,-86.56852,192
400151,39.15011,-86.56844,193
400151,39.15019,-86.56837,194
400151,39.15029,-86.56827,195
400151,39.15041,-86.56818,196
400151,39.15049,-86.56812,197
400151,39.15051,-86.5681,198
400151,39.15064,-86.56801,199
400151,39.15088,-86.56784,200
400151,39.15126,-86.56763,201
400151,39.15145,-86.56752,202
400151,39.15149,-86.5675,203
400151,39.15159,-86.56744,204
400151,39.15163,-86.56742,205
400151,39.15166,-86.56741,206
400151,39.15168,-86.5674,207
400151,39.15176,-86.56738,208
400151,39.1519,-86.56729,209
400151,39.15201,-86.56721,210
400151,39.15208,-86.56716,211
400151,39.15215,-86.56711,212
400151,39.15221,-86.56707,213
400151,39.15223,-86.56705,214
400151,39.15231,-86.56699,215
400151,39.15239,-86.56691,216
400151,39.15246,-86.56685,217
400151,39.15253,-86.56679,218
400151,39.15258,-86.56674,219
400151,39.15272,-86.56659,220
400151,39.15281,-86.56649,221
400151,39.15283,-86.56646,222
400151,39.15291,-86.56636,223
400151,39.15303,-86.56621,224
400151,39.15316,-86.56605,225
400151,39.1532,-86.56599,226
400151,39.1533,-86.56585,227
400151,39.15353,-86.56549,228
400151,39.1536,-86.56538,229
400151,39.15364,-86.56532,230
400151,39.15385,-86.56498,231
400151,39.15405,-86.56464,232
400151,39.15426,-86.56432,233
400151,39.15469,-86.56365,234
400151,39.15496,-86.5632,235
400151,39.15535,-86.56262,236
400151,39.15546,-86.56245,237
400151,39.15574,-86.56204,238
400151,39.15586,-86.56185,239
400151,39.15613,-86.56141,240
400151,39.15635,-86.56105,241
400151,39.15636,-86.56103,242
400151,39.15671,-86.56045,243
400151,39.15692,-86.56006,244
400151,39.15709,-86.55973,245
400151,39.15737,-86.55915,246
400151,39.15749,-86.5589,247
400151,39.15749,-86.55889,248
400151,39.15757,-86.55871,249
400151,39.15766,-86.55852,250
400151,39.15772,-86.55837,251
400151,39.15786,-86.558,252
400151,39.15793,-86.55782,253
400151,39.15804,-86.55754,254
400151,39.15816,-86.55725,255
400151,39.15826,-86.55704,256
400151,39.15831,-86.55694,257
400151,39.15836,-86.55684,258
400151,39.15854,-86.5565,259
400151,39.15866,-86.55629,260
400151,39.15887,-86.55594,261
400151,39.15895,-86.55582,262
400151,39.1593,-86.55527,263
400151,39.15946,-86.55498,264
400151,39.15956,-86.5548,265
400151,39.15958,-86.55475,266
400151,39.15966,-86.5546,267
400151,39.15968,-86.55457,268
400151,39.15978,-86.55435,269
400151,39.15987,-86.55413,270
400151,39.15996,-86.55386,271
400151,39.16013,-86.55326,272
400151,39.16018,-86.55307,273
400151,39.16021,-86.55294,274
400151,39.16021,-86.55281,275
400151,39.16022,-86.55275,276
400151,39.16025,-86.55253,277
400151,39.1603,-86.55215,278
400151,39.16031,-86.55214,279
400151,39.16032,-86.552,280
400151,39.16032,-86.55199,281
400151,39.16033,-86.55177,282
400151,39.16034,-86.55134,283
400151,39.16034,-86.5508,284
400151,39.16016,-86.55079,285
400151,39.16003,-86.55079,286
400151,39.15973,-86.55077,287
400151,39.15962,-86.55076,288
400151,39.15957,-86.55076,289
400151,39.15939,-86.55075,290
400151,39.15937,-86.55075,291
400151,39.15926,-86.55074,292
400151,39.15921,-86.55074,293
400151,39.1592,-86.55073,294
400151,39.15916,-86.55073,295
400151,39.15903,-86.55073,296
400151,39.15901,-86.55072,297
400151,39.15885,-86.55072,298
400151,39.15884,-86.55071,299
400151,39.15849,-86.5507,300
400151,39.15848,-86.5507,301
400151,39.15834,-86.55069,302
400151,39.1583,-86.55069,303
400151,39.15796,-86.55067,304
400151,39.15794,-86.55067,305
400151,39.15776,-86.55066,306
400151,39.1577,-86.55066,307
400151,39.15743,-86.55064,308
400151,39.15724,-86.55063,309
400151,39.15704,-86.55062,310
400151,39.15695,-86.55062,311
400151,39.15677,-86.5506,312
400151,39.15651,-86.55059,313
400151,39.15621,-86.55057,314
400151,39.15602,-86.55056,315
400151,39.15586,-86.55055,316
400151,39.15585,-86.55032,317
400151,39.15581,-86.54924,318
400151,39.1558,-86.54878,319
400151,39.1558,-86.54876,320
400151,39.1558,-86.54859,321
400151,39.15579,-86.54835,322
400151,39.15577,-86.54802,323
400151,39.15571,-86.54752,324
400151,39.1557,-86.54706,325
400151,39.1557,-86.54684,326
400151,39.1557,-86.54659,327
400151,39.15569,-86.54638,328
400151,39.15569,-86.54614,329
400151,39.15569,-86.54613,330
400151,39.15568,-86.54591,331
400151,39.15568,-86.54579,332
400151,39.15568,-86.54552,333
400151,39.15567,-86.54538,334
400151,39.15567,-86.54515,335
400151,39.15566,-86.54475,336
400151,39.15566,-86.54452,337
400151,39.15566,-86.54446,338
400151,39.15565,-86.54429,339
400151,39.15566,-86.54379,340
400151,39.15566,-86.54347,341
400151,39.15566,-86.54341,342
400151,39.15566,-86.54333,343
400151,39.15593,-86.5434,344
400151,39.15613,-86.54362,345
400151,39.1562,-86.5437,346
400151,39.15623,-86.54373,347
400151,39.15749,-86.54509,348
400151,39.15753,-86.54513,349
400151,39.15889,-86.54655,350
400151,39.15938,-86.54707,351
400151,39.15953,-86.54723,352
400151,39.15981,-86.54756,353
400151,39.15992,-86.54766,354
400151,39.1601,-86.54783,355
400151,39.16053,-86.54825,356
400151,39.16056,-86.54827,357
400151,39.16078,-86.54848,358
400151,39.16097,-86.548,359
400151,39.16109,-86.5477,360
400151,39.16119,-86.54743,361
400151,39.16125,-86.54729,362
400151,39.16129,-86.54716,363
400151,39.16129,-86.54714,364
400151,39.16132,-86.54704,365
400151,39.16135,-86.54692,366
400151,39.16138,-86.54683,367
400151,39.16139,-86.5468,368
400151,39.16139,-86.54677,369
400151,39.1614,-86.5467,370
400151,39.16141,-86.54662,371
400151,39.16142,-86.54655,372
400151,39.16143,-86.54644,373
400151,39.16145,-86.54613,374
400151,39.16144,-86.54574,375
400151,39.16144,-86.54551,376
400151,39.16144,-86.54481,377
400151,39.16144,-86.54459,378
400151,39.16143,-86.5435,379
400151,39.16143,-86.54335,380
400151,39.16143,-86.54294,381
400151,39.16143,-86.5429,382
400151,39.16143,-86.54271,383
400151,39.16143,-86.54267,384
400151,39.16142,-86.54247,385
400151,39.16142,-86.54243,386
400151,39.16142,-86.54224,387
400151,39.16142,-86.5418,388
400151,39.16139,-86.5418,389
400151,39.16142,-86.5418,390
400151,39.16142,-86.54157,391
400151,39.16142,-86.54134,392
400151,39.16142,-86.54116,393
400151,39.16139,-86.54104,394
400151,39.16139,-86.54083,395
400151,39.16137,-86.5405,396
400151,39.16136,-86.5401,397
400151,39.16136,-86.54003,398
400151,39.16136,-86.53942,399
400151,39.16137,-86.53898,400
400151,39.16137,-86.53868,401
400151,39.16143,-86.53869,402
400151,39.16151,-86.53868,403
400151,39.16177,-86.53868,404
400151,39.16182,-86.53868,405
400151,39.16195,-86.53867,406
400151,39.16239,-86.53867,407
400151,39.16287,-86.53866,408
400151,39.16305,-86.53866,409
400151,39.16331,-86.53866,410
400151,39.16373,-86.53865,411
400151,39.16408,-86.53865,412
400151,39.16414,-86.53865,413
400151,39.16425,-86.53865,414
400151,39.16459,-86.53867,415
400151,39.16467,-86.53868,416
400151,39.16501,-86.53869,417
400151,39.16519,-86.5387,418
400151,39.1654,-86.5387,419
400151,39.16562,-86.5387,420
400151,39.16561,-86.53806,421
400151,39.16561,-86.53762,422
400151,39.16561,-86.53742,423
400151,39.1656,-86.53677,424
400151,39.1656,-86.53658,425
400151,39.1656,-86.53631,426
400151,39.1656,-86.53608,427
400151,39.16559,-86.53557,428
400151,39.16559,-86.53536,429
400151,39.16559,-86.5349,430
400151,39.16559,-86.53488,431
400151,39.16558,-86.53418,432
400151,39.16558,-86.53362,433
400151,39.16558,-86.53315,434
400151,39.16558,-86.53299,435
400151,39.16558,-86.53284,436
400151,39.16558,-86.53236,437
400151,39.16521,-86.53236,438
400151,39.16508,-86.53236,439
400151,39.16495,-86.53236,440
400151,39.16459,-86.53237,441
400151,39.16421,-86.53237,442
400151,39.16422,-86.53362,443
400151,39.16448,-86.53361,444
400151,39.16539,-86.53363,445
400151,39.16558,-86.53362,446
400151,39.16558,-86.53398,447
400151,39.16558,-86.53418,448
400151,39.16559,-86.53488,449
400151,39.16541,-86.53488,450
400151,39.16513,-86.53488,451
400151,39.16499,-86.53488,452
400151,39.16471,-86.53489,453
400151,39.16467,-86.53489,454
400151,39.16467,-86.53565,455
400151,39.16467,-86.53585,456
400151,39.16468,-86.53608,457
400151,39.16468,-86.53609,458
400151,39.16468,-86.53631,459
400151,39.16468,-86.5365,460
400151,39.16468,-86.5369,461
400151,39.16468,-86.53741,462
400151,39.16468,-86.53806,463
400151,39.16468,-86.53837,464
400151,39.16467,-86.53868,465
400151,39.16459,-86.53867,466
400151,39.16425,-86.53865,467
400151,39.16414,-86.53865,468
400151,39.16373,-86.53865,469
400151,39.16331,-86.53866,470
400151,39.16316,-86.53866,471
400151,39.16305,-86.53866,472
400151,39.16287,-86.53866,473
400151,39.16239,-86.53867,474
400151,39.16195,-86.53867,475
400151,39.16177,-86.53868,476
400151,39.16143,-86.53869,477
400151,39.16143,-86.539,478
400151,39.16143,-86.53932,479
400151,39.16143,-86.53942,480
400151,39.16144,-86.53981,481
400151,39.16144,-86.53983,482
400151,39.16144,-86.54057,483
400151,39.16144,-86.54084,484
400151,39.16144,-86.54093,485
400151,39.16144,-86.54102,486
400151,39.16144,-86.54106,487
400151,39.16142,-86.54116,488
400151,39.16142,-86.54134,489
400151,39.16142,-86.54157,490
400151,39.16142,-86.5418,491
400151,39.16142,-86.54224,492
400151,39.16142,-86.54243,493
400151,39.16142,-86.54247,494
400151,39.16143,-86.54267,495
400151,39.16143,-86.54271,496
400151,39.16143,-86.5429,497
400151,39.16143,-86.54294,498
400151,39.16143,-86.54335,499
400151,39.16143,-86.5435,500
400151,39.16144,-86.54459,501
400151,39.16144,-86.54481,502
400151,39.16144,-86.54574,503
400151,39.16145,-86.54613,504
400151,39.16143,-86.54644,505
400151,39.16142,-86.54655,506
400151,39.16141,-86.54662,507
400151,39.1614,-86.5467,508
400151,39.16139,-86.54677,509
400151,39.16139,-86.5468,510
400151,39.16138,-86.54683,511
400151,39.16135,-86.54692,512
400151,39.16132,-86.54704,513
400151,39.16129,-86.54714,514
400151,39.16129,-86.54716,515
400151,39.16125,-86.54729,516
400151,39.16119,-86.54743,517
400151,39.16109,-86.5477,518
400151,39.16097,-86.548,519
400151,39.16085,-86.5483,520
400151,39.16078,-86.54848,521
400151,39.16053,-86.54825,522
400151,39.16034,-86.54807,523
400151,39.1601,-86.54783,524
400151,39.15992,-86.54766,525
400151,39.15981,-86.54756,526
400151,39.15953,-86.54723,527
400151,39.15749,-86.54509,528
400151,39.1562,-86.5437,529
400151,39.15614,-86.54363,530
400151,39.15613,-86.54362,531
400151,39.15593,-86.5434,532
400151,39.15566,-86.54333,533
400151,39.15566,-86.54341,534
400151,39.15566,-86.54377,535
400151,39.15566,-86.54379,536
400151,39.15565,-86.54429,537
400151,39.15566,-86.54446,538
400151,39.15566,-86.54452,539
400151,39.15566,-86.54475,540
400151,39.15567,-86.54515,541
400151,39.15567,-86.54538,542
400151,39.15568,-86.54579,543
400151,39.15568,-86.54591,544
400151,39.15569,-86.54613,545
400151,39.15569,-86.54614,546
400151,39.15569,-86.54638,547
400151,39.15569,-86.54649,548
400151,39.1557,-86.54659,549
400151,39.1557,-86.54684,550
400151,39.1557,-86.54706,551
400151,39.15571,-86.54752,552
400151,39.15577,-86.54802,553
400151,39.15579,-86.54835,554
400151,39.1558,-86.54859,555
400151,39.1558,-86.54878,556
400151,39.15581,-86.54893,557
400151,39.15581,-86.54924,558
400151,39.15585,-86.55032,559
400151,39.15586,-86.55055,560
400151,39.15621,-86.55057,561
400151,39.15677,-86.5506,562
400151,39.15695,-86.55062,563
400151,39.15704,-86.55062,564
400151,39.15724,-86.55063,565
400151,39.15743,-86.55064,566
400151,39.15776,-86.55066,567
400151,39.15794,-86.55067,568
400151,39.15796,-86.55067,569
400151,39.1583,-86.55069,570
400151,39.15834,-86.55069,571
400151,39.15848,-86.5507,572
400151,39.15849,-86.5507,573
400151,39.15884,-86.55071,574
400151,39.15885,-86.55072,575
400151,39.15901,-86.55072,576
400151,39.15903,-86.55073,577
400151,39.15916,-86.55073,578
400151,39.1592,-86.55073,579
400151,39.15921,-86.55074,580
400151,39.15937,-86.55075,581
400151,39.15939,-86.55075,582
400151,39.15957,-86.55076,583
400151,39.15962,-86.55076,584
400151,39.15973,-86.55077,585
400151,39.16003,-86.55079,586
400151,39.16034,-86.5508,587
400151,39.16043,-86.55082,588
400151,39.16043,-86.55099,589
400151,39.16043,-86.55137,590
400151,39.16042,-86.55149,591
400151,39.16041,-86.55182,592
400151,39.1604,-86.55186,593
400151,39.16039,-86.55196,594
400151,39.16038,-86.55211,595
400151,39.16037,-86.55221,596
400151,39.16034,-86.55236,597
400151,39.16033,-86.55243,598
400151,39.1603,-86.55263,599
400151,39.16026,-86.55277,600
400151,39.16025,-86.55282,601
400151,39.16025,-86.55284,602
400151,39.16021,-86.55294,603
400151,39.16013,-86.55326,604
400151,39.15997,-86.5538,605
400151,39.15996,-86.55386,606
400151,39.15987,-86.55413,607
400151,39.15978,-86.55435,608
400151,39.15968,-86.55457,609
400151,39.15966,-86.5546,610
400151,39.15956,-86.5548,611
400151,39.15946,-86.55498,612
400151,39.1593,-86.55527,613
400151,39.15895,-86.55582,614
400151,39.15887,-86.55594,615
400151,39.15866,-86.55629,616
400151,39.15854,-86.5565,617
400151,39.15836,-86.55684,618
400151,39.15831,-86.55694,619
400151,39.15826,-86.55704,620
400151,39.15816,-86.55725,621
400151,39.15804,-86.55754,622
400151,39.15786,-86.558,623
400151,39.15772,-86.55837,624
400151,39.15766,-86.55852,625
400151,39.15757,-86.55871,626
400151,39.15749,-86.55889,627
400151,39.15749,-86.5589,628
400151,39.15737,-86.55915,629
400151,39.15709,-86.55973,630
400151,39.15692,-86.56006,631
400151,39.15671,-86.56045,632
400151,39.1565,-86.5608,633
400151,39.15636,-86.56103,634
400151,39.15635,-86.56105,635
400151,39.15613,-86.56141,636
400151,39.15586,-86.56185,637
400151,39.15574,-86.56204,638
400151,39.15546,-86.56245,639
400151,39.15496,-86.5632,640
400151,39.15469,-86.56365,641
400151,39.15426,-86.56432,642
400151,39.15405,-86.56464,643
400151,39.15385,-86.56498,644
400151,39.1536,-86.56538,645
400151,39.15353,-86.56549,646
400151,39.1533,-86.56585,647
400151,39.1532,-86.56599,648
400151,39.15316,-86.56605,649
400151,39.15303,-86.56621,650
400151,39.15291,-86.56636,651
400151,39.15283,-86.56646,652
400151,39.15281,-86.56649,653
400151,39.15272,-86.56659,654
400151,39.15258,-86.56674,655
400151,39.15253,-86.56679,656
400151,39.15246,-86.56685,657
400151,39.15239,-86.56691,658
400151,39.15231,-86.56699,659
400151,39.15223,-86.56705,660
400151,39.15221,-86.56707,661
400151,39.15215,-86.56711,662
400151,39.15208,-86.56716,663
400151,39.15201,-86.56721,664
400151,39.1519,-86.56729,665
400151,39.15176,-86.56738,666
400151,39.15169,-86.56745,667
400151,39.15166,-86.56748,668
400151,39.15161,-86.56752,669
400151,39.15154,-86.56757,670
400151,39.15147,-86.56761,671
400151,39.15136,-86.56768,672
400151,39.15093,-86.56797,673
400151,39.15077,-86.56808,674
400151,39.15065,-86.56817,675
400151,39.15063,-86.56818,676
400151,39.15053,-86.56826,677
400151,39.15042,-86.56833,678
400151,39.15034,-86.56841,679
400151,39.15033,-86.56841,680
400151,39.15024,-86.5685,681
400151,39.15015,-86.56858,682
400151,39.15002,-86.56872,683
400151,39.14982,-86.56894,684
400151,39.14994,-86.56909,685
400151,39.14995,-86.5691,686
400151,39.14996,-86.56912,687
400151,39.14998,-86.56918,688
400151,39.15,-86.56921,689
400151,39.15,-86.56924,690
400151,39.15001,-86.56929,691
400151,39.15001,-86.56934,692
400151,39.15001,-86.56937,693
400151,39.15,-86.56939,694
400151,39.15,-86.56941,695
400151,39.14998,-86.56946,696
400151,39.14993,-86.56959,697
400151,39.14992,-86.56962,698
400151,39.14991,-86.56964,699
400151,39.1499,-86.56967,700
400151,39.14988,-86.5697,701
400151,39.14987,-86.56974,702
400151,39.14986,-86.56975,703
400151,39.14984,-86.56983,704
400151,39.14982,-86.56987,705
400151,39.14981,-86.56993,706
400151,39.14981,-86.56996,707
400151,39.14981,-86.57002,708
400151,39.14981,-86.57019,709
400151,39.14982,-86.57027,710
400151,39.14984,-86.57034,711
400151,39.14984,-86.57035,712
400151,39.14985,-86.5704,713
400151,39.14989,-86.57047,714
400151,39.14992,-86.57052,715
400151,39.14997,-86.57059,716
400151,39.15,-86.57062,717
400151,39.15007,-86.5707,718
400151,39.15024,-86.5709,719
400151,39.15061,-86.57132,720
400151,39.15088,-86.57162,721
400151,39.15101,-86.57178,722
400151,39.15106,-86.57183,723
400151,39.15115,-86.57192,724
400151,39.15133,-86.57211,725
400151,39.15155,-86.57226,726
400151,39.15161,-86.57229,727
400151,39.15177,-86.57236,728
400151,39.15178,-86.57237,729
400151,39.15203,-86.57245,730
400151,39.15221,-86.57249,731
400151,39.15226,-86.57249,732
400151,39.15231,-86.57249,733
400151,39.15249,-86.57249,734
400151,39.15251,-86.57249,735
400151,39.15305,-86.57249,736
400151,39.15331,-86.57248,737
400151,39.15357,-86.57249,738
400151,39.15392,-86.5725,739
400151,39.1541,-86.57251,740
400151,39.15428,-86.57251,741
400151,39.15436,-86.57251,742
400151,39.15468,-86.57252,743
400151,39.15479,-86.57248,744
400151,39.15482,-86.57246,745
400151,39.15484,-86.57245,746
400151,39.15497,-86.57239,747
400151,39.15499,-86.57238,748
400151,39.15515,-86.57232,749
400151,39.15516,-86.57231,750
400151,39.15524,-86.57229,751
400151,39.15534,-86.57226,752
400151,39.15555,-86.57219,753
400151,39.15565,-86.57213,754
400151,39.15569,-86.57211,755
400151,39.15574,-86.57207,756
400151,39.1558,-86.57202,757
400151,39.15582,-86.57198,758
400151,39.15584,-86.57196,759
400151,39.15602,-86.57162,760
400151,39.15614,-86.57145,761
400151,39.15623,-86.57132,762
400151,39.15628,-86.57127,763
400151,39.15634,-86.57124,764
400151,39.1564,-86.5712,765
400151,39.15643,-86.57118,766
400151,39.15646,-86.57117,767
400151,39.15651,-86.57115,768
400151,39.15669,-86.57109,769
400151,39.15678,-86.57109,770
400151,39.15689,-86.57111,771
400151,39.1569,-86.57111,772
400151,39.15698,-86.57113,773
400151,39.15725,-86.57123,774
400151,39.15737,-86.57124,775
400151,39.15749,-86.57123,776
400151,39.1576,-86.57119,777
400151,39.15761,-86.57119,778
400151,39.15774,-86.57113,779
400151,39.15775,-86.57112,780
400151,39.15777,-86.57111,781
400151,39.15787,-86.57105,782
400151,39.15793,-86.57101,783
400151,39.158,-86.57128,784
400151,39.15783,-86.57134,785
400151,39.15783,-86.57133,786
400151,39.15778,-86.57116,787
400151,39.15777,-86.57111,788
400151,39.15775,-86.57112,789
400151,39.15761,-86.57119,790
400151,39.1576,-86.57119,791
400151,39.15749,-86.57123,792
400151,39.15737,-86.57124,793
400151,39.15725,-86.57123,794
400151,39.15698,-86.57113,795
400151,39.1569,-86.57111,796
400151,39.15689,-86.57111,797
400151,39.15678,-86.57109,798
400151,39.15669,-86.57109,799
400151,39.15651,-86.57115,800
400151,39.1565,-86.57115,801
400151,39.15646,-86.57117,802
400151,39.1564,-86.5712,803
400151,39.15634,-86.57124,804
400151,39.15628,-86.57127,805
400151,39.15623,-86.57132,806
400151,39.15614,-86.57145,807
400151,39.15602,-86.57162,808
400151,39.15584,-86.57196,809
400151,39.15582,-86.57198,810
400151,39.1558,-86.57202,811
400151,39.15574,-86.57207,812
400151,39.15569,-86.57211,813
400151,39.15565,-86.57213,814
400151,39.15555,-86.57219,815
400151,39.15536,-86.57226,816
400151,39.15534,-86.57226,817
400151,39.15524,-86.57229,818
400151,39.15516,-86.57231,819
400151,39.15515,-86.57232,820
400151,39.15499,-86.57238,821
400151,39.15497,-86.57239,822
400151,39.15482,-86.57246,823
400151,39.15479,-86.57248,824
400151,39.15468,-86.57252,825
400151,39.15436,-86.57251,826
400151,39.15428,-86.57251,827
400151,39.1541,-86.57251,828
400151,39.15392,-86.5725,829
400151,39.15357,-86.57249,830
400151,39.15331,-86.57248,831
400151,39.15305,-86.57249,832
400151,39.15251,-86.57249,833
400151,39.15231,-86.57249,834
400151,39.15221,-86.57249,835
400151,39.15203,-86.57245,836
400151,39.15178,-86.57237,837
400151,39.15177,-86.57236,838
400151,39.15161,-86.57229,839
400151,39.15155,-86.57226,840
400151,39.15133,-86.57211,841
400151,39.15115,-86.57192,842
400151,39.15106,-86.57183,843
400151,39.15101,-86.57178,844
400151,39.15088,-86.57162,845
400151,39.15061,-86.57132,846
400151,39.15024,-86.5709,847
400151,39.15007,-86.5707,848
400151,39.15,-86.57062,849
400151,39.14997,-86.57059,850
400151,39.14992,-86.57052,851
400151,39.14989,-86.57047,852
400151,39.14985,-86.5704,853
400151,39.14984,-86.57035,854
400151,39.14984,-86.57034,855
400151,39.14982,-86.57027,856
400151,39.14981,-86.57019,857
400151,39.14981,-86.57002,858
400151,39.14981,-86.56996,859
400151,39.14981,-86.56993,860
400151,39.14982,-86.56987,861
400151,39.14984,-86.56983,862
400151,39.14986,-86.56975,863
400151,39.14987,-86.56974,864
400151,39.14988,-86.5697,865
400151,39.1499,-86.56967,866
400151,39.14991,-86.56964,867
400151,39.14992,-86.56962,868
400151,39.14993,-86.56959,869
400151,39.14998,-86.56946,870
400151,39.15,-86.56941,871
400151,39.15,-86.56939,872
400151,39.15001,-86.56937,873
400151,39.15001,-86.56934,874
400151,39.15001,-86.56929,875
400151,39.15,-86.56924,876
400151,39.15,-86.56921,877
400151,39.14998,-86.56918,878
400151,39.14996,-86.56912,879
400151,39.14994,-86.56909,880
400151,39.14982,-86.56894,881
400151,39.14972,-86.5691,882
400151,39.14967,-86.56919,883
400151,39.14958,-86.56933,884
400151,39.14946,-86.56955,885
400151,39.14946,-86.56956,886
400151,39.14933,-86.56979,887
400151,39.14925,-86.56993,888
400151,39.1492,-86.57001,889
400151,39.149,-86.5704,890
400151,39.14894,-86.57051,891
400151,39.14886,-86.57065,892
400151,39.14861,-86.57116,893
400151,39.14829,-86.57174,894
400151,39.14826,-86.57179,895
400151,39.14788,-86.57251,896
400151,39.14785,-86.57257,897
400151,39.14768,-86.5729,898
400151,39.14765,-86.57295,899
400151,39.14764,-86.57297,900
400151,39.14761,-86.57303,901
400151,39.14751,-86.57321,902
400151,39.1475,-86.57323,903
400151,39.14747,-86.57329,904
400151,39.14733,-86.57355,905
400151,39.14722,-86.57377,906
400151,39.14717,-86.57386,907
400151,39.14714,-86.57392,908
400151,39.1471,-86.57398,909
400151,39.14704,-86.5741,910
400151,39.14698,-86.57421,911
400151,39.14684,-86.57449,912
400151,39.14677,-86.57461,913
400151,39.14653,-86.57508,914
400151,39.14643,-86.57526,915
400151,39.14597,-86.57613,916
400151,39.14585,-86.57635,917
400151,39.14559,-86.57684,918
400151,39.14507,-86.57782,919
400151,39.14492,-86.57811,920
400151,39.14466,-86.57859,921
400151,39.14456,-86.57878,922
400151,39.14438,-86.57913,923
400151,39.14419,-86.57948,924
400151,39.14413,-86.57959,925
400151,39.14406,-86.57972,926
400151,39.14396,-86.57989,927
400151,39.14393,-86.57994,928
400151,39.14392,-86.57997,929
400151,39.14383,-86.58011,930
400151,39.14374,-86.58025,931
400151,39.14365,-86.58039,932
400151,39.14353,-86.58056,933
400151,39.14338,-86.58078,934
400151,39.14334,-86.58084,935
400151,39.14322,-86.58099,936
400151,39.14308,-86.58117,937
400151,39.14284,-86.58148,938
400151,39.14273,-86.58162,939
400151,39.14263,-86.58173,940
400151,39.14244,-86.58197,941
400151,39.14231,-86.58213,942
400151,39.14229,-86.58216,943
400151,39.14226,-86.58224,944
400151,39.14202,-86.58259,945
400151,39.1419,-86.58259,946
400151,39.14158,-86.58262,947
400151,39.14147,-86.58262,948
400151,39.14082,-86.58262,949
400151,39.14068,-86.58262,950
400151,39.14015,-86.58261,951
400151,39.13917,-86.58261,952
400151,39.13827,-86.58261,953
400151,39.13804,-86.58261,954
400151,39.13732,-86.58261,955
400151,39.13678,-86.58262,956
400151,39.13591,-86.58261,957
400151,39.13536,-86.58261,958
400151,39.13499,-86.58261,959
400151,39.13454,-86.58261,960
400151,39.13446,-86.58261,961
400151,39.13419,-86.58261,962
400151,39.13398,-86.5826,963
400151,39.13381,-86.5826,964
400151,39.13327,-86.5826,965
400151,39.13305,-86.58259,966
400151,39.13251,-86.58259,967
400151,39.13218,-86.58259,968
400151,39.13168,-86.58259,969
400151,39.1315,-86.58259,970
400151,39.1313,-86.58259,971
400151,39.13112,-86.58259,972
400151,39.13094,-86.58259,973
400151,39.13076,-86.58259,974
400151,39.13044,-86.5826,975
400151,39.1301,-86.58259,976
400151,39.1298,-86.58259,977
400151,39.12962,-86.58259,978
400151,39.12944,-86.58258,979
400151,39.12921,-86.58258,980
400151,39.12908,-86.58258,981
400151,39.12867,-86.58257,982
400151,39.12826,-86.58255,983
400151,39.12808,-86.58256,984
400151,39.12772,-86.58257,985
400151,39.12744,-86.58258,986
400151,39.12716,-86.58258,987
400151,39.12681,-86.58258,988
400151,39.12681,-86.5828,989
400151,39.12682,-86.58292,990
400155,39.12682,-86.58295,0
400155,39.12681,-86.5828,1
400155,39.12681,-86.58258,2
400155,39.12695,-86.58258,3
400155,39.12716,-86.58258,4
400155,39.12744,-86.58258,5
400155,39.12772,-86.58257,6
400155,39.12788,-86.58256,7
400155,39.12808,-86.58256,8
400155,39.12826,-86.58255,9
400155,39.12867,-86.58257,10
400155,39.12908,-86.58258,11
400155,39.12921,-86.58258,12
400155,39.12944,-86.58258,13
400155,39.12962,-86.58259,14
400155,39.12974,-86.58259,15
400155,39.1298,-86.58259,16
400155,39.1301,-86.58259,17
400155,39.13044,-86.5826,18
400155,39.13076,-86.58259,19
400155,39.13094,-86.58259,20
400155,39.13112,-86.58259,21
400155,39.1313,-86.58259,22
400155,39.1315,-86.58259,23
400155,39.13168,-86.58259,24
400155,39.13218,-86.58259,25
400155,39.13246,-86.58259,26
400155,39.13251,-86.58259,27
400155,39.13305,-86.58259,28
400155,39.13327,-86.5826,29
400155,39.13381,-86.5826,30
400155,39.13398,-86.5826,31
400155,39.13419,-86.58261,32
400155,39.13446,-86.58261,33
400155,39.13454,-86.58261,34
400155,39.13499,-86.58261,35
400155,39.13536,-86.58261,36
400155,39.13591,-86.58261,37
400155,39.13678,-86.58262,38
400155,39.13732,-86.58261,39
400155,39.13804,-86.58261,40
400155,39.13827,-86.58261,41
400155,39.13917,-86.58261,42
400155,39.14015,-86.58261,43
400155,39.14036,-86.58262,44
400155,39.14068,-86.58262,45
400155,39.14082,-86.58262,46
400155,39.141,-86.58262,47
400155,39.14147,-86.58262,48
400155,39.14158,-86.58262,49
400155,39.1419,-86.58259,50
400155,39.14229,-86.582,51
400155,39.14236,-86.5819,52
400155,39.14243,-86.58181,53
400155,39.14276,-86.58138,54
400155,39.14306,-86.58099,55
400155,39.14309,-86.58096,56
400155,39.14319,-86.58083,57
400155,39.14325,-86.58075,58
400155,39.14334,-86.58062,59
400155,39.14341,-86.58052,60
400155,39.14348,-86.58042,61
400155,39.14356,-86.58029,62
400155,39.14375,-86.58001,63
400155,39.14382,-86.57989,64
400155,39.14389,-86.57978,65
400155,39.14401,-86.57956,66
400155,39.14416,-86.57929,67
400155,39.14436,-86.57891,68
400155,39.14442,-86.5788,69
400155,39.14453,-86.57858,70
400155,39.14459,-86.57847,71
400155,39.14498,-86.57773,72
400155,39.14576,-86.57626,73
400155,39.14592,-86.57597,74
400155,39.14632,-86.5752,75
400155,39.14667,-86.57454,76
400155,39.14675,-86.5744,77
400155,39.14721,-86.57352,78
400155,39.14732,-86.57331,79
400155,39.14736,-86.57324,80
400155,39.14736,-86.57323,81
400155,39.14749,-86.57299,82
400155,39.1475,-86.57297,83
400155,39.14752,-86.57294,84
400155,39.14777,-86.57246,85
400155,39.14809,-86.57185,86
400155,39.1483,-86.57146,87
400155,39.14857,-86.57095,88
400155,39.14878,-86.57057,89
400155,39.14885,-86.57043,90
400155,39.14896,-86.5702,91
400155,39.14898,-86.57014,92
400155,39.14903,-86.57005,93
400155,39.14913,-86.56984,94
400155,39.14921,-86.56971,95
400155,39.14932,-86.56955,96
400155,39.14933,-86.56953,97
400155,39.14947,-86.56928,98
400155,39.14955,-86.56914,99
400155,39.14963,-86.56902,100
400155,39.14965,-86.56899,101
400155,39.14974,-86.56885,102
400155,39.14964,-86.56876,103
400155,39.14961,-86.56874,104
400155,39.14959,-86.56873,105
400155,39.14957,-86.56872,106
400155,39.14954,-86.56873,107
400155,39.14953,-86.56873,108
400155,39.14951,-86.56873,109
400155,39.14949,-86.56874,110
400155,39.14947,-86.56875,111
400155,39.14944,-86.56877,112
400155,39.14943,-86.56879,113
400155,39.14941,-86.56882,114
400155,39.14922,-86.56917,115
400155,39.14917,-86.56926,116
400155,39.14912,-86.56936,117
400155,39.14898,-86.56963,118
400155,39.1488,-86.56997,119
400155,39.14862,-86.57032,120
400155,39.14851,-86.57052,121
400155,39.14841,-86.57071,122
400155,39.1482,-86.57109,123
400155,39.1481,-86.57128,124
400155,39.148,-86.57148,125
400155,39.1479,-86.57158,126
400155,39.14785,-86.57162,127
400155,39.14783,-86.57163,128
400155,39.1477,-86.5717,129
400155,39.1476,-86.57172,130
400155,39.14756,-86.57172,131
400155,39.14749,-86.57171,132
400155,39.14743,-86.57169,133
400155,39.14742,-86.57168,134
400155,39.14734,-86.57163,135
400155,39.14723,-86.57154,136
400155,39.1472,-86.57152,137
400155,39.14718,-86.5715,138
400155,39.14708,-86.57142,139
400155,39.14703,-86.57138,140
400155,39.14693,-86.57129,141
400155,39.1468,-86.57118,142
400155,39.14676,-86.57115,143
400155,39.1469,-86.57089,144
400155,39.14693,-86.57083,145
400155,39.14705,-86.57093,146
400155,39.14706,-86.57094,147
400155,39.14707,-86.571,148
400155,39.14697,-86.57121,149
400155,39.14693,-86.57129,150
400155,39.14703,-86.57138,151
400155,39.14708,-86.57142,152
400155,39.14718,-86.5715,153
400155,39.14723,-86.57154,154
400155,39.14734,-86.57163,155
400155,39.14742,-86.57168,156
400155,39.14743,-86.57169,157
400155,39.14749,-86.57171,158
400155,39.14754,-86.57171,159
400155,39.14756,-86.57172,160
400155,39.1476,-86.57172,161
400155,39.1477,-86.5717,162
400155,39.14783,-86.57163,163
400155,39.14785,-86.57162,164
400155,39.1479,-86.57158,165
400155,39.148,-86.57148,166
400155,39.1481,-86.57128,167
400155,39.1482,-86.57109,168
400155,39.14841,-86.57071,169
400155,39.14851,-86.57052,170
400155,39.14857,-86.57041,171
400155,39.1488,-86.56997,172
400155,39.14898,-86.56963,173
400155,39.14912,-86.56936,174
400155,39.14922,-86.56917,175
400155,39.14941,-86.56882,176
400155,39.14942,-86.56881,177
400155,39.14943,-86.56879,178
400155,39.14944,-86.56877,179
400155,39.14947,-86.56875,180
400155,39.14949,-86.56874,181
400155,39.14951,-86.56873,182
400155,39.14953,-86.56873,183
400155,39.14954,-86.56873,184
400155,39.14957,-86.56872,185
400155,39.14959,-86.56873,186
400155,39.14961,-86.56874,187
400155,39.14964,-86.56876,188
400155,39.14974,-86.56885,189
400155,39.14984,-86.56874,190
400155,39.14993,-86.56864,191
400155,39.15004,-86.56852,192
400155,39.15011,-86.56844,193
400155,39.15019,-86.56837,194
400155,39.15029,-86.56827,195
400155,39.15041,-86.56818,196
400155,39.15049,-86.56812,197
400155,39.15051,-86.5681,198
400155,39.15064,-86.56801,199
400155,39.15088,-86.56784,200
400155,39.15126,-86.56763,201
400155,39.15145,-86.56752,202
400155,39.15149,-86.5675,203
400155,39.15159,-86.56744,204
400155,39.15163,-86.56742,205
400155,39.15166,-86.56741,206
400155,39.15168,-86.5674,207
400155,39.15176,-86.56738,208
400155,39.1519,-86.56729,209
400155,39.15201,-86.56721,210
400155,39.15208,-86.56716,211
400155,39.15215,-86.56711,212
400155,39.15221,-86.56707,213
400155,39.15223,-86.56705,214
400155,39.15231,-86.56699,215
400155,39.15239,-86.56691,216
400155,39.15246,-86.56685,217
400155,39.15253,-86.56679,218
400155,39.15258,-86.56674,219
400155,39.15272,-86.56659,220
400155,39.15281,-86.56649,221
400155,39.15283,-86.56646,222
400155,39.15291,-86.56636,223
400155,39.15303,-86.56621,224
400155,39.15316,-86.56605,225
400155,39.1532,-86.56599,226
400155,39.1533,-86.56585,227
400155,39.15353,-86.56549,228
400155,39.1536,-86.56538,229
400155,39.15364,-86.56532,230
400155,39.15385,-86.56498,231
400155,39.15405,-86.56464,232
400155,39.15426,-86.56432,233
400155,39.15469,-86.56365,234
400155,39.15496,-86.5632,235
400155,39.15535,-86.56262,236
400155,39.15546,-86.56245,237
400155,39.15574,-86.56204,238
400155,39.15586,-86.56185,239
400155,39.15613,-86.56141,240
400155,39.15635,-86.56105,241
400155,39.15636,-86.56103,242
400155,39.15671,-86.56045,243
400155,39.15692,-86.56006,244
400155,39.15709,-86.55973,245
400155,39.15737,-86.55915,246
400155,39.15749,-86.5589,247
400155,39.15749,-86.55889,248
400155,39.15757,-86.55871,249
400155,39.15766,-86.55852,250
400155,39.15772,-86.55837,251
400155,39.15786,-86.558,252
400155,39.15793,-86.55782,253
400155,39.15804,-86.55754,254
400155,39.15816,-86.55725,255
400155,39.15826,-86.55704,256
400155,39.15831,-86.55694,257
400155,39.15836,-86.55684,258
400155,39.15854,-86.5565,259
400155,39.15866,-86.55629,260
400155,39.15887,-86.55594,261
400155,39.15895,-86.55582,262
400155,39.1593,-86.55527,263
400155,39.15946,-86.55498,264
400155,39.15956,-86.5548,265
400155,39.15958,-86.55475,266
400155,39.15966,-86.5546,267
400155,39.15968,-86.55457,268
400155,39.15978,-86.55435,269
400155,39.15987,-86.55413,270
400155,39.15996,-86.55386,271
400155,39.16013,-86.55326,272
400155,39.16018,-86.55307,273
400155,39.16021,-86.55294,274
400155,39.16021,-86.55281,275
400155,39.16022,-86.55275,276
400155,39.16025,-86.55253,277
400155,39.1603,-86.55215,278
400155,39.16031,-86.55214,279
400155,39.16032,-86.552,280
400155,39.16032,-86.55199,281
400155,39.16033,-86.55177,282
400155,39.16034,-86.55134,283
400155,39.16034,-86.5508,284
400155,39.16016,-86.55079,285
400155,39.16003,-86.55079,286
400155,39.15973,-86.55077,287
400155,39.15962,-86.55076,288
400155,39.15957,-86.55076,289
400155,39.15939,-86.55075,290
400155,39.15937,-86.55075,291
400155,39.15926,-86.55074,292
400155,39.15921,-86.55074,293
400155,39.1592,-86.55073,294
400155,39.15916,-86.55073,295
400155,39.15903,-86.55073,296
400155,39.15901,-86.55072,297
400155,39.15885,-86.55072,298
400155,39.15884,-86.55071,299
400155,39.15849,-86.5507,300
400155,39.15848,-86.5507,301
400155,39.15834,-86.55069,302
400155,39.1583,-86.55069,303
400155,39.15796,-86.55067,304
400155,39.15794,-86.55067,305
400155,39.15776,-86.55066,306
400155,39.1577,-86.55066,307
400155,39.15743,-86.55064,308
400155,39.15724,-86.55063,309
400155,39.15704,-86.55062,310
400155,39.15695,-86.55062,311
400155,39.15677,-86.5506,312
400155,39.15651,-86.55059,313
400155,39.15621,-86.55057,314
400155,39.15602,-86.55056,315
400155,39.15586,-86.55055,316
400155,39.15585,-86.55032,317
400155,39.15581,-86.54924,318
400155,39.1558,-86.54878,319
400155,39.1558,-86.54876,320
400155,39.1558,-86.54859,321
400155,39.15579,-86.54835,322
400155,39.15577,-86.54802,323
400155,39.15571,-86.54752,324
400155,39.1557,-86.54706,325
400155,39.1557,-86.54684,326
400155,39.1557,-86.54659,327
400155,39.15569,-86.54638,328
400155,39.15569,-86.54614,329
400155,39.15569,-86.54613,330
400155,39.15568,-86.54591,331
400155,39.15568,-86.54579,332
400155,39.15568,-86.54552,333
400155,39.15567,-86.54538,334
400155,39.15567,-86.54515,335
400155,39.15566,-86.54475,336
400155,39.15566,-86.54452,337
400155,39.15566,-86.54446,338
400155,39.15565,-86.54429,339
400155,39.15566,-86.54379,340
400155,39.15566,-86.54347,341
400155,39.15566,-86.54341,342
400155,39.15566,-86.54333,343
400155,39.15593,-86.5434,344
400155,39.15613,-86.54362,345
400155,39.1562,-86.5437,346
400155,39.15623,-86.54373,347
400155,39.15749,-86.54509,348
400155,39.15753,-86.54513,349
400155,39.15889,-86.54655,350
400155,39.15938,-86.54707,351
400155,39.15953,-86.54723,352
400155,39.15981,-86.54756,353
400155,39.15992,-86.54766,354
400155,39.1601,-86.54783,355
400155,39.16053,-86.54825,356
400155,39.16056,-86.54827,357
400155,39.16078,-86.54848,358
400155,39.16097,-86.548,359
400155,39.16109,-86.5477,360
400155,39.16119,-86.54743,361
400155,39.16125,-86.54729,362
400155,39.16129,-86.54716,363
400155,39.16129,-86.54714,364
400155,39.16132,-86.54704,365
400155,39.16135,-86.54692,366
400155,39.16138,-86.54683,367
400155,39.16139,-86.5468,368
400155,39.16139,-86.54677,369
400155,39.1614,-86.5467,370
400155,39.16141,-86.54662,371
400155,39.16142,-86.54655,372
400155,39.16143,-86.54644,373
400155,39.16145,-86.54613,374
400155,39.16144,-86.54574,375
400155,39.16144,-86.54551,376
400155,39.16144,-86.54481,377
400155,39.16144,-86.54459,378
400155,39.16143,-86.5435,379
400155,39.16143,-86.54335,380
400155,39.16143,-86.54294,381
400155,39.16143,-86.5429,382
400155,39.16143,-86.54271,383
400155,39.16143,-86.54267,384
400155,39.16142,-86.54247,385
400155,39.16142,-86.54243,386
400155,39.16142,-86.54224,387
400155,39.16142,-86.5418,388
400155,39.16139,-86.5418,389
400155,39.16142,-86.5418,390
400155,39.16142,-86.54157,391
400155,39.16142,-86.54134,392
400155,39.16142,-86.54116,393
400155,39.16139,-86.54104,394
400155,39.16139,-86.54083,395
400155,39.16137,-86.5405,396
400155,39.16136,-86.5401,397
400155,39.16136,-86.54003,398
400155,39.16136,-86.53942,399
400155,39.16137,-86.53898,400
400155,39.16137,-86.53868,401
400155,39.16143,-86.53869,402
400155,39.16151,-86.53868,403
400155,39.16177,-86.53868,404
400155,39.16182,-86.53868,405
400155,39.16195,-86.53867,406
400155,39.16239,-86.53867,407
400155,39.16287,-86.53866,408
400155,39.16305,-86.53866,409
400155,39.16331,-86.53866,410
400155,39.16373,-86.53865,411
400155,39.16408,-86.53865,412
400155,39.16414,-86.53865,413
400155,39.16425,-86.53865,414
400155,39.16459,-86.53867,415
400155,39.16467,-86.53868,416
400155,39.16501,-86.53869,417
400155,39.16519,-86.5387,418
400155,39.1654,-86.5387,419
400155,39.16562,-86.5387,420
400155,39.16561,-86.53806,421
400155,39.16561,-86.53762,422
400155,39.16561,-86.53742,423
400155,39.1656,-86.53677,424
400155,39.1656,-86.53658,425
400155,39.1656,-86.53631,426
400155,39.1656,-86.53608,427
400155,39.16559,-86.53557,428
400155,39.16559,-86.53536,429
400155,39.16559,-86.5349,430
400155,39.16559,-86.53488,431
400155,39.16558,-86.53418,432
400155,39.16558,-86.53362,433
400155,39.16558,-86.53315,434
400155,39.16558,-86.53299,435
400155,39.16558,-86.53284,436
400155,39.16558,-86.53236,437
400155,39.16521,-86.53236,438
400155,39.16508,-86.53236,439
400155,39.16495,-86.53236,440
400155,39.16459,-86.53237,441
400155,39.16421,-86.53237,442
400155,39.16422,-86.53362,443
400155,39.16448,-86.53361,444
400155,39.16539,-86.53363,445
400155,39.16558,-86.53362,446
400155,39.16558,-86.53398,447
400155,39.16558,-86.53418,448
400155,39.16559,-86.53488,449
400155,39.16541,-86.53488,450
400155,39.16513,-86.53488,451
400155,39.16499,-86.53488,452
400155,39.16471,-86.53489,453
400155,39.16467,-86.53489,454
400155,39.16467,-86.53565,455
400155,39.16467,-86.53585,456
400155,39.16468,-86.53608,457
400155,39.16468,-86.53609,458
400155,39.16468,-86.53631,459
400155,39.16468,-86.5365,460
400155,39.16468,-86.5369,461
400155,39.16468,-86.53741,462
400155,39.16468,-86.53806,463
400155,39.16468,-86.53837,464
400155,39.16467,-86.53868,465
400155,39.16459,-86.53867,466
400155,39.16425,-86.53865,467
400155,39.16414,-86.53865,468
400155,39.16373,-86.53865,469
400155,39.16331,-86.53866,470
400155,39.16316,-86.53866,471
400155,39.16305,-86.53866,472
400155,39.16287,-86.53866,473
400155,39.16239,-86.53867,474
400155,39.16195,-86.53867,475
400155,39.16177,-86.53868,476
400155,39.16143,-86.53869,477
400155,39.16143,-86.539,478
400155,39.16143,-86.53932,479
400155,39.16143,-86.53942,480
400155,39.16144,-86.53981,481
400155,39.16144,-86.53983,482
400155,39.16144,-86.54057,483
400155,39.16144,-86.54084,484
400155,39.16144,-86.54093,485
400155,39.16144,-86.54102,486
400155,39.16144,-86.54106,487
400155,39.16142,-86.54116,488
400155,39.16142,-86.54134,489
400155,39.16142,-86.54157,490
400155,39.16142,-86.5418,491
400155,39.16142,-86.54224,492
400155,39.16142,-86.54243,493
400155,39.16142,-86.54247,494
400155,39.16143,-86.54267,495
400155,39.16143,-86.54271,496
400155,39.16143,-86.5429,497
400155,39.16143,-86.54294,498
400155,39.16143,-86.54335,499
400155,39.16143,-86.5435,500
400155,39.16144,-86.54459,501
400155,39.16144,-86.54481,502
400155,39.16144,-86.54574,503
400155,39.16145,-86.54613,504
400155,39.16143,-86.54644,505
400155,39.16142,-86.54655,506
400155,39.16141,-86.54662,507
400155,39.1614,-86.5467,508
400155,39.16139,-86.54677,509
400155,39.16139,-86.5468,510
400155,39.16138,-86.54683,511
400155,39.16135,-86.54692,512
400155,39.16132,-86.54704,513
400155,39.16129,-86.54714,514
400155,39.16129,-86.54716,515
400155,39.16125,-86.54729,516
400155,39.16119,-86.54743,517
400155,39.16109,-86.5477,518
400155,39.16097,-86.548,519
400155,39.16085,-86.5483,520
400155,39.16078,-86.54848,521
400155,39.16053,-86.54825,522
400155,39.16034,-86.54807,523
400155,39.1601,-86.54783,524
400155,39.15992,-86.54766,525
400155,39.15981,-86.54756,526
400155,39.15953,-86.54723,527
400155,39.15749,-86.54509,528
400155,39.1562,-86.5437,529
400155,39.15614,-86.54363,530
400155,39.15613,-86.54362,531
400155,39.15593,-86.5434,532
400155,39.15566,-86.54333,533
400155,39.15566,-86.54341,534
400155,39.15566,-86.54377,535
400155,39.15566,-86.54379,536
400155,39.15565,-86.54429,537
400155,39.15566,-86.54446,538
400155,39.15566,-86.54452,539
400155,39.15566,-86.54475,540
400155,39.15567,-86.54515,541
400155,39.15567,-86.54538,542
400155,39.15568,-86.54579,543
400155,39.15568,-86.54591,544
400155,39.15569,-86.54613,545
400155,39.15569,-86.54614,546
400155,39.15569,-86.54638,547
400155,39.15569,-86.54649,548
400155,39.1557,-86.54659,549
400155,39.1557,-86.54684,550
400155,39.1557,-86.54706,551
400155,39.15571,-86.54752,552
400155,39.15577,-86.54802,553
400155,39.15579,-86.54835,554
400155,39.1558,-86.54859,555
400155,39.1558,-86.54878,556
400155,39.15581,-86.54893,557
400155,39.15581,-86.54924,558
400155,39.15585,-86.55032,559
400155,39.15586,-86.55055,560
400155,39.15621,-86.55057,561
400155,39.15677,-86.5506,562
400155,39.15695,-86.55062,563
400155,39.15704,-86.55062,564
400155,39.15724,-86.55063,565
400155,39.15743,-86.55064,566
400155,39.15776,-86.55066,567
400155,39.15794,-86.55067,568
400155,39.15796,-86.55067,569
400155,39.1583,-86.55069,570
400155,39.15834,-86.55069,571
400155,39.15848,-86.5507,572
400155,39.15849,-86.5507,573
400155,39.15884,-86.55071,574
400155,39.15885,-86.55072,575
400155,39.15901,-86.55072,576
400155,39.15903,-86.55073,577
400155,39.15916,-86.55073,578
400155,39.1592,-86.55073,579
400155,39.15921,-86.55074,580
400155,39.15937,-86.55075,581
400155,39.15939,-86.55075,582
400155,39.15957,-86.55076,583
400155,39.15962,-86.55076,584
400155,39.15973,-86.55077,585
400155,39.16003,-86.55079,586
400155,39.16034,-86.5508,587
400155,39.16043,-86.55082,588
400155,39.16043,-86.55099,589
400155,39.16043,-86.55137,590
400155,39.16042,-86.55149,591
400155,39.16041,-86.55182,592
400155,39.1604,-86.55186,593
400155,39.16039,-86.55196,594
400155,39.16038,-86.55211,595
400155,39.16037,-86.55221,596
400155,39.16034,-86.55236,597
400155,39.16033,-86.55243,598
400155,39.1603,-86.55263,599
400155,39.16026,-86.55277,600
400155,39.16025,-86.55282,601
400155,39.16025,-86.55284,602
400155,39.16021,-86.55294,603
400155,39.16013,-86.55326,604
400155,39.15997,-86.5538,605
400155,39.15996,-86.55386,606
400155,39.15987,-86.55413,607
400155,39.15978,-86.55435,608
400155,39.15968,-86.55457,609
400155,39.15966,-86.5546,610
400155,39.15956,-86.5548,611
400155,39.15946,-86.55498,612
400155,39.1593,-86.55527,613
400155,39.15895,-86.55582,614
400155,39.15887,-86.55594,615
400155,39.15866,-86.55629,616
400155,39.15854,-86.5565,617
400155,39.15836,-86.55684,618
400155,39.15831,-86.55694,619
400155,39.15826,-86.55704,620
400155,39.15816,-86.55725,621
400155,39.15804,-86.55754,622
400155,39.15786,-86.558,623
400155,39.15772,-86.55837,624
400155,39.15766,-86.55852,625
400155,39.15757,-86.55871,626
400155,39.15749,-86.55889,627
400155,39.15749,-86.5589,628
400155,39.15737,-86.55915,629
400155,39.15709,-86.55973,630
400155,39.15692,-86.56006,631
400155,39.15671,-86.56045,632
400155,39.1565,-86.5608,633
400155,39.15636,-86.56103,634
400155,39.15635,-86.56105,635
400155,39.15613,-86.56141,636
400155,39.15586,-86.56185,637
400155,39.15574,-86.56204,638
400155,39.15546,-86.56245,639
400155,39.15496,-86.5632,640
400155,39.15469,-86.56365,641
400155,39.15426,-86.56432,642
400155,39.15405,-86.56464,643
400155,39.15385,-86.56498,644
400155,39.1536,-86.56538,645
400155,39.15353,-86.56549,646
400155,39.1533,-86.56585,647
400155,39.1532,-86.56599,648
400155,39.15316,-86.56605,649
400155,39.15303,-86.56621,650
400155,39.15291,-86.56636,651
400155,39.15283,-86.56646,652
400155,39.15281,-86.56649,653
400155,39.15272,-86.56659,654
400155,39.15258,-86.56674,655
400155,39.15253,-86.56679,656
400155,39.15246,-86.56685,657
400155,39.15239,-86.56691,658
400155,39.15231,-86.56699,659
400155,39.15223,-86.56705,660
400155,39.15221,-86.56707,661
400155,39.15215,-86.56711,662
400155,39.15208,-86.56716,663
400155,39.15201,-86.56721,664
400155,39.1519,-86.56729,665
400155,39.15176,-86.56738,666
400155,39.15169,-86.56745,667
400155,39.15166,-86.56748,668
400155,39.15161,-86.56752,669
400155,39.15154,-86.56757,670
400155,39.15147,-86.56761,671
400155,39.15136,-86.56768,672
400155,39.15093,-86.56797,673
400155,39.15077,-86.56808,674
400155,39.15065,-86.56817,675
400155,39.15063,-86.56818,676
400155,39.15053,-86.56826,677
400155,39.15042,-86.56833,678
400155,39.15034,-86.56841,679
400155,39.15033,-86.56841,680
400155,39.15024,-86.5685,681
400155,39.15015,-86.56858,682
400155,39.15002,-86.56872,683
400155,39.14982,-86.56894,684
400155,39.14994,-86.56909,685
400155,39.14995,-86.5691,686
400155,39.14996,-86.56912,687
400155,39.14998,-86.56918,688
400155,39.15,-86.56921,689
400155,39.15,-86.56924,690
400155,39.15001,-86.56929,691
400155,39.15001,-86.56934,692
400155,39.15001,-86.56937,693
400155,39.15,-86.56939,694
400155,39.15,-86.56941,695
400155,39.14998,-86.56946,696
400155,39.14993,-86.56959,697
400155,39.14992,-86.56962,698
400155,39.14991,-86.56964,699
400155,39.1499,-86.56967,700
400155,39.14988,-86.5697,701
400155,39.14987,-86.56974,702
400155,39.14986,-86.56975,703
400155,39.14984,-86.56983,704
400155,39.14982,-86.56987,705
400155,39.14981,-86.56993,706
400155,39.14981,-86.56996,707
400155,39.14981,-86.57002,708
400155,39.14981,-86.57019,709
400155,39.14982,-86.57027,710
400155,39.14984,-86.57034,711
400155,39.14984,-86.57035,712
400155,39.14985,-86.5704,713
400155,39.14989,-86.57047,714
400155,39.14992,-86.57052,715
400155,39.14997,-86.57059,716
400155,39.15,-86.57062,717
400155,39.15007,-86.5707,718
400155,39.15024,-86.5709,719
400155,39.15061,-86.57132,720
400155,39.15088,-86.57162,721
400155,39.15101,-86.57178,722
400155,39.15106,-86.57183,723
400155,39.15115,-86.57192,724
400155,39.15133,-86.57211,725
400155,39.15155,-86.57226,726
400155,39.15161,-86.57229,727
400155,39.15177,-86.57236,728
400155,39.15178,-86.57237,729
400155,39.15203,-86.57245,730
400155,39.15221,-86.57249,731
400155,39.15226,-86.57249,732
400155,39.15231,-86.57249,733
400155,39.15249,-86.57249,734
400155,39.15251,-86.57249,735
400155,39.15305,-86.57249,736
400155,39.15331,-86.57248,737
400155,39.15357,-86.57249,738
400155,39.15392,-86.5725,739
400155,39.1541,-86.57251,740
400155,39.15428,-86.57251,741
400155,39.15436,-86.57251,742
400155,39.15468,-86.57252,743
400155,39.15479,-86.57248,744
400155,39.15482,-86.57246,745
400155,39.15484,-86.57245,746
400155,39.15497,-86.57239,747
400155,39.15499,-86.57238,748
400155,39.15515,-86.57232,749
400155,39.15516,-86.57231,750
400155,39.15524,-86.57229,751
400155,39.15534,-86.57226,752
400155,39.15555,-86.57219,753
400155,39.15565,-86.57213,754
400155,39.15569,-86.57211,755
400155,39.15574,-86.57207,756
400155,39.1558,-86.57202,757
400155,39.15582,-86.57198,758
400155,39.15584,-86.57196,759
400155,39.15602,-86.57162,760
400155,39.15614,-86.57145,761
400155,39.15623,-86.57132,762
400155,39.15628,-86.57127,763
400155,39.15634,-86.57124,764
400155,39.1564,-86.5712,765
400155,39.15643,-86.57118,766
400155,39.15646,-86.57117,767
400155,39.15651,-86.57115,768
400155,39.15669,-86.57109,769
400155,39.15678,-86.57109,770
400155,39.15689,-86.57111,771
400155,39.1569,-86.57111,772
400155,39.15698,-86.57113,773
400155,39.15725,-86.57123,774
400155,39.15737,-86.57124,775
400155,39.15749,-86.57123,776
400155,39.1576,-86.57119,777
400155,39.15761,-86.57119,778
400155,39.15774,-86.57113,779
400155,39.15775,-86.57112,780
400155,39.15777,-86.57111,781
400155,39.15787,-86.57105,782
400155,39.15793,-86.57101,783
400155,39.158,-86.57128,784
400155,39.15783,-86.57134,785
400155,39.15783,-86.57133,786
400155,39.15778,-86.57116,787
400155,39.15777,-86.57111,788
400155,39.15775,-86.57112,789
400155,39.15761,-86.57119,790
400155,39.1576,-86.57119,791
400155,39.15749,-86.57123,792
400155,39.15737,-86.57124,793
400155,39.15725,-86.57123,794
400155,39.15698,-86.57113,795
400155,39.1569,-86.57111,796
400155,39.15689,-86.57111,797
400155,39.15678,-86.57109,798
400155,39.15669,-86.57109,799
400155,39.15651,-86.57115,800
400155,39.1565,-86.57115,801
400155,39.15646,-86.57117,802
400155,39.1564,-86.5712,803
400155,39.15634,-86.57124,804
400155,39.15628,-86.57127,805
400155,39.15623,-86.57132,806
400155,39.15614,-86.57145,807
400155,39.15602,-86.57162,808
400155,39.15584,-86.57196,809
400155,39.15582,-86.57198,810
400155,39.1558,-86.57202,811
400155,39.15574,-86.57207,812
400155,39.15569,-86.57211,813
400155,39.15565,-86.57213,814
400155,39.15555,-86.57219,815
400155,39.15536,-86.57226,816
400155,39.15534,-86.57226,817
400155,39.15524,-86.57229,818
400155,39.15516,-86.57231,819
400155,39.15515,-86.57232,820
400155,39.15499,-86.57238,821
400155,39.15497,-86.57239,822
400155,39.15482,-86.57246,823
400155,39.15479,-86.57248,824
400155,39.15468,-86.57252,825
400155,39.15436,-86.57251,826
400155,39.15428,-86.57251,827
400155,39.1541,-86.57251,828
400155,39.15392,-86.5725,829
400155,39.15357,-86.57249,830
400155,39.15331,-86.57248,831
400155,39.15305,-86.57249,832
400155,39.15251,-86.57249,833
400155,39.15231,-86.57249,834
400155,39.15221,-86.57249,835
400155,39.15203,-86.57245,836
400155,39.15178,-86.57237,837
400155,39.15177,-86.57236,838
400155,39.15161,-86.57229,839
400155,39.15155,-86.57226,840
400155,39.15133,-86.57211,841
400155,39.15115,-86.57192,842
400155,39.15106,-86.57183,843
400155,39.15101,-86.57178,844
400155,39.15088,-86.57162,845
400155,39.15061,-86.57132,846
400155,39.15024,-86.5709,847
400155,39.15007,-86.5707,848
400155,39.15,-86.57062,849
400155,39.14997,-86.57059,850
400155,39.14992,-86.57052,851
400155,39.14989,-86.57047,852
400155,39.14985,-86.5704,853
400155,39.14984,-86.57035,854
400155,39.14984,-86.57034,855
400155,39.14982,-86.57027,856
400155,39.14981,-86.57019,857
400155,39.14981,-86.57002,858
400155,39.14981,-86.56996,859
400155,39.14981,-86.56993,860
400155,39.14982,-86.56987,861
400155,39.14984,-86.56983,862
400155,39.14986,-86.56975,863
400155,39.14987,-86.56974,864
400155,39.14988,-86.5697,865
400155,39.1499,-86.56967,866
400155,39.14991,-86.56964,867
400155,39.14992,-86.56962,868
400155,39.14993,-86.56959,869
400155,39.14998,-86.56946,870
400155,39.15,-86.56941,871
400155,39.15,-86.56939,872
400155,39.15001,-86.56937,873
400155,39.15001,-86.56934,874
400155,39.15001,-86.56929,875
400155,39.15,-86.56924,876
400155,39.15,-86.56921,877
400155,39.14998,-86.56918,878
400155,39.14996,-86.56912,879
400155,39.14994,-86.56909,880
400155,39.14982,-86.56894,881
400155,39.14972,-86.5691,882
400155,39.14967,-86.56919,883
400155,39.14958,-86.56933,884
400155,39.14946,-86.56955,885
400155,39.14946,-86.56956,886
400155,39.14933,-86.56979,887
400155,39.14925,-86.56993,888
400155,39.1492,-86.57001,889
400155,39.149,-86.5704,890
400155,39.14894,-86.57051,891
400155,39.14886,-86.57065,892
400155,39.14861,-86.57116,893
400155,39.14829,-86.57174,894
400155,39.14826,-86.57179,895
400155,39.14788,-86.57251,896
400155,39.14785,-86.57257,897
400155,39.14768,-86.5729,898
400155,39.14765,-86.57295,899
400155,39.14764,-86.57297,900
400155,39.14761,-86.57303,901
400155,39.14751,-86.57321,902
400155,39.1475,-86.57323,903
400155,39.14747,-86.57329,904
400155,39.14733,-86.57355,905
400155,39.14722,-86.57377,906
400155,39.14717,-86.57386,907
400155,39.14714,-86.57392,908
400155,39.1471,-86.57398,909
400155,39.14704,-86.5741,910
400155,39.14698,-86.57421,911
400155,39.14684,-86.57449,912
400155,39.14677,-86.57461,913
400155,39.14653,-86.57508,914
400155,39.14643,-86.57526,915
400155,39.14597,-86.57613,916
400155,39.14585,-86.57635,917
400155,39.14559,-86.57684,918
400155,39.14507,-86.57782,919
400155,39.14492,-86.57811,920
400155,39.14466,-86.57859,921
400155,39.14456,-86.57878,922
400155,39.14438,-86.57913,923
400155,39.14419,-86.57948,924
400155,39.14413,-86.57959,925
400155,39.14406,-86.57972,926
400155,39.14396,-86.57989,927
400155,39.14393,-86.57994,928
400155,39.14392,-86.57997,929
400155,39.14383,-86.58011,930
400155,39.14374,-86.58025,931
400155,39.14365,-86.58039,932
400155,39.14353,-86.58056,933
400155,39.14338,-86.58078,934
400155,39.14334,-86.58084,935
400155,39.14322,-86.58099,936
400155,39.14308,-86.58117,937
400155,39.14284,-86.58148,938
400155,39.14273,-86.58162,939
400155,39.14263,-86.58173,940
400155,39.14244,-86.58197,941
400155,39.14231,-86.58213,942
400155,39.14229,-86.58216,943
400155,39.14226,-86.58224,944
400155,39.14202,-86.58259,945
400155,39.1419,-86.58259,946
400155,39.14158,-86.58262,947
400155,39.14147,-86.58262,948
400155,39.14082,-86.58262,949
400155,39.14068,-86.58262,950
400155,39.14015,-86.58261,951
400155,39.13917,-86.58261,952
400155,39.13827,-86.58261,953
400155,39.13804,-86.58261,954
400155,39.13732,-86.58261,955
400155,39.13678,-86.58262,956
400155,39.13591,-86.58261,957
400155,39.13536,-86.58261,958
400155,39.13499,-86.58261,959
400155,39.13454,-86.58261,960
400155,39.13446,-86.58261,961
400155,39.13419,-86.58261,962
400155,39.13398,-86.5826,963
400155,39.13381,-86.5826,964
400155,39.13327,-86.5826,965
400155,39.13305,-86.58259,966
400155,39.13251,-86.58259,967
400155,39.13218,-86.58259,968
400155,39.13168,-86.58259,969
400155,39.1315,-86.58259,970
400155,39.1313,-86.58259,971
400155,39.13112,-86.58259,972
400155,39.13094,-86.58259,973
400155,39.13076,-86.58259,974
400155,39.13044,-86.5826,975
400155,39.1301,-86.58259,976
400155,39.1298,-86.58259,977
400155,39.12962,-86.58259,978
400155,39.12944,-86.58258,979
400155,39.12921,-86.58258,980
400155,39.12908,-86.58258,981
400155,39.12867,-86.58257,982
400155,39.12826,-86.58255,983
400155,39.12808,-86.58256,984
400155,39.12772,-86.58257,985
400155,39.12744,-86.58258,986
400155,39.12716,-86.58258,987
400155,39.12681,-86.58258,988
400155,39.12681,-86.5828,989
400155,39.12682,-86.58292,990
6001,39.18354,-86.54066,0
6001,39.18344,-86.54066,1
6001,39.18308,-86.54065,2
6001,39.18285,-86.54065,3
6001,39.18248,-86.54064,4
6001,39.1824,-86.54058,5
6001,39.18236,-86.54054,6
6001,39.18234,-86.54051,7
6001,39.18228,-86.54042,8
6001,39.18225,-86.54033,9
6001,39.18224,-86.54026,10
6001,39.18222,-86.54017,11
6001,39.1822,-86.53986,12
6001,39.18221,-86.53955,13
6001,39.18221,-86.53932,14
6001,39.18221,-86.53901,15
6001,39.18223,-86.53894,16
6001,39.18225,-86.53887,17
6001,39.18225,-86.53886,18
6001,39.18225,-86.53884,19
6001,39.18227,-86.53879,20
6001,39.18228,-86.53875,21
6001,39.1823,-86.53871,22
6001,39.18231,-86.53867,23
6001,39.18232,-86.53865,24
6001,39.18233,-86.53862,25
6001,39.18233,-86.53855,26
6001,39.18233,-86.53852,27
6001,39.18233,-86.53847,28
6001,39.18232,-86.53842,29
6001,39.18232,-86.53841,30
6001,39.18232,-86.53819,31
6001,39.18232,-86.53772,32
6001,39.18197,-86.53773,33
6001,39.18196,-86.53773,34
6001,39.18153,-86.53774,35
6001,39.18136,-86.53774,36
6001,39.18124,-86.53774,37
6001,39.18102,-86.53774,38
6001,39.18081,-86.53774,39
6001,39.18064,-86.53774,40
6001,39.18047,-86.53775,41
6001,39.18014,-86.53775,42
6001,39.1801,-86.53775,43
6001,39.17992,-86.53775,44
6001,39.17945,-86.53774,45
6001,39.1792,-86.53774,46
6001,39.17904,-86.53774,47
6001,39.17899,-86.53774,48
6001,39.17898,-86.53724,49
6001,39.17898,-86.53701,50
6001,39.17897,-86.53619,51
6001,39.17897,-86.53593,52
6001,39.179,-86.53587,53
6001,39.17899,-86.5357,54
6001,39.17899,-86.53537,55
6001,39.17899,-86.53471,56
6001,39.17845,-86.53471,57
6001,39.17792,-86.53472,58
6001,39.17771,-86.53472,59
6001,39.1773,-86.53473,60
6001,39.17686,-86.53473,61
6001,39.17653,-86.53474,62
6001,39.17642,-86.53474,63
6001,39.17596,-86.53475,64
6001,39.17524,-86.53478,65
6001,39.17506,-86.53478,66
6001,39.17488,-86.53478,67
6001,39.17419,-86.53479,68
6001,39.17383,-86.5348,69
6001,39.17357,-86.5348,70
6001,39.17329,-86.5348,71
6001,39.17309,-86.5348,72
6001,39.17284,-86.53481,73
6001,39.17248,-86.53481,74
6001,39.17216,-86.5348,75
6001,39.17198,-86.5348,76
6001,39.17168,-86.53481,77
6001,39.17147,-86.53481,78
6001,39.17124,-86.53481,79
6001,39.17106,-86.53481,80
6001,39.17095,-86.53481,81
6001,39.17085,-86.53482,82
6001,39.17045,-86.53482,83
6001,39.17034,-86.53482,84
6001,39.1699,-86.53483,85
6001,39.16951,-86.53483,86
6001,39.16857,-86.53485,87
6001,39.16857,-86.53461,88
6001,39.16856,-86.53421,89
6001,39.16856,-86.53375,90
6001,39.16856,-86.53359,91
6001,39.16855,-86.53326,92
6001,39.16854,-86.53252,93
6001,39.16853,-86.53234,94
6001,39.16853,-86.53213,95
6001,39.16853,-86.53169,96
6001,39.16853,-86.53156,97
6001,39.16853,-86.53133,98
6001,39.16853,-86.53105,99
6001,39.16853,-86.53043,100
6001,39.16852,-86.52978,101
6001,39.16852,-86.52915,102
6001,39.16852,-86.52826,103
6001,39.16851,-86.52718,104
6001,39.16851,-86.52695,105
6001,39.1685,-86.52577,106
6001,39.1685,-86.52554,107
6001,39.16849,-86.52464,108
6001,39.16849,-86.52449,109
6001,39.16849,-86.5242,110
6001,39.16849,-86.52382,111
6001,39.16849,-86.52374,112
6001,39.16849,-86.52368,113
6001,39.16849,-86.52349,114
6001,39.16898,-86.5235,115
6001,39.16933,-86.5235,116
6001,39.16947,-86.52349,117
6001,39.16994,-86.52349,118
6001,39.17013,-86.52349,119
6001,39.17043,-86.52349,120
6001,39.17073,-86.52349,121
6001,39.17102,-86.52349,122
6001,39.17117,-86.52349,123
6001,39.17138,-86.52349,124
6001,39.17151,-86.5235,125
6001,39.17163,-86.5235,126
6001,39.17163,-86.52325,127
6001,39.17162,-86.52238,128
6001,39.17161,-86.521,129
6001,39.17161,-86.52077,130
6001,39.17161,-86.52072,131
6001,39.17161,-86.52039,132
6001,39.17161,-86.52016,133
6001,39.17161,-86.51993,134
6001,39.1716,-86.51972,135
6001,39.1716,-86.51905,136
6001,39.1716,-86.51898,137
6001,39.1716,-86.5184,138
6001,39.1716,-86.51794,139
6001,39.1716,-86.51765,140
6001,39.17159,-86.51729,141
6001,39.17159,-86.51689,142
6001,39.17159,-86.51637,143
6001,39.17159,-86.51565,144
6001,39.17159,-86.51497,145
6001,39.17159,-86.51476,146
6001,39.17159,-86.51455,147
6001,39.17159,-86.51394,148
6001,39.17159,-86.51376,149
6001,39.17158,-86.51321,150
6001,39.17158,-86.51296,151
6001,39.17158,-86.51249,152
6001,39.17158,-86.51223,153
6001,39.17157,-86.5119,154
6001,39.17157,-86.51164,155
6001,39.17157,-86.51096,156
6001,39.17157,-86.51082,157
6001,39.17157,-86.51067,158
6001,39.17157,-86.51044,159
6001,39.17157,-86.51035,160
6001,39.17157,-86.51007,161
6001,39.17156,-86.5099,162
6001,39.17156,-86.50946,163
6001,39.17156,-86.50926,164
6001,39.17156,-86.50918,165
6001,39.17157,-86.50904,166
6001,39.17157,-86.50891,167
6001,39.17156,-86.50866,168
6001,39.17155,-86.50844,169
6001,39.17153,-86.50813,170
6001,39.17151,-86.50794,171
6001,39.17149,-86.50773,172
6001,39.17146,-86.50758,173
6001,39.1714,-86.50718,174
6001,39.17138,-86.50706,175
6001,39.17138,-86.50698,176
6001,39.17138,-86.50696,177
6001,39.17139,-86.50692,178
6001,39.17139,-86.5069,179
6001,39.1714,-86.50687,180
6001,39.17141,-86.50685,181
6001,39.17142,-86.50684,182
6001,39.17145,-86.50681,183
6001,39.17147,-86.50679,184
6001,39.17149,-86.50679,185
6001,39.17158,-86.50675,186
6001,39.1716,-86.50674,187
6001,39.17162,-86.50673,188
6001,39.17163,-86.50672,189
6001,39.17164,-86.50671,190
6001,39.17166,-86.5067,191
6001,39.17167,-86.50669,192
6001,39.17168,-86.50667,193
6001,39.17168,-86.50666,194
6001,39.1717,-86.50663,195
6001,39.17171,-86.50659,196
6001,39.17172,-86.50657,197
6001,39.17172,-86.50655,198
6001,39.17172,-86.50653,199
6001,39.17172,-86.5065,200
6001,39.17172,-86.50647,201
6001,39.17172,-86.50644,202
6001,39.17171,-86.50634,203
6001,39.1717,-86.50625,204
6001,39.17163,-86.50577,205
6001,39.17162,-86.50575,206
6001,39.17159,-86.50549,207
6001,39.17158,-86.50542,208
6001,39.17157,-86.50531,209
6001,39.17156,-86.50518,210
6001,39.17155,-86.50499,211
6001,39.17155,-86.50484,212
6001,39.17155,-86.50461,213
6001,39.17155,-86.5045,214
6001,39.17152,-86.50435,215
6001,39.17151,-86.50421,216
6001,39.17151,-86.50401,217
6001,39.1715,-86.50374,218
6001,39.1715,-86.50364,219
6001,39.1715,-86.50317,220
6001,39.1715,-86.50277,221
6001,39.17151,-86.50231,222
6001,39.17153,-86.50213,223
6001,39.17154,-86.50177,224
6001,39.17155,-86.50135,225
6001,39.17155,-86.50119,226
6001,39.17155,-86.50112,227
6001,39.17155,-86.50111,228
6001,39.17155,-86.50109,229
6001,39.17158,-86.50104,230
6001,39.17158,-86.50094,231
6001,39.17155,-86.50019,232
6001,39.17154,-86.49966,233
6001,39.17154,-86.49935,234
6001,39.17154,-86.4993,235
6001,39.17154,-86.49921,236
6001,39.17154,-86.49897,237
6001,39.17153,-86.49886,238
6001,39.17153,-86.49858,239
6001,39.17152,-86.49818,240
6001,39.17151,-86.49772,241
6001,39.17149,-86.49589,242
6001,39.17148,-86.49543,243
6001,39.17149,-86.49495,244
6001,39.1715,-86.49462,245
6001,39.1715,-86.49413,246
6001,39.17151,-86.49346,247
6001,39.17151,-86.49295,248
6001,39.17152,-86.49216,249
6001,39.17152,-86.49146,250
6001,39.17153,-86.49088,251
6001,39.17153,-86.49053,252
6001,39.17153,-86.4904,253
6001,39.17153,-86.4901,254
6001,39.17154,-86.49002,255
6001,39.17156,-86.48987,256
6001,39.17157,-86.48974,257
6001,39.17162,-86.48945,258
6001,39.17164,-86.48931,259
6001,39.17169,-86.48908,260
6001,39.17172,-86.48889,261
6001,39.17177,-86.48859,262
6001,39.17179,-86.48846,263
6001,39.17184,-86.488,264
6001,39.1719,-86.48742,265
6001,39.17194,-86.48696,266
6001,39.17197,-86.48666,267
6001,39.172,-86.48628,268
6001,39.172,-86.48627,269
6001,39.17204,-86.48583,270
6001,39.17204,-86.48562,271
6001,39.17204,-86.48559,272
6001,39.17204,-86.48548,273
6001,39.17204,-86.48536,274
6001,39.17203,-86.48532,275
6001,39.17202,-86.48515,276
6001,39.172,-86.485,277
6001,39.17199,-86.48487,278
6001,39.17198,-86.48477,279
6001,39.17198,-86.48467,280
6001,39.17198,-86.48465,281
6001,39.17199,-86.48444,282
6001,39.17199,-86.4844,283
6001,39.17201,-86.48421,284
6001,39.17203,-86.4841,285
6001,39.17206,-86.48392,286
6001,39.17206,-86.48389,287
6001,39.17209,-86.48373,288
6001,39.17215,-86.48352,289
6001,39.17217,-86.48345,290
6001,39.17221,-86.48333,291
6001,39.1723,-86.48315,292
6001,39.17242,-86.48296,293
6001,39.17255,-86.48279,294
6001,39.17264,-86.48268,295
6001,39.17259,-86.48256,296
6001,39.17255,-86.48248,297
6001,39.17247,-86.48237,298
6001,39.17218,-86.48197,299
6001,39.17215,-86.48192,300
6001,39.17203,-86.48178,301
6001,39.17195,-86.48169,302
6001,39.17178,-86.48158,303
6001,39.17165,-86.48151,304
6001,39.17162,-86.4815,305
6001,39.17152,-86.48146,306
6001,39.17139,-86.48141,307
6001,39.17117,-86.48138,308
6001,39.17046,-86.48136,309
6001,39.1701,-86.48136,310
6001,39.16974,-86.48135,311
6001,39.16911,-86.48134,312
6001,39.16888,-86.48135,313
6001,39.1687,-86.48135,314
6001,39.16834,-86.48134,315
6001,39.16816,-86.48133,316
6001,39.16794,-86.48133,317
6001,39.16771,-86.48132,318
6001,39.16733,-86.48132,319
6001,39.16697,-86.48131,320
6001,39.16661,-86.4813,321
6001,39.16625,-86.48129,322
6001,39.16535,-86.48127,323
6001,39.16464,-86.48125,324
6001,39.16423,-86.48124,325
6001,39.16412,-86.48119,326
6001,39.16394,-86.48112,327
6001,39.16391,-86.48111,328
6001,39.16384,-86.48108,329
6001,39.1635,-86.48092,330
6001,39.16334,-86.48085,331
6001,39.16333,-86.48085,332
6001,39.1633,-86.48084,333
6001,39.1632,-86.48082,334
6001,39.16296,-86.48077,335
6001,39.16295,-86.47915,336
6001,39.16294,-86.47827,337
6001,39.16294,-86.47734,338
6001,39.16294,-86.47724,339
6001,39.16295,-86.47624,340
6001,39.16331,-86.47625,341
6001,39.16339,-86.47625,342
6001,39.16367,-86.47626,343
6001,39.16424,-86.47628,344
6001,39.16424,-86.47535,345
6001,39.16424,-86.47447,346
6001,39.16425,-86.47368,347
6001,39.16425,-86.47342,348
6001,39.16426,-86.47294,349
6001,39.16426,-86.47286,350
6001,39.16427,-86.47267,351
6001,39.1643,-86.47246,352
6001,39.16434,-86.47213,353
6001,39.16419,-86.47204,354
6001,39.164,-86.47193,355
6001,39.16386,-86.47186,356
6001,39.16379,-86.47183,357
6001,39.16359,-86.47175,358
6001,39.16341,-86.4717,359
6001,39.16328,-86.47166,360
6001,39.16298,-86.47162,361
6001,39.16284,-86.47162,362
6001,39.16266,-86.47161,363
6001,39.16179,-86.47161,364
6001,39.16105,-86.4716,365
6001,39.16105,-86.4718,366
6001,39.16104,-86.4721,367
6001,39.16102,-86.47257,368
6001,39.16102,-86.47268,369
6001,39.16103,-86.47275,370
6001,39.16103,-86.47277,371
6006,39.16099,-86.47266,0
6006,39.16102,-86.47257,1
6006,39.16104,-86.4721,2
6006,39.16105,-86.4718,3
6006,39.16105,-86.4716,4
6006,39.16135,-86.4716,5
6006,39.16179,-86.47161,6
6006,39.16266,-86.47161,7
6006,39.16284,-86.47162,8
6006,39.16298,-86.47162,9
6006,39.16328,-86.47166,10
6006,39.16359,-86.47175,11
6006,39.16379,-86.47183,12
6006,39.16386,-86.47186,13
6006,39.164,-86.47193,14
6006,39.16419,-86.47204,15
6006,39.16434,-86.47213,16
6006,39.1643,-86.47246,17
6006,39.16427,-86.47267,18
6006,39.16426,-86.47286,19
6006,39.16426,-86.47294,20
6006,39.16425,-86.47342,21
6006,39.16425,-86.47362,22
6006,39.16425,-86.47368,23
6006,39.16424,-86.47447,24
6006,39.16424,-86.47535,25
6006,39.16424,-86.47628,26
6006,39.16367,-86.47626,27
6006,39.16331,-86.47625,28
6006,39.16295,-86.47624,29
6006,39.16294,-86.47734,30
6006,39.16294,-86.47827,31
6006,39.16295,-86.47915,32
6006,39.16296,-86.48077,33
6006,39.1632,-86.48082,34
6006,39.16333,-86.48085,35
6006,39.16334,-86.48085,36
6006,39.1635,-86.48092,37
6006,39.16384,-86.48108,38
6006,39.16391,-86.48111,39
6006,39.16394,-86.48112,40
6006,39.16412,-86.48119,41
6006,39.16423,-86.48124,42
6006,39.16464,-86.48125,43
6006,39.16513,-86.48126,44
6006,39.16535,-86.48127,45
6006,39.16625,-86.48129,46
6006,39.16661,-86.4813,47
6006,39.16697,-86.48131,48
6006,39.16733,-86.48132,49
6006,39.16771,-86.48132,50
6006,39.16794,-86.48133,51
6006,39.16816,-86.48133,52
6006,39.16834,-86.48134,53
6006,39.1687,-86.48135,54
6006,39.16888,-86.48135,55
6006,39.16911,-86.48134,56
6006,39.16921,-86.48135,57
6006,39.16974,-86.48135,58
6006,39.1701,-86.48136,59
6006,39.17046,-86.48136,60
6006,39.17117,-86.48138,61
6006,39.17139,-86.48141,62
6006,39.17152,-86.48146,63
6006,39.17162,-86.4815,64
6006,39.17165,-86.48151,65
6006,39.17178,-86.48158,66
6006,39.17195,-86.48169,67
6006,39.17215,-86.48192,68
6006,39.17218,-86.48197,69
6006,39.17247,-86.48237,70
6006,39.17255,-86.48248,71
6006,39.17259,-86.48256,72
6006,39.17264,-86.48268,73
6006,39.17255,-86.48279,74
6006,39.17242,-86.48296,75
6006,39.1723,-86.48315,76
6006,39.17221,-86.48333,77
6006,39.17217,-86.48345,78
6006,39.17215,-86.48352,79
6006,39.17209,-86.48373,80
6006,39.17206,-86.48389,81
6006,39.17206,-86.48392,82
6006,39.17203,-86.4841,83
6006,39.17201,-86.48421,84
6006,39.17199,-86.4844,85
6006,39.17199,-86.48444,86
6006,39.17198,-86.48465,87
6006,39.17198,-86.48467,88
6006,39.17198,-86.48477,89
6006,39.17199,-86.48487,90
6006,39.172,-86.485,91
6006,39.17202,-86.48515,92
6006,39.17203,-86.48532,93
6006,39.17204,-86.48536,94
6006,39.17204,-86.48548,95
6006,39.17204,-86.48559,96
6006,39.17204,-86.48562,97
6006,39.17204,-86.48583,98
6006,39.172,-86.48627,99
6006,39.172,-86.48628,100
6006,39.17197,-86.48666,101
6006,39.17195,-86.48688,102
6006,39.17194,-86.48696,103
6006,39.1719,-86.48742,104
6006,39.17184,-86.488,105
6006,39.17179,-86.48846,106
6006,39.17177,-86.48859,107
6006,39.17172,-86.48889,108
6006,39.17169,-86.48908,109
6006,39.17164,-86.48931,110
6006,39.17162,-86.48945,111
6006,39.17157,-86.48974,112
6006,39.17156,-86.48987,113
6006,39.17154,-86.49002,114
6006,39.17153,-86.4904,115
6006,39.17153,-86.49053,116
6006,39.17153,-86.49088,117
6006,39.17152,-86.49146,118
6006,39.17152,-86.49216,119
6006,39.17151,-86.49295,120
6006,39.17151,-86.49346,121
6006,39.1715,-86.49413,122
6006,39.1715,-86.49462,123
6006,39.17149,-86.49495,124
6006,39.17148,-86.49543,125
6006,39.17149,-86.49589,126
6006,39.17151,-86.49772,127
6006,39.17152,-86.49818,128
6006,39.17153,-86.49858,129
6006,39.17153,-86.49886,130
6006,39.17154,-86.49897,131
6006,39.17154,-86.49921,132
6006,39.17154,-86.4993,133
6006,39.17154,-86.49935,134
6006,39.17154,-86.49966,135
6006,39.17155,-86.50019,136
6006,39.17158,-86.50094,137
6006,39.17158,-86.50104,138
6006,39.17164,-86.5011,139
6006,39.17164,-86.50112,140
6006,39.17165,-86.50114,141
6006,39.17165,-86.50131,142
6006,39.17164,-86.50217,143
6006,39.17163,-86.50237,144
6006,39.17162,-86.50281,145
6006,39.17162,-86.50317,146
6006,39.1716,-86.50363,147
6006,39.1716,-86.50364,148
6006,39.17159,-86.50401,149
6006,39.17158,-86.50423,150
6006,39.17158,-86.50434,151
6006,39.17155,-86.5045,152
6006,39.17155,-86.50461,153
6006,39.17155,-86.50484,154
6006,39.17155,-86.50499,155
6006,39.17156,-86.50518,156
6006,39.17157,-86.50531,157
6006,39.17158,-86.50542,158
6006,39.17159,-86.50549,159
6006,39.17162,-86.50575,160
6006,39.17163,-86.50577,161
6006,39.1717,-86.50625,162
6006,39.17171,-86.50634,163
6006,39.17172,-86.50644,164
6006,39.17172,-86.50647,165
6006,39.17172,-86.5065,166
6006,39.17172,-86.50653,167
6006,39.17172,-86.50655,168
6006,39.17172,-86.50657,169
6006,39.17171,-86.50659,170
6006,39.1717,-86.50663,171
6006,39.17168,-86.50666,172
6006,39.17168,-86.50667,173
6006,39.17167,-86.50669,174
6006,39.17166,-86.5067,175
6006,39.17164,-86.50671,176
6006,39.17163,-86.50672,177
6006,39.17162,-86.50673,178
6006,39.1716,-86.50674,179
6006,39.17158,-86.50675,180
6006,39.17149,-86.50679,181
6006,39.17147,-86.50679,182
6006,39.17145,-86.50681,183
6006,39.17142,-86.50684,184
6006,39.17141,-86.50685,185
6006,39.1714,-86.50687,186
6006,39.17139,-86.5069,187
6006,39.17139,-86.50692,188
6006,39.17138,-86.50696,189
6006,39.17138,-86.50698,190
6006,39.17138,-86.50706,191
6006,39.1714,-86.50718,192
6006,39.17146,-86.50758,193
6006,39.17149,-86.50773,194
6006,39.17151,-86.50794,195
6006,39.17153,-86.50813,196
6006,39.17155,-86.50844,197
6006,39.17156,-86.50866,198
6006,39.17157,-86.50891,199
6006,39.17156,-86.50918,200
6006,39.17156,-86.50926,201
6006,39.17156,-86.50946,202
6006,39.17156,-86.5099,203
6006,39.17157,-86.51007,204
6006,39.17157,-86.51035,205
6006,39.17157,-86.51044,206
6006,39.17157,-86.51067,207
6006,39.17157,-86.51082,208
6006,39.17157,-86.51096,209
6006,39.17157,-86.51164,210
6006,39.17157,-86.5119,211
6006,39.17158,-86.51223,212
6006,39.17158,-86.51249,213
6006,39.17158,-86.51296,214
6006,39.17158,-86.51321,215
6006,39.17159,-86.51376,216
6006,39.17159,-86.51394,217
6006,39.17159,-86.51455,218
6006,39.17159,-86.51476,219
6006,39.17159,-86.51497,220
6006,39.17159,-86.51504,221
6006,39.17159,-86.51565,222
6006,39.17159,-86.51637,223
6006,39.17159,-86.51689,224
6006,39.17159,-86.51729,225
6006,39.1716,-86.51765,226
6006,39.1716,-86.51794,227
6006,39.1716,-86.5184,228
6006,39.1716,-86.51898,229
6006,39.1716,-86.51905,230
6006,39.1716,-86.51972,231
6006,39.17161,-86.51993,232
6006,39.17161,-86.52016,233
6006,39.17161,-86.52039,234
6006,39.17161,-86.52072,235
6006,39.17161,-86.52077,236
6006,39.17161,-86.521,237
6006,39.17162,-86.52238,238
6006,39.17163,-86.52325,239
6006,39.17163,-86.5235,240
6006,39.17151,-86.5235,241
6006,39.17138,-86.52349,242
6006,39.17117,-86.52349,243
6006,39.17102,-86.52349,244
6006,39.17073,-86.52349,245
6006,39.17043,-86.52349,246
6006,39.17013,-86.52349,247
6006,39.16994,-86.52349,248
6006,39.16947,-86.52349,249
6006,39.16898,-86.5235,250
6006,39.16849,-86.52349,251
6006,39.16849,-86.52368,252
6006,39.16849,-86.52374,253
6006,39.16849,-86.52382,254
6006,39.16849,-86.5242,255
6006,39.16849,-86.52441,256
6006,39.16849,-86.52449,257
6006,39.16849,-86.52464,258
6006,39.1685,-86.52554,259
6006,39.1685,-86.52577,260
6006,39.16851,-86.52695,261
6006,39.16851,-86.52718,262
6006,39.16852,-86.52826,263
6006,39.16852,-86.52915,264
6006,39.16852,-86.52978,265
6006,39.16853,-86.53043,266
6006,39.16853,-86.53105,267
6006,39.16853,-86.53133,268
6006,39.16853,-86.53156,269
6006,39.16853,-86.53169,270
6006,39.16853,-86.53234,271
6006,39.16854,-86.53252,272
6006,39.16855,-86.53326,273
6006,39.16856,-86.53359,274
6006,39.16872,-86.53358,275
6006,39.16886,-86.53358,276
6006,39.1695,-86.53357,277
6006,39.16992,-86.53356,278
6006,39.17004,-86.53356,279
6006,39.17046,-86.53356,280
6006,39.17092,-86.53357,281
6006,39.17124,-86.53358,282
6006,39.17147,-86.53358,283
6006,39.17167,-86.53358,284
6006,39.17254,-86.53358,285
6006,39.17284,-86.53358,286
6006,39.17311,-86.53358,287
6006,39.17329,-86.53358,288
6006,39.17417,-86.53357,289
6006,39.17439,-86.53357,290
6006,39.17493,-86.53356,291
6006,39.17521,-86.53356,292
6006,39.17596,-86.53354,293
6006,39.17641,-86.53354,294
6006,39.17686,-86.53353,295
6006,39.1773,-86.53352,296
6006,39.17766,-86.53352,297
6006,39.17776,-86.53352,298
6006,39.17843,-86.5335,299
6006,39.17855,-86.5335,300
6006,39.17869,-86.5335,301
6006,39.17897,-86.53349,302
6006,39.17897,-86.5336,303
6006,39.17898,-86.53407,304
6006,39.17898,-86.53417,305
6006,39.17899,-86.53459,306
6006,39.17899,-86.53471,307
6006,39.17899,-86.53516,308
6006,39.17899,-86.53537,309
6006,39.17899,-86.5357,310
6006,39.179,-86.53587,311
6006,39.17903,-86.53593,312
6006,39.17904,-86.53686,313
6006,39.17904,-86.53728,314
6006,39.17904,-86.53774,315
6006,39.1792,-86.53774,316
6006,39.17945,-86.53774,317
6006,39.17992,-86.53775,318
6006,39.1801,-86.53775,319
6006,39.18014,-86.53775,320
6006,39.18047,-86.53775,321
6006,39.18064,-86.53774,322
6006,39.18081,-86.53774,323
6006,39.18102,-86.53774,324
6006,39.18124,-86.53774,325
6006,39.18136,-86.53774,326
6006,39.18153,-86.53774,327
6006,39.18196,-86.53773,328
6006,39.18232,-86.53772,329
6006,39.18246,-86.53772,330
6006,39.18268,-86.53774,331
6006,39.18296,-86.53773,332
6006,39.1831,-86.53773,333
6006,39.18344,-86.53773,334
6006,39.18362,-86.53773,335
6006,39.18377,-86.53773,336
6006,39.18391,-86.53773,337
6006,39.184,-86.53774,338
6006,39.18422,-86.53774,339
6006,39.18454,-86.53774,340
6006,39.18506,-86.53773,341
6006,39.18506,-86.538,342
6006,39.18506,-86.53801,343
6006,39.18506,-86.53814,344
6006,39.18506,-86.53846,345
6006,39.18506,-86.53863,346
6006,39.18507,-86.53878,347
6006,39.18508,-86.53933,348
6006,39.18508,-86.53987,349
6006,39.18509,-86.54009,350
6006,39.18509,-86.54019,351
6006,39.18509,-86.54058,352
6006,39.18509,-86.54107,353
6006,39.1851,-86.54144,354
6006,39.18474,-86.54144,355
6006,39.18456,-86.54144,356
6006,39.18443,-86.54144,357
6006,39.18442,-86.54144,358
6006,39.18441,-86.54144,359
6006,39.18439,-86.54143,360
6006,39.18438,-86.54142,361
6006,39.18436,-86.54139,362
6006,39.18435,-86.54137,363
6006,39.18434,-86.54135,364
6006,39.18434,-86.54133,365
6006,39.18433,-86.54102,366
6006,39.18406,-86.54102,367
6006,39.1837,-86.54102,368
6006,39.1837,-86.54081,369
6006,39.1837,-86.5408,370
6006,39.18369,-86.5407,371
6006,39.18369,-86.54069,372
6006,39.18369,-86.54068,373
6006,39.18368,-86.54067,374
6006,39.18367,-86.54066,375
6006,39.18366,-86.54066,376
6006,39.18362,-86.54066,377
6006,39.18344,-86.54066,378
6006,39.18308,-86.54065,379
6006,39.18285,-86.54065,380
6006,39.18248,-86.54064,381
6006,39.1824,-86.54058,382
6006,39.18236,-86.54054,383
6006,39.18228,-86.54042,384
6006,39.18225,-86.54033,385
6006,39.18224,-86.54026,386
6006,39.18222,-86.54017,387
6006,39.1822,-86.53986,388
6006,39.18221,-86.53955,389
6006,39.18221,-86.53932,390
6006,39.18221,-86.53901,391
6006,39.18223,-86.53894,392
6006,39.18225,-86.53887,393
6006,39.18225,-86.53886,394
6006,39.18225,-86.53884,395
6006,39.18227,-86.53879,396
6006,39.18228,-86.53875,397
6006,39.1823,-86.53871,398
6006,39.18231,-86.53867,399
6006,39.18232,-86.53865,400
6006,39.18233,-86.53862,401
6006,39.18233,-86.53855,402
6006,39.18233,-86.53852,403
6006,39.18233,-86.53847,404
6006,39.18232,-86.53842,405
6006,39.18232,-86.53841,406
6006,39.18232,-86.53819,407
6006,39.18232,-86.53813,408
6006,39.18232,-86.5378,409
6100,39.16294,-86.47677,0
6100,39.16294,-86.47734,1
6100,39.16294,-86.47827,2
6100,39.16295,-86.47915,3
6100,39.16296,-86.48077,4
6100,39.1632,-86.48082,5
6100,39.16333,-86.48085,6
6100,39.16334,-86.48085,7
6100,39.1635,-86.48092,8
6100,39.16384,-86.48108,9
6100,39.16391,-86.48111,10
6100,39.16394,-86.48112,11
6100,39.16412,-86.48119,12
6100,39.16423,-86.48124,13
6100,39.16464,-86.48125,14
6100,39.16535,-86.48127,15
6100,39.16625,-86.48129,16
6100,39.16661,-86.4813,17
6100,39.16697,-86.48131,18
6100,39.16733,-86.48132,19
6100,39.16739,-86.48132,20
6100,39.16771,-86.48132,21
6100,39.16794,-86.48133,22
6100,39.16816,-86.48133,23
6100,39.16834,-86.48134,24
6100,39.1687,-86.48135,25
6100,39.16888,-86.48135,26
6100,39.16911,-86.48134,27
6100,39.16974,-86.48135,28
6100,39.1701,-86.48136,29
6100,39.17046,-86.48136,30
6100,39.17117,-86.48138,31
6100,39.17139,-86.48141,32
6100,39.17152,-86.48146,33
6100,39.17162,-86.4815,34
6100,39.17165,-86.48151,35
6100,39.17178,-86.48158,36
6100,39.17195,-86.48169,37
6100,39.17215,-86.48192,38
6100,39.17218,-86.48197,39
6100,39.17247,-86.48237,40
6100,39.17255,-86.48248,41
6100,39.17259,-86.48256,42
6100,39.17264,-86.48268,43
6100,39.17255,-86.48279,44
6100,39.17242,-86.48296,45
6100,39.1723,-86.48315,46
6100,39.17221,-86.48333,47
6100,39.17217,-86.48345,48
6100,39.17215,-86.48352,49
6100,39.17209,-86.48373,50
6100,39.17209,-86.48374,51
6100,39.17206,-86.48389,52
6100,39.17206,-86.48392,53
6100,39.17203,-86.4841,54
6100,39.17201,-86.48421,55
6100,39.17199,-86.4844,56
6100,39.17199,-86.48444,57
6100,39.17198,-86.48465,58
6100,39.17198,-86.48467,59
6100,39.17198,-86.48477,60
6100,39.17199,-86.48487,61
6100,39.172,-86.485,62
6100,39.17202,-86.48515,63
6100,39.17203,-86.48532,64
6100,39.17204,-86.48536,65
6100,39.17204,-86.48548,66
6100,39.17204,-86.48559,67
6100,39.17204,-86.48562,68
6100,39.17204,-86.48583,69
6100,39.172,-86.48627,70
6100,39.172,-86.48628,71
6100,39.17197,-86.48666,72
6100,39.17194,-86.48696,73
6100,39.1719,-86.48742,74
6100,39.17184,-86.488,75
6100,39.17179,-86.48846,76
6100,39.17177,-86.48859,77
6100,39.17172,-86.48889,78
6100,39.17169,-86.48908,79
6100,39.17164,-86.48931,80
6100,39.17162,-86.48945,81
6100,39.17157,-86.48974,82
6100,39.17156,-86.48987,83
6100,39.17154,-86.49002,84
6100,39.17153,-86.4904,85
6100,39.17153,-86.49053,86
6100,39.17153,-86.49088,87
6100,39.17152,-86.49146,88
6100,39.17152,-86.49216,89
6100,39.17151,-86.49295,90
6100,39.17151,-86.49346,91
6100,39.1715,-86.49413,92
6100,39.1715,-86.49462,93
6100,39.17149,-86.49495,94
6100,39.17148,-86.49543,95
6100,39.17149,-86.49589,96
6100,39.17151,-86.49772,97
6100,39.17152,-86.49818,98
6100,39.17153,-86.49858,99
6100,39.17153,-86.49886,100
6100,39.17154,-86.49897,101
6100,39.17154,-86.49921,102
6100,39.17154,-86.4993,103
6100,39.17154,-86.49935,104
6100,39.17154,-86.49966,105
6100,39.17155,-86.50019,106
6100,39.17158,-86.50094,107
6100,39.17158,-86.50104,108
6100,39.17164,-86.5011,109
6100,39.17164,-86.50112,110
6100,39.17165,-86.50114,111
6100,39.17165,-86.50131,112
6100,39.17165,-86.50134,113
6100,39.17164,-86.50217,114
6100,39.17163,-86.50237,115
6100,39.17162,-86.50281,116
6100,39.17162,-86.50317,117
6100,39.1716,-86.50363,118
6100,39.1716,-86.50364,119
6100,39.17159,-86.50401,120
6100,39.17158,-86.50423,121
6100,39.17158,-86.50434,122
6100,39.17155,-86.5045,123
6100,39.17155,-86.50461,124
6100,39.17155,-86.50484,125
6100,39.17155,-86.50499,126
6100,39.17156,-86.50518,127
6100,39.17157,-86.50531,128
6100,39.17158,-86.50542,129
6100,39.17159,-86.50549,130
6100,39.17162,-86.50575,131
6100,39.17163,-86.50577,132
6100,39.1717,-86.50625,133
6100,39.17171,-86.50634,134
6100,39.17172,-86.50644,135
6100,39.17172,-86.50647,136
6100,39.17172,-86.5065,137
6100,39.17172,-86.50653,138
6100,39.17172,-86.50655,139
6100,39.17172,-86.50657,140
6100,39.17171,-86.50659,141
6100,39.1717,-86.50663,142
6100,39.17168,-86.50666,143
6100,39.17168,-86.50667,144
6100,39.17167,-86.50669,145
6100,39.17166,-86.5067,146
6100,39.17164,-86.50671,147
6100,39.17163,-86.50672,148
6100,39.17162,-86.50673,149
6100,39.1716,-86.50674,150
6100,39.17158,-86.50675,151
6100,39.17149,-86.50679,152
6100,39.17147,-86.50679,153
6100,39.17145,-86.50681,154
6100,39.17142,-86.50684,155
6100,39.17141,-86.50685,156
6100,39.1714,-86.50687,157
6100,39.17139,-86.5069,158
6100,39.17139,-86.50692,159
6100,39.17138,-86.50696,160
6100,39.17138,-86.50698,161
6100,39.17138,-86.50706,162
6100,39.1714,-86.50718,163
6100,39.17146,-86.50758,164
6100,39.17149,-86.50773,165
6100,39.17151,-86.50794,166
6100,39.17153,-86.50813,167
6100,39.17155,-86.50844,168
6100,39.17156,-86.50866,169
6100,39.17157,-86.50891,170
6100,39.17156,-86.50918,171
6100,39.17156,-86.50926,172
6100,39.17156,-86.50946,173
6100,39.17156,-86.5099,174
6100,39.17157,-86.51007,175
6100,39.17157,-86.51035,176
6100,39.17157,-86.51044,177
6100,39.17157,-86.51067,178
6100,39.17157,-86.51082,179
6100,39.17157,-86.51096,180
6100,39.17157,-86.51164,181
6100,39.17157,-86.5119,182
6100,39.17158,-86.51223,183
6100,39.17158,-86.51249,184
6100,39.17158,-86.51296,185
6100,39.17158,-86.51321,186
6100,39.17159,-86.51376,187
6100,39.17159,-86.51394,188
6100,39.17159,-86.51455,189
6100,39.17159,-86.51476,190
6100,39.17159,-86.51497,191
6100,39.17159,-86.51565,192
6100,39.17159,-86.51637,193
6100,39.17159,-86.51689,194
6100,39.17159,-86.51729,195
6100,39.1716,-86.51765,196
6100,39.1716,-86.51794,197
6100,39.1716,-86.5184,198
6100,39.1716,-86.51898,199
6100,39.1716,-86.51905,200
6100,39.1716,-86.51972,201
6100,39.17161,-86.51993,202
6100,39.17161,-86.52016,203
6100,39.17161,-86.52039,204
6100,39.17161,-86.52072,205
6100,39.17161,-86.52077,206
6100,39.17161,-86.521,207
6100,39.17162,-86.52238,208
6100,39.17163,-86.52325,209
6100,39.17163,-86.5235,210
6100,39.17151,-86.5235,211
6100,39.17138,-86.52349,212
6100,39.17117,-86.52349,213
6100,39.17102,-86.52349,214
6100,39.17073,-86.52349,215
6100,39.17043,-86.52349,216
6100,39.17013,-86.52349,217
6100,39.16994,-86.52349,218
6100,39.16987,-86.52349,219
6100,39.16947,-86.52349,220
6100,39.16898,-86.5235,221
6100,39.16849,-86.52349,222
6100,39.16849,-86.52368,223
6100,39.16849,-86.52374,224
6100,39.16849,-86.52382,225
6100,39.16849,-86.5242,226
6100,39.16849,-86.52449,227
6100,39.16849,-86.52464,228
6100,39.16849,-86.52481,229
6100,39.1685,-86.52554,230
6100,39.1685,-86.52577,231
6100,39.16851,-86.52695,232
6100,39.16851,-86.52718,233
6100,39.16852,-86.52826,234
6100,39.16852,-86.52915,235
6100,39.16852,-86.52978,236
6100,39.16853,-86.53043,237
6100,39.16853,-86.53105,238
6100,39.16853,-86.53133,239
6100,39.16853,-86.53156,240
6100,39.16853,-86.53169,241
6100,39.16853,-86.53234,242
6100,39.16854,-86.53252,243
6100,39.16855,-86.53326,244
6100,39.16856,-86.53359,245
6100,39.16856,-86.53375,246
6100,39.16856,-86.53421,247
6100,39.16857,-86.53461,248
6100,39.16857,-86.53485,249
6100,39.16857,-86.53508,250
6100,39.16857,-86.53546,251
6100,39.16857,-86.53569,252
6100,39.16857,-86.53614,253
6100,39.16857,-86.53636,254
6100,39.16857,-86.53651,255
6100,39.16857,-86.5367,256
6100,39.16858,-86.53691,257
6100,39.16858,-86.53702,258
6100,39.16859,-86.53737,259
6100,39.16858,-86.53804,260
6100,39.16858,-86.53835,261
6100,39.16858,-86.53866,262
6100,39.16897,-86.53866,263
6100,39.16906,-86.53865,264
6100,39.16953,-86.53864,265
6100,39.17001,-86.53864,266
6100,39.17048,-86.53863,267
6100,39.17102,-86.53862,268
6100,39.17142,-86.53861,269
6100,39.17178,-86.5386,270
6100,39.17222,-86.53859,271
6100,39.17251,-86.53859,272
6100,39.17305,-86.53857,273
6100,39.17327,-86.53857,274
6100,39.17327,-86.53833,275
6100,39.17328,-86.53778,276
6100,39.17328,-86.53772,277
6100,39.17328,-86.53761,278
6100,39.17328,-86.53745,279
6100,39.17328,-86.53734,280
6100,39.17328,-86.53711,281
6100,39.17328,-86.5371,282
6100,39.17328,-86.53687,283
6100,39.17328,-86.53674,284
6100,39.17328,-86.53605,285
6100,39.17329,-86.53562,286
6100,39.17329,-86.53542,287
6100,39.17329,-86.53527,288
6100,39.17329,-86.5348,289
6100,39.17309,-86.5348,290
6100,39.17284,-86.53481,291
6100,39.17248,-86.53481,292
6100,39.17216,-86.5348,293
6100,39.17198,-86.5348,294
6100,39.17168,-86.53481,295
6100,39.17147,-86.53481,296
6100,39.17124,-86.53481,297
6100,39.17106,-86.53481,298
6100,39.17095,-86.53481,299
6100,39.17085,-86.53482,300
6100,39.17045,-86.53482,301
6100,39.17034,-86.53482,302
6100,39.1703,-86.53482,303
6102,39.17033,-86.53484,0
6102,39.1699,-86.53483,1
6102,39.16951,-86.53483,2
6102,39.16857,-86.53485,3
6102,39.16857,-86.53461,4
6102,39.16856,-86.53421,5
6102,39.16856,-86.53375,6
6102,39.16856,-86.53359,7
6102,39.16855,-86.53326,8
6102,39.16854,-86.53252,9
6102,39.16853,-86.53234,10
6102,39.16853,-86.53194,11
6102,39.16853,-86.53169,12
6102,39.16853,-86.53156,13
6102,39.16853,-86.53133,14
6102,39.16853,-86.53105,15
6102,39.16853,-86.53043,16
6102,39.16852,-86.52978,17
6102,39.16852,-86.52915,18
6102,39.16852,-86.52826,19
6102,39.16851,-86.52718,20
6102,39.16851,-86.52695,21
6102,39.1685,-86.52577,22
6102,39.1685,-86.52554,23
6102,39.16849,-86.52479,24
6102,39.16849,-86.52464,25
6102,39.16849,-86.52449,26
6102,39.16849,-86.5242,27
6102,39.16849,-86.52382,28
6102,39.16849,-86.52374,29
6102,39.16849,-86.52368,30
6102,39.16849,-86.52349,31
6102,39.16898,-86.5235,32
6102,39.16947,-86.52349,33
6102,39.16994,-86.52349,34
6102,39.17013,-86.52349,35
6102,39.17043,-86.52349,36
6102,39.17073,-86.52349,37
6102,39.17102,-86.52349,38
6102,39.17117,-86.52349,39
6102,39.17138,-86.52349,40
6102,39.17151,-86.5235,41
6102,39.17163,-86.5235,42
6102,39.17163,-86.52325,43
6102,39.17162,-86.52238,44
6102,39.17162,-86.52125,45
6102,39.17161,-86.521,46
6102,39.17161,-86.52077,47
6102,39.17161,-86.52072,48
6102,39.17161,-86.52039,49
6102,39.17161,-86.52016,50
6102,39.17161,-86.51993,51
6102,39.1716,-86.51972,52
6102,39.1716,-86.51905,53
6102,39.1716,-86.51898,54
6102,39.1716,-86.5184,55
6102,39.1716,-86.51794,56
6102,39.1716,-86.51765,57
6102,39.17159,-86.51729,58
6102,39.17159,-86.51689,59
6102,39.17159,-86.51637,60
6102,39.17159,-86.51565,61
6102,39.17159,-86.51497,62
6102,39.17159,-86.51476,63
6102,39.17159,-86.51455,64
6102,39.17159,-86.51394,65
6102,39.17159,-86.51376,66
6102,39.17158,-86.51321,67
6102,39.17158,-86.51296,68
6102,39.17158,-86.51249,69
6102,39.17158,-86.51223,70
6102,39.17157,-86.5119,71
6102,39.17157,-86.51164,72
6102,39.17157,-86.51096,73
6102,39.17157,-86.51082,74
6102,39.17157,-86.51067,75
6102,39.17157,-86.51044,76
6102,39.17157,-86.51035,77
6102,39.17157,-86.51007,78
6102,39.17156,-86.5099,79
6102,39.17156,-86.50946,80
6102,39.17156,-86.50926,81
6102,39.17156,-86.50918,82
6102,39.17157,-86.50891,83
6102,39.17156,-86.50866,84
6102,39.17155,-86.50844,85
6102,39.17153,-86.50813,86
6102,39.17151,-86.50794,87
6102,39.17149,-86.50773,88
6102,39.17146,-86.50758,89
6102,39.1714,-86.50718,90
6102,39.17138,-86.50706,91
6102,39.17138,-86.50698,92
6102,39.17138,-86.50696,93
6102,39.17139,-86.50692,94
6102,39.17139,-86.5069,95
6102,39.1714,-86.50687,96
6102,39.17141,-86.50685,97
6102,39.17142,-86.50684,98
6102,39.17145,-86.50681,99
6102,39.17147,-86.50679,100
6102,39.17149,-86.50679,101
6102,39.17158,-86.50675,102
6102,39.1716,-86.50674,103
6102,39.17162,-86.50673,104
6102,39.17163,-86.50672,105
6102,39.17164,-86.50671,106
6102,39.17166,-86.5067,107
6102,39.17167,-86.50669,108
6102,39.17168,-86.50667,109
6102,39.17168,-86.50666,110
6102,39.1717,-86.50663,111
6102,39.17171,-86.50659,112
6102,39.17172,-86.50657,113
6102,39.17172,-86.50655,114
6102,39.17172,-86.50653,115
6102,39.17172,-86.5065,116
6102,39.17172,-86.50647,117
6102,39.17172,-86.50644,118
6102,39.17171,-86.50634,119
6102,39.1717,-86.50625,120
6102,39.17163,-86.50577,121
6102,39.17162,-86.50575,122
6102,39.17159,-86.50549,123
6102,39.17158,-86.50542,124
6102,39.17157,-86.50531,125
6102,39.17156,-86.50518,126
6102,39.17155,-86.50499,127
6102,39.17155,-86.50484,128
6102,39.17155,-86.50461,129
6102,39.17155,-86.5045,130
6102,39.17152,-86.50435,131
6102,39.17151,-86.50421,132
6102,39.17151,-86.50401,133
6102,39.1715,-86.50374,134
6102,39.1715,-86.50364,135
6102,39.1715,-86.50317,136
6102,39.1715,-86.50296,137
6102,39.1715,-86.50277,138
6102,39.17151,-86.50231,139
6102,39.17153,-86.50213,140
6102,39.17154,-86.50177,141
6102,39.17155,-86.50135,142
6102,39.17155,-86.50119,143
6102,39.17155,-86.50112,144
6102,39.17155,-86.50111,145
6102,39.17155,-86.50109,146
6102,39.17158,-86.50104,147
6102,39.17158,-86.50094,148
6102,39.17155,-86.50019,149
6102,39.17154,-86.49966,150
6102,39.17154,-86.49935,151
6102,39.17154,-86.4993,152
6102,39.17154,-86.49921,153
6102,39.17154,-86.49897,154
6102,39.17153,-86.49886,155
6102,39.17153,-86.49858,156
6102,39.17152,-86.49818,157
6102,39.17151,-86.49772,158
6102,39.17149,-86.49589,159
6102,39.17148,-86.49543,160
6102,39.17149,-86.49495,161
6102,39.1715,-86.49462,162
6102,39.1715,-86.49413,163
6102,39.17151,-86.49346,164
6102,39.17151,-86.49295,165
6102,39.17152,-86.49216,166
6102,39.17152,-86.49146,167
6102,39.17153,-86.49088,168
6102,39.17153,-86.49053,169
6102,39.17153,-86.4904,170
6102,39.17154,-86.49002,171
6102,39.17156,-86.48987,172
6102,39.17157,-86.48974,173
6102,39.17162,-86.48945,174
6102,39.17164,-86.48931,175
6102,39.17169,-86.48908,176
6102,39.17172,-86.48889,177
6102,39.17177,-86.48859,178
6102,39.17179,-86.48846,179
6102,39.17184,-86.488,180
6102,39.1719,-86.48742,181
6102,39.17194,-86.48696,182
6102,39.17197,-86.48666,183
6102,39.172,-86.48628,184
6102,39.172,-86.48627,185
6102,39.17204,-86.48583,186
6102,39.17204,-86.48562,187
6102,39.17204,-86.48559,188
6102,39.17204,-86.48548,189
6102,39.17204,-86.48536,190
6102,39.17203,-86.48532,191
6102,39.17202,-86.48515,192
6102,39.172,-86.485,193
6102,39.17199,-86.48487,194
6102,39.17198,-86.48477,195
6102,39.17198,-86.48467,196
6102,39.17198,-86.48465,197
6102,39.17199,-86.48444,198
6102,39.17199,-86.4844,199
6102,39.17201,-86.48421,200
6102,39.17203,-86.4841,201
6102,39.17206,-86.48392,202
6102,39.17206,-86.48389,203
6102,39.17209,-86.48373,204
6102,39.17211,-86.48367,205
6102,39.17215,-86.48352,206
6102,39.17217,-86.48345,207
6102,39.17221,-86.48333,208
6102,39.1723,-86.48315,209
6102,39.17242,-86.48296,210
6102,39.17255,-86.48279,211
6102,39.17264,-86.48268,212
6102,39.17259,-86.48256,213
6102,39.17255,-86.48248,214
6102,39.17247,-86.48237,215
6102,39.17218,-86.48197,216
6102,39.17215,-86.48192,217
6102,39.17195,-86.48169,218
6102,39.17178,-86.48158,219
6102,39.17165,-86.48151,220
6102,39.17162,-86.4815,221
6102,39.17152,-86.48146,222
6102,39.17139,-86.48141,223
6102,39.17117,-86.48138,224
6102,39.17046,-86.48136,225
6102,39.1701,-86.48136,226
6102,39.16974,-86.48135,227
6102,39.16911,-86.48134,228
6102,39.16888,-86.48135,229
6102,39.1687,-86.48135,230
6102,39.16834,-86.48134,231
6102,39.16816,-86.48133,232
6102,39.16794,-86.48133,233
6102,39.16771,-86.48132,234
6102,39.16733,-86.48132,235
6102,39.16732,-86.48131,236
6102,39.16697,-86.48131,237
6102,39.16661,-86.4813,238
6102,39.16625,-86.48129,239
6102,39.16535,-86.48127,240
6102,39.16464,-86.48125,241
6102,39.16423,-86.48124,242
6102,39.16424,-86.48069,243
6102,39.16424,-86.48038,244
6102,39.16424,-86.48014,245
6102,39.16424,-86.47991,246
6102,39.16424,-86.4795,247
6102,39.16424,-86.47898,248
6102,39.16424,-86.47874,249
6102,39.16424,-86.47831,250
6102,39.16424,-86.47807,251
6102,39.16424,-86.47784,252
6102,39.16424,-86.47738,253
6102,39.16424,-86.47715,254
6102,39.16424,-86.47681,255
6102,39.16424,-86.47628,256
6102,39.16367,-86.47626,257
6102,39.16341,-86.47626,258
6102,39.16331,-86.47625,259
6102,39.16295,-86.47624,260
6102,39.16294,-86.47683,261
80012,39.16466,-86.4737,0
80012,39.16482,-86.47369,1
80012,39.16507,-86.4737,2
80012,39.16568,-86.47371,3
80012,39.16591,-86.47371,4
80012,39.1664,-86.47369,5
80012,39.16658,-86.4737,6
80012,39.16664,-86.47371,7
80012,39.16667,-86.47371,8
80012,39.16669,-86.47372,9
80012,39.16672,-86.47374,10
80012,39.16675,-86.47377,11
80012,39.16679,-86.47381,12
80012,39.16683,-86.47385,13
80012,39.16688,-86.47394,14
80012,39.16693,-86.47404,15
80012,39.16699,-86.47419,16
80012,39.16703,-86.47427,17
80012,39.16707,-86.47435,18
80012,39.16708,-86.47439,19
80012,39.16709,-86.47441,20
80012,39.16712,-86.47449,21
80012,39.16714,-86.47456,22
80012,39.16715,-86.4746,23
80012,39.16716,-86.47465,24
80012,39.16717,-86.47474,25
80012,39.16718,-86.47483,26
80012,39.1672,-86.47506,27
80012,39.16722,-86.47529,28
80012,39.16725,-86.47553,29
80012,39.16732,-86.47622,30
80012,39.16734,-86.47645,31
80012,39.16734,-86.47648,32
80012,39.16735,-86.47691,33
80012,39.16737,-86.47784,34
80012,39.16736,-86.47823,35
80012,39.16736,-86.47833,36
80012,39.16736,-86.47854,37
80012,39.16735,-86.47865,38
80012,39.16734,-86.47879,39
80012,39.16733,-86.47887,40
80012,39.16731,-86.47896,41
80012,39.1673,-86.47899,42
80012,39.16728,-86.47905,43
80012,39.16724,-86.47917,44
80012,39.16723,-86.4792,45
80012,39.16722,-86.47922,46
80012,39.16719,-86.47929,47
80012,39.16694,-86.47965,48
80012,39.1665,-86.48026,49
80012,39.16637,-86.48043,50
80012,39.16627,-86.48085,51
80012,39.16627,-86.48087,52
80012,39.16626,-86.4811,53
80012,39.16625,-86.48129,54
80012,39.16661,-86.4813,55
80012,39.16697,-86.48131,56
80012,39.16733,-86.48132,57
80012,39.16771,-86.48132,58
80012,39.16794,-86.48133,59
80012,39.16816,-86.48133,60
80012,39.16834,-86.48134,61
80012,39.1687,-86.48135,62
80012,39.16888,-86.48135,63
80012,39.16911,-86.48134,64
80012,39.16974,-86.48135,65
80012,39.1701,-86.48136,66
80012,39.17046,-86.48136,67
80012,39.17071,-86.48137,68
80012,39.17117,-86.48138,69
80012,39.17139,-86.48141,70
80012,39.17152,-86.48146,71
80012,39.17162,-86.4815,72
80012,39.17165,-86.48151,73
80012,39.17178,-86.48158,74
80012,39.17195,-86.48169,75
80012,39.17215,-86.48192,76
80012,39.17218,-86.48197,77
80012,39.17247,-86.48237,78
80012,39.17255,-86.48248,79
80012,39.17259,-86.48256,80
80012,39.17264,-86.48268,81
80012,39.17255,-86.48279,82
80012,39.17242,-86.48296,83
80012,39.1723,-86.48315,84
80012,39.17221,-86.48333,85
80012,39.17217,-86.48345,86
80012,39.17215,-86.48352,87
80012,39.17209,-86.48373,88
80012,39.17206,-86.48389,89
80012,39.17206,-86.48392,90
80012,39.17203,-86.4841,91
80012,39.17201,-86.48421,92
80012,39.17199,-86.4844,93
80012,39.17199,-86.48444,94
80012,39.17198,-86.48465,95
80012,39.17198,-86.48467,96
80012,39.17198,-86.48477,97
80012,39.17199,-86.48487,98
80012,39.172,-86.485,99
80012,39.17202,-86.48515,100
80012,39.17203,-86.48532,101
80012,39.17204,-86.48536,102
80012,39.17204,-86.48548,103
80012,39.17204,-86.48559,104
80012,39.17204,-86.48562,105
80012,39.17204,-86.48583,106
80012,39.172,-86.48627,107
80012,39.172,-86.48628,108
80012,39.17197,-86.48666,109
80012,39.17194,-86.48696,110
80012,39.1719,-86.48742,111
80012,39.17189,-86.48748,112
80012,39.17184,-86.488,113
80012,39.17179,-86.48846,114
80012,39.17177,-86.48859,115
80012,39.17172,-86.48889,116
80012,39.17169,-86.48908,117
80012,39.17164,-86.48931,118
80012,39.17162,-86.48945,119
80012,39.17157,-86.48974,120
80012,39.17156,-86.48987,121
80012,39.17154,-86.49002,122
80012,39.17153,-86.4904,123
80012,39.17153,-86.49053,124
80012,39.17153,-86.49088,125
80012,39.17152,-86.49146,126
80012,39.17152,-86.49216,127
80012,39.17151,-86.49295,128
80012,39.17151,-86.49346,129
80012,39.1715,-86.49413,130
80012,39.1715,-86.49462,131
80012,39.17149,-86.49495,132
80012,39.17149,-86.49513,133
80012,39.17148,-86.49543,134
80012,39.17133,-86.49542,135
80012,39.1713,-86.49542,136
80012,39.17121,-86.49543,137
80012,39.17057,-86.49557,138
80012,39.17025,-86.49569,139
80012,39.17001,-86.49577,140
80012,39.16961,-86.49589,141
80012,39.16949,-86.49592,142
80012,39.16941,-86.49593,143
80012,39.16939,-86.49594,144
80012,39.16936,-86.49594,145
80012,39.16932,-86.49594,146
80012,39.16928,-86.49594,147
80012,39.16924,-86.49593,148
80012,39.16919,-86.49591,149
80012,39.16915,-86.4959,150
80012,39.16909,-86.49587,151
80012,39.16902,-86.49582,152
80012,39.16898,-86.49579,153
80012,39.16894,-86.49586,154
80012,39.16893,-86.4959,155
80012,39.16892,-86.49593,156
80012,39.16892,-86.49596,157
80012,39.16891,-86.496,158
80012,39.16891,-86.49652,159
80012,39.16892,-86.49693,160
80012,39.16891,-86.49696,161
80012,39.16891,-86.49698,162
80012,39.16891,-86.49702,163
80012,39.1689,-86.49705,164
80012,39.16889,-86.49707,165
80012,39.16888,-86.49709,166
80012,39.16887,-86.49711,167
80012,39.16886,-86.49712,168
80012,39.16885,-86.49713,169
80012,39.16884,-86.49714,170
80012,39.16883,-86.49714,171
80012,39.16882,-86.49715,172
80012,39.16879,-86.49716,173
80012,39.16876,-86.49717,174
80012,39.16873,-86.49717,175
80012,39.1684,-86.49717,176
80012,39.16831,-86.49717,177
80012,39.16831,-86.49709,178
80012,39.16832,-86.49705,179
80012,39.16834,-86.49702,180
80012,39.16836,-86.49701,181
80012,39.16852,-86.49685,182
80012,39.16881,-86.49656,183
80012,39.16883,-86.49654,184
80012,39.16885,-86.49653,185
80012,39.16886,-86.49652,186
80012,39.16888,-86.49652,187
80012,39.16891,-86.49652,188
80012,39.16891,-86.496,189
80012,39.16892,-86.49596,190
80012,39.16892,-86.49593,191
80012,39.16893,-86.4959,192
80012,39.16894,-86.49586,193
80012,39.16898,-86.49579,194
80012,39.16896,-86.49577,195
80012,39.16894,-86.49574,196
80012,39.16891,-86.49572,197
80012,39.16889,-86.49569,198
80012,39.16885,-86.49563,199
80012,39.16873,-86.49546,200
80012,39.16857,-86.49525,201
80012,39.16849,-86.49513,202
80012,39.1684,-86.49503,203
80012,39.16826,-86.49496,204
80012,39.16822,-86.49495,205
80012,39.16817,-86.49494,206
80012,39.16811,-86.49494,207
80012,39.16777,-86.49493,208
80012,39.16693,-86.49491,209
80012,39.16693,-86.49481,210
80012,39.16693,-86.49467,211
80012,39.16692,-86.49397,212
80012,39.16692,-86.4939,213
80012,39.16691,-86.49376,214
80012,39.16691,-86.49369,215
80012,39.1669,-86.49303,216
80012,39.1669,-86.4928,217
80012,39.16656,-86.49279,218
80012,39.16649,-86.49279,219
80012,39.16631,-86.49278,220
80012,39.16608,-86.49278,221
80012,39.16587,-86.49276,222
80012,39.16567,-86.49273,223
80012,39.16524,-86.49273,224
80012,39.16521,-86.49274,225
80012,39.16503,-86.49276,226
80012,39.16501,-86.49278,227
80012,39.16494,-86.49285,228
80012,39.1649,-86.49289,229
80012,39.16486,-86.49293,230
80012,39.16482,-86.49296,231
80012,39.16476,-86.493,232
80012,39.1647,-86.49301,233
80012,39.16458,-86.49301,234
80012,39.16419,-86.49302,235
80012,39.16387,-86.49303,236
80012,39.16372,-86.49303,237
80012,39.16341,-86.49303,238
80012,39.16279,-86.49321,239
80012,39.16264,-86.49323,240
80012,39.1625,-86.49324,241
80012,39.16234,-86.49325,242
80012,39.16189,-86.49324,243
80012,39.16169,-86.49323,244
80012,39.16153,-86.49321,245
80012,39.16149,-86.49317,246
80012,39.16147,-86.49311,247
80012,39.16147,-86.49299,248
80012,39.16147,-86.49294,249
80012,39.16148,-86.49269,250
80012,39.16149,-86.49243,251
80012,39.16149,-86.49233,252
80012,39.16149,-86.49224,253
80012,39.16142,-86.49225,254
80012,39.16137,-86.49229,255
80012,39.16101,-86.49267,256
80012,39.161,-86.49268,257
80012,39.16099,-86.4927,258
80012,39.16099,-86.49273,259
80012,39.16099,-86.49275,260
80012,39.16099,-86.49277,261
80012,39.16099,-86.49281,262
80012,39.16101,-86.49286,263
80012,39.16102,-86.49291,264
80012,39.16107,-86.49308,265
80012,39.16113,-86.49329,266
80012,39.16117,-86.49334,267
80012,39.16122,-86.49337,268
80012,39.16124,-86.49336,269
80012,39.16127,-86.49336,270
80012,39.1613,-86.49334,271
80012,39.16149,-86.49317,272
80012,39.16153,-86.49321,273
80012,39.16162,-86.49322,274
80012,39.16169,-86.49323,275
80012,39.16189,-86.49324,276
80012,39.16234,-86.49325,277
80012,39.1625,-86.49324,278
80012,39.16264,-86.49323,279
80012,39.16279,-86.49321,280
80012,39.16341,-86.49303,281
80012,39.16372,-86.49303,282
80012,39.16387,-86.49303,283
80012,39.16419,-86.49302,284
80012,39.1642,-86.49325,285
80012,39.1642,-86.49336,286
80012,39.1642,-86.49365,287
80012,39.1642,-86.49391,288
80012,39.1642,-86.49425,289
80012,39.16421,-86.49455,290
80012,39.16421,-86.49477,291
80012,39.16426,-86.49491,292
80012,39.16427,-86.49544,293
80012,39.16427,-86.49553,294
80012,39.16427,-86.49561,295
80012,39.16428,-86.49591,296
80012,39.1643,-86.49658,297
80012,39.16428,-86.49702,298
80012,39.16429,-86.49728,299
80012,39.16429,-86.49775,300
80012,39.1643,-86.49824,301
80012,39.1643,-86.49839,302
80012,39.16431,-86.49883,303
80012,39.1643,-86.49946,304
80012,39.16424,-86.49963,305
80012,39.16423,-86.50011,306
80012,39.16423,-86.50103,307
80012,39.16423,-86.5011,308
80012,39.16423,-86.50166,309
80012,39.16424,-86.50208,310
80012,39.16424,-86.50246,311
80012,39.16389,-86.50246,312
80012,39.1632,-86.50245,313
80012,39.16299,-86.50245,314
80012,39.16298,-86.50225,315
80012,39.16297,-86.5021,316
80012,39.16297,-86.50203,317
80012,39.16297,-86.50198,318
80012,39.16297,-86.50187,319
80012,39.16298,-86.50178,320
80012,39.16299,-86.50176,321
80012,39.16302,-86.50163,322
80012,39.16302,-86.50157,323
80012,39.16302,-86.50155,324
80012,39.16302,-86.50146,325
80012,39.163,-86.50139,326
80012,39.163,-86.50138,327
80012,39.16299,-86.50131,328
80012,39.16297,-86.50123,329
80012,39.16297,-86.50121,330
80012,39.16297,-86.50112,331
80012,39.16297,-86.50104,332
80012,39.16297,-86.50082,333
80012,39.16297,-86.5007,334
80012,39.16297,-86.50064,335
80012,39.16297,-86.50044,336
80012,39.16297,-86.50023,337
80012,39.16297,-86.5001,338
80012,39.16297,-86.50008,339
80012,39.16297,-86.49984,340
80012,39.16297,-86.49961,341
80012,39.16298,-86.49938,342
80012,39.16298,-86.49916,343
80012,39.16298,-86.4991,344
80012,39.16298,-86.49896,345
80012,39.16299,-86.49869,346
80012,39.16299,-86.49856,347
80012,39.16299,-86.4985,348
80012,39.16299,-86.49836,349
80012,39.163,-86.49812,350
80012,39.16276,-86.49808,351
80012,39.16266,-86.49806,352
80012,39.16229,-86.49797,353
80012,39.16219,-86.49795,354
80012,39.16211,-86.49793,355
80012,39.162,-86.49792,356
80012,39.16183,-86.4979,357
80012,39.16168,-86.49788,358
80012,39.16138,-86.49784,359
80012,39.16094,-86.49777,360
80012,39.16059,-86.49777,361
80012,39.1604,-86.49778,362
80012,39.16017,-86.49779,363
80012,39.16014,-86.49779,364
80012,39.1596,-86.49784,365
80012,39.1592,-86.49787,366
80012,39.1587,-86.49791,367
80012,39.15868,-86.49791,368
80012,39.15818,-86.49793,369
80012,39.1568,-86.49785,370
80012,39.15648,-86.49784,371
80012,39.15576,-86.49782,372
80012,39.15518,-86.4978,373
80012,39.15389,-86.49774,374
80012,39.15347,-86.49773,375
80012,39.15338,-86.49772,376
80012,39.152,-86.49773,377
80012,39.15183,-86.49773,378
80012,39.15176,-86.49773,379
80012,39.15164,-86.49773,380
80012,39.15163,-86.4976,381
80012,39.15162,-86.49744,382
80012,39.15163,-86.49737,383
80012,39.15166,-86.49708,384
80012,39.15168,-86.49684,385
80012,39.15171,-86.49661,386
80012,39.15175,-86.49615,387
80012,39.15176,-86.49609,388
80012,39.15177,-86.49594,389
80012,39.1518,-86.49579,390
80012,39.15189,-86.49577,391
80012,39.15194,-86.49577,392
80012,39.15204,-86.49575,393
80012,39.15206,-86.49575,394
80012,39.15208,-86.49575,395
80012,39.15224,-86.49576,396
80012,39.15242,-86.49576,397
80012,39.15259,-86.49577,398
80012,39.15268,-86.49577,399
80012,39.15276,-86.49577,400
80012,39.15293,-86.49578,401
80012,39.15311,-86.49578,402
80012,39.15327,-86.49579,403
80012,39.1534,-86.49579,404
80012,39.15343,-86.49579,405
80012,39.15349,-86.49579,406
80012,39.15357,-86.49579,407
80012,39.15361,-86.49579,408
80012,39.15378,-86.49579,409
80012,39.15395,-86.4958,410
80012,39.15412,-86.4958,411
80012,39.15424,-86.4958,412
80012,39.1543,-86.4958,413
80012,39.1544,-86.49582,414
80012,39.15448,-86.49585,415
80012,39.15453,-86.49586,416
80012,39.15466,-86.49592,417
80012,39.1547,-86.49593,418
80012,39.15483,-86.496,419
80012,39.15489,-86.49603,420
80012,39.15493,-86.49606,421
80012,39.15496,-86.49607,422
80012,39.15505,-86.49609,423
80012,39.15511,-86.4968,424
80012,39.15513,-86.49706,425
80012,39.15515,-86.49721,426
80012,39.15515,-86.49728,427
80012,39.15518,-86.49766,428
80012,39.15518,-86.4978,429
80012,39.15389,-86.49774,430
80012,39.15347,-86.49773,431
80012,39.15338,-86.49772,432
80012,39.152,-86.49773,433
80012,39.15183,-86.49773,434
80012,39.15164,-86.49773,435
80012,39.15145,-86.49774,436
80012,39.15129,-86.49778,437
80012,39.15113,-86.49783,438
80012,39.15096,-86.49792,439
80012,39.15079,-86.49805,440
80012,39.15047,-86.49835,441
80012,39.15022,-86.49858,442
80012,39.15004,-86.49876,443
80012,39.14993,-86.49884,444
80012,39.14988,-86.49888,445
80012,39.14986,-86.49889,446
80012,39.14961,-86.49904,447
80012,39.14937,-86.4991,448
80012,39.14934,-86.4991,449
80012,39.14933,-86.4991,450
80012,39.14926,-86.49906,451
80012,39.14915,-86.49907,452
80012,39.14886,-86.49906,453
80012,39.14854,-86.49905,454
80012,39.14819,-86.49904,455
80012,39.14809,-86.49903,456
80012,39.14795,-86.49903,457
80012,39.14777,-86.49902,458
80012,39.14773,-86.49902,459
80012,39.14759,-86.49902,460
80012,39.14755,-86.49902,461
80012,39.14727,-86.49901,462
80012,39.14723,-86.49901,463
80012,39.1471,-86.49899,464
80012,39.14687,-86.4989,465
80012,39.14676,-86.49884,466
80012,39.14664,-86.49876,467
80012,39.14653,-86.49866,468
80012,39.14644,-86.49855,469
80012,39.14635,-86.49843,470
80012,39.14629,-86.49833,471
80012,39.14622,-86.49819,472
80012,39.14614,-86.49803,473
80012,39.14605,-86.49783,474
80012,39.14589,-86.49752,475
80012,39.14573,-86.49733,476
80012,39.14564,-86.49726,477
80012,39.14556,-86.4972,478
80012,39.14542,-86.49712,479
80012,39.1454,-86.49711,480
80012,39.14511,-86.49699,481
80012,39.14467,-86.49697,482
80012,39.14466,-86.49697,483
80012,39.1443,-86.49692,484
80012,39.14403,-86.49684,485
80012,39.14368,-86.49674,486
80012,39.14357,-86.4967,487
80012,39.14338,-86.49666,488
80012,39.14333,-86.49664,489
80012,39.14326,-86.49663,490
80012,39.14308,-86.4966,491
80012,39.14305,-86.4966,492
80012,39.14274,-86.49659,493
80012,39.14272,-86.4966,494
80012,39.14272,-86.49661,495
80012,39.1427,-86.49661,496
80012,39.14239,-86.49662,497
80012,39.14216,-86.49662,498
80012,39.1419,-86.49663,499
80012,39.14183,-86.49662,500
80012,39.14157,-86.49662,501
80012,39.14151,-86.49662,502
80012,39.14129,-86.49661,503
80012,39.1409,-86.4966,504
80012,39.14067,-86.49661,505
80012,39.14048,-86.4966,506
80012,39.13977,-86.49659,507
80012,39.13923,-86.49658,508
80012,39.13919,-86.49654,509
80012,39.13893,-86.49655,510
80012,39.13874,-86.49655,511
80012,39.13856,-86.49655,512
80012,39.13826,-86.49656,513
80012,39.13796,-86.49657,514
80012,39.13778,-86.49658,515
80012,39.13766,-86.49658,516
80012,39.13761,-86.49658,517
80012,39.13754,-86.49658,518
80012,39.13748,-86.49658,519
80012,39.1374,-86.49658,520
80012,39.13722,-86.49657,521
80012,39.13689,-86.49656,522
80012,39.13654,-86.49653,523
80012,39.13639,-86.49652,524
80012,39.13624,-86.49654,525
80012,39.13619,-86.49655,526
80012,39.13614,-86.49656,527
80012,39.13607,-86.49658,528
80012,39.13596,-86.4966,529
80012,39.13595,-86.49661,530
80012,39.13595,-86.49662,531
80012,39.13594,-86.49662,532
80012,39.13594,-86.49663,533
80012,39.13593,-86.49664,534
80012,39.13592,-86.49666,535
80012,39.13591,-86.49667,536
80012,39.1359,-86.49668,537
80012,39.13589,-86.49668,538
80012,39.13588,-86.49669,539
80012,39.13587,-86.4967,540
80012,39.13585,-86.4967,541
80012,39.13584,-86.49671,542
80012,39.13583,-86.49671,543
80012,39.13582,-86.49671,544
80012,39.1358,-86.49671,545
80012,39.13579,-86.49671,546
80012,39.13578,-86.49671,547
80012,39.13577,-86.49671,548
80012,39.13575,-86.4967,549
80012,39.13574,-86.4967,550
80012,39.13572,-86.49669,551
80012,39.13571,-86.49669,552
80012,39.1357,-86.49668,553
80012,39.13569,-86.49667,554
80012,39.13568,-86.49666,555
80012,39.13567,-86.49666,556
80012,39.13567,-86.49665,557
80012,39.13566,-86.49664,558
80012,39.13549,-86.49664,559
80012,39.13535,-86.49662,560
80012,39.13526,-86.49661,561
80012,39.13514,-86.49663,562
80012,39.13501,-86.49666,563
80012,39.13499,-86.49666,564
80012,39.13497,-86.49667,565
80012,39.13493,-86.49668,566
80012,39.1349,-86.4967,567
80012,39.13486,-86.49672,568
80012,39.13477,-86.49678,569
80012,39.13469,-86.49682,570
80012,39.13466,-86.49684,571
80012,39.1346,-86.49687,572
80012,39.13449,-86.49698,573
80012,39.13448,-86.49698,574
80012,39.13426,-86.49721,575
80012,39.13395,-86.49753,576
80012,39.13389,-86.49759,577
80012,39.13377,-86.49772,578
80012,39.13372,-86.49777,579
80012,39.13368,-86.49781,580
80012,39.13365,-86.49785,581
80012,39.13347,-86.49806,582
80012,39.13335,-86.49821,583
80012,39.13326,-86.49832,584
80012,39.13312,-86.49852,585
80012,39.13299,-86.49872,586
80012,39.13279,-86.49902,587
80012,39.13257,-86.49937,588
80012,39.13247,-86.49953,589
80012,39.13225,-86.49986,590
80012,39.13224,-86.4999,591
80012,39.13224,-86.49991,592
80012,39.13223,-86.49993,593
80012,39.13222,-86.49996,594
80012,39.13218,-86.50003,595
80012,39.13214,-86.5001,596
80012,39.13206,-86.50023,597
80012,39.13191,-86.50047,598
80012,39.13186,-86.50055,599
80012,39.13181,-86.50063,600
80012,39.13179,-86.50066,601
80012,39.1316,-86.50093,602
80012,39.13143,-86.50115,603
80012,39.13128,-86.50133,604
80012,39.13114,-86.50149,605
80012,39.13106,-86.50158,606
80012,39.13102,-86.50162,607
80012,39.13078,-86.50187,608
80012,39.13043,-86.50218,609
80012,39.13027,-86.50231,610
80012,39.13015,-86.5024,611
80012,39.12984,-86.50261,612
80012,39.12966,-86.50272,613
80012,39.12946,-86.50283,614
80012,39.12911,-86.50301,615
80012,39.12886,-86.50312,616
80012,39.12818,-86.50341,617
80012,39.12805,-86.50346,618
80012,39.12784,-86.50356,619
80012,39.12759,-86.50367,620
80012,39.12727,-86.50385,621
80012,39.12714,-86.50393,622
80012,39.12695,-86.50405,623
80012,39.12692,-86.50408,624
80012,39.1266,-86.50432,625
80012,39.12648,-86.50438,626
80012,39.12642,-86.50444,627
80012,39.12619,-86.50468,628
80012,39.12617,-86.50471,629
80012,39.12599,-86.50491,630
80012,39.12589,-86.50503,631
80012,39.1258,-86.50515,632
80012,39.12565,-86.50536,633
80012,39.12559,-86.50544,634
80012,39.12543,-86.50569,635
80012,39.12527,-86.50594,636
80012,39.12513,-86.50615,637
80012,39.12496,-86.50644,638
80012,39.12471,-86.50685,639
80012,39.12456,-86.50712,640
80012,39.12445,-86.50729,641
80012,39.12425,-86.50767,642
80012,39.12406,-86.50804,643
80012,39.1239,-86.50834,644
80012,39.12375,-86.50864,645
80012,39.12359,-86.50896,646
80012,39.12357,-86.509,647
80012,39.12341,-86.50933,648
80012,39.12357,-86.50946,649
80012,39.12367,-86.50965,650
80012,39.12371,-86.50971,651
80012,39.12371,-86.50974,652
80012,39.12371,-86.50971,653
80012,39.12367,-86.50965,654
80012,39.12357,-86.50946,655
80012,39.12341,-86.50933,656
80012,39.12357,-86.509,657
80012,39.12359,-86.50896,658
80012,39.12375,-86.50864,659
80012,39.1239,-86.50834,660
80012,39.12406,-86.50804,661
80012,39.12425,-86.50767,662
80012,39.12445,-86.50729,663
80012,39.12456,-86.50712,664
80012,39.12471,-86.50685,665
80012,39.12496,-86.50644,666
80012,39.12513,-86.50615,667
80012,39.12527,-86.50594,668
80012,39.12543,-86.50569,669
80012,39.12559,-86.50544,670
80012,39.12565,-86.50536,671
80012,39.1258,-86.50515,672
80012,39.12589,-86.50503,673
80012,39.12599,-86.50491,674
80012,39.12617,-86.50471,675
80012,39.12619,-86.50468,676
80012,39.12642,-86.50444,677
80012,39.12648,-86.50438,678
80012,39.12656,-86.50424,679
80012,39.12689,-86.50401,680
80012,39.127,-86.50393,681
80012,39.12712,-86.50385,682
80012,39.12734,-86.50372,683
80012,39.12745,-86.50365,684
80012,39.12771,-86.50352,685
80012,39.12791,-86.50344,686
80012,39.12794,-86.50342,687
80012,39.12817,-86.50332,688
80012,39.12869,-86.5031,689
80012,39.12891,-86.503,690
80012,39.12913,-86.50291,691
80012,39.12943,-86.50276,692
80012,39.12964,-86.50264,693
80012,39.12979,-86.50254,694
80012,39.13001,-86.5024,695
80012,39.13023,-86.50224,696
80012,39.13037,-86.50213,697
80012,39.13043,-86.50208,698
80012,39.13074,-86.50181,699
80012,39.13095,-86.50159,700
80012,39.13107,-86.50146,701
80012,39.13123,-86.50128,702
80012,39.13134,-86.50115,703
80012,39.13146,-86.50099,704
80012,39.13157,-86.50083,705
80012,39.13167,-86.50069,706
80012,39.13169,-86.50066,707
80012,39.13178,-86.50053,708
80012,39.13186,-86.50041,709
80012,39.13201,-86.50018,710
80012,39.13214,-86.49999,711
80012,39.13221,-86.49988,712
80012,39.13225,-86.49986,713
80012,39.13247,-86.49953,714
80012,39.13257,-86.49937,715
80012,39.13299,-86.49872,716
80012,39.13312,-86.49852,717
80012,39.13326,-86.49832,718
80012,39.13335,-86.49821,719
80012,39.13347,-86.49806,720
80012,39.13365,-86.49785,721
80012,39.13368,-86.49781,722
80012,39.13372,-86.49777,723
80012,39.13377,-86.49772,724
80012,39.13389,-86.49759,725
80012,39.13395,-86.49753,726
80012,39.13426,-86.49721,727
80012,39.13448,-86.49698,728
80012,39.13449,-86.49698,729
80012,39.1346,-86.49687,730
80012,39.13463,-86.49682,731
80012,39.13464,-86.49681,732
80012,39.13466,-86.49679,733
80012,39.1347,-86.49675,734
80012,39.13475,-86.49671,735
80012,39.13483,-86.49665,736
80012,39.13489,-86.49661,737
80012,39.13492,-86.4966,738
80012,39.13496,-86.49659,739
80012,39.135,-86.49658,740
80012,39.13513,-86.49655,741
80012,39.13525,-86.49653,742
80012,39.13535,-86.49651,743
80012,39.13548,-86.49648,744
80012,39.13563,-86.49642,745
80012,39.13564,-86.49641,746
80012,39.13564,-86.49639,747
80012,39.13565,-86.49638,748
80012,39.13566,-86.49636,749
80012,39.13567,-86.49635,750
80012,39.13567,-86.49634,751
80012,39.13569,-86.49632,752
80012,39.13571,-86.49629,753
80012,39.13573,-86.49628,754
80012,39.13574,-86.49628,755
80012,39.13576,-86.49627,756
80012,39.13577,-86.49627,757
80012,39.13578,-86.49626,758
80012,39.1358,-86.49626,759
80012,39.13581,-86.49626,760
80012,39.13582,-86.49626,761
80012,39.13584,-86.49626,762
80012,39.13585,-86.49627,763
80012,39.13586,-86.49627,764
80012,39.13587,-86.49628,765
80012,39.13588,-86.49628,766
80012,39.1359,-86.49629,767
80012,39.13591,-86.4963,768
80012,39.13592,-86.49631,769
80012,39.13593,-86.49633,770
80012,39.13595,-86.49632,771
80012,39.13598,-86.49633,772
80012,39.13604,-86.49636,773
80012,39.13605,-86.49636,774
80012,39.1361,-86.49639,775
80012,39.13619,-86.49644,776
80012,39.13624,-86.49646,777
80012,39.13633,-86.49649,778
80012,39.13635,-86.4965,779
80012,39.13637,-86.49651,780
80012,39.13639,-86.49652,781
80012,39.13654,-86.49653,782
80012,39.13689,-86.49656,783
80012,39.13722,-86.49657,784
80012,39.1374,-86.49658,785
80012,39.13748,-86.49658,786
80012,39.13754,-86.49658,787
80012,39.13761,-86.49658,788
80012,39.13766,-86.49658,789
80012,39.13778,-86.49658,790
80012,39.13796,-86.49657,791
80012,39.13826,-86.49656,792
80012,39.13856,-86.49655,793
80012,39.13874,-86.49655,794
80012,39.13893,-86.49655,795
80012,39.13919,-86.49654,796
80012,39.13923,-86.49651,797
80012,39.13977,-86.49651,798
80012,39.13991,-86.49651,799
80012,39.14049,-86.49652,800
80012,39.14067,-86.49652,801
80012,39.14089,-86.49653,802
80012,39.14128,-86.49653,803
80012,39.14158,-86.49652,804
80012,39.14182,-86.49653,805
80012,39.1419,-86.49654,806
80012,39.14216,-86.49654,807
80012,39.14239,-86.49655,808
80012,39.14254,-86.49655,809
80012,39.14271,-86.49656,810
80012,39.14271,-86.49657,811
80012,39.14272,-86.49657,812
80012,39.14274,-86.49659,813
80012,39.14305,-86.4966,814
80012,39.14308,-86.4966,815
80012,39.14326,-86.49663,816
80012,39.14333,-86.49664,817
80012,39.14338,-86.49666,818
80012,39.14357,-86.4967,819
80012,39.14368,-86.49674,820
80012,39.14403,-86.49684,821
80012,39.1443,-86.49692,822
80012,39.14466,-86.49697,823
80012,39.14467,-86.49697,824
80012,39.14511,-86.49699,825
80012,39.1454,-86.49711,826
80012,39.14542,-86.49712,827
80012,39.14556,-86.4972,828
80012,39.14564,-86.49726,829
80012,39.14573,-86.49733,830
80012,39.14589,-86.49752,831
80012,39.14605,-86.49783,832
80012,39.14614,-86.49803,833
80012,39.14622,-86.49819,834
80012,39.14629,-86.49833,835
80012,39.14635,-86.49843,836
80012,39.14644,-86.49855,837
80012,39.14653,-86.49866,838
80012,39.14664,-86.49876,839
80012,39.14676,-86.49884,840
80012,39.14687,-86.4989,841
80012,39.1471,-86.49899,842
80012,39.14723,-86.49901,843
80012,39.14727,-86.49901,844
80012,39.14755,-86.49902,845
80012,39.14759,-86.49902,846
80012,39.14773,-86.49902,847
80012,39.14777,-86.49902,848
80012,39.14795,-86.49903,849
80012,39.14809,-86.49903,850
80012,39.14819,-86.49904,851
80012,39.14854,-86.49905,852
80012,39.14886,-86.49906,853
80012,39.14915,-86.49907,854
80012,39.14926,-86.49906,855
80012,39.14932,-86.49903,856
80012,39.14959,-86.49894,857
80012,39.14985,-86.49879,858
80012,39.14993,-86.49873,859
80012,39.14998,-86.49868,860
80012,39.15019,-86.49848,861
80012,39.15031,-86.49836,862
80012,39.15033,-86.49834,863
80012,39.15047,-86.4982,864
80012,39.15071,-86.49795,865
80012,39.15092,-86.49778,866
80012,39.15109,-86.4977,867
80012,39.15119,-86.49766,868
80012,39.15126,-86.49764,869
80012,39.15141,-86.49762,870
80012,39.15163,-86.4976,871
80012,39.15162,-86.49744,872
80012,39.15163,-86.49737,873
80012,39.15166,-86.49708,874
80012,39.15168,-86.49684,875
80012,39.15171,-86.49661,876
80012,39.15175,-86.49615,877
80012,39.15177,-86.49594,878
80012,39.1518,-86.49579,879
80012,39.15189,-86.49577,880
80012,39.1519,-86.49577,881
80012,39.15194,-86.49577,882
80012,39.15204,-86.49575,883
80012,39.15206,-86.49575,884
80012,39.15208,-86.49575,885
80012,39.15224,-86.49576,886
80012,39.15242,-86.49576,887
80012,39.15259,-86.49577,888
80012,39.15268,-86.49577,889
80012,39.15276,-86.49577,890
80012,39.15293,-86.49578,891
80012,39.15311,-86.49578,892
80012,39.15327,-86.49579,893
80012,39.1534,-86.49579,894
80012,39.15343,-86.49579,895
80012,39.15349,-86.49579,896
80012,39.15357,-86.49579,897
80012,39.15361,-86.49579,898
80012,39.15378,-86.49579,899
80012,39.15395,-86.4958,900
80012,39.15412,-86.4958,901
80012,39.15424,-86.4958,902
80012,39.1543,-86.4958,903
80012,39.1544,-86.49582,904
80012,39.15448,-86.49585,905
80012,39.15453,-86.49586,906
80012,39.15462,-86.4959,907
80012,39.15466,-86.49592,908
80012,39.1547,-86.49593,909
80012,39.15483,-86.496,910
80012,39.15489,-86.49603,911
80012,39.15496,-86.49607,912
80012,39.15505,-86.49609,913
80012,39.15511,-86.4968,914
80012,39.15512,-86.49693,915
80012,39.15515,-86.49721,916
80012,39.15515,-86.49728,917
80012,39.15518,-86.49766,918
80012,39.15549,-86.49767,919
80012,39.1565,-86.49771,920
80012,39.15743,-86.49775,921
80012,39.15759,-86.49776,922
80012,39.15815,-86.49778,923
80012,39.15843,-86.49779,924
80012,39.1589,-86.49776,925
80012,39.15954,-86.49771,926
80012,39.15968,-86.4977,927
80012,39.16015,-86.49765,928
80012,39.16039,-86.49764,929
80012,39.16058,-86.49763,930
80012,39.16094,-86.49764,931
80012,39.16094,-86.49777,932
80012,39.16094,-86.49805,933
80012,39.16094,-86.49824,934
80012,39.16094,-86.49839,935
80012,39.16094,-86.49856,936
80012,39.16094,-86.49895,937
80012,39.16094,-86.4993,938
80012,39.16094,-86.50033,939
80012,39.16094,-86.50141,940
80012,39.16094,-86.50247,941
80012,39.16131,-86.50247,942
80012,39.16148,-86.50247,943
80012,39.16202,-86.50246,944
80012,39.1624,-86.50246,945
80012,39.16253,-86.50246,946
80012,39.16299,-86.50245,947
80012,39.16298,-86.50225,948
80012,39.16297,-86.5021,949
80012,39.16297,-86.50203,950
80012,39.16297,-86.50198,951
80012,39.16297,-86.50187,952
80012,39.16298,-86.50178,953
80012,39.16299,-86.50176,954
80012,39.16302,-86.50163,955
80012,39.16302,-86.50157,956
80012,39.16302,-86.50155,957
80012,39.16302,-86.50146,958
80012,39.163,-86.50139,959
80012,39.163,-86.50138,960
80012,39.16299,-86.50131,961
80012,39.16297,-86.50123,962
80012,39.16297,-86.50121,963
80012,39.16297,-86.50112,964
80012,39.16297,-86.50104,965
80012,39.16297,-86.50082,966
80012,39.16297,-86.5007,967
80012,39.16297,-86.50064,968
80012,39.16297,-86.50044,969
80012,39.16297,-86.50023,970
80012,39.16297,-86.5001,971
80012,39.16297,-86.50008,972
80012,39.16297,-86.49984,973
80012,39.16297,-86.49961,974
80012,39.16298,-86.49938,975
80012,39.16298,-86.49916,976
80012,39.16298,-86.4991,977
80012,39.16298,-86.49896,978
80012,39.16299,-86.49869,979
80012,39.16299,-86.49856,980
80012,39.16299,-86.4985,981
80012,39.16299,-86.49836,982
80012,39.16299,-86.49826,983
80012,39.163,-86.49812,984
80012,39.16301,-86.49798,985
80012,39.16317,-86.49801,986
80012,39.16347,-86.49807,987
80012,39.16371,-86.49811,988
80012,39.16391,-86.49816,989
80012,39.16417,-86.49822,990
80012,39.16418,-86.49797,991
80012,39.16417,-86.49735,992
80012,39.16417,-86.4972,993
80012,39.16417,-86.49701,994
80012,39.16417,-86.49673,995
80012,39.16417,-86.49651,996
80012,39.16416,-86.49591,997
80012,39.16416,-86.49563,998
80012,39.16416,-86.49555,999
80012,39.16416,-86.49546,1000
80012,39.16416,-86.49497,1001
80012,39.16416,-86.49493,1002
80012,39.16421,-86.49477,1003
80012,39.16421,-86.49455,1004
80012,39.1642,-86.49425,1005
80012,39.1642,-86.49391,1006
80012,39.1642,-86.49365,1007
80012,39.1642,-86.49325,1008
80012,39.16419,-86.49302,1009
80012,39.16393,-86.49303,1010
80012,39.16387,-86.49303,1011
80012,39.16372,-86.49303,1012
80012,39.16341,-86.49303,1013
80012,39.16279,-86.49321,1014
80012,39.16264,-86.49323,1015
80012,39.1625,-86.49324,1016
80012,39.16234,-86.49325,1017
80012,39.16189,-86.49324,1018
80012,39.16169,-86.49323,1019
80012,39.16153,-86.49321,1020
80012,39.16149,-86.49317,1021
80012,39.16147,-86.49311,1022
80012,39.16147,-86.49299,1023
80012,39.16147,-86.49294,1024
80012,39.16148,-86.49269,1025
80012,39.16149,-86.49243,1026
80012,39.16149,-86.49228,1027
80012,39.16149,-86.49224,1028
80012,39.16142,-86.49225,1029
80012,39.16137,-86.49229,1030
80012,39.16106,-86.49262,1031
80012,39.16101,-86.49267,1032
80012,39.161,-86.49268,1033
80012,39.16099,-86.4927,1034
80012,39.16099,-86.49273,1035
80012,39.16099,-86.49275,1036
80012,39.16099,-86.49277,1037
80012,39.16099,-86.49281,1038
80012,39.16101,-86.49286,1039
80012,39.16107,-86.49308,1040
80012,39.16109,-86.49315,1041
80012,39.16113,-86.49329,1042
80012,39.16117,-86.49334,1043
80012,39.16122,-86.49337,1044
80012,39.16124,-86.49336,1045
80012,39.16127,-86.49336,1046
80012,39.1613,-86.49334,1047
80012,39.16141,-86.49325,1048
80012,39.16149,-86.49317,1049
80012,39.16153,-86.49321,1050
80012,39.16169,-86.49323,1051
80012,39.16188,-86.49324,1052
80012,39.16189,-86.49324,1053
80012,39.16234,-86.49325,1054
80012,39.1625,-86.49324,1055
80012,39.16264,-86.49323,1056
80012,39.16279,-86.49321,1057
80012,39.16341,-86.49303,1058
80012,39.16372,-86.49303,1059
80012,39.16387,-86.49303,1060
80012,39.16419,-86.49302,1061
80012,39.16419,-86.49276,1062
80012,39.1642,-86.49207,1063
80012,39.1642,-86.49153,1064
80012,39.1642,-86.49124,1065
80012,39.1642,-86.49084,1066
80012,39.1642,-86.49072,1067
80012,39.1642,-86.49005,1068
80012,39.16423,-86.48924,1069
80012,39.16423,-86.48854,1070
80012,39.16423,-86.48797,1071
80012,39.16423,-86.48681,1072
80012,39.16423,-86.48542,1073
80012,39.16423,-86.48448,1074
80012,39.16423,-86.48436,1075
80012,39.16423,-86.48272,1076
80012,39.16423,-86.48191,1077
80012,39.16423,-86.48124,1078
80012,39.16424,-86.48069,1079
80012,39.16424,-86.48038,1080
80012,39.16424,-86.48014,1081
80012,39.16424,-86.47991,1082
80012,39.16424,-86.4795,1083
80012,39.16424,-86.47898,1084
80012,39.16424,-86.47874,1085
80012,39.16424,-86.47831,1086
80012,39.16424,-86.47807,1087
80012,39.16424,-86.47784,1088
80012,39.16424,-86.47738,1089
80012,39.16424,-86.47715,1090
80012,39.16424,-86.47681,1091
80012,39.16424,-86.47628,1092
80012,39.16424,-86.47535,1093
80012,39.16424,-86.47447,1094
80012,39.16425,-86.47368,1095
80012,39.16441,-86.47368,1096
80012,39.16443,-86.47368,1097
80012,39.16453,-86.47369,1098
80012,39.16466,-86.47369,1099
1022,39.12144,-86.53007,0
1022,39.12144,-86.52974,1
1022,39.12144,-86.52934,2
1022,39.12145,-86.52849,3
1022,39.12145,-86.52803,4
1022,39.12145,-86.52756,5
1022,39.12145,-86.5271,6
1022,39.12145,-86.5267,7
1022,39.12145,-86.52665,8
1022,39.12192,-86.52665,9
1022,39.12246,-86.52666,10
1022,39.12265,-86.52666,11
1022,39.12306,-86.52667,12
1022,39.12342,-86.52668,13
1022,39.12353,-86.52668,14
1022,39.12365,-86.52668,15
1022,39.12399,-86.52669,16
1022,39.12435,-86.52669,17
1022,39.12469,-86.5267,18
1022,39.12487,-86.5267,19
1022,39.12505,-86.5267,20
1022,39.12522,-86.52671,21
1022,39.12523,-86.52671,22
1022,39.12541,-86.52671,23
1022,39.12558,-86.52671,24
1022,39.12581,-86.52672,25
1022,39.12628,-86.52672,26
1022,39.12653,-86.52673,27
1022,39.12659,-86.52673,28
1022,39.12675,-86.52673,29
1022,39.12707,-86.52674,30
1022,39.12721,-86.52675,31
1022,39.12764,-86.52676,32
1022,39.12782,-86.52677,33
1022,39.12782,-86.52701,34
1022,39.12782,-86.52794,35
1022,39.12783,-86.52812,36
1022,39.12783,-86.5287,37
1022,39.12783,-86.52872,38
1022,39.12784,-86.52875,39
1022,39.12785,-86.52877,40
1022,39.12786,-86.52878,41
1022,39.12853,-86.52878,42
1022,39.12854,-86.52878,43
1022,39.12855,-86.52878,44
1022,39.12856,-86.52877,45
1022,39.12856,-86.52876,46
1022,39.12857,-86.52875,47
1022,39.12857,-86.52841,48
1022,39.12858,-86.52721,49
1022,39.12857,-86.52867,50
1022,39.12857,-86.52875,51
1022,39.12856,-86.52876,52
1022,39.12856,-86.52877,53
1022,39.12855,-86.52878,54
1022,39.12854,-86.52878,55
1022,39.12853,-86.52878,56
1022,39.128,-86.52878,57
1022,39.12786,-86.52878,58
1022,39.12785,-86.52877,59
1022,39.12784,-86.52875,60
1022,39.12783,-86.52872,61
1022,39.12783,-86.5287,62
1022,39.12782,-86.52794,63
1022,39.12782,-86.52755,64
1022,39.12782,-86.52701,65
1022,39.12782,-86.52677,66
1022,39.12838,-86.52679,67
1022,39.12839,-86.52679,68
1022,39.12854,-86.52679,69
1022,39.1289,-86.5268,70
1022,39.12907,-86.5268,71
1022,39.12908,-86.5268,72
1022,39.12951,-86.52681,73
1022,39.12987,-86.52681,74
1022,39.13003,-86.52682,75
1022,39.1302,-86.52682,76
1022,39.13023,-86.52682,77
1022,39.13076,-86.52682,78
1022,39.13081,-86.52682,79
1022,39.13135,-86.52682,80
1022,39.13211,-86.52682,81
1022,39.13219,-86.52683,82
1022,39.13235,-86.52683,83
1022,39.13254,-86.52683,84
1022,39.13326,-86.52684,85
1022,39.13339,-86.52685,86
1022,39.1336,-86.52685,87
1022,39.13388,-86.52687,88
1022,39.1341,-86.52688,89
1022,39.13427,-86.52688,90
1022,39.13493,-86.52689,91
1022,39.13515,-86.52689,92
1022,39.13546,-86.52688,93
1022,39.13551,-86.52688,94
1022,39.13556,-86.52688,95
1022,39.13564,-86.52688,96
1022,39.13601,-86.52688,97
1022,39.13631,-86.52689,98
1022,39.13632,-86.52689,99
1022,39.13649,-86.52689,100
1022,39.13684,-86.5269,101
1022,39.13704,-86.5269,102
1022,39.13712,-86.5269,103
1022,39.13756,-86.52692,104
1022,39.13788,-86.52692,105
1022,39.13814,-86.52692,106
1022,39.13856,-86.52693,107
1022,39.13923,-86.52693,108
1022,39.13944,-86.52693,109
1022,39.13969,-86.52693,110
1022,39.14039,-86.52694,111
1022,39.14108,-86.52694,112
1022,39.14131,-86.52694,113
1022,39.14193,-86.52694,114
1022,39.14209,-86.52694,115
1022,39.14246,-86.52694,116
1022,39.14268,-86.52695,117
1022,39.14282,-86.52695,118
1022,39.14322,-86.52695,119
1022,39.1434,-86.52695,120
1022,39.14394,-86.52696,121
1022,39.14426,-86.52696,122
1022,39.14439,-86.52696,123
1022,39.1444,-86.52696,124
1022,39.14456,-86.52697,125
1022,39.14456,-86.52723,126
1022,39.14456,-86.5277,127
1022,39.14456,-86.52799,128
1022,39.14458,-86.52932,129
1022,39.14458,-86.52936,130
1022,39.14458,-86.52954,131
1022,39.14458,-86.52976,132
1022,39.14458,-86.52999,133
1022,39.14457,-86.53049,134
1022,39.14456,-86.53055,135
1022,39.14453,-86.53071,136
1022,39.14447,-86.53084,137
1022,39.14447,-86.53085,138
1022,39.14435,-86.53102,139
1022,39.14423,-86.53122,140
1022,39.14412,-86.53158,141
1022,39.14406,-86.5318,142
1022,39.14453,-86.53194,143
1022,39.14523,-86.53214,144
1022,39.14542,-86.53219,145
1022,39.14556,-86.53224,146
1022,39.14567,-86.53227,147
1022,39.14595,-86.53236,148
1022,39.14616,-86.53242,149
1022,39.14632,-86.53247,150
1022,39.1465,-86.53253,151
1022,39.14657,-86.53255,152
1022,39.14692,-86.53266,153
1022,39.14692,-86.53243,154
1022,39.14692,-86.53203,155
1022,39.14692,-86.53189,156
1022,39.14692,-86.5318,157
1022,39.14691,-86.53145,158
1022,39.14691,-86.53087,159
1022,39.14691,-86.53018,160
1022,39.14691,-86.53013,161
1022,39.14691,-86.52902,162
1022,39.1469,-86.52809,163
1022,39.1469,-86.52801,164
1022,39.1469,-86.52786,165
1022,39.1469,-86.52716,166
1022,39.1469,-86.52705,167
1022,39.14693,-86.5269,168
1022,39.14698,-86.52669,169
1022,39.14698,-86.52668,170
1022,39.14701,-86.52644,171
1022,39.14702,-86.52619,172
1022,39.14701,-86.52599,173
1022,39.14701,-86.52598,174
1022,39.14698,-86.52552,175
1022,39.14695,-86.52506,176
1022,39.14693,-86.52486,177
1022,39.1469,-86.52429,178
1022,39.1469,-86.52404,179
1022,39.14689,-86.52335,180
1022,39.14689,-86.52334,181
1022,39.14689,-86.52311,182
1022,39.14689,-86.52309,183
1022,39.14688,-86.52241,184
1022,39.14688,-86.52208,185
1022,39.14687,-86.52175,186
1022,39.14686,-86.52143,187
1022,39.14687,-86.52106,188
1022,39.14688,-86.52083,189
1022,39.14742,-86.52083,190
1022,39.14818,-86.52083,191
1022,39.14846,-86.52083,192
1022,39.14882,-86.52083,193
1022,39.14929,-86.52084,194
1022,39.15,-86.52083,195
1022,39.15001,-86.52083,196
1022,39.15054,-86.52083,197
1022,39.15054,-86.52093,198
1022,39.15053,-86.52152,199
1022,39.15053,-86.52187,200
1022,39.15053,-86.52191,201
1022,39.15053,-86.52261,202
1022,39.15053,-86.5228,203
1022,39.15053,-86.52303,204
1022,39.15053,-86.52374,205
1022,39.15053,-86.52444,206
1022,39.15053,-86.52467,207
1022,39.15053,-86.52472,208
1022,39.15053,-86.5251,209
1022,39.15054,-86.52534,210
1022,39.15054,-86.52559,211
1022,39.15055,-86.52614,212
1022,39.15057,-86.52691,213
1022,39.15101,-86.52693,214
1022,39.15109,-86.52693,215
1022,39.15165,-86.52695,216
1022,39.15183,-86.52695,217
1022,39.15208,-86.52696,218
1022,39.15243,-86.52697,219
1022,39.15289,-86.52697,220
1022,39.15296,-86.52697,221
1022,39.15332,-86.52697,222
1022,39.15332,-86.52758,223
1022,39.15333,-86.52809,224
1022,39.15333,-86.52841,225
1022,39.15333,-86.52862,226
1022,39.15333,-86.52919,227
1022,39.15334,-86.53025,228
1022,39.15334,-86.5307,229
1022,39.15334,-86.53079,230
1022,39.15333,-86.53132,231
1022,39.15335,-86.53189,232
1022,39.15336,-86.53248,233
1022,39.15336,-86.53278,234
1022,39.15336,-86.53308,235
1022,39.15335,-86.5337,236
1022,39.15379,-86.5337,237
1022,39.15402,-86.5337,238
1022,39.15422,-86.53369,239
1022,39.15447,-86.53369,240
1022,39.15468,-86.53369,241
1022,39.15518,-86.53368,242
1022,39.15562,-86.53368,243
1022,39.15606,-86.53367,244
1022,39.15648,-86.53367,245
1022,39.15651,-86.53367,246
1022,39.15661,-86.53367,247
1022,39.1568,-86.53367,248
1022,39.15697,-86.53363,249
1022,39.15739,-86.53364,250
1022,39.15759,-86.53365,251
1022,39.15782,-86.53366,252
1022,39.15797,-86.53366,253
1022,39.15836,-86.53366,254
1022,39.15855,-86.53366,255
1022,39.15878,-86.53365,256
1022,39.15937,-86.53366,257
1022,39.15954,-86.53366,258
1022,39.15969,-86.53367,259
1022,39.15983,-86.53367,260
1022,39.15995,-86.53367,261
1022,39.16001,-86.53367,262
1022,39.16037,-86.53366,263
1022,39.16057,-86.53365,264
1022,39.16059,-86.53366,265
1022,39.16068,-86.53366,266
1022,39.16128,-86.53365,267
1022,39.16138,-86.53365,268
1022,39.16169,-86.53365,269
1022,39.16192,-86.53365,270
1022,39.16285,-86.53364,271
1022,39.16335,-86.53364,272
1022,39.16361,-86.53364,273
1022,39.16416,-86.53364,274
1022,39.16443,-86.53364,275
1022,39.16456,-86.53364,276
1022,39.16455,-86.53339,277
1022,39.16455,-86.53301,278
1022,39.16459,-86.53295,279
1022,39.16459,-86.53276,280
1022,39.16459,-86.53237,281
1022,39.16459,-86.53193,282
1022,39.1646,-86.53179,283
1022,39.16459,-86.53152,284
1022,39.16459,-86.53109,285
1022,39.16458,-86.53063,286
1022,39.16457,-86.5299,287
1022,39.16457,-86.52982,288
1022,39.16457,-86.52918,289
1022,39.16457,-86.52886,290
1022,39.16457,-86.52874,291
1022,39.16456,-86.52863,292
1022,39.16456,-86.5286,293
1022,39.16455,-86.52858,294
1022,39.16455,-86.52856,295
1022,39.16454,-86.52853,296
1022,39.16453,-86.5285,297
1022,39.16452,-86.52846,298
1022,39.16448,-86.52837,299
1022,39.16442,-86.52822,300
1022,39.16429,-86.52821,301
1022,39.16411,-86.5282,302
1022,39.1639,-86.52819,303
1022,39.16372,-86.52819,304
1022,39.16356,-86.52816,305
1022,39.16346,-86.52813,306
1022,39.1634,-86.52809,307
1022,39.16333,-86.52803,308
1022,39.16328,-86.52796,309
1022,39.16325,-86.5279,310
1022,39.16323,-86.52784,311
1022,39.1632,-86.52775,312
1022,39.16318,-86.52765,313
1022,39.16317,-86.52763,314
1022,39.16317,-86.5276,315
1022,39.16316,-86.52755,316
1022,39.16315,-86.52744,317
1022,39.16315,-86.52734,318
1022,39.16315,-86.52725,319
1022,39.1634,-86.52726,320
1022,39.16343,-86.52724,321
1022,39.16359,-86.52713,322
1022,39.16367,-86.52708,323
1022,39.16373,-86.52704,324
1022,39.16387,-86.52696,325
1022,39.16394,-86.52692,326
1022,39.16399,-86.52691,327
1022,39.16403,-86.5269,328
1022,39.16408,-86.52689,329
1022,39.1642,-86.5269,330
1022,39.1643,-86.5269,331
1022,39.16446,-86.52689,332
1022,39.16471,-86.5269,333
1022,39.16499,-86.5269,334
1022,39.16503,-86.5269,335
1022,39.16554,-86.52691,336
1022,39.16561,-86.52691,337
1022,39.16605,-86.52691,338
1022,39.1662,-86.52692,339
1022,39.16655,-86.52693,340
1022,39.16655,-86.52712,341
1022,39.16655,-86.52743,342
1022,39.16655,-86.52745,343
1022,39.16654,-86.52782,344
1022,39.16654,-86.52789,345
1022,39.16655,-86.52824,346
1022,39.16655,-86.52917,347
1022,39.16655,-86.5293,348
1022,39.16656,-86.5298,349
1022,39.16656,-86.53044,350
1022,39.16657,-86.53109,351
1022,39.16657,-86.53148,352
1022,39.16657,-86.53171,353
1022,39.16657,-86.53234,354
1022,39.16621,-86.53235,355
1022,39.16608,-86.53235,356
1022,39.16558,-86.53236,357
1022,39.16521,-86.53236,358
1022,39.16508,-86.53236,359
1022,39.16495,-86.53236,360
1022,39.16459,-86.53237,361
1022,39.16428,-86.53237,362
1032,39.16425,-86.53364,0
1032,39.16456,-86.53364,1
1032,39.16455,-86.53339,2
1032,39.16455,-86.53301,3
1032,39.16459,-86.53295,4
1032,39.16459,-86.53276,5
1032,39.16459,-86.53261,6
1032,39.16459,-86.53237,7
1032,39.16402,-86.53237,8
1032,39.16395,-86.53237,9
1032,39.16343,-86.53237,10
1032,39.16283,-86.53237,11
1032,39.16228,-86.53238,12
1032,39.16225,-86.53238,13
1032,39.16192,-86.53239,14
1032,39.16138,-86.5324,15
1032,39.16109,-86.5324,16
1032,39.1605,-86.5324,17
1032,39.15935,-86.53239,18
1032,39.15876,-86.53241,19
1032,39.15835,-86.53242,20
1032,39.15825,-86.53242,21
1032,39.15797,-86.53242,22
1032,39.15738,-86.53242,23
1032,39.15695,-86.53243,24
1032,39.15651,-86.53244,25
1032,39.15627,-86.53244,26
1032,39.15605,-86.53245,27
1032,39.15561,-86.53245,28
1032,39.15517,-86.53246,29
1032,39.15468,-86.53247,30
1032,39.1542,-86.53247,31
1032,39.15397,-86.53247,32
1032,39.15378,-86.53247,33
1032,39.15336,-86.53248,34
1032,39.15335,-86.53189,35
1032,39.15334,-86.53157,36
1032,39.15333,-86.53132,37
1032,39.15334,-86.53079,38
1032,39.15334,-86.53025,39
1032,39.15333,-86.52919,40
1032,39.15333,-86.52862,41
1032,39.15333,-86.52834,42
1032,39.15333,-86.52809,43
1032,39.15332,-86.52758,44
1032,39.15332,-86.52697,45
1032,39.15296,-86.52697,46
1032,39.15288,-86.52697,47
1032,39.15243,-86.52697,48
1032,39.15208,-86.52696,49
1032,39.15183,-86.52695,50
1032,39.15165,-86.52695,51
1032,39.15101,-86.52693,52
1032,39.15057,-86.52691,53
1032,39.15055,-86.52614,54
1032,39.15054,-86.52559,55
1032,39.15054,-86.52534,56
1032,39.15053,-86.5251,57
1032,39.15053,-86.52467,58
1032,39.15053,-86.52444,59
1032,39.15053,-86.52374,60
1032,39.15053,-86.52303,61
1032,39.15053,-86.5228,62
1032,39.15053,-86.52261,63
1032,39.15053,-86.52191,64
1032,39.15053,-86.52187,65
1032,39.15054,-86.52093,66
1032,39.15054,-86.52083,67
1032,39.15,-86.52083,68
1032,39.14961,-86.52084,69
1032,39.14929,-86.52084,70
1032,39.14882,-86.52083,71
1032,39.14846,-86.52083,72
1032,39.14794,-86.52083,73
1032,39.14742,-86.52083,74
1032,39.14688,-86.52083,75
1032,39.14687,-86.52106,76
1032,39.14687,-86.52114,77
1032,39.14686,-86.52143,78
1032,39.14687,-86.52175,79
1032,39.14688,-86.52208,80
1032,39.14688,-86.52241,81
1032,39.14689,-86.52309,82
1032,39.14689,-86.52311,83
1032,39.14689,-86.52334,84
1032,39.1469,-86.52404,85
1032,39.1469,-86.52429,86
1032,39.14693,-86.52486,87
1032,39.14695,-86.52506,88
1032,39.14698,-86.52546,89
1032,39.14698,-86.52552,90
1032,39.14701,-86.52598,91
1032,39.14701,-86.52599,92
1032,39.14702,-86.52619,93
1032,39.14701,-86.52644,94
1032,39.14698,-86.52668,95
1032,39.14698,-86.52669,96
1032,39.14693,-86.5269,97
1032,39.1469,-86.52705,98
1032,39.1469,-86.52716,99
1032,39.1469,-86.52786,100
1032,39.1469,-86.52809,101
1032,39.14691,-86.52863,102
1032,39.14691,-86.52902,103
1032,39.14691,-86.53018,104
1032,39.14691,-86.53087,105
1032,39.14691,-86.53145,106
1032,39.14692,-86.5318,107
1032,39.14692,-86.53189,108
1032,39.14692,-86.53203,109
1032,39.14692,-86.5321,110
1032,39.14692,-86.53243,111
1032,39.14692,-86.53266,112
1032,39.14657,-86.53255,113
1032,39.1465,-86.53253,114
1032,39.14632,-86.53247,115
1032,39.14595,-86.53236,116
1032,39.14567,-86.53227,117
1032,39.14556,-86.53224,118
1032,39.14542,-86.53219,119
1032,39.14523,-86.53214,120
1032,39.14483,-86.53202,121
1032,39.14453,-86.53194,122
1032,39.14406,-86.5318,123
1032,39.14412,-86.53158,124
1032,39.14423,-86.53122,125
1032,39.14435,-86.53102,126
1032,39.14443,-86.53091,127
1032,39.14447,-86.53085,128
1032,39.14447,-86.53084,129
1032,39.14453,-86.53071,130
1032,39.14457,-86.53049,131
1032,39.14458,-86.52999,132
1032,39.14458,-86.52976,133
1032,39.14458,-86.52954,134
1032,39.14458,-86.52936,135
1032,39.14458,-86.52932,136
1032,39.14456,-86.52809,137
1032,39.14456,-86.5277,138
1032,39.14456,-86.52723,139
1032,39.14456,-86.52697,140
1032,39.1444,-86.52696,141
1032,39.14439,-86.52696,142
1032,39.14426,-86.52696,143
1032,39.14394,-86.52696,144
1032,39.14375,-86.52696,145
1032,39.1434,-86.52695,146
1032,39.14282,-86.52695,147
1032,39.14268,-86.52695,148
1032,39.14246,-86.52694,149
1032,39.14209,-86.52694,150
1032,39.14193,-86.52694,151
1032,39.14131,-86.52694,152
1032,39.14108,-86.52694,153
1032,39.14069,-86.52694,154
1032,39.14039,-86.52694,155
1032,39.13969,-86.52693,156
1032,39.13944,-86.52693,157
1032,39.13923,-86.52693,158
1032,39.13858,-86.52693,159
1032,39.13856,-86.52693,160
1032,39.13814,-86.52692,161
1032,39.13788,-86.52692,162
1032,39.13756,-86.52692,163
1032,39.13712,-86.5269,164
1032,39.13704,-86.5269,165
1032,39.13684,-86.5269,166
1032,39.13651,-86.52689,167
1032,39.13649,-86.52689,168
1032,39.13632,-86.52689,169
1032,39.13631,-86.52689,170
1032,39.13601,-86.52688,171
1032,39.136,-86.5274,172
1032,39.13598,-86.528,173
1032,39.13598,-86.52811,174
1032,39.13597,-86.52858,175
1032,39.13596,-86.52882,176
1032,39.13597,-86.52956,177
1032,39.13597,-86.52967,178
1032,39.13596,-86.53005,179
1032,39.13594,-86.53057,180
1032,39.13593,-86.53109,181
1032,39.13564,-86.53117,182
1032,39.13542,-86.53124,183
1032,39.1354,-86.53124,184
1032,39.13518,-86.5313,185
1032,39.13516,-86.5313,186
1032,39.13499,-86.53134,187
1032,39.13484,-86.53136,188
1032,39.13476,-86.53137,189
1032,39.13467,-86.53138,190
1032,39.13449,-86.53139,191
1032,39.13442,-86.53139,192
1032,39.13434,-86.5314,193
1032,39.13412,-86.53139,194
1032,39.13378,-86.5314,195
1032,39.1336,-86.53141,196
1032,39.13358,-86.53141,197
1032,39.13327,-86.53141,198
1032,39.13324,-86.53141,199
1032,39.13288,-86.53142,200
1032,39.13237,-86.53142,201
1032,39.13234,-86.53142,202
1032,39.13198,-86.53143,203
1032,39.13152,-86.53142,204
1032,39.13113,-86.53141,205
1032,39.13079,-86.53141,206
1032,39.1305,-86.53141,207
1032,39.13024,-86.5314,208
1032,39.12982,-86.5314,209
1032,39.12949,-86.5314,210
1032,39.12942,-86.53139,211
1032,39.12909,-86.53139,212
1032,39.12888,-86.53139,213
1032,39.12869,-86.53139,214
1032,39.12809,-86.53138,215
1032,39.12755,-86.53138,216
1032,39.12741,-86.53138,217
1032,39.12683,-86.53137,218
1032,39.12667,-86.53136,219
1032,39.1263,-86.53136,220
1032,39.126,-86.53136,221
1032,39.12594,-86.53136,222
1032,39.12558,-86.53136,223
1032,39.12522,-86.53136,224
1032,39.12516,-86.53136,225
1032,39.12468,-86.53136,226
1032,39.12421,-86.53136,227
1032,39.12389,-86.53136,228
1032,39.12371,-86.53136,229
1032,39.12351,-86.53136,230
1032,39.1233,-86.53137,231
1032,39.12309,-86.53137,232
1032,39.12284,-86.53136,233
1032,39.12248,-86.53136,234
1032,39.12232,-86.53136,235
1032,39.12199,-86.53135,236
1032,39.12145,-86.53134,237
1032,39.12145,-86.53079,238
1032,39.12145,-86.5306,239
1032,39.12145,-86.53039,240
1032,39.12144,-86.52974,241
1032,39.12144,-86.52934,242
1032,39.12145,-86.52849,243
1032,39.12145,-86.52803,244
1032,39.12145,-86.52756,245
1032,39.12145,-86.52753,246
1032,39.12145,-86.5271,247
1032,39.12145,-86.52665,248
1032,39.12192,-86.52665,249
1032,39.12246,-86.52666,250
1032,39.12265,-86.52666,251
1032,39.12282,-86.52667,252
1032,39.12306,-86.52667,253
1032,39.12342,-86.52668,254
1032,39.12365,-86.52668,255
1032,39.12399,-86.52669,256
1032,39.12435,-86.52669,257
1032,39.12469,-86.5267,258
1032,39.12487,-86.5267,259
1032,39.12505,-86.5267,260
1032,39.12523,-86.52671,261
1032,39.12524,-86.52671,262
1032,39.12541,-86.52671,263
1032,39.12558,-86.52671,264
1032,39.12581,-86.52672,265
1032,39.12628,-86.52672,266
1032,39.12653,-86.52673,267
1032,39.12659,-86.52673,268
1032,39.12675,-86.52673,269
1032,39.12707,-86.52674,270
1032,39.12721,-86.52675,271
1032,39.12764,-86.52676,272
1032,39.12776,-86.52676,273
1032,39.12782,-86.52677,274
1032,39.12782,-86.52701,275
1032,39.12782,-86.52775,276
1032,39.12782,-86.52794,277
1032,39.12783,-86.5287,278
1032,39.12783,-86.52872,279
1032,39.12784,-86.52875,280
1032,39.12785,-86.52877,281
1032,39.12786,-86.52878,282
1032,39.12814,-86.52878,283
1032,39.12853,-86.52878,284
1032,39.12854,-86.52878,285
1032,39.12855,-86.52878,286
1032,39.12856,-86.52877,287
1032,39.12856,-86.52876,288
1032,39.12857,-86.52875,289
1032,39.12857,-86.5282,290
1032,39.12858,-86.52721,291
1042,39.12143,-86.53007,0
1042,39.12144,-86.52974,1
1042,39.12144,-86.52934,2
1042,39.12145,-86.52849,3
1042,39.12145,-86.52803,4
1042,39.12145,-86.52756,5
1042,39.12145,-86.5271,6
1042,39.12145,-86.52668,7
1042,39.12145,-86.52665,8
1042,39.12192,-86.52665,9
1042,39.12246,-86.52666,10
1042,39.12265,-86.52666,11
1042,39.12306,-86.52667,12
1042,39.12342,-86.52668,13
1042,39.12363,-86.52668,14
1042,39.12365,-86.52668,15
1042,39.12399,-86.52669,16
1042,39.12435,-86.52669,17
1042,39.12469,-86.5267,18
1042,39.12487,-86.5267,19
1042,39.12505,-86.5267,20
1042,39.12523,-86.52671,21
1042,39.12541,-86.52671,22
1042,39.12558,-86.52671,23
1042,39.12581,-86.52672,24
1042,39.12628,-86.52672,25
1042,39.12653,-86.52673,26
1042,39.12659,-86.52673,27
1042,39.12675,-86.52673,28
1042,39.12707,-86.52674,29
1042,39.12721,-86.52675,30
1042,39.12764,-86.52676,31
1042,39.12771,-86.52676,32
1042,39.12782,-86.52677,33
1042,39.12782,-86.52701,34
1042,39.12782,-86.52756,35
1042,39.12782,-86.52794,36
1042,39.12783,-86.5287,37
1042,39.12783,-86.52872,38
1042,39.12784,-86.52875,39
1042,39.12785,-86.52877,40
1042,39.12786,-86.52878,41
1042,39.12817,-86.52878,42
1042,39.12853,-86.52878,43
1042,39.12854,-86.52878,44
1042,39.12855,-86.52878,45
1042,39.12856,-86.52877,46
1042,39.12856,-86.52876,47
1042,39.12857,-86.52875,48
1042,39.12858,-86.52723,49
1042,39.12857,-86.52875,50
1042,39.12856,-86.52876,51
1042,39.12856,-86.52877,52
1042,39.12855,-86.52878,53
1042,39.12854,-86.52878,54
1042,39.12853,-86.52878,55
1042,39.12786,-86.52878,56
1042,39.12785,-86.52877,57
1042,39.12784,-86.52875,58
1042,39.12783,-86.52872,59
1042,39.12783,-86.5287,60
1042,39.12782,-86.52794,61
1042,39.12782,-86.52705,62
1042,39.12782,-86.52701,63
1042,39.12782,-86.52677,64
1042,39.12828,-86.52678,65
1042,39.12838,-86.52679,66
1042,39.12854,-86.52679,67
1042,39.1289,-86.5268,68
1042,39.12907,-86.5268,69
1042,39.12908,-86.5268,70
1042,39.12951,-86.52681,71
1042,39.12978,-86.52681,72
1042,39.12987,-86.52681,73
1042,39.13003,-86.52682,74
1042,39.13023,-86.52682,75
1042,39.13076,-86.52682,76
1042,39.13081,-86.52682,77
1042,39.13135,-86.52682,78
1042,39.13211,-86.52682,79
1042,39.13235,-86.52683,80
1042,39.13254,-86.52683,81
1042,39.13326,-86.52684,82
1042,39.13339,-86.52685,83
1042,39.1336,-86.52685,84
1042,39.13388,-86.52687,85
1042,39.1341,-86.52688,86
1042,39.13427,-86.52688,87
1042,39.13437,-86.52688,88
1042,39.13493,-86.52689,89
1042,39.13515,-86.52689,90
1042,39.13546,-86.52688,91
1042,39.13556,-86.52688,92
1042,39.13564,-86.52688,93
1042,39.13601,-86.52688,94
1042,39.13631,-86.52689,95
1042,39.13632,-86.52689,96
1042,39.13649,-86.52689,97
1042,39.13684,-86.5269,98
1042,39.13704,-86.5269,99
1042,39.13712,-86.5269,100
1042,39.13756,-86.52692,101
1042,39.13788,-86.52692,102
1042,39.13814,-86.52692,103
1042,39.13842,-86.52693,104
1042,39.13856,-86.52693,105
1042,39.13923,-86.52693,106
1042,39.13944,-86.52693,107
1042,39.13969,-86.52693,108
1042,39.14039,-86.52694,109
1042,39.14108,-86.52694,110
1042,39.14131,-86.52694,111
1042,39.14193,-86.52694,112
1042,39.14209,-86.52694,113
1042,39.14246,-86.52694,114
1042,39.14268,-86.52695,115
1042,39.14282,-86.52695,116
1042,39.1434,-86.52695,117
1042,39.1437,-86.52695,118
1042,39.14394,-86.52696,119
1042,39.14426,-86.52696,120
1042,39.14439,-86.52696,121
1042,39.1444,-86.52696,122
1042,39.14456,-86.52697,123
1042,39.14456,-86.52723,124
1042,39.14456,-86.5277,125
1042,39.14457,-86.52863,126
1042,39.14458,-86.52932,127
1042,39.14458,-86.52936,128
1042,39.14458,-86.52954,129
1042,39.14458,-86.52976,130
1042,39.14458,-86.52999,131
1042,39.14457,-86.53049,132
1042,39.14453,-86.53071,133
1042,39.14447,-86.53084,134
1042,39.14447,-86.53085,135
1042,39.14435,-86.53102,136
1042,39.14423,-86.53122,137
1042,39.14412,-86.53158,138
1042,39.14406,-86.5318,139
1042,39.14453,-86.53194,140
1042,39.14523,-86.53214,141
1042,39.14542,-86.53219,142
1042,39.14556,-86.53224,143
1042,39.14567,-86.53227,144
1042,39.14595,-86.53236,145
1042,39.14632,-86.53247,146
1042,39.1465,-86.53253,147
1042,39.14657,-86.53255,148
1042,39.14692,-86.53266,149
1042,39.14692,-86.53243,150
1042,39.14692,-86.53203,151
1042,39.14692,-86.53189,152
1042,39.14692,-86.5318,153
1042,39.14691,-86.53145,154
1042,39.14691,-86.53123,155
1042,39.14691,-86.53087,156
1042,39.14691,-86.53018,157
1042,39.14691,-86.52902,158
1042,39.1469,-86.52809,159
1042,39.1469,-86.52786,160
1042,39.1469,-86.52716,161
1042,39.1469,-86.52705,162
1042,39.14693,-86.5269,163
1042,39.14698,-86.52669,164
1042,39.14698,-86.52668,165
1042,39.14701,-86.52644,166
1042,39.14702,-86.52619,167
1042,39.14701,-86.52599,168
1042,39.14701,-86.52598,169
1042,39.14698,-86.52552,170
1042,39.14696,-86.52521,171
1042,39.14695,-86.52506,172
1042,39.14693,-86.52486,173
1042,39.1469,-86.52429,174
1042,39.1469,-86.52404,175
1042,39.14689,-86.52334,176
1042,39.14689,-86.52311,177
1042,39.14689,-86.52309,178
1042,39.14688,-86.52241,179
1042,39.14688,-86.52208,180
1042,39.14687,-86.52175,181
1042,39.14687,-86.52166,182
1042,39.14686,-86.52143,183
1042,39.14687,-86.52106,184
1042,39.14688,-86.52083,185
1042,39.14742,-86.52083,186
1042,39.14846,-86.52083,187
1042,39.14882,-86.52083,188
1042,39.14884,-86.52083,189
1042,39.14929,-86.52084,190
1042,39.15,-86.52083,191
1042,39.15054,-86.52083,192
1042,39.15054,-86.52093,193
1042,39.15054,-86.52133,194
1042,39.15053,-86.52187,195
1042,39.15053,-86.52191,196
1042,39.15053,-86.52261,197
1042,39.15053,-86.5228,198
1042,39.15053,-86.52303,199
1042,39.15053,-86.52374,200
1042,39.15053,-86.52444,201
1042,39.15053,-86.52467,202
1042,39.15053,-86.52477,203
1042,39.15053,-86.5251,204
1042,39.15054,-86.52534,205
1042,39.15054,-86.52559,206
1042,39.15055,-86.52614,207
1042,39.15057,-86.52691,208
1042,39.15101,-86.52693,209
1042,39.1512,-86.52693,210
1042,39.15165,-86.52695,211
1042,39.15183,-86.52695,212
1042,39.15208,-86.52696,213
1042,39.15243,-86.52697,214
1042,39.15296,-86.52697,215
1042,39.15332,-86.52697,216
1042,39.15332,-86.52758,217
1042,39.15332,-86.52779,218
1042,39.15333,-86.52809,219
1042,39.15333,-86.52862,220
1042,39.15333,-86.52919,221
1042,39.15334,-86.53025,222
1042,39.15334,-86.53054,223
1042,39.15334,-86.53079,224
1042,39.15333,-86.53132,225
1042,39.15335,-86.53189,226
1042,39.15336,-86.53248,227
1042,39.15336,-86.53308,228
1042,39.15335,-86.5337,229
1042,39.15356,-86.5337,230
1042,39.15379,-86.5337,231
1042,39.15422,-86.53369,232
1042,39.15447,-86.53369,233
1042,39.15468,-86.53369,234
1042,39.15518,-86.53368,235
1042,39.15562,-86.53368,236
1042,39.15606,-86.53367,237
1042,39.15651,-86.53367,238
1042,39.15661,-86.53367,239
1042,39.1568,-86.53367,240
1042,39.15697,-86.53363,241
1042,39.15739,-86.53364,242
1042,39.15759,-86.53365,243
1042,39.15782,-86.53366,244
1042,39.15797,-86.53366,245
1042,39.15836,-86.53366,246
1042,39.15878,-86.53365,247
1042,39.15937,-86.53366,248
1042,39.15954,-86.53366,249
1042,39.15969,-86.53367,250
1042,39.15983,-86.53367,251
1042,39.15995,-86.53367,252
1042,39.16001,-86.53367,253
1042,39.16037,-86.53366,254
1042,39.16057,-86.53365,255
1042,39.16065,-86.53366,256
1042,39.16068,-86.53366,257
1042,39.16128,-86.53365,258
1042,39.16138,-86.53365,259
1042,39.16169,-86.53365,260
1042,39.16192,-86.53365,261
1042,39.16285,-86.53364,262
1042,39.16335,-86.53364,263
1042,39.16376,-86.53364,264
1042,39.16416,-86.53364,265
1042,39.16456,-86.53364,266
1042,39.16455,-86.53344,267
1042,39.16455,-86.53339,268
1042,39.16455,-86.53301,269
1042,39.16459,-86.53295,270
1042,39.16459,-86.53276,271
1042,39.16459,-86.53237,272
1042,39.16459,-86.53193,273
1042,39.1646,-86.53184,274
1042,39.1646,-86.53179,275
1042,39.16459,-86.53152,276
1042,39.16459,-86.53109,277
1042,39.16458,-86.53063,278
1042,39.16458,-86.53026,279
1042,39.16457,-86.52982,280
1042,39.16457,-86.52918,281
1042,39.16457,-86.52886,282
1042,39.16457,-86.52874,283
1042,39.16456,-86.52863,284
1042,39.16456,-86.5286,285
1042,39.16455,-86.52856,286
1042,39.16454,-86.52853,287
1042,39.16453,-86.5285,288
1042,39.16452,-86.52846,289
1042,39.16448,-86.52837,290
1042,39.16447,-86.52833,291
1042,39.16442,-86.52822,292
1042,39.16429,-86.52821,293
1042,39.16411,-86.5282,294
1042,39.16372,-86.52819,295
1042,39.16356,-86.52816,296
1042,39.16346,-86.52813,297
1042,39.1634,-86.52809,298
1042,39.16333,-86.52803,299
1042,39.16328,-86.52796,300
1042,39.16325,-86.5279,301
1042,39.16323,-86.52784,302
1042,39.1632,-86.52775,303
1042,39.16318,-86.52766,304
1042,39.16318,-86.52765,305
1042,39.16317,-86.5276,306
1042,39.16316,-86.52755,307
1042,39.16315,-86.52744,308
1042,39.16315,-86.52734,309
1042,39.16315,-86.52725,310
1042,39.1634,-86.52726,311
1042,39.16359,-86.52713,312
1042,39.16367,-86.52708,313
1042,39.16373,-86.52704,314
1042,39.16387,-86.52696,315
1042,39.16394,-86.52692,316
1042,39.16399,-86.52691,317
1042,39.16403,-86.5269,318
1042,39.16408,-86.52689,319
1042,39.1642,-86.5269,320
1042,39.1643,-86.5269,321
1042,39.16446,-86.52689,322
1042,39.16464,-86.5269,323
1042,39.16471,-86.5269,324
1042,39.16499,-86.5269,325
1042,39.16554,-86.52691,326
1042,39.16561,-86.52691,327
1042,39.16605,-86.52691,328
1042,39.16618,-86.52692,329
1042,39.16655,-86.52693,330
1042,39.16655,-86.52743,331
1042,39.16655,-86.52745,332
1042,39.16655,-86.52769,333
1042,39.16654,-86.52782,334
1042,39.16655,-86.52824,335
1042,39.16655,-86.52917,336
1042,39.16656,-86.5298,337
1042,39.16656,-86.53022,338
1042,39.16656,-86.53044,339
1042,39.16657,-86.53109,340
1042,39.16657,-86.53171,341
1042,39.16657,-86.53185,342
1042,39.16657,-86.53234,343
1042,39.16633,-86.53234,344
1042,39.16608,-86.53235,345
1042,39.16558,-86.53236,346
1042,39.16508,-86.53236,347
1042,39.16495,-86.53236,348
1042,39.16459,-86.53237,349
1042,39.16437,-86.53237,350
1042,39.16428,-86.53237,351
1052,39.1214,-86.53005,0
1052,39.12144,-86.52974,1
1052,39.12144,-86.52934,2
1052,39.12145,-86.52849,3
1052,39.12145,-86.52803,4
1052,39.12145,-86.52756,5
1052,39.12145,-86.5271,6
1052,39.12145,-86.52665,7
1052,39.12142,-86.52665,8
1052,39.12145,-86.52665,9
1052,39.12192,-86.52665,10
1052,39.12246,-86.52666,11
1052,39.12265,-86.52666,12
1052,39.12306,-86.52667,13
1052,39.12342,-86.52668,14
1052,39.12365,-86.52668,15
1052,39.1237,-86.52668,16
1052,39.12399,-86.52669,17
1052,39.12435,-86.52669,18
1052,39.12469,-86.5267,19
1052,39.12487,-86.5267,20
1052,39.12505,-86.5267,21
1052,39.12523,-86.52671,22
1052,39.12541,-86.52671,23
1052,39.12547,-86.52671,24
1052,39.12558,-86.52671,25
1052,39.12581,-86.52672,26
1052,39.12628,-86.52672,27
1052,39.12653,-86.52673,28
1052,39.12659,-86.52673,29
1052,39.12675,-86.52673,30
1052,39.12707,-86.52674,31
1052,39.12721,-86.52675,32
1052,39.12764,-86.52676,33
1052,39.12771,-86.52676,34
1052,39.12782,-86.52677,35
1052,39.12782,-86.52701,36
1052,39.12782,-86.52715,37
1052,39.12782,-86.52768,38
1052,39.12782,-86.52794,39
1052,39.12783,-86.5287,40
1052,39.12783,-86.52872,41
1052,39.12784,-86.52875,42
1052,39.12785,-86.52877,43
1052,39.12786,-86.52878,44
1052,39.12846,-86.52878,45
1052,39.12853,-86.52878,46
1052,39.12854,-86.52878,47
1052,39.12855,-86.52878,48
1052,39.12856,-86.52877,49
1052,39.12856,-86.52876,50
1052,39.12857,-86.52875,51
1052,39.12857,-86.52852,52
1052,39.12858,-86.52723,53
1052,39.12857,-86.52875,54
1052,39.12856,-86.52876,55
1052,39.12856,-86.52877,56
1052,39.12855,-86.52878,57
1052,39.12854,-86.52878,58
1052,39.12853,-86.52878,59
1052,39.12786,-86.52878,60
1052,39.12785,-86.52877,61
1052,39.12784,-86.52875,62
1052,39.12783,-86.52872,63
1052,39.12783,-86.5287,64
1052,39.12782,-86.52794,65
1052,39.12782,-86.52701,66
1052,39.12782,-86.52677,67
1052,39.12824,-86.52678,68
1052,39.12838,-86.52679,69
1052,39.12854,-86.52679,70
1052,39.1289,-86.5268,71
1052,39.12907,-86.5268,72
1052,39.12908,-86.5268,73
1052,39.12951,-86.52681,74
1052,39.12987,-86.52681,75
1052,39.13003,-86.52682,76
1052,39.13023,-86.52682,77
1052,39.13076,-86.52682,78
1052,39.13081,-86.52682,79
1052,39.13135,-86.52682,80
1052,39.13211,-86.52682,81
1052,39.13235,-86.52683,82
1052,39.13254,-86.52683,83
1052,39.13323,-86.52684,84
1052,39.13326,-86.52684,85
1052,39.13339,-86.52685,86
1052,39.1336,-86.52685,87
1052,39.13388,-86.52687,88
1052,39.1341,-86.52688,89
1052,39.13427,-86.52688,90
1052,39.13493,-86.52689,91
1052,39.13515,-86.52689,92
1052,39.13546,-86.52688,93
1052,39.13556,-86.52688,94
1052,39.13564,-86.52688,95
1052,39.13601,-86.52688,96
1052,39.13609,-86.52688,97
1052,39.13631,-86.52689,98
1052,39.13632,-86.52689,99
1052,39.13649,-86.52689,100
1052,39.13684,-86.5269,101
1052,39.13686,-86.5269,102
1052,39.13704,-86.5269,103
1052,39.13712,-86.5269,104
1052,39.13752,-86.52692,105
1052,39.13756,-86.52692,106
1052,39.13788,-86.52692,107
1052,39.13814,-86.52692,108
1052,39.13856,-86.52693,109
1052,39.13923,-86.52693,110
1052,39.13944,-86.52693,111
1052,39.13969,-86.52693,112
1052,39.14039,-86.52694,113
1052,39.14108,-86.52694,114
1052,39.14131,-86.52694,115
1052,39.14141,-86.52694,116
1052,39.14193,-86.52694,117
1052,39.14209,-86.52694,118
1052,39.14246,-86.52694,119
1052,39.14268,-86.52695,120
1052,39.14282,-86.52695,121
1052,39.1434,-86.52695,122
1052,39.14394,-86.52696,123
1052,39.14426,-86.52696,124
1052,39.14439,-86.52696,125
1052,39.1444,-86.52696,126
1052,39.14456,-86.52697,127
1052,39.14456,-86.52779,128
1052,39.14458,-86.52928,129
1052,39.14458,-86.52932,130
1052,39.14458,-86.52936,131
1052,39.14458,-86.52954,132
1052,39.14458,-86.52976,133
1052,39.14458,-86.52999,134
1052,39.14457,-86.53049,135
1052,39.14453,-86.53071,136
1052,39.14447,-86.53084,137
1052,39.14447,-86.53085,138
1052,39.14435,-86.53102,139
1052,39.14423,-86.53122,140
1052,39.14413,-86.53154,141
1052,39.14412,-86.53158,142
1052,39.14406,-86.5318,143
1052,39.14453,-86.53194,144
1052,39.14523,-86.53214,145
1052,39.14542,-86.53219,146
1052,39.14556,-86.53224,147
1052,39.14567,-86.53227,148
1052,39.14595,-86.53236,149
1052,39.14623,-86.53244,150
1052,39.14632,-86.53247,151
1052,39.1465,-86.53253,152
1052,39.14657,-86.53255,153
1052,39.14692,-86.53266,154
1052,39.14692,-86.53243,155
1052,39.14692,-86.53203,156
1052,39.14692,-86.53189,157
1052,39.14692,-86.5318,158
1052,39.14691,-86.53145,159
1052,39.14691,-86.53087,160
1052,39.14691,-86.5302,161
1052,39.14691,-86.52999,162
1052,39.1469,-86.52753,163
1052,39.14701,-86.52607,164
1052,39.14695,-86.52503,165
1052,39.14689,-86.52345,166
1052,39.14686,-86.52131,167
1052,39.14688,-86.52084,168
1052,39.14835,-86.52083,169
1052,39.14846,-86.52083,170
1052,39.14882,-86.52083,171
1052,39.14929,-86.52084,172
1052,39.15,-86.52083,173
1052,39.15019,-86.52083,174
1052,39.15054,-86.52083,175
1052,39.15054,-86.52093,176
1052,39.15053,-86.52187,177
1052,39.15053,-86.52191,178
1052,39.15053,-86.52261,179
1052,39.15053,-86.5228,180
1052,39.15053,-86.52303,181
1052,39.15053,-86.52321,182
1052,39.15053,-86.52374,183
1052,39.15053,-86.52444,184
1052,39.15053,-86.52467,185
1052,39.15053,-86.5251,186
1052,39.15054,-86.52534,187
1052,39.15054,-86.52559,188
1052,39.15054,-86.52564,189
1052,39.15055,-86.52614,190
1052,39.15057,-86.52691,191
1052,39.15101,-86.52693,192
1052,39.15165,-86.52695,193
1052,39.15183,-86.52695,194
1052,39.15208,-86.52696,195
1052,39.15243,-86.52697,196
1052,39.15296,-86.52697,197
1052,39.15318,-86.52697,198
1052,39.15332,-86.52697,199
1052,39.15332,-86.52758,200
1052,39.15333,-86.52809,201
1052,39.15333,-86.52862,202
1052,39.15333,-86.52919,203
1052,39.15334,-86.53025,204
1052,39.15334,-86.53079,205
1052,39.15334,-86.5309,206
1052,39.15333,-86.53132,207
1052,39.15335,-86.53189,208
1052,39.15336,-86.53248,209
1052,39.15336,-86.53288,210
1052,39.15336,-86.53308,211
1052,39.15335,-86.5337,212
1052,39.15379,-86.5337,213
1052,39.15422,-86.53369,214
1052,39.15443,-86.53369,215
1052,39.15447,-86.53369,216
1052,39.15468,-86.53369,217
1052,39.15518,-86.53368,218
1052,39.15562,-86.53368,219
1052,39.15606,-86.53367,220
1052,39.1562,-86.53367,221
1052,39.15651,-86.53367,222
1052,39.15661,-86.53367,223
1052,39.1568,-86.53367,224
1052,39.15697,-86.53363,225
1052,39.15739,-86.53364,226
1052,39.15759,-86.53365,227
1052,39.15782,-86.53366,228
1052,39.15797,-86.53366,229
1052,39.15829,-86.53366,230
1052,39.15836,-86.53366,231
1052,39.15878,-86.53365,232
1052,39.15937,-86.53366,233
1052,39.15954,-86.53366,234
1052,39.15969,-86.53367,235
1052,39.15983,-86.53367,236
1052,39.15995,-86.53367,237
1052,39.16001,-86.53367,238
1052,39.16037,-86.53366,239
1052,39.16057,-86.53365,240
1052,39.16068,-86.53366,241
1052,39.16074,-86.53365,242
1052,39.16128,-86.53365,243
1052,39.16138,-86.53365,244
1052,39.16169,-86.53365,245
1052,39.16192,-86.53365,246
1052,39.16248,-86.53364,247
1052,39.16285,-86.53364,248
1052,39.16335,-86.53364,249
1052,39.16404,-86.53364,250
1052,39.16416,-86.53364,251
1052,39.16456,-86.53364,252
1052,39.16455,-86.53342,253
1052,39.16455,-86.53339,254
1052,39.16455,-86.53301,255
1052,39.16459,-86.53295,256
1052,39.16459,-86.53276,257
1052,39.16459,-86.53237,258
1052,39.16459,-86.53193,259
1052,39.1646,-86.53179,260
1052,39.16459,-86.53152,261
1052,39.16459,-86.53141,262
1052,39.16459,-86.53109,263
1052,39.16458,-86.53063,264
1052,39.16457,-86.52982,265
1052,39.16457,-86.52918,266
1052,39.16457,-86.52886,267
1052,39.16457,-86.52879,268
1052,39.16457,-86.52874,269
1052,39.16456,-86.52863,270
1052,39.16456,-86.5286,271
1052,39.16455,-86.52856,272
1052,39.16454,-86.52853,273
1052,39.16453,-86.5285,274
1052,39.16452,-86.52846,275
1052,39.16448,-86.52837,276
1052,39.16442,-86.52822,277
1052,39.16429,-86.52821,278
1052,39.16411,-86.5282,279
1052,39.16388,-86.52819,280
1052,39.16372,-86.52819,281
1052,39.16356,-86.52816,282
1052,39.16346,-86.52813,283
1052,39.1634,-86.52809,284
1052,39.16333,-86.52803,285
1052,39.16328,-86.52796,286
1052,39.16325,-86.5279,287
1052,39.16323,-86.52784,288
1052,39.1632,-86.52775,289
1052,39.16318,-86.52766,290
1052,39.16318,-86.52765,291
1052,39.16317,-86.5276,292
1052,39.16316,-86.52755,293
1052,39.16315,-86.52744,294
1052,39.16315,-86.52734,295
1052,39.16315,-86.52725,296
1052,39.1634,-86.52726,297
1052,39.16359,-86.52713,298
1052,39.16367,-86.52708,299
1052,39.16373,-86.52704,300
1052,39.16387,-86.52696,301
1052,39.16394,-86.52692,302
1052,39.16399,-86.52691,303
1052,39.16403,-86.5269,304
1052,39.16408,-86.52689,305
1052,39.1642,-86.5269,306
1052,39.1643,-86.5269,307
1052,39.16446,-86.52689,308
1052,39.16471,-86.5269,309
1052,39.16499,-86.5269,310
1052,39.16554,-86.52691,311
1052,39.16561,-86.52691,312
1052,39.16605,-86.52691,313
1052,39.16655,-86.52693,314
1052,39.16655,-86.52743,315
1052,39.16655,-86.52745,316
1052,39.16654,-86.52782,317
1052,39.16655,-86.52824,318
1052,39.16655,-86.52917,319
1052,39.16655,-86.52953,320
1052,39.16656,-86.5298,321
1052,39.16656,-86.53044,322
1052,39.16657,-86.53109,323
1052,39.16657,-86.53145,324
1052,39.16657,-86.53171,325
1052,39.16657,-86.53234,326
1052,39.16608,-86.53235,327
1052,39.16575,-86.53235,328
1052,39.16558,-86.53236,329
1052,39.16508,-86.53236,330
1052,39.16495,-86.53236,331
1052,39.16459,-86.53237,332
1052,39.16407,-86.53237,333
1052,39.16407,-86.53361,334
1052,39.16423,-86.53361,335
1052,39.16422,-86.5324,336
1052,39.16348,-86.53237,337
1052,39.16148,-86.5324,338
1052,39.15895,-86.5324,339
1052,39.15715,-86.53242,340
1052,39.15578,-86.53246,341
1052,39.15339,-86.53249,342
1052,39.15334,-86.53242,343
1052,39.15332,-86.53114,344
1052,39.15331,-86.52884,345
1052,39.15331,-86.52699,346
1052,39.15306,-86.52699,347
1052,39.15158,-86.52696,348
1052,39.1506,-86.52692,349
1052,39.15054,-86.52683,350
1052,39.15051,-86.52532,351
1052,39.1505,-86.52345,352
1052,39.15052,-86.52087,353
1052,39.15047,-86.52084,354
1052,39.15009,-86.52084,355
1052,39.14766,-86.52084,356
1052,39.14691,-86.52084,357
1052,39.14687,-86.5215,358
1052,39.14692,-86.52491,359
1052,39.14698,-86.52675,360
1052,39.14688,-86.52705,361
1052,39.14689,-86.52734,362
1052,39.14692,-86.53154,363
1052,39.14691,-86.53268,364
1052,39.14574,-86.5323,365
1052,39.14414,-86.53184,366
1052,39.1441,-86.53163,367
1052,39.14419,-86.53128,368
1052,39.14445,-86.53085,369
1052,39.14452,-86.53071,370
1052,39.14455,-86.53046,371
1052,39.14456,-86.53001,372
1052,39.14457,-86.52932,373
1052,39.14454,-86.52768,374
1052,39.14454,-86.52725,375
1052,39.14454,-86.527,376
1052,39.14431,-86.52698,377
1052,39.14234,-86.52697,378
1052,39.13969,-86.52693,379
1052,39.13944,-86.52693,380
1052,39.13923,-86.52693,381
1052,39.13856,-86.52693,382
1052,39.13814,-86.52692,383
1052,39.13788,-86.52692,384
1052,39.13756,-86.52692,385
1052,39.13712,-86.5269,386
1052,39.13704,-86.5269,387
1052,39.13684,-86.5269,388
1052,39.13649,-86.52689,389
1052,39.13632,-86.52689,390
1052,39.13631,-86.52689,391
1052,39.13601,-86.52688,392
1052,39.13601,-86.52698,393
1052,39.136,-86.5274,394
1052,39.13598,-86.52811,395
1052,39.13597,-86.52842,396
1052,39.13597,-86.52858,397
1052,39.13596,-86.52882,398
1052,39.13597,-86.52956,399
1052,39.13597,-86.52967,400
1052,39.13596,-86.5298,401
1052,39.13596,-86.53005,402
1052,39.13594,-86.53057,403
1052,39.13594,-86.53086,404
1052,39.13593,-86.53109,405
1052,39.13564,-86.53117,406
1052,39.13553,-86.5312,407
1052,39.13542,-86.53124,408
1052,39.1354,-86.53124,409
1052,39.13518,-86.5313,410
1052,39.13516,-86.5313,411
1052,39.13499,-86.53134,412
1052,39.13484,-86.53136,413
1052,39.13476,-86.53137,414
1052,39.13467,-86.53138,415
1052,39.13449,-86.53139,416
1052,39.13442,-86.53139,417
1052,39.13434,-86.5314,418
1052,39.13412,-86.53139,419
1052,39.13378,-86.5314,420
1052,39.1336,-86.53141,421
1052,39.13353,-86.53141,422
1052,39.13327,-86.53141,423
1052,39.13324,-86.53141,424
1052,39.13288,-86.53142,425
1052,39.13237,-86.53142,426
1052,39.13234,-86.53142,427
1052,39.13198,-86.53143,428
1052,39.13152,-86.53142,429
1052,39.13113,-86.53141,430
1052,39.13079,-86.53141,431
1052,39.1305,-86.53141,432
1052,39.13024,-86.5314,433
1052,39.13003,-86.5314,434
1052,39.12982,-86.5314,435
1052,39.12949,-86.5314,436
1052,39.12942,-86.53139,437
1052,39.12909,-86.53139,438
1052,39.12888,-86.53139,439
1052,39.12809,-86.53138,440
1052,39.12755,-86.53138,441
1052,39.12741,-86.53138,442
1052,39.12683,-86.53137,443
1052,39.12667,-86.53136,444
1052,39.1263,-86.53136,445
1052,39.126,-86.53136,446
1052,39.12594,-86.53136,447
1052,39.12558,-86.53136,448
1052,39.12553,-86.53136,449
1052,39.12522,-86.53136,450
1052,39.12516,-86.53136,451
1052,39.12468,-86.53136,452
1052,39.12421,-86.53136,453
1052,39.12389,-86.53136,454
1052,39.12371,-86.53136,455
1052,39.12351,-86.53136,456
1052,39.1234,-86.53136,457
1052,39.12309,-86.53137,458
1052,39.12284,-86.53136,459
1052,39.12248,-86.53136,460
1052,39.12232,-86.53136,461
1052,39.12199,-86.53135,462
1052,39.12154,-86.53134,463
1052,39.12145,-86.53134,464
1052,39.12145,-86.53079,465
1052,39.12145,-86.53039,466
1052,39.12144,-86.53005,467
1052,39.12144,-86.52974,468
1052,39.12144,-86.52934,469
1052,39.12145,-86.52849,470
1052,39.12145,-86.52803,471
1052,39.12145,-86.52756,472
1052,39.12145,-86.5271,473
1052,39.12145,-86.52665,474
1052,39.12192,-86.52665,475
1052,39.12246,-86.52666,476
1052,39.12265,-86.52666,477
1052,39.12306,-86.52667,478
1052,39.12342,-86.52668,479
1052,39.12365,-86.52668,480
1052,39.12399,-86.52669,481
1052,39.12435,-86.52669,482
1052,39.12469,-86.5267,483
1052,39.12487,-86.5267,484
1052,39.12505,-86.5267,485
1052,39.12523,-86.52671,486
1052,39.12541,-86.52671,487
1052,39.12558,-86.52671,488
1052,39.12581,-86.52672,489
1052,39.12628,-86.52672,490
1052,39.12653,-86.52673,491
1052,39.12659,-86.52673,492
1052,39.12675,-86.52673,493
1052,39.12707,-86.52674,494
1052,39.12721,-86.52675,495
1052,39.12764,-86.52676,496
1052,39.12782,-86.52677,497
1052,39.12838,-86.52679,498
1052,39.12854,-86.52679,499
1052,39.1289,-86.5268,500
1052,39.12907,-86.5268,501
1052,39.12908,-86.5268,502
1052,39.12951,-86.52681,503
1052,39.12987,-86.52681,504
1052,39.13003,-86.52682,505
1052,39.13023,-86.52682,506
1052,39.13076,-86.52682,507
1052,39.13081,-86.52682,508
1052,39.13135,-86.52682,509
1052,39.13211,-86.52682,510
1052,39.13235,-86.52683,511
1052,39.13254,-86.52683,512
1052,39.13326,-86.52684,513
1052,39.13339,-86.52685,514
1052,39.1336,-86.52685,515
1052,39.13388,-86.52687,516
1052,39.1341,-86.52688,517
1052,39.13427,-86.52688,518
1052,39.13493,-86.52689,519
1052,39.13515,-86.52689,520
1052,39.13546,-86.52688,521
1052,39.13556,-86.52688,522
1052,39.13564,-86.52688,523
1052,39.13601,-86.52688,524
1052,39.13631,-86.52689,525
1052,39.13632,-86.52689,526
1052,39.13649,-86.52689,527
1052,39.13684,-86.5269,528
1052,39.13704,-86.5269,529
1052,39.13712,-86.5269,530
1052,39.13756,-86.52692,531
1052,39.13788,-86.52692,532
1052,39.13814,-86.52692,533
1052,39.13846,-86.52693,534
1052,39.13856,-86.52693,535
1052,39.13923,-86.52693,536
1052,39.13944,-86.52693,537
1052,39.13969,-86.52693,538
1052,39.14039,-86.52694,539
1052,39.14108,-86.52694,540
1052,39.14131,-86.52694,541
1052,39.14193,-86.52694,542
1052,39.14209,-86.52694,543
1052,39.14246,-86.52694,544
1052,39.14268,-86.52695,545
1052,39.14282,-86.52695,546
1052,39.1434,-86.52695,547
1052,39.14394,-86.52696,548
1052,39.14426,-86.52696,549
1052,39.14439,-86.52696,550
1052,39.1444,-86.52696,551
1052,39.14456,-86.52697,552
1052,39.14456,-86.52723,553
1052,39.14456,-86.5277,554
1052,39.14458,-86.52932,555
1052,39.14458,-86.52936,556
1052,39.14458,-86.52954,557
1052,39.14458,-86.52976,558
1052,39.14458,-86.52999,559
1052,39.14457,-86.53049,560
1052,39.14453,-86.53071,561
1052,39.14447,-86.53084,562
1052,39.14447,-86.53085,563
1052,39.14435,-86.53102,564
1052,39.14423,-86.53122,565
1052,39.14412,-86.53158,566
1052,39.14406,-86.5318,567
1052,39.14453,-86.53194,568
1052,39.14523,-86.53214,569
1052,39.14542,-86.53219,570
1052,39.14556,-86.53224,571
1052,39.14567,-86.53227,572
1052,39.14595,-86.53236,573
1052,39.14632,-86.53247,574
1052,39.1465,-86.53253,575
1052,39.14657,-86.53255,576
1052,39.14692,-86.53266,577
1052,39.14692,-86.53243,578
1052,39.14692,-86.53203,579
1052,39.14692,-86.53189,580
1052,39.14692,-86.5318,581
1052,39.14691,-86.53145,582
1052,39.14691,-86.53087,583
1052,39.14691,-86.53018,584
1052,39.14691,-86.52902,585
1052,39.1469,-86.52809,586
1052,39.1469,-86.52786,587
1052,39.1469,-86.52716,588
1052,39.1469,-86.52705,589
1052,39.14693,-86.5269,590
1052,39.14698,-86.52669,591
1052,39.14698,-86.52668,592
1052,39.14701,-86.52644,593
1052,39.14702,-86.52619,594
1052,39.14701,-86.52599,595
1052,39.14701,-86.52598,596
1052,39.14698,-86.52552,597
1052,39.14695,-86.52506,598
1052,39.14693,-86.52486,599
1052,39.1469,-86.52429,600
1052,39.1469,-86.52404,601
1052,39.14689,-86.52334,602
1052,39.14689,-86.52311,603
1052,39.14689,-86.52309,604
1052,39.14688,-86.52241,605
1052,39.14688,-86.52208,606
1052,39.14687,-86.52175,607
1052,39.14686,-86.52143,608
1052,39.14687,-86.52106,609
1052,39.14688,-86.52089,610
1052,39.14688,-86.52083,611
1052,39.14742,-86.52083,612
1052,39.14846,-86.52083,613
1052,39.14882,-86.52083,614
1052,39.14929,-86.52084,615
1052,39.15,-86.52083,616
1052,39.15054,-86.52083,617
1052,39.15054,-86.52093,618
1052,39.15053,-86.52187,619
1052,39.15053,-86.52191,620
1052,39.15053,-86.52243,621
1052,39.15053,-86.52191,622
1052,39.15053,-86.52187,623
1052,39.15054,-86.52093,624
1052,39.15054,-86.52083,625
1052,39.15,-86.52083,626
1052,39.14929,-86.52084,627
1052,39.14898,-86.52083,628
1052,39.14882,-86.52083,629
1052,39.14846,-86.52083,630
1052,39.14742,-86.52083,631
1052,39.14688,-86.52083,632
1052,39.14687,-86.52106,633
1052,39.14686,-86.52143,634
1052,39.14687,-86.52175,635
1052,39.14686,-86.52143,636
1052,39.14687,-86.52106,637
1052,39.14688,-86.52083,638
1052,39.14742,-86.52083,639
1052,39.14846,-86.52083,640
1052,39.14882,-86.52083,641
1052,39.14929,-86.52084,642
1052,39.15,-86.52083,643
1052,39.15054,-86.52083,644
1052,39.15054,-86.52093,645
1052,39.15053,-86.52187,646
1052,39.15053,-86.52191,647
1052,39.15053,-86.52261,648
1052,39.15053,-86.5228,649
1052,39.15053,-86.52303,650
1052,39.15053,-86.52374,651
1052,39.15053,-86.52444,652
1052,39.15053,-86.52467,653
1052,39.15053,-86.5251,654
1052,39.15054,-86.52534,655
1052,39.15054,-86.52559,656
1052,39.15055,-86.52606,657
1062,39.16425,-86.53364,0
1062,39.16456,-86.53364,1
1062,39.16455,-86.53339,2
1062,39.16455,-86.53301,3
1062,39.16459,-86.53295,4
1062,39.16459,-86.53276,5
1062,39.16459,-86.53261,6
1062,39.16459,-86.53237,7
1062,39.16402,-86.53237,8
1062,39.16395,-86.53237,9
1062,39.16343,-86.53237,10
1062,39.16283,-86.53237,11
1062,39.16228,-86.53238,12
1062,39.16225,-86.53238,13
1062,39.16192,-86.53239,14
1062,39.16138,-86.5324,15
1062,39.16109,-86.5324,16
1062,39.1605,-86.5324,17
1062,39.15935,-86.53239,18
1062,39.15876,-86.53241,19
1062,39.15835,-86.53242,20
1062,39.15825,-86.53242,21
1062,39.15797,-86.53242,22
1062,39.15738,-86.53242,23
1062,39.15695,-86.53243,24
1062,39.15651,-86.53244,25
1062,39.15627,-86.53244,26
1062,39.15605,-86.53245,27
1062,39.15561,-86.53245,28
1062,39.15517,-86.53246,29
1062,39.15468,-86.53247,30
1062,39.1542,-86.53247,31
1062,39.15397,-86.53247,32
1062,39.15378,-86.53247,33
1062,39.15336,-86.53248,34
1062,39.15335,-86.53189,35
1062,39.15334,-86.53157,36
1062,39.15333,-86.53132,37
1062,39.15334,-86.53079,38
1062,39.15334,-86.53025,39
1062,39.15333,-86.52919,40
1062,39.15333,-86.52862,41
1062,39.15333,-86.52834,42
1062,39.15333,-86.52809,43
1062,39.15332,-86.52758,44
1062,39.15332,-86.52697,45
1062,39.15296,-86.52697,46
1062,39.15288,-86.52697,47
1062,39.15243,-86.52697,48
1062,39.15208,-86.52696,49
1062,39.15183,-86.52695,50
1062,39.15165,-86.52695,51
1062,39.15101,-86.52693,52
1062,39.15057,-86.52691,53
1062,39.15055,-86.52614,54
1062,39.15054,-86.52559,55
1062,39.15054,-86.52534,56
1062,39.15053,-86.5251,57
1062,39.15053,-86.52467,58
1062,39.15053,-86.52444,59
1062,39.15053,-86.52374,60
1062,39.15053,-86.52303,61
1062,39.15053,-86.5228,62
1062,39.15053,-86.52261,63
1062,39.15053,-86.52191,64
1062,39.15053,-86.52187,65
1062,39.15054,-86.52093,66
1062,39.15054,-86.52083,67
1062,39.15,-86.52083,68
1062,39.14961,-86.52084,69
1062,39.14929,-86.52084,70
1062,39.14882,-86.52083,71
1062,39.14846,-86.52083,72
1062,39.14794,-86.52083,73
1062,39.14742,-86.52083,74
1062,39.14688,-86.52083,75
1062,39.14687,-86.52106,76
1062,39.14687,-86.52114,77
1062,39.14686,-86.52143,78
1062,39.14687,-86.52175,79
1062,39.14688,-86.52208,80
1062,39.14688,-86.52241,81
1062,39.14689,-86.52309,82
1062,39.14689,-86.52311,83
1062,39.14689,-86.52334,84
1062,39.1469,-86.52404,85
1062,39.1469,-86.52429,86
1062,39.14693,-86.52486,87
1062,39.14695,-86.52506,88
1062,39.14698,-86.52546,89
1062,39.14698,-86.52552,90
1062,39.14701,-86.52598,91
1062,39.14701,-86.52599,92
1062,39.14702,-86.52619,93
1062,39.14701,-86.52644,94
1062,39.14698,-86.52668,95
1062,39.14698,-86.52669,96
1062,39.14693,-86.5269,97
1062,39.1469,-86.52705,98
1062,39.1469,-86.52716,99
1062,39.1469,-86.52786,100
1062,39.1469,-86.52809,101
1062,39.14691,-86.52863,102
1062,39.14691,-86.52902,103
1062,39.14691,-86.53018,104
1062,39.14691,-86.53087,105
1062,39.14691,-86.53145,106
1062,39.14692,-86.5318,107
1062,39.14692,-86.53189,108
1062,39.14692,-86.53203,109
1062,39.14692,-86.5321,110
1062,39.14692,-86.53243,111
1062,39.14692,-86.53266,112
1062,39.14657,-86.53255,113
1062,39.1465,-86.53253,114
1062,39.14632,-86.53247,115
1062,39.14595,-86.53236,116
1062,39.14567,-86.53227,117
1062,39.14556,-86.53224,118
1062,39.14542,-86.53219,119
1062,39.14523,-86.53214,120
1062,39.14483,-86.53202,121
1062,39.14453,-86.53194,122
1062,39.14406,-86.5318,123
1062,39.14412,-86.53158,124
1062,39.14423,-86.53122,125
1062,39.14435,-86.53102,126
1062,39.14443,-86.53091,127
1062,39.14447,-86.53085,128
1062,39.14447,-86.53084,129
1062,39.14453,-86.53071,130
1062,39.14457,-86.53049,131
1062,39.14458,-86.52999,132
1062,39.14458,-86.52976,133
1062,39.14458,-86.52954,134
1062,39.14458,-86.52936,135
1062,39.14458,-86.52932,136
1062,39.14456,-86.52809,137
1062,39.14456,-86.5277,138
1062,39.14456,-86.52723,139
1062,39.14456,-86.52697,140
1062,39.1444,-86.52696,141
1062,39.14439,-86.52696,142
1062,39.14426,-86.52696,143
1062,39.14394,-86.52696,144
1062,39.14375,-86.52696,145
1062,39.1434,-86.52695,146
1062,39.14282,-86.52695,147
1062,39.14268,-86.52695,148
1062,39.14246,-86.52694,149
1062,39.14209,-86.52694,150
1062,39.14193,-86.52694,151
1062,39.14131,-86.52694,152
1062,39.14108,-86.52694,153
1062,39.14069,-86.52694,154
1062,39.14039,-86.52694,155
1062,39.13969,-86.52693,156
1062,39.13944,-86.52693,157
1062,39.13923,-86.52693,158
1062,39.13858,-86.52693,159
1062,39.13856,-86.52693,160
1062,39.13814,-86.52692,161
1062,39.13788,-86.52692,162
1062,39.13756,-86.52692,163
1062,39.13712,-86.5269,164
1062,39.13704,-86.5269,165
1062,39.13684,-86.5269,166
1062,39.13651,-86.52689,167
1062,39.13649,-86.52689,168
1062,39.13632,-86.52689,169
1062,39.13631,-86.52689,170
1062,39.13601,-86.52688,171
1062,39.136,-86.5274,172
1062,39.13598,-86.528,173
1062,39.13598,-86.52811,174
1062,39.13597,-86.52858,175
1062,39.13596,-86.52882,176
1062,39.13597,-86.52956,177
1062,39.13597,-86.52967,178
1062,39.13596,-86.53005,179
1062,39.13594,-86.53057,180
1062,39.13593,-86.53109,181
1062,39.13564,-86.53117,182
1062,39.13542,-86.53124,183
1062,39.1354,-86.53124,184
1062,39.13518,-86.5313,185
1062,39.13516,-86.5313,186
1062,39.13499,-86.53134,187
1062,39.13484,-86.53136,188
1062,39.13476,-86.53137,189
1062,39.13467,-86.53138,190
1062,39.13449,-86.53139,191
1062,39.13442,-86.53139,192
1062,39.13434,-86.5314,193
1062,39.13412,-86.53139,194
1062,39.13378,-86.5314,195
1062,39.1336,-86.53141,196
1062,39.13358,-86.53141,197
1062,39.13327,-86.53141,198
1062,39.13324,-86.53141,199
1062,39.13288,-86.53142,200
1062,39.13237,-86.53142,201
1062,39.13234,-86.53142,202
1062,39.13198,-86.53143,203
1062,39.13152,-86.53142,204
1062,39.13113,-86.53141,205
1062,39.13079,-86.53141,206
1062,39.1305,-86.53141,207
1062,39.13024,-86.5314,208
1062,39.12982,-86.5314,209
1062,39.12949,-86.5314,210
1062,39.12942,-86.53139,211
1062,39.12909,-86.53139,212
1062,39.12888,-86.53139,213
1062,39.12869,-86.53139,214
1062,39.12809,-86.53138,215
1062,39.12755,-86.53138,216
1062,39.12741,-86.53138,217
1062,39.12683,-86.53137,218
1062,39.12667,-86.53136,219
1062,39.1263,-86.53136,220
1062,39.126,-86.53136,221
1062,39.12594,-86.53136,222
1062,39.12558,-86.53136,223
1062,39.12522,-86.53136,224
1062,39.12516,-86.53136,225
1062,39.12468,-86.53136,226
1062,39.12421,-86.53136,227
1062,39.12389,-86.53136,228
1062,39.12371,-86.53136,229
1062,39.12351,-86.53136,230
1062,39.1233,-86.53137,231
1062,39.12309,-86.53137,232
1062,39.12284,-86.53136,233
1062,39.12248,-86.53136,234
1062,39.12232,-86.53136,235
1062,39.12199,-86.53135,236
1062,39.12145,-86.53134,237
1062,39.12145,-86.53079,238
1062,39.12145,-86.5306,239
1062,39.12145,-86.53039,240
1062,39.12144,-86.52974,241
1062,39.12144,-86.52934,242
1062,39.12145,-86.52849,243
1062,39.12145,-86.52803,244
1062,39.12145,-86.52756,245
1062,39.12145,-86.52753,246
1062,39.12145,-86.5271,247
1062,39.12145,-86.52665,248
1062,39.12192,-86.52665,249
1062,39.12246,-86.52666,250
1062,39.12265,-86.52666,251
1062,39.12282,-86.52667,252
1062,39.12306,-86.52667,253
1062,39.12342,-86.52668,254
1062,39.12365,-86.52668,255
1062,39.12399,-86.52669,256
1062,39.12435,-86.52669,257
1062,39.12469,-86.5267,258
1062,39.12487,-86.5267,259
1062,39.12505,-86.5267,260
1062,39.12523,-86.52671,261
1062,39.12524,-86.52671,262
1062,39.12541,-86.52671,263
1062,39.12558,-86.52671,264
1062,39.12581,-86.52672,265
1062,39.12628,-86.52672,266
1062,39.12653,-86.52673,267
1062,39.12659,-86.52673,268
1062,39.12675,-86.52673,269
1062,39.12707,-86.52674,270
1062,39.12721,-86.52675,271
1062,39.12764,-86.52676,272
1062,39.12776,-86.52676,273
1062,39.12782,-86.52677,274
1062,39.12782,-86.52701,275
1062,39.12782,-86.52775,276
1062,39.12782,-86.52794,277
1062,39.12783,-86.5287,278
1062,39.12783,-86.52872,279
1062,39.12784,-86.52875,280
1062,39.12785,-86.52877,281
1062,39.12786,-86.52878,282
1062,39.12814,-86.52878,283
1062,39.12853,-86.52878,284
1062,39.12854,-86.52878,285
1062,39.12855,-86.52878,286
1062,39.12856,-86.52877,287
1062,39.12856,-86.52876,288
1062,39.12857,-86.52875,289
1062,39.12857,-86.5282,290
1062,39.12858,-86.52721,291
1051,39.20045,-86.54849,0
1051,39.20043,-86.54816,1
1051,39.20082,-86.54814,2
1051,39.2009,-86.54806,3
1051,39.20091,-86.54804,4
1051,39.20093,-86.54801,5
1051,39.201,-86.54789,6
1051,39.201,-86.54781,7
1051,39.201,-86.54729,8
1051,39.201,-86.54694,9
1051,39.20101,-86.54624,10
1051,39.20101,-86.54591,11
1051,39.20102,-86.54532,12
1051,39.20103,-86.54369,13
1051,39.20103,-86.54346,14
1051,39.20103,-86.54343,15
1051,39.201,-86.54323,16
1051,39.201,-86.54318,17
1051,39.20095,-86.54305,18
1051,39.20094,-86.54301,19
1051,39.20086,-86.54281,20
1051,39.20033,-86.54267,21
1051,39.19983,-86.54254,22
1051,39.1998,-86.54253,23
1051,39.19945,-86.54244,24
1051,39.19927,-86.54239,25
1051,39.1991,-86.54235,26
1051,39.19857,-86.54221,27
1051,39.19839,-86.54217,28
1051,39.19819,-86.54211,29
1051,39.19815,-86.54234,30
1051,39.19811,-86.54264,31
1051,39.19802,-86.54325,32
1051,39.19797,-86.54347,33
1051,39.19788,-86.54384,34
1051,39.19782,-86.54398,35
1051,39.19768,-86.54423,36
1051,39.1973,-86.54472,37
1051,39.19689,-86.54524,38
1051,39.19665,-86.54561,39
1051,39.19659,-86.5457,40
1051,39.1965,-86.546,41
1051,39.19647,-86.54614,42
1051,39.19646,-86.54623,43
1051,39.19645,-86.54637,44
1051,39.19642,-86.5467,45
1051,39.19617,-86.5467,46
1051,39.19581,-86.5467,47
1051,39.19563,-86.5467,48
1051,39.19517,-86.5467,49
1051,39.19513,-86.5467,50
1051,39.19482,-86.54667,51
1051,39.19473,-86.54664,52
1051,39.19465,-86.54662,53
1051,39.1944,-86.54647,54
1051,39.19427,-86.5462,55
1051,39.19423,-86.54599,56
1051,39.19421,-86.54536,57
1051,39.1942,-86.54507,58
1051,39.19419,-86.54433,59
1051,39.19419,-86.54411,60
1051,39.19419,-86.54397,61
1051,39.19418,-86.54281,62
1051,39.19418,-86.54258,63
1051,39.19418,-86.54223,64
1051,39.19417,-86.5416,65
1051,39.19417,-86.5411,66
1051,39.19392,-86.54102,67
1051,39.19372,-86.54083,68
1051,39.19361,-86.54055,69
1051,39.19342,-86.54006,70
1051,39.19337,-86.53993,71
1051,39.19329,-86.53972,72
1051,39.19303,-86.53897,73
1051,39.19289,-86.53854,74
1051,39.1928,-86.5383,75
1051,39.19274,-86.53818,76
1051,39.1927,-86.53811,77
1051,39.19261,-86.53799,78
1051,39.19245,-86.53786,79
1051,39.19231,-86.53779,80
1051,39.19226,-86.53777,81
1051,39.19209,-86.53773,82
1051,39.19195,-86.53772,83
1051,39.19185,-86.53771,84
1051,39.19142,-86.53772,85
1051,39.19124,-86.53772,86
1051,39.19057,-86.53773,87
1051,39.19016,-86.53775,88
1051,39.18985,-86.53775,89
1051,39.18946,-86.53775,90
1051,39.18877,-86.53775,91
1051,39.18809,-86.53775,92
1051,39.18755,-86.53773,93
1051,39.18718,-86.53772,94
1051,39.18705,-86.53771,95
1051,39.18694,-86.53771,96
1051,39.18658,-86.53772,97
1051,39.18645,-86.53772,98
1051,39.18642,-86.53741,99
1051,39.18637,-86.53669,100
1051,39.18635,-86.53627,101
1051,39.18631,-86.53571,102
1051,39.1863,-86.53543,103
1051,39.18629,-86.53525,104
1051,39.18628,-86.53515,105
1051,39.18625,-86.5346,106
1051,39.18605,-86.53462,107
1051,39.18604,-86.53462,108
1051,39.18598,-86.53462,109
1051,39.1859,-86.53463,110
1051,39.18568,-86.53464,111
1051,39.18564,-86.53464,112
1051,39.18557,-86.53463,113
1051,39.18546,-86.53463,114
1051,39.18541,-86.53463,115
1051,39.18535,-86.53463,116
1051,39.18525,-86.53462,117
1051,39.18495,-86.53459,118
1051,39.18473,-86.53458,119
1051,39.18472,-86.53458,120
1051,39.18462,-86.53457,121
1051,39.18453,-86.53457,122
1051,39.18444,-86.53457,123
1051,39.18435,-86.53456,124
1051,39.18421,-86.53457,125
1051,39.18386,-86.53458,126
1051,39.18379,-86.53458,127
1051,39.18355,-86.5346,128
1051,39.1834,-86.53461,129
1051,39.18334,-86.53461,130
1051,39.18298,-86.53462,131
1051,39.18264,-86.53463,132
1051,39.18251,-86.53463,133
1051,39.18209,-86.53465,134
1051,39.18159,-86.53466,135
1051,39.18132,-86.53466,136
1051,39.18015,-86.53468,137
1051,39.17955,-86.5347,138
1051,39.17907,-86.5347,139
1051,39.17899,-86.53471,140
1051,39.17869,-86.53471,141
1051,39.17845,-86.53471,142
1051,39.17771,-86.53472,143
1051,39.1773,-86.53473,144
1051,39.17686,-86.53473,145
1051,39.17653,-86.53474,146
1051,39.17642,-86.53474,147
1051,39.17596,-86.53475,148
1051,39.17547,-86.53477,149
1051,39.17524,-86.53478,150
1051,39.17506,-86.53478,151
1051,39.17488,-86.53478,152
1051,39.17419,-86.53479,153
1051,39.17383,-86.5348,154
1051,39.17357,-86.5348,155
1051,39.17329,-86.5348,156
1051,39.17329,-86.53448,157
1051,39.1733,-86.53417,158
1051,39.17329,-86.53381,159
1051,39.17329,-86.53358,160
1051,39.17379,-86.53358,161
1051,39.17417,-86.53357,162
1051,39.17439,-86.53357,163
1051,39.17493,-86.53356,164
1051,39.17521,-86.53356,165
1051,39.17596,-86.53354,166
1051,39.17596,-86.53331,167
1051,39.17596,-86.53323,168
1051,39.17596,-86.53298,169
1051,39.17596,-86.53271,170
1051,39.17596,-86.53225,171
1051,39.17596,-86.53222,172
1051,39.17597,-86.53169,173
1051,39.17598,-86.53098,174
1051,39.17598,-86.53064,175
1051,39.17598,-86.52997,176
1051,39.17598,-86.52977,177
1051,39.17598,-86.5297,178
1051,39.17598,-86.52907,179
1051,39.17598,-86.52896,180
1051,39.17599,-86.52833,181
1051,39.17614,-86.52833,182
1051,39.17632,-86.52833,183
1051,39.17655,-86.52834,184
1051,39.17688,-86.52834,185
1051,39.17698,-86.52834,186
1051,39.17733,-86.52834,187
1051,39.17778,-86.52834,188
1051,39.17798,-86.52834,189
1051,39.17826,-86.52834,190
1051,39.17839,-86.52834,191
1051,39.1788,-86.52833,192
1051,39.17893,-86.52833,193
1051,39.17901,-86.52832,194
1051,39.17902,-86.52775,195
1051,39.17902,-86.52764,196
1051,39.17902,-86.52753,197
1051,39.17903,-86.52705,198
1051,39.17902,-86.52668,199
1051,39.17902,-86.52599,200
1051,39.17903,-86.52592,201
1051,39.17903,-86.52523,202
1051,39.17903,-86.52498,203
1051,39.17903,-86.52476,204
1051,39.17903,-86.52452,205
1051,39.17903,-86.5243,206
1051,39.17903,-86.5236,207
1051,39.17903,-86.52355,208
1051,39.17903,-86.52248,209
1051,39.17903,-86.5218,210
1051,39.17904,-86.52113,211
1051,39.17904,-86.52103,212
1051,39.17904,-86.52061,213
1051,39.17904,-86.51985,214
1051,39.17904,-86.5198,215
1051,39.17904,-86.51965,216
1051,39.17905,-86.51899,217
1051,39.17819,-86.51885,218
1051,39.178,-86.51883,219
1051,39.17784,-86.51881,220
1051,39.17763,-86.51881,221
1051,39.17746,-86.51881,222
1051,39.17735,-86.51881,223
1051,39.17669,-86.51885,224
1051,39.17643,-86.51888,225
1051,39.17611,-86.51892,226
1051,39.17542,-86.51903,227
1051,39.17511,-86.51905,228
1051,39.17478,-86.51901,229
1051,39.17463,-86.51899,230
1051,39.17451,-86.51897,231
1051,39.17412,-86.51892,232
1051,39.17406,-86.51892,233
1051,39.17398,-86.51891,234
1051,39.17359,-86.51891,235
1051,39.17356,-86.51891,236
1051,39.17341,-86.51891,237
1051,39.17329,-86.51895,238
1051,39.17305,-86.51896,239
1051,39.17302,-86.51897,240
1051,39.17296,-86.51897,241
1051,39.17231,-86.51901,242
1051,39.17176,-86.51904,243
1051,39.17173,-86.51904,244
1051,39.1716,-86.51905,245
1051,39.1716,-86.51946,246
1051,39.1716,-86.51972,247
1051,39.17161,-86.51993,248
1051,39.17161,-86.52016,249
1051,39.17161,-86.52039,250
1051,39.17161,-86.52072,251
1051,39.17161,-86.52077,252
1051,39.17161,-86.521,253
1051,39.17162,-86.52183,254
1051,39.17162,-86.52238,255
1051,39.17163,-86.5231,256
1051,39.17163,-86.52325,257
1051,39.17163,-86.5235,258
1051,39.17151,-86.5235,259
1051,39.17138,-86.52349,260
1051,39.17124,-86.52349,261
1051,39.17117,-86.52349,262
1051,39.17102,-86.52349,263
1051,39.17073,-86.52349,264
1051,39.17043,-86.52349,265
1051,39.17013,-86.52349,266
1051,39.16994,-86.52349,267
1051,39.16947,-86.52349,268
1051,39.16909,-86.5235,269
1051,39.16898,-86.5235,270
1051,39.16849,-86.52349,271
1051,39.16849,-86.52368,272
1051,39.16849,-86.52374,273
1051,39.16849,-86.52382,274
1051,39.16849,-86.5242,275
1051,39.16849,-86.52449,276
1051,39.16849,-86.52464,277
1051,39.16849,-86.52492,278
1051,39.1685,-86.52554,279
1051,39.1685,-86.52577,280
1051,39.1685,-86.5263,281
1051,39.16851,-86.52695,282
1051,39.16851,-86.52718,283
1051,39.16851,-86.52772,284
1051,39.16852,-86.52826,285
1051,39.16831,-86.52826,286
1051,39.16803,-86.52826,287
1051,39.16754,-86.52825,288
1051,39.16717,-86.52825,289
1051,39.16704,-86.52824,290
1051,39.16663,-86.52824,291
1051,39.16655,-86.52824,292
1051,39.16655,-86.52905,293
1051,39.16655,-86.52917,294
1051,39.16656,-86.5298,295
1051,39.16656,-86.53027,296
1051,39.16656,-86.53044,297
1051,39.16657,-86.53109,298
1051,39.16657,-86.53171,299
1051,39.16657,-86.53194,300
1051,39.16657,-86.53234,301
1051,39.16608,-86.53235,302
1051,39.1659,-86.53235,303
1051,39.16558,-86.53236,304
1051,39.16508,-86.53236,305
1051,39.16495,-86.53236,306
1051,39.16476,-86.53237,307
1051,39.16459,-86.53237,308
1051,39.16427,-86.53237,309
1041,39.20101,-86.54726,0
1041,39.20154,-86.5473,1
1041,39.20226,-86.54732,2
1041,39.20244,-86.54732,3
1041,39.2028,-86.54733,4
1041,39.20333,-86.54734,5
1041,39.20401,-86.54735,6
1041,39.20473,-86.54736,7
1041,39.20491,-86.54736,8
1041,39.20545,-86.54737,9
1041,39.20556,-86.54737,10
1041,39.20595,-86.54738,11
1041,39.2065,-86.54739,12
1041,39.20684,-86.5474,13
1041,39.20738,-86.54741,14
1041,39.2078,-86.54742,15
1041,39.20835,-86.54742,16
1041,39.20835,-86.54766,17
1041,39.20835,-86.54783,18
1041,39.20835,-86.5493,19
1041,39.20836,-86.55,20
1041,39.20836,-86.55001,21
1041,39.20838,-86.55117,22
1041,39.20838,-86.55139,23
1041,39.20839,-86.55209,24
1041,39.20786,-86.55209,25
1041,39.20784,-86.55209,26
1041,39.20766,-86.55208,27
1041,39.2075,-86.55208,28
1041,39.20709,-86.55208,29
1041,39.20696,-86.55208,30
1041,39.20694,-86.55208,31
1041,39.20678,-86.55207,32
1041,39.20659,-86.55207,33
1041,39.20642,-86.55207,34
1041,39.20623,-86.55207,35
1041,39.20605,-86.55206,36
1041,39.20603,-86.55206,37
1041,39.20587,-86.55206,38
1041,39.20569,-86.55206,39
1041,39.20551,-86.55206,40
1041,39.20461,-86.55204,41
1041,39.20443,-86.55204,42
1041,39.20425,-86.55204,43
1041,39.20407,-86.55204,44
1041,39.20389,-86.55203,45
1041,39.20371,-86.55203,46
1041,39.20353,-86.55203,47
1041,39.20345,-86.55203,48
1041,39.20335,-86.55203,49
1041,39.20282,-86.55202,50
1041,39.20264,-86.55202,51
1041,39.20208,-86.55201,52
1041,39.20204,-86.55201,53
1041,39.2019,-86.55197,54
1041,39.2019,-86.55172,55
1041,39.2019,-86.55144,56
1041,39.2019,-86.55143,57
1041,39.20191,-86.55074,58
1041,39.20191,-86.55052,59
1041,39.20191,-86.55051,60
1041,39.20191,-86.55034,61
1041,39.20191,-86.55027,62
1041,39.20191,-86.5501,63
1041,39.20192,-86.55005,64
1041,39.20193,-86.54993,65
1041,39.20157,-86.54993,66
1041,39.20121,-86.54993,67
1041,39.20109,-86.54993,68
1041,39.20097,-86.54987,69
1041,39.20083,-86.54978,70
1041,39.20066,-86.54962,71
1041,39.20058,-86.5495,72
1041,39.20048,-86.54932,73
1041,39.20044,-86.54915,74
1041,39.20044,-86.54911,75
1041,39.20043,-86.54904,76
1041,39.20043,-86.54877,77
1041,39.20043,-86.54816,78
1041,39.20082,-86.54814,79
1041,39.2009,-86.54806,80
1041,39.20093,-86.54801,81
1041,39.20098,-86.54792,82
1041,39.201,-86.54789,83
1041,39.201,-86.54781,84
1041,39.201,-86.54729,85
1041,39.201,-86.54694,86
1041,39.20101,-86.54624,87
1041,39.20102,-86.54532,88
1041,39.20103,-86.54369,89
1041,39.20103,-86.54346,90
1041,39.20103,-86.54343,91
1041,39.201,-86.54323,92
1041,39.201,-86.54318,93
1041,39.20095,-86.54305,94
1041,39.20086,-86.54281,95
1041,39.20033,-86.54267,96
1041,39.1998,-86.54253,97
1041,39.19945,-86.54244,98
1041,39.19927,-86.54239,99
1041,39.1991,-86.54235,100
1041,39.19908,-86.54234,101
1041,39.19857,-86.54221,102
1041,39.19839,-86.54217,103
1041,39.19821,-86.54212,104
1041,39.19819,-86.54211,105
1041,39.19815,-86.54234,106
1041,39.19802,-86.54325,107
1041,39.19797,-86.54347,108
1041,39.19788,-86.54384,109
1041,39.19782,-86.54398,110
1041,39.19768,-86.54423,111
1041,39.1973,-86.54472,112
1041,39.19689,-86.54524,113
1041,39.19659,-86.5457,114
1041,39.1965,-86.546,115
1041,39.19647,-86.54614,116
1041,39.19646,-86.54623,117
1041,39.19645,-86.54629,118
1041,39.19645,-86.54637,119
1041,39.19642,-86.5467,120
1041,39.19617,-86.5467,121
1041,39.19581,-86.5467,122
1041,39.19563,-86.5467,123
1041,39.19513,-86.5467,124
1041,39.19482,-86.54667,125
1041,39.19473,-86.54664,126
1041,39.19465,-86.54662,127
1041,39.1944,-86.54647,128
1041,39.19427,-86.5462,129
1041,39.19423,-86.54599,130
1041,39.19421,-86.54536,131
1041,39.1942,-86.54512,132
1041,39.1942,-86.54507,133
1041,39.19419,-86.54411,134
1041,39.19419,-86.54397,135
1041,39.19418,-86.54281,136
1041,39.19418,-86.54258,137
1041,39.19418,-86.54223,138
1041,39.19417,-86.54115,139
1041,39.19417,-86.5411,140
1041,39.19392,-86.54102,141
1041,39.19372,-86.54083,142
1041,39.19361,-86.54055,143
1041,39.19342,-86.54006,144
1041,39.19337,-86.53993,145
1041,39.19329,-86.53972,146
1041,39.19303,-86.53897,147
1041,39.19295,-86.53872,148
1041,39.19289,-86.53854,149
1041,39.1928,-86.5383,150
1041,39.19274,-86.53818,151
1041,39.1927,-86.53811,152
1041,39.19261,-86.53799,153
1041,39.19245,-86.53786,154
1041,39.19231,-86.53779,155
1041,39.19226,-86.53777,156
1041,39.19209,-86.53773,157
1041,39.19195,-86.53772,158
1041,39.19185,-86.53771,159
1041,39.19142,-86.53772,160
1041,39.19124,-86.53772,161
1041,39.19057,-86.53773,162
1041,39.19016,-86.53775,163
1041,39.18985,-86.53775,164
1041,39.18951,-86.53775,165
1041,39.18877,-86.53775,166
1041,39.18809,-86.53775,167
1041,39.18755,-86.53773,168
1041,39.18705,-86.53771,169
1041,39.18694,-86.53771,170
1041,39.18688,-86.53771,171
1041,39.18658,-86.53772,172
1041,39.18645,-86.53772,173
1041,39.18637,-86.53669,174
1041,39.18635,-86.53627,175
1041,39.18631,-86.53571,176
1041,39.18629,-86.53525,177
1041,39.18628,-86.53515,178
1041,39.18626,-86.53469,179
1041,39.18625,-86.5346,180
1041,39.18604,-86.53462,181
1041,39.18598,-86.53462,182
1041,39.1859,-86.53463,183
1041,39.18568,-86.53464,184
1041,39.18557,-86.53463,185
1041,39.18548,-86.53463,186
1041,39.18546,-86.53463,187
1041,39.18541,-86.53463,188
1041,39.18535,-86.53463,189
1041,39.18525,-86.53462,190
1041,39.18495,-86.53459,191
1041,39.18473,-86.53458,192
1041,39.18472,-86.53458,193
1041,39.18462,-86.53457,194
1041,39.18453,-86.53457,195
1041,39.18444,-86.53457,196
1041,39.18435,-86.53456,197
1041,39.18421,-86.53457,198
1041,39.18386,-86.53458,199
1041,39.18355,-86.5346,200
1041,39.1834,-86.53461,201
1041,39.18334,-86.53461,202
1041,39.18298,-86.53462,203
1041,39.18279,-86.53462,204
1041,39.18264,-86.53463,205
1041,39.18251,-86.53463,206
1041,39.18238,-86.53464,207
1041,39.18209,-86.53465,208
1041,39.18159,-86.53466,209
1041,39.18015,-86.53468,210
1041,39.18006,-86.53469,211
1041,39.17955,-86.5347,212
1041,39.17907,-86.5347,213
1041,39.17899,-86.53471,214
1041,39.17845,-86.53471,215
1041,39.17771,-86.53472,216
1041,39.17737,-86.53473,217
1041,39.1773,-86.53473,218
1041,39.17686,-86.53473,219
1041,39.17653,-86.53474,220
1041,39.17642,-86.53474,221
1041,39.17596,-86.53475,222
1041,39.17524,-86.53478,223
1041,39.17506,-86.53478,224
1041,39.17488,-86.53478,225
1041,39.17438,-86.53479,226
1041,39.17419,-86.53479,227
1041,39.17383,-86.5348,228
1041,39.17376,-86.5348,229
1041,39.17357,-86.5348,230
1041,39.17343,-86.5348,231
1041,39.17329,-86.5348,232
1041,39.1733,-86.53417,233
1041,39.17329,-86.5339,234
1041,39.17329,-86.53381,235
1041,39.17329,-86.53358,236
1041,39.17372,-86.53358,237
1041,39.17417,-86.53357,238
1041,39.17439,-86.53357,239
1041,39.17463,-86.53357,240
1041,39.17493,-86.53356,241
1041,39.17521,-86.53356,242
1041,39.17592,-86.53354,243
1041,39.17596,-86.53354,244
1041,39.17641,-86.53354,245
1041,39.17686,-86.53353,246
1041,39.1773,-86.53352,247
1041,39.17766,-86.53352,248
1041,39.17776,-86.53352,249
1041,39.17843,-86.5335,250
1041,39.17846,-86.5335,251
1041,39.17855,-86.5335,252
1041,39.17869,-86.5335,253
1041,39.17897,-86.53349,254
1041,39.17907,-86.53349,255
1041,39.17922,-86.53349,256
1041,39.17965,-86.53351,257
1041,39.17984,-86.53352,258
1041,39.17998,-86.53353,259
1041,39.18014,-86.53355,260
1041,39.18032,-86.53357,261
1041,39.18075,-86.53363,262
1041,39.18095,-86.53365,263
1041,39.18108,-86.53368,264
1041,39.18131,-86.53372,265
1041,39.18149,-86.53375,266
1041,39.18184,-86.53383,267
1041,39.18226,-86.53391,268
1041,39.18246,-86.53396,269
1041,39.18267,-86.534,270
1041,39.18308,-86.53408,271
1041,39.18324,-86.53412,272
1041,39.18333,-86.53414,273
1041,39.18339,-86.53415,274
1041,39.18374,-86.53423,275
1041,39.18425,-86.53433,276
1041,39.18454,-86.53438,277
1041,39.18479,-86.53442,278
1041,39.18489,-86.53444,279
1041,39.18499,-86.53445,280
1041,39.18517,-86.53447,281
1041,39.1855,-86.53448,282
1041,39.18567,-86.53448,283
1041,39.18591,-86.53448,284
1041,39.18602,-86.53447,285
1041,39.18604,-86.53447,286
1041,39.18626,-86.53445,287
1041,39.18638,-86.53443,288
1041,39.18638,-86.53458,289
1041,39.18643,-86.53527,290
1041,39.18643,-86.53532,291
1041,39.18643,-86.53533,292
1041,39.18645,-86.53559,293
1041,39.18648,-86.53608,294
1041,39.18651,-86.53657,295
1041,39.18654,-86.53716,296
1041,39.18657,-86.53758,297
1041,39.18658,-86.53772,298
1041,39.18645,-86.53772,299
1041,39.18637,-86.53669,300
1041,39.18637,-86.5366,301
1041,39.18635,-86.53627,302
1041,39.18631,-86.53571,303
1041,39.18629,-86.53525,304
1041,39.18628,-86.53515,305
1041,39.18626,-86.53473,306
1041,39.18625,-86.5346,307
1041,39.18604,-86.53462,308
1041,39.18598,-86.53462,309
1041,39.1859,-86.53463,310
1041,39.18568,-86.53464,311
1041,39.18557,-86.53463,312
1041,39.18546,-86.53463,313
1041,39.18541,-86.53463,314
1041,39.18535,-86.53463,315
1041,39.18525,-86.53462,316
1041,39.18495,-86.53459,317
1041,39.18473,-86.53458,318
1041,39.18472,-86.53458,319
1041,39.18462,-86.53457,320
1041,39.18453,-86.53457,321
1041,39.18444,-86.53457,322
1041,39.18435,-86.53456,323
1041,39.18421,-86.53457,324
1041,39.18386,-86.53458,325
1041,39.18355,-86.5346,326
1041,39.1834,-86.53461,327
1041,39.18334,-86.53461,328
1041,39.18298,-86.53462,329
1041,39.18264,-86.53463,330
1041,39.18251,-86.53463,331
1041,39.18209,-86.53465,332
1041,39.18159,-86.53466,333
1041,39.18015,-86.53468,334
1041,39.17955,-86.5347,335
1041,39.17907,-86.5347,336
1041,39.17899,-86.53471,337
1041,39.17845,-86.53471,338
1041,39.17771,-86.53472,339
1041,39.1773,-86.53473,340
1041,39.17686,-86.53473,341
1041,39.17653,-86.53474,342
1041,39.17642,-86.53474,343
1041,39.17596,-86.53475,344
1041,39.17524,-86.53478,345
1041,39.17506,-86.53478,346
1041,39.17488,-86.53478,347
1041,39.17419,-86.53479,348
1041,39.17383,-86.5348,349
1041,39.17357,-86.5348,350
1041,39.17329,-86.5348,351
1041,39.1733,-86.53417,352
1041,39.17329,-86.53381,353
1041,39.17329,-86.53358,354
1041,39.17401,-86.53358,355
1041,39.17417,-86.53357,356
1041,39.17439,-86.53357,357
1041,39.17493,-86.53356,358
1041,39.17507,-86.53356,359
1041,39.17521,-86.53356,360
1041,39.17596,-86.53354,361
1041,39.17596,-86.53331,362
1041,39.17596,-86.53301,363
1041,39.17596,-86.53298,364
1041,39.17596,-86.53271,365
1041,39.17596,-86.53225,366
1041,39.17596,-86.53222,367
1041,39.17597,-86.53207,368
1041,39.17597,-86.53169,369
1041,39.17597,-86.53138,370
1041,39.17598,-86.53098,371
1041,39.17598,-86.53064,372
1041,39.17598,-86.52977,373
1041,39.17598,-86.5297,374
1041,39.17598,-86.52907,375
1041,39.17598,-86.52896,376
1041,39.17599,-86.52833,377
1041,39.17898,-86.52832,378
1041,39.17899,-86.52713,379
1041,39.17901,-86.52199,380
1041,39.179,-86.51902,381
1041,39.1784,-86.51889,382
1041,39.17796,-86.51881,383
1041,39.17708,-86.51882,384
1041,39.17553,-86.51901,385
1041,39.17513,-86.51906,386
1041,39.1741,-86.51889,387
1041,39.1733,-86.51891,388
1041,39.17241,-86.519,389
1041,39.17173,-86.51904,390
1041,39.1716,-86.51905,391
1041,39.1716,-86.5192,392
1041,39.1716,-86.51972,393
1041,39.17161,-86.51993,394
1041,39.17161,-86.52016,395
1041,39.17161,-86.52039,396
1041,39.17161,-86.52072,397
1041,39.17161,-86.52077,398
1041,39.17161,-86.521,399
1041,39.17162,-86.52238,400
1041,39.17163,-86.52304,401
1041,39.17163,-86.52325,402
1041,39.17163,-86.5235,403
1041,39.17151,-86.5235,404
1041,39.17138,-86.52349,405
1041,39.17117,-86.52349,406
1041,39.17102,-86.52349,407
1041,39.17088,-86.52349,408
1041,39.17073,-86.52349,409
1041,39.17043,-86.52349,410
1041,39.17013,-86.52349,411
1041,39.16994,-86.52349,412
1041,39.16947,-86.52349,413
1041,39.16908,-86.5235,414
1041,39.16898,-86.5235,415
1041,39.16853,-86.52349,416
1041,39.16849,-86.52349,417
1041,39.16849,-86.52368,418
1041,39.16849,-86.52374,419
1041,39.16849,-86.52382,420
1041,39.16849,-86.5242,421
1041,39.16849,-86.52449,422
1041,39.16849,-86.52464,423
1041,39.1685,-86.52547,424
1041,39.16851,-86.52694,425
1041,39.16852,-86.52806,426
1041,39.16852,-86.52826,427
1041,39.16827,-86.52826,428
1041,39.16803,-86.52826,429
1041,39.16754,-86.52825,430
1041,39.16704,-86.52824,431
1041,39.16655,-86.52824,432
1041,39.16655,-86.52917,433
1041,39.16656,-86.5298,434
1041,39.16656,-86.53044,435
1041,39.16657,-86.53109,436
1041,39.16657,-86.53171,437
1041,39.16657,-86.5323,438
1041,39.16657,-86.53234,439
1041,39.16608,-86.53235,440
1041,39.16558,-86.53236,441
1041,39.16508,-86.53236,442
1041,39.16495,-86.53236,443
1041,39.16459,-86.53237,444
1041,39.16465,-86.53237,445
1041,39.16465,-86.53237,446
1041,39.16459,-86.53237,447
1041,39.16447,-86.53237,448
1041,39.16427,-86.53238,449
1041,39.16426,-86.53361,450
1041,39.16454,-86.53363,451
1041,39.16454,-86.53299,452
1041,39.16458,-86.53291,453
1041,39.16458,-86.53242,454
1041,39.16458,-86.53109,455
1041,39.16655,-86.53109,456
1041,39.16657,-86.53109,457
1041,39.16657,-86.53109,458
1041,39.16656,-86.52979,459
1041,39.16657,-86.53109,460
1041,39.16458,-86.53109,461
1041,39.16657,-86.53109,462
1041,39.16657,-86.53109,463
1041,39.16657,-86.53109,464
1041,39.16656,-86.52979,465
1041,39.16657,-86.53109,466
1041,39.16458,-86.53109,467
1041,39.16458,-86.53109,468
1041,39.16657,-86.53109,469
1041,39.16653,-86.52694,470
1041,39.16745,-86.52694,471
1041,39.16849,-86.52694,472
1061,39.16425,-86.5336,0
1061,39.16451,-86.53364,1
1061,39.16456,-86.53364,2
1061,39.16455,-86.53339,3
1061,39.16455,-86.53301,4
1061,39.16459,-86.53295,5
1061,39.16459,-86.53276,6
1061,39.16459,-86.5325,7
1061,39.16459,-86.53237,8
1061,39.16459,-86.53193,9
1061,39.1646,-86.53179,10
1061,39.16459,-86.53152,11
1061,39.16459,-86.53121,12
1061,39.16459,-86.53109,13
1061,39.16482,-86.53109,14
1061,39.16528,-86.5311,15
1061,39.16557,-86.5311,16
1061,39.16575,-86.53109,17
1061,39.16608,-86.53108,18
1061,39.16639,-86.53109,19
1061,39.16652,-86.53109,20
1061,39.16657,-86.53109,21
1061,39.16656,-86.53044,22
1061,39.16656,-86.53016,23
1061,39.16656,-86.5298,24
1061,39.16655,-86.52917,25
1061,39.16655,-86.52824,26
1061,39.16654,-86.52782,27
1061,39.16655,-86.52745,28
1061,39.16655,-86.52743,29
1061,39.16655,-86.5271,30
1061,39.16655,-86.52693,31
1061,39.16669,-86.52693,32
1061,39.16705,-86.52694,33
1061,39.16734,-86.52694,34
1061,39.16745,-86.52693,35
1061,39.16753,-86.52694,36
1061,39.16757,-86.52694,37
1061,39.16801,-86.52695,38
1061,39.16822,-86.52695,39
1061,39.1684,-86.52695,40
1061,39.16851,-86.52695,41
1061,39.1685,-86.52606,42
1061,39.1685,-86.52577,43
1061,39.1685,-86.52554,44
1061,39.16849,-86.52464,45
1061,39.16849,-86.52449,46
1061,39.16849,-86.5242,47
1061,39.16849,-86.52382,48
1061,39.16849,-86.52374,49
1061,39.16849,-86.52368,50
1061,39.16849,-86.52357,51
1061,39.16849,-86.52349,52
1061,39.16898,-86.5235,53
1061,39.16947,-86.52349,54
1061,39.16994,-86.52349,55
1061,39.17013,-86.52349,56
1061,39.17043,-86.52349,57
1061,39.17057,-86.52349,58
1061,39.17073,-86.52349,59
1061,39.17102,-86.52349,60
1061,39.17117,-86.52349,61
1061,39.17131,-86.52349,62
1061,39.17138,-86.52349,63
1061,39.17151,-86.5235,64
1061,39.17163,-86.5235,65
1061,39.17163,-86.52325,66
1061,39.17162,-86.52238,67
1061,39.17162,-86.52173,68
1061,39.17161,-86.521,69
1061,39.17161,-86.52077,70
1061,39.17161,-86.52072,71
1061,39.17161,-86.52039,72
1061,39.17161,-86.52016,73
1061,39.17161,-86.51993,74
1061,39.1716,-86.51972,75
1061,39.1716,-86.51952,76
1061,39.1716,-86.51905,77
1061,39.1716,-86.51898,78
1061,39.1717,-86.51898,79
1061,39.17296,-86.51888,80
1061,39.17308,-86.51888,81
1061,39.17329,-86.51887,82
1061,39.17341,-86.51891,83
1061,39.17359,-86.51891,84
1061,39.17398,-86.51891,85
1061,39.17406,-86.51892,86
1061,39.17412,-86.51892,87
1061,39.17451,-86.51897,88
1061,39.17463,-86.51899,89
1061,39.17511,-86.51905,90
1061,39.17542,-86.51903,91
1061,39.17546,-86.51902,92
1061,39.17611,-86.51892,93
1061,39.17643,-86.51888,94
1061,39.17669,-86.51885,95
1061,39.17735,-86.51881,96
1061,39.17746,-86.51881,97
1061,39.17763,-86.51881,98
1061,39.17784,-86.51881,99
1061,39.178,-86.51883,100
1061,39.17819,-86.51885,101
1061,39.17886,-86.51896,102
1061,39.17905,-86.51899,103
1061,39.17904,-86.51965,104
1061,39.17904,-86.5198,105
1061,39.17904,-86.52008,106
1061,39.17904,-86.52061,107
1061,39.17904,-86.52103,108
1061,39.17904,-86.52113,109
1061,39.17903,-86.5218,110
1061,39.17903,-86.52248,111
1061,39.17903,-86.52355,112
1061,39.17903,-86.5236,113
1061,39.17903,-86.5243,114
1061,39.17903,-86.52433,115
1061,39.17903,-86.52452,116
1061,39.17903,-86.52476,117
1061,39.17903,-86.52523,118
1061,39.17903,-86.52592,119
1061,39.17902,-86.52599,120
1061,39.17902,-86.52668,121
1061,39.17903,-86.52705,122
1061,39.17902,-86.52753,123
1061,39.17902,-86.52775,124
1061,39.17902,-86.52787,125
1061,39.17901,-86.52832,126
1061,39.17893,-86.52833,127
1061,39.1788,-86.52833,128
1061,39.17839,-86.52834,129
1061,39.17826,-86.52834,130
1061,39.17778,-86.52834,131
1061,39.17733,-86.52834,132
1061,39.17698,-86.52834,133
1061,39.17688,-86.52834,134
1061,39.17655,-86.52834,135
1061,39.17614,-86.52833,136
1061,39.17602,-86.52833,137
1061,39.17599,-86.52833,138
1061,39.17598,-86.52896,139
1061,39.17598,-86.52907,140
1061,39.17598,-86.52962,141
1061,39.17598,-86.5297,142
1061,39.17598,-86.52977,143
1061,39.17598,-86.53064,144
1061,39.17598,-86.53098,145
1061,39.17597,-86.53169,146
1061,39.17596,-86.53222,147
1061,39.17596,-86.53225,148
1061,39.17596,-86.53271,149
1061,39.17596,-86.53277,150
1061,39.17596,-86.53298,151
1061,39.17596,-86.53331,152
1061,39.17596,-86.53354,153
1061,39.17641,-86.53354,154
1061,39.17646,-86.53354,155
1061,39.17686,-86.53353,156
1061,39.1773,-86.53352,157
1061,39.17766,-86.53352,158
1061,39.17776,-86.53352,159
1061,39.17843,-86.5335,160
1061,39.17855,-86.5335,161
1061,39.17862,-86.5335,162
1061,39.17869,-86.5335,163
1061,39.17897,-86.53349,164
1061,39.17907,-86.53349,165
1061,39.17922,-86.53349,166
1061,39.17965,-86.53351,167
1061,39.17984,-86.53352,168
1061,39.17998,-86.53353,169
1061,39.18014,-86.53355,170
1061,39.18032,-86.53357,171
1061,39.18075,-86.53363,172
1061,39.18095,-86.53365,173
1061,39.18108,-86.53368,174
1061,39.18131,-86.53372,175
1061,39.18149,-86.53375,176
1061,39.18184,-86.53383,177
1061,39.18226,-86.53391,178
1061,39.18252,-86.53397,179
1061,39.18267,-86.534,180
1061,39.18308,-86.53408,181
1061,39.18324,-86.53412,182
1061,39.18333,-86.53414,183
1061,39.18339,-86.53415,184
1061,39.18374,-86.53423,185
1061,39.18425,-86.53433,186
1061,39.18454,-86.53438,187
1061,39.18479,-86.53442,188
1061,39.18489,-86.53444,189
1061,39.18499,-86.53445,190
1061,39.18517,-86.53447,191
1061,39.1855,-86.53448,192
1061,39.1856,-86.53448,193
1061,39.18567,-86.53448,194
1061,39.18591,-86.53448,195
1061,39.18604,-86.53447,196
1061,39.18626,-86.53445,197
1061,39.18638,-86.53443,198
1061,39.18638,-86.53458,199
1061,39.1864,-86.53477,200
1061,39.18643,-86.53527,201
1061,39.18643,-86.53533,202
1061,39.18645,-86.53559,203
1061,39.18648,-86.53608,204
1061,39.18651,-86.53657,205
1061,39.18653,-86.5369,206
1061,39.18658,-86.53772,207
1061,39.18694,-86.53771,208
1061,39.18705,-86.53771,209
1061,39.18752,-86.53773,210
1061,39.18755,-86.53773,211
1061,39.18809,-86.53775,212
1061,39.18877,-86.53775,213
1061,39.18985,-86.53775,214
1061,39.19016,-86.53775,215
1061,39.19031,-86.53774,216
1061,39.19057,-86.53773,217
1061,39.19124,-86.53772,218
1061,39.19142,-86.53772,219
1061,39.19159,-86.53771,220
1061,39.19185,-86.53771,221
1061,39.19195,-86.53772,222
1061,39.19209,-86.53773,223
1061,39.19226,-86.53777,224
1061,39.19231,-86.53779,225
1061,39.19245,-86.53786,226
1061,39.19261,-86.53799,227
1061,39.1927,-86.53811,228
1061,39.19274,-86.53818,229
1061,39.1928,-86.5383,230
1061,39.19289,-86.53854,231
1061,39.19303,-86.53897,232
1061,39.19329,-86.53972,233
1061,39.19337,-86.53993,234
1061,39.19342,-86.54006,235
1061,39.19361,-86.54055,236
1061,39.19372,-86.54083,237
1061,39.19388,-86.54098,238
1061,39.19392,-86.54102,239
1061,39.19417,-86.5411,240
1061,39.19418,-86.54223,241
1061,39.19418,-86.54258,242
1061,39.19418,-86.54281,243
1061,39.19419,-86.54339,244
1061,39.19419,-86.54397,245
1061,39.19419,-86.54411,246
1061,39.1942,-86.54507,247
1061,39.19421,-86.54536,248
1061,39.19423,-86.54599,249
1061,39.19427,-86.5462,250
1061,39.1944,-86.54647,251
1061,39.19465,-86.54662,252
1061,39.19473,-86.54664,253
1061,39.19479,-86.54666,254
1061,39.19482,-86.54667,255
1061,39.19513,-86.5467,256
1061,39.19563,-86.5467,257
1061,39.19581,-86.5467,258
1061,39.19617,-86.5467,259
1061,39.19642,-86.5467,260
1061,39.19645,-86.54637,261
1061,39.19646,-86.54623,262
1061,39.19647,-86.54615,263
1061,39.19647,-86.54614,264
1061,39.1965,-86.546,265
1061,39.19659,-86.5457,266
1061,39.19689,-86.54524,267
1061,39.1973,-86.54472,268
1061,39.19748,-86.54449,269
1061,39.19768,-86.54423,270
1061,39.19782,-86.54398,271
1061,39.19788,-86.54384,272
1061,39.19797,-86.54347,273
1061,39.19802,-86.54325,274
1061,39.19812,-86.54256,275
1061,39.19815,-86.54234,276
1061,39.19819,-86.54211,277
1061,39.19839,-86.54217,278
1061,39.19857,-86.54221,279
1061,39.1991,-86.54235,280
1061,39.19927,-86.54239,281
1061,39.19945,-86.54244,282
1061,39.1998,-86.54253,283
1061,39.19996,-86.54257,284
1061,39.20033,-86.54267,285
1061,39.20086,-86.54281,286
1061,39.20095,-86.54305,287
1061,39.201,-86.54318,288
1061,39.201,-86.54323,289
1061,39.20103,-86.54343,290
1061,39.20103,-86.54346,291
1061,39.20103,-86.54369,292
1061,39.20103,-86.5437,293
1061,39.20102,-86.54532,294
1061,39.20101,-86.54624,295
1061,39.20101,-86.5465,296
1061,39.201,-86.54694,297
1061,39.201,-86.54729,298
1061,39.20154,-86.5473,299
1061,39.20191,-86.54731,300
1061,39.20226,-86.54732,301
1061,39.20244,-86.54732,302
1061,39.2028,-86.54733,303
1061,39.20333,-86.54734,304
1061,39.20373,-86.54734,305
1061,39.20401,-86.54735,306
1061,39.20473,-86.54736,307
1061,39.20491,-86.54736,308
1061,39.20522,-86.54736,309
1061,39.20545,-86.54737,310
1061,39.20556,-86.54737,311
1061,39.20595,-86.54738,312
1061,39.20684,-86.5474,313
1061,39.20738,-86.54741,314
1061,39.20765,-86.54741,315
1061,39.2078,-86.54742,316
1061,39.20835,-86.54742,317
1061,39.20835,-86.54766,318
1061,39.20835,-86.54899,319
1061,39.20835,-86.5493,320
1061,39.20836,-86.55,321
1061,39.20836,-86.55001,322
1061,39.20838,-86.55117,323
1061,39.20838,-86.55139,324
1061,39.20839,-86.55209,325
1061,39.20786,-86.55209,326
1061,39.20784,-86.55209,327
1061,39.20771,-86.55208,328
1061,39.20766,-86.55208,329
1061,39.2075,-86.55208,330
1061,39.20696,-86.55208,331
1061,39.20694,-86.55208,332
1061,39.20678,-86.55207,333
1061,39.20659,-86.55207,334
1061,39.20642,-86.55207,335
1061,39.20623,-86.55207,336
1061,39.20605,-86.55206,337
1061,39.20603,-86.55206,338
1061,39.20587,-86.55206,339
1061,39.20569,-86.55206,340
1061,39.20551,-86.55206,341
1061,39.20466,-86.55205,342
1061,39.20461,-86.55204,343
1061,39.20443,-86.55204,344
1061,39.20425,-86.55204,345
1061,39.20407,-86.55204,346
1061,39.20389,-86.55203,347
1061,39.20371,-86.55203,348
1061,39.20353,-86.55203,349
1061,39.20335,-86.55203,350
1061,39.20282,-86.55202,351
1061,39.20264,-86.55202,352
1061,39.20226,-86.55201,353
1061,39.20204,-86.55201,354
1061,39.2019,-86.55197,355
1061,39.2019,-86.55172,356
1061,39.2019,-86.55144,357
1061,39.2019,-86.55143,358
1061,39.20191,-86.55074,359
1061,39.20191,-86.55052,360
1061,39.20191,-86.55051,361
1061,39.20191,-86.55043,362
1061,39.20191,-86.55027,363
1061,39.20191,-86.5501,364
1061,39.20192,-86.55005,365
1061,39.20193,-86.54993,366
1061,39.20157,-86.54993,367
1061,39.20121,-86.54993,368
1061,39.20109,-86.54993,369
1061,39.20097,-86.54987,370
1061,39.20083,-86.54978,371
1061,39.20066,-86.54962,372
1061,39.20058,-86.5495,373
1061,39.20051,-86.54937,374
1061,39.20048,-86.54932,375
1061,39.20044,-86.54915,376
1061,39.20044,-86.54911,377
1061,39.20043,-86.54904,378
1061,39.20043,-86.54827,379
1061,39.20043,-86.54816,380
1061,39.20082,-86.54814,381
1061,39.2009,-86.54806,382
1061,39.20093,-86.54801,383
1061,39.201,-86.54789,384
1061,39.201,-86.54781,385
1061,39.201,-86.54735,386
80013,39.16466,-86.4737,0
80013,39.16482,-86.47369,1
80013,39.16507,-86.4737,2
80013,39.16568,-86.47371,3
80013,39.16591,-86.47371,4
80013,39.1664,-86.47369,5
80013,39.16658,-86.4737,6
80013,39.16664,-86.47371,7
80013,39.16667,-86.47371,8
80013,39.16669,-86.47372,9
80013,39.16672,-86.47374,10
80013,39.16675,-86.47377,11
80013,39.16679,-86.47381,12
80013,39.16683,-86.47385,13
80013,39.16688,-86.47394,14
80013,39.16693,-86.47404,15
80013,39.16699,-86.47419,16
80013,39.16703,-86.47427,17
80013,39.16707,-86.47435,18
80013,39.16708,-86.47439,19
80013,39.16709,-86.47441,20
80013,39.16712,-86.47449,21
80013,39.16714,-86.47456,22
80013,39.16715,-86.4746,23
80013,39.16716,-86.47465,24
80013,39.16717,-86.47474,25
80013,39.16718,-86.47483,26
80013,39.1672,-86.47506,27
80013,39.16722,-86.47529,28
80013,39.16725,-86.47553,29
80013,39.16732,-86.47622,30
80013,39.16734,-86.47645,31
80013,39.16734,-86.47648,32
80013,39.16735,-86.47691,33
80013,39.16737,-86.47784,34
80013,39.16736,-86.47823,35
80013,39.16736,-86.47833,36
80013,39.16736,-86.47854,37
80013,39.16735,-86.47865,38
80013,39.16734,-86.47879,39
80013,39.16733,-86.47887,40
80013,39.16731,-86.47896,41
80013,39.1673,-86.47899,42
80013,39.16728,-86.47905,43
80013,39.16724,-86.47917,44
80013,39.16723,-86.4792,45
80013,39.16722,-86.47922,46
80013,39.16719,-86.47929,47
80013,39.16694,-86.47965,48
80013,39.1665,-86.48026,49
80013,39.16637,-86.48043,50
80013,39.16627,-86.48085,51
80013,39.16627,-86.48087,52
80013,39.16626,-86.4811,53
80013,39.16625,-86.48129,54
80013,39.16661,-86.4813,55
80013,39.16697,-86.48131,56
80013,39.16733,-86.48132,57
80013,39.16771,-86.48132,58
80013,39.16794,-86.48133,59
80013,39.16816,-86.48133,60
80013,39.16834,-86.48134,61
80013,39.1687,-86.48135,62
80013,39.16888,-86.48135,63
80013,39.16911,-86.48134,64
80013,39.16974,-86.48135,65
80013,39.1701,-86.48136,66
80013,39.17046,-86.48136,67
80013,39.17071,-86.48137,68
80013,39.17117,-86.48138,69
80013,39.17139,-86.48141,70
80013,39.17152,-86.48146,71
80013,39.17162,-86.4815,72
80013,39.17165,-86.48151,73
80013,39.17178,-86.48158,74
80013,39.17195,-86.48169,75
80013,39.17215,-86.48192,76
80013,39.17218,-86.48197,77
80013,39.17247,-86.48237,78
80013,39.17255,-86.48248,79
80013,39.17259,-86.48256,80
80013,39.17264,-86.48268,81
80013,39.17255,-86.48279,82
80013,39.17242,-86.48296,83
80013,39.1723,-86.48315,84
80013,39.17221,-86.48333,85
80013,39.17217,-86.48345,86
80013,39.17215,-86.48352,87
80013,39.17209,-86.48373,88
80013,39.17206,-86.48389,89
80013,39.17206,-86.48392,90
80013,39.17203,-86.4841,91
80013,39.17201,-86.48421,92
80013,39.17199,-86.4844,93
80013,39.17199,-86.48444,94
80013,39.17198,-86.48465,95
80013,39.17198,-86.48467,96
80013,39.17198,-86.48477,97
80013,39.17199,-86.48487,98
80013,39.172,-86.485,99
80013,39.17202,-86.48515,100
80013,39.17203,-86.48532,101
80013,39.17204,-86.48536,102
80013,39.17204,-86.48548,103
80013,39.17204,-86.48559,104
80013,39.17204,-86.48562,105
80013,39.17204,-86.48583,106
80013,39.172,-86.48627,107
80013,39.172,-86.48628,108
80013,39.17197,-86.48666,109
80013,39.17194,-86.48696,110
80013,39.1719,-86.48742,111
80013,39.17189,-86.48748,112
80013,39.17184,-86.488,113
80013,39.17179,-86.48846,114
80013,39.17177,-86.48859,115
80013,39.17172,-86.48889,116
80013,39.17169,-86.48908,117
80013,39.17164,-86.48931,118
80013,39.17162,-86.48945,119
80013,39.17157,-86.48974,120
80013,39.17156,-86.48987,121
80013,39.17154,-86.49002,122
80013,39.17153,-86.4904,123
80013,39.17153,-86.49053,124
80013,39.17153,-86.49088,125
80013,39.17152,-86.49146,126
80013,39.17152,-86.49216,127
80013,39.17151,-86.49295,128
80013,39.17151,-86.49346,129
80013,39.1715,-86.49413,130
80013,39.1715,-86.49462,131
80013,39.17149,-86.49495,132
80013,39.17149,-86.49513,133
80013,39.17148,-86.49543,134
80013,39.17133,-86.49542,135
80013,39.1713,-86.49542,136
80013,39.17121,-86.49543,137
80013,39.17057,-86.49557,138
80013,39.17025,-86.49569,139
80013,39.17001,-86.49577,140
80013,39.16961,-86.49589,141
80013,39.16949,-86.49592,142
80013,39.16941,-86.49593,143
80013,39.16939,-86.49594,144
80013,39.16936,-86.49594,145
80013,39.16932,-86.49594,146
80013,39.16928,-86.49594,147
80013,39.16924,-86.49593,148
80013,39.16919,-86.49591,149
80013,39.16915,-86.4959,150
80013,39.16909,-86.49587,151
80013,39.16902,-86.49582,152
80013,39.16898,-86.49579,153
80013,39.16894,-86.49586,154
80013,39.16893,-86.4959,155
80013,39.16892,-86.49593,156
80013,39.16892,-86.49596,157
80013,39.16891,-86.496,158
80013,39.16891,-86.49652,159
80013,39.16892,-86.49693,160
80013,39.16891,-86.49696,161
80013,39.16891,-86.49698,162
80013,39.16891,-86.49702,163
80013,39.1689,-86.49705,164
80013,39.16889,-86.49707,165
80013,39.16888,-86.49709,166
80013,39.16887,-86.49711,167
80013,39.16886,-86.49712,168
80013,39.16885,-86.49713,169
80013,39.16884,-86.49714,170
80013,39.16883,-86.49714,171
80013,39.16882,-86.49715,172
80013,39.16879,-86.49716,173
80013,39.16876,-86.49717,174
80013,39.16873,-86.49717,175
80013,39.1684,-86.49717,176
80013,39.16831,-86.49717,177
80013,39.16831,-86.49709,178
80013,39.16832,-86.49705,179
80013,39.16834,-86.49702,180
80013,39.16836,-86.49701,181
80013,39.16852,-86.49685,182
80013,39.16881,-86.49656,183
80013,39.16883,-86.49654,184
80013,39.16885,-86.49653,185
80013,39.16886,-86.49652,186
80013,39.16888,-86.49652,187
80013,39.16891,-86.49652,188
80013,39.16891,-86.496,189
80013,39.16892,-86.49596,190
80013,39.16892,-86.49593,191
80013,39.16893,-86.4959,192
80013,39.16894,-86.49586,193
80013,39.16898,-86.49579,194
80013,39.16896,-86.49577,195
80013,39.16894,-86.49574,196
80013,39.16891,-86.49572,197
80013,39.16889,-86.49569,198
80013,39.16885,-86.49563,199
80013,39.16873,-86.49546,200
80013,39.16857,-86.49525,201
80013,39.16849,-86.49513,202
80013,39.1684,-86.49503,203
80013,39.16826,-86.49496,204
80013,39.16822,-86.49495,205
80013,39.16817,-86.49494,206
80013,39.16811,-86.49494,207
80013,39.16777,-86.49493,208
80013,39.16693,-86.49491,209
80013,39.16693,-86.49481,210
80013,39.16693,-86.49467,211
80013,39.16692,-86.49397,212
80013,39.16692,-86.4939,213
80013,39.16691,-86.49376,214
80013,39.16691,-86.49369,215
80013,39.1669,-86.49303,216
80013,39.1669,-86.4928,217
80013,39.16656,-86.49279,218
80013,39.16649,-86.49279,219
80013,39.16631,-86.49278,220
80013,39.16608,-86.49278,221
80013,39.16587,-86.49276,222
80013,39.16567,-86.49273,223
80013,39.16524,-86.49273,224
80013,39.16521,-86.49274,225
80013,39.16503,-86.49276,226
80013,39.16501,-86.49278,227
80013,39.16494,-86.49285,228
80013,39.1649,-86.49289,229
80013,39.16486,-86.49293,230
80013,39.16482,-86.49296,231
80013,39.16476,-86.493,232
80013,39.1647,-86.49301,233
80013,39.16458,-86.49301,234
80013,39.16419,-86.49302,235
80013,39.16387,-86.49303,236
80013,39.16372,-86.49303,237
80013,39.16341,-86.49303,238
80013,39.16279,-86.49321,239
80013,39.16264,-86.49323,240
80013,39.1625,-86.49324,241
80013,39.16234,-86.49325,242
80013,39.16189,-86.49324,243
80013,39.16169,-86.49323,244
80013,39.16153,-86.49321,245
80013,39.16149,-86.49317,246
80013,39.16147,-86.49311,247
80013,39.16147,-86.49299,248
80013,39.16147,-86.49294,249
80013,39.16148,-86.49269,250
80013,39.16149,-86.49243,251
80013,39.16149,-86.49233,252
80013,39.16149,-86.49224,253
80013,39.16142,-86.49225,254
80013,39.16137,-86.49229,255
80013,39.16101,-86.49267,256
80013,39.161,-86.49268,257
80013,39.16099,-86.4927,258
80013,39.16099,-86.49273,259
80013,39.16099,-86.49275,260
80013,39.16099,-86.49277,261
80013,39.16099,-86.49281,262
80013,39.16101,-86.49286,263
80013,39.16102,-86.49291,264
80013,39.16107,-86.49308,265
80013,39.16113,-86.49329,266
80013,39.16117,-86.49334,267
80013,39.16122,-86.49337,268
80013,39.16124,-86.49336,269
80013,39.16127,-86.49336,270
80013,39.1613,-86.49334,271
80013,39.16149,-86.49317,272
80013,39.16153,-86.49321,273
80013,39.16162,-86.49322,274
80013,39.16169,-86.49323,275
80013,39.16189,-86.49324,276
80013,39.16234,-86.49325,277
80013,39.1625,-86.49324,278
80013,39.16264,-86.49323,279
80013,39.16279,-86.49321,280
80013,39.16341,-86.49303,281
80013,39.16372,-86.49303,282
80013,39.16387,-86.49303,283
80013,39.16419,-86.49302,284
80013,39.1642,-86.49325,285
80013,39.1642,-86.49336,286
80013,39.1642,-86.49365,287
80013,39.1642,-86.49391,288
80013,39.1642,-86.49425,289
80013,39.16421,-86.49455,290
80013,39.16421,-86.49477,291
80013,39.16426,-86.49491,292
80013,39.16427,-86.49544,293
80013,39.16427,-86.49553,294
80013,39.16427,-86.49561,295
80013,39.16428,-86.49591,296
80013,39.1643,-86.49658,297
80013,39.16428,-86.49702,298
80013,39.16429,-86.49728,299
80013,39.16429,-86.49775,300
80013,39.1643,-86.49824,301
80013,39.1643,-86.49839,302
80013,39.16431,-86.49883,303
80013,39.1643,-86.49946,304
80013,39.16424,-86.49963,305
80013,39.16423,-86.50011,306
80013,39.16423,-86.50103,307
80013,39.16423,-86.5011,308
80013,39.16423,-86.50166,309
80013,39.16424,-86.50208,310
80013,39.16424,-86.50246,311
80013,39.16389,-86.50246,312
80013,39.1632,-86.50245,313
80013,39.16299,-86.50245,314
80013,39.16298,-86.50225,315
80013,39.16297,-86.5021,316
80013,39.16297,-86.50203,317
80013,39.16297,-86.50198,318
80013,39.16297,-86.50187,319
80013,39.16298,-86.50178,320
80013,39.16299,-86.50176,321
80013,39.16302,-86.50163,322
80013,39.16302,-86.50157,323
80013,39.16302,-86.50155,324
80013,39.16302,-86.50146,325
80013,39.163,-86.50139,326
80013,39.163,-86.50138,327
80013,39.16299,-86.50131,328
80013,39.16297,-86.50123,329
80013,39.16297,-86.50121,330
80013,39.16297,-86.50112,331
80013,39.16297,-86.50104,332
80013,39.16297,-86.50082,333
80013,39.16297,-86.5007,334
80013,39.16297,-86.50064,335
80013,39.16297,-86.50044,336
80013,39.16297,-86.50023,337
80013,39.16297,-86.5001,338
80013,39.16297,-86.50008,339
80013,39.16297,-86.49984,340
80013,39.16297,-86.49961,341
80013,39.16298,-86.49938,342
80013,39.16298,-86.49916,343
80013,39.16298,-86.4991,344
80013,39.16298,-86.49896,345
80013,39.16299,-86.49869,346
80013,39.16299,-86.49856,347
80013,39.16299,-86.4985,348
80013,39.16299,-86.49836,349
80013,39.163,-86.49812,350
80013,39.16276,-86.49808,351
80013,39.16266,-86.49806,352
80013,39.16229,-86.49797,353
80013,39.16219,-86.49795,354
80013,39.16211,-86.49793,355
80013,39.162,-86.49792,356
80013,39.16183,-86.4979,357
80013,39.16168,-86.49788,358
80013,39.16138,-86.49784,359
80013,39.16094,-86.49777,360
80013,39.16059,-86.49777,361
80013,39.1604,-86.49778,362
80013,39.16017,-86.49779,363
80013,39.16014,-86.49779,364
80013,39.1596,-86.49784,365
80013,39.1592,-86.49787,366
80013,39.1587,-86.49791,367
80013,39.15868,-86.49791,368
80013,39.15818,-86.49793,369
80013,39.1568,-86.49785,370
80013,39.15648,-86.49784,371
80013,39.15576,-86.49782,372
80013,39.15518,-86.4978,373
80013,39.15389,-86.49774,374
80013,39.15347,-86.49773,375
80013,39.15338,-86.49772,376
80013,39.152,-86.49773,377
80013,39.15183,-86.49773,378
80013,39.15176,-86.49773,379
80013,39.15164,-86.49773,380
80013,39.15163,-86.4976,381
80013,39.15162,-86.49744,382
80013,39.15163,-86.49737,383
80013,39.15166,-86.49708,384
80013,39.15168,-86.49684,385
80013,39.15171,-86.49661,386
80013,39.15175,-86.49615,387
80013,39.15176,-86.49609,388
80013,39.15177,-86.49594,389
80013,39.1518,-86.49579,390
80013,39.15189,-86.49577,391
80013,39.15194,-86.49577,392
80013,39.15204,-86.49575,393
80013,39.15206,-86.49575,394
80013,39.15208,-86.49575,395
80013,39.15224,-86.49576,396
80013,39.15242,-86.49576,397
80013,39.15259,-86.49577,398
80013,39.15268,-86.49577,399
80013,39.15276,-86.49577,400
80013,39.15293,-86.49578,401
80013,39.15311,-86.49578,402
80013,39.15327,-86.49579,403
80013,39.1534,-86.49579,404
80013,39.15343,-86.49579,405
80013,39.15349,-86.49579,406
80013,39.15357,-86.49579,407
80013,39.15361,-86.49579,408
80013,39.15378,-86.49579,409
80013,39.15395,-86.4958,410
80013,39.15412,-86.4958,411
80013,39.15424,-86.4958,412
80013,39.1543,-86.4958,413
80013,39.1544,-86.49582,414
80013,39.15448,-86.49585,415
80013,39.15453,-86.49586,416
80013,39.15466,-86.49592,417
80013,39.1547,-86.49593,418
80013,39.15483,-86.496,419
80013,39.15489,-86.49603,420
80013,39.15493,-86.49606,421
80013,39.15496,-86.49607,422
80013,39.15505,-86.49609,423
80013,39.15511,-86.4968,424
80013,39.15513,-86.49706,425
80013,39.15515,-86.49721,426
80013,39.15515,-86.49728,427
80013,39.15518,-86.49766,428
80013,39.15518,-86.4978,429
80013,39.15389,-86.49774,430
80013,39.15347,-86.49773,431
80013,39.15338,-86.49772,432
80013,39.152,-86.49773,433
80013,39.15183,-86.49773,434
80013,39.15164,-86.49773,435
80013,39.15145,-86.49774,436
80013,39.15129,-86.49778,437
80013,39.15113,-86.49783,438
80013,39.15096,-86.49792,439
80013,39.15079,-86.49805,440
80013,39.15047,-86.49835,441
80013,39.15022,-86.49858,442
80013,39.15004,-86.49876,443
80013,39.14993,-86.49884,444
80013,39.14988,-86.49888,445
80013,39.14986,-86.49889,446
80013,39.14961,-86.49904,447
80013,39.14937,-86.4991,448
80013,39.14934,-86.4991,449
80013,39.14933,-86.4991,450
80013,39.14926,-86.49906,451
80013,39.14915,-86.49907,452
80013,39.14886,-86.49906,453
80013,39.14854,-86.49905,454
80013,39.14819,-86.49904,455
80013,39.14809,-86.49903,456
80013,39.14795,-86.49903,457
80013,39.14777,-86.49902,458
80013,39.14773,-86.49902,459
80013,39.14759,-86.49902,460
80013,39.14755,-86.49902,461
80013,39.14727,-86.49901,462
80013,39.14723,-86.49901,463
80013,39.1471,-86.49899,464
80013,39.14687,-86.4989,465
80013,39.14676,-86.49884,466
80013,39.14664,-86.49876,467
80013,39.14653,-86.49866,468
80013,39.14644,-86.49855,469
80013,39.14635,-86.49843,470
80013,39.14629,-86.49833,471
80013,39.14622,-86.49819,472
80013,39.14614,-86.49803,473
80013,39.14605,-86.49783,474
80013,39.14589,-86.49752,475
80013,39.14573,-86.49733,476
80013,39.14564,-86.49726,477
80013,39.14556,-86.4972,478
80013,39.14542,-86.49712,479
80013,39.1454,-86.49711,480
80013,39.14511,-86.49699,481
80013,39.14467,-86.49697,482
80013,39.14466,-86.49697,483
80013,39.1443,-86.49692,484
80013,39.14403,-86.49684,485
80013,39.14368,-86.49674,486
80013,39.14357,-86.4967,487
80013,39.14338,-86.49666,488
80013,39.14333,-86.49664,489
80013,39.14326,-86.49663,490
80013,39.14308,-86.4966,491
80013,39.14305,-86.4966,492
80013,39.14274,-86.49659,493
80013,39.14272,-86.4966,494
80013,39.14272,-86.49661,495
80013,39.1427,-86.49661,496
80013,39.14239,-86.49662,497
80013,39.14216,-86.49662,498
80013,39.1419,-86.49663,499
80013,39.14183,-86.49662,500
80013,39.14157,-86.49662,501
80013,39.14151,-86.49662,502
80013,39.14129,-86.49661,503
80013,39.1409,-86.4966,504
80013,39.14067,-86.49661,505
80013,39.14048,-86.4966,506
80013,39.13977,-86.49659,507
80013,39.13923,-86.49658,508
80013,39.13919,-86.49654,509
80013,39.13893,-86.49655,510
80013,39.13874,-86.49655,511
80013,39.13856,-86.49655,512
80013,39.13826,-86.49656,513
80013,39.13796,-86.49657,514
80013,39.13778,-86.49658,515
80013,39.13766,-86.49658,516
80013,39.13761,-86.49658,517
80013,39.13754,-86.49658,518
80013,39.13748,-86.49658,519
80013,39.1374,-86.49658,520
80013,39.13722,-86.49657,521
80013,39.13689,-86.49656,522
80013,39.13654,-86.49653,523
80013,39.13639,-86.49652,524
80013,39.13624,-86.49654,525
80013,39.13619,-86.49655,526
80013,39.13614,-86.49656,527
80013,39.13607,-86.49658,528
80013,39.13596,-86.4966,529
80013,39.13595,-86.49661,530
80013,39.13595,-86.49662,531
80013,39.13594,-86.49662,532
80013,39.13594,-86.49663,533
80013,39.13593,-86.49664,534
80013,39.13592,-86.49666,535
80013,39.13591,-86.49667,536
80013,39.1359,-86.49668,537
80013,39.13589,-86.49668,538
80013,39.13588,-86.49669,539
80013,39.13587,-86.4967,540
80013,39.13585,-86.4967,541
80013,39.13584,-86.49671,542
80013,39.13583,-86.49671,543
80013,39.13582,-86.49671,544
80013,39.1358,-86.49671,545
80013,39.13579,-86.49671,546
80013,39.13578,-86.49671,547
80013,39.13577,-86.49671,548
80013,39.13575,-86.4967,549
80013,39.13574,-86.4967,550
80013,39.13572,-86.49669,551
80013,39.13571,-86.49669,552
80013,39.1357,-86.49668,553
80013,39.13569,-86.49667,554
80013,39.13568,-86.49666,555
80013,39.13567,-86.49666,556
80013,39.13567,-86.49665,557
80013,39.13566,-86.49664,558
80013,39.13549,-86.49664,559
80013,39.13535,-86.49662,560
80013,39.13526,-86.49661,561
80013,39.13514,-86.49663,562
80013,39.13501,-86.49666,563
80013,39.13499,-86.49666,564
80013,39.13497,-86.49667,565
80013,39.13493,-86.49668,566
80013,39.1349,-86.4967,567
80013,39.13486,-86.49672,568
80013,39.13477,-86.49678,569
80013,39.13469,-86.49682,570
80013,39.13466,-86.49684,571
80013,39.1346,-86.49687,572
80013,39.13449,-86.49698,573
80013,39.13448,-86.49698,574
80013,39.13426,-86.49721,575
80013,39.13395,-86.49753,576
80013,39.13389,-86.49759,577
80013,39.13377,-86.49772,578
80013,39.13372,-86.49777,579
80013,39.13368,-86.49781,580
80013,39.13365,-86.49785,581
80013,39.13347,-86.49806,582
80013,39.13335,-86.49821,583
80013,39.13326,-86.49832,584
80013,39.13312,-86.49852,585
80013,39.13299,-86.49872,586
80013,39.13279,-86.49902,587
80013,39.13257,-86.49937,588
80013,39.13247,-86.49953,589
80013,39.13225,-86.49986,590
80013,39.13224,-86.4999,591
80013,39.13224,-86.49991,592
80013,39.13223,-86.49993,593
80013,39.13222,-86.49996,594
80013,39.13218,-86.50003,595
80013,39.13214,-86.5001,596
80013,39.13206,-86.50023,597
80013,39.13191,-86.50047,598
80013,39.13186,-86.50055,599
80013,39.13181,-86.50063,600
80013,39.13179,-86.50066,601
80013,39.1316,-86.50093,602
80013,39.13143,-86.50115,603
80013,39.13128,-86.50133,604
80013,39.13114,-86.50149,605
80013,39.13106,-86.50158,606
80013,39.13102,-86.50162,607
80013,39.13078,-86.50187,608
80013,39.13043,-86.50218,609
80013,39.13027,-86.50231,610
80013,39.13015,-86.5024,611
80013,39.12984,-86.50261,612
80013,39.12966,-86.50272,613
80013,39.12946,-86.50283,614
80013,39.12911,-86.50301,615
80013,39.12886,-86.50312,616
80013,39.12818,-86.50341,617
80013,39.12805,-86.50346,618
80013,39.12784,-86.50356,619
80013,39.12759,-86.50367,620
80013,39.12727,-86.50385,621
80013,39.12714,-86.50393,622
80013,39.12695,-86.50405,623
80013,39.12692,-86.50408,624
80013,39.1266,-86.50432,625
80013,39.12648,-86.50438,626
80013,39.12642,-86.50444,627
80013,39.12619,-86.50468,628
80013,39.12617,-86.50471,629
80013,39.12599,-86.50491,630
80013,39.12589,-86.50503,631
80013,39.1258,-86.50515,632
80013,39.12565,-86.50536,633
80013,39.12559,-86.50544,634
80013,39.12543,-86.50569,635
80013,39.12527,-86.50594,636
80013,39.12513,-86.50615,637
80013,39.12496,-86.50644,638
80013,39.12471,-86.50685,639
80013,39.12456,-86.50712,640
80013,39.12445,-86.50729,641
80013,39.12425,-86.50767,642
80013,39.12406,-86.50804,643
80013,39.1239,-86.50834,644
80013,39.12375,-86.50864,645
80013,39.12359,-86.50896,646
80013,39.12357,-86.509,647
80013,39.12341,-86.50933,648
80013,39.12357,-86.50946,649
80013,39.12367,-86.50965,650
80013,39.12371,-86.50971,651
80013,39.12371,-86.50974,652
80013,39.12371,-86.50971,653
80013,39.12367,-86.50965,654
80013,39.12357,-86.50946,655
80013,39.12341,-86.50933,656
80013,39.12357,-86.509,657
80013,39.12359,-86.50896,658
80013,39.12375,-86.50864,659
80013,39.1239,-86.50834,660
80013,39.12406,-86.50804,661
80013,39.12425,-86.50767,662
80013,39.12445,-86.50729,663
80013,39.12456,-86.50712,664
80013,39.12471,-86.50685,665
80013,39.12496,-86.50644,666
80013,39.12513,-86.50615,667
80013,39.12527,-86.50594,668
80013,39.12543,-86.50569,669
80013,39.12559,-86.50544,670
80013,39.12565,-86.50536,671
80013,39.1258,-86.50515,672
80013,39.12589,-86.50503,673
80013,39.12599,-86.50491,674
80013,39.12617,-86.50471,675
80013,39.12619,-86.50468,676
80013,39.12642,-86.50444,677
80013,39.12648,-86.50438,678
80013,39.12656,-86.50424,679
80013,39.12689,-86.50401,680
80013,39.127,-86.50393,681
80013,39.12712,-86.50385,682
80013,39.12734,-86.50372,683
80013,39.12745,-86.50365,684
80013,39.12771,-86.50352,685
80013,39.12791,-86.50344,686
80013,39.12794,-86.50342,687
80013,39.12817,-86.50332,688
80013,39.12869,-86.5031,689
80013,39.12891,-86.503,690
80013,39.12913,-86.50291,691
80013,39.12943,-86.50276,692
80013,39.12964,-86.50264,693
80013,39.12979,-86.50254,694
80013,39.13001,-86.5024,695
80013,39.13023,-86.50224,696
80013,39.13037,-86.50213,697
80013,39.13043,-86.50208,698
80013,39.13074,-86.50181,699
80013,39.13095,-86.50159,700
80013,39.13107,-86.50146,701
80013,39.13123,-86.50128,702
80013,39.13134,-86.50115,703
80013,39.13146,-86.50099,704
80013,39.13157,-86.50083,705
80013,39.13167,-86.50069,706
80013,39.13169,-86.50066,707
80013,39.13178,-86.50053,708
80013,39.13186,-86.50041,709
80013,39.13201,-86.50018,710
80013,39.13214,-86.49999,711
80013,39.13221,-86.49988,712
80013,39.13225,-86.49986,713
80013,39.13247,-86.49953,714
80013,39.13257,-86.49937,715
80013,39.13299,-86.49872,716
80013,39.13312,-86.49852,717
80013,39.13326,-86.49832,718
80013,39.13335,-86.49821,719
80013,39.13347,-86.49806,720
80013,39.13365,-86.49785,721
80013,39.13368,-86.49781,722
80013,39.13372,-86.49777,723
80013,39.13377,-86.49772,724
80013,39.13389,-86.49759,725
80013,39.13395,-86.49753,726
80013,39.13426,-86.49721,727
80013,39.13448,-86.49698,728
80013,39.13449,-86.49698,729
80013,39.1346,-86.49687,730
80013,39.13463,-86.49682,731
80013,39.13464,-86.49681,732
80013,39.13466,-86.49679,733
80013,39.1347,-86.49675,734
80013,39.13475,-86.49671,735
80013,39.13483,-86.49665,736
80013,39.13489,-86.49661,737
80013,39.13492,-86.4966,738
80013,39.13496,-86.49659,739
80013,39.135,-86.49658,740
80013,39.13513,-86.49655,741
80013,39.13525,-86.49653,742
80013,39.13535,-86.49651,743
80013,39.13548,-86.49648,744
80013,39.13563,-86.49642,745
80013,39.13564,-86.49641,746
80013,39.13564,-86.49639,747
80013,39.13565,-86.49638,748
80013,39.13566,-86.49636,749
80013,39.13567,-86.49635,750
80013,39.13567,-86.49634,751
80013,39.13569,-86.49632,752
80013,39.13571,-86.49629,753
80013,39.13573,-86.49628,754
80013,39.13574,-86.49628,755
80013,39.13576,-86.49627,756
80013,39.13577,-86.49627,757
80013,39.13578,-86.49626,758
80013,39.1358,-86.49626,759
80013,39.13581,-86.49626,760
80013,39.13582,-86.49626,761
80013,39.13584,-86.49626,762
80013,39.13585,-86.49627,763
80013,39.13586,-86.49627,764
80013,39.13587,-86.49628,765
80013,39.13588,-86.49628,766
80013,39.1359,-86.49629,767
80013,39.13591,-86.4963,768
80013,39.13592,-86.49631,769
80013,39.13593,-86.49633,770
80013,39.13595,-86.49632,771
80013,39.13598,-86.49633,772
80013,39.13604,-86.49636,773
80013,39.13605,-86.49636,774
80013,39.1361,-86.49639,775
80013,39.13619,-86.49644,776
80013,39.13624,-86.49646,777
80013,39.13633,-86.49649,778
80013,39.13635,-86.4965,779
80013,39.13637,-86.49651,780
80013,39.13639,-86.49652,781
80013,39.13654,-86.49653,782
80013,39.13689,-86.49656,783
80013,39.13722,-86.49657,784
80013,39.1374,-86.49658,785
80013,39.13748,-86.49658,786
80013,39.13754,-86.49658,787
80013,39.13761,-86.49658,788
80013,39.13766,-86.49658,789
80013,39.13778,-86.49658,790
80013,39.13796,-86.49657,791
80013,39.13826,-86.49656,792
80013,39.13856,-86.49655,793
80013,39.13874,-86.49655,794
80013,39.13893,-86.49655,795
80013,39.13919,-86.49654,796
80013,39.13923,-86.49651,797
80013,39.13977,-86.49651,798
80013,39.13991,-86.49651,799
80013,39.14049,-86.49652,800
80013,39.14067,-86.49652,801
80013,39.14089,-86.49653,802
80013,39.14128,-86.49653,803
80013,39.14158,-86.49652,804
80013,39.14182,-86.49653,805
80013,39.1419,-86.49654,806
80013,39.14216,-86.49654,807
80013,39.14239,-86.49655,808
80013,39.14254,-86.49655,809
80013,39.14271,-86.49656,810
80013,39.14271,-86.49657,811
80013,39.14272,-86.49657,812
80013,39.14274,-86.49659,813
80013,39.14305,-86.4966,814
80013,39.14308,-86.4966,815
80013,39.14326,-86.49663,816
80013,39.14333,-86.49664,817
80013,39.14338,-86.49666,818
80013,39.14357,-86.4967,819
80013,39.14368,-86.49674,820
80013,39.14403,-86.49684,821
80013,39.1443,-86.49692,822
80013,39.14466,-86.49697,823
80013,39.14467,-86.49697,824
80013,39.14511,-86.49699,825
80013,39.1454,-86.49711,826
80013,39.14542,-86.49712,827
80013,39.14556,-86.4972,828
80013,39.14564,-86.49726,829
80013,39.14573,-86.49733,830
80013,39.14589,-86.49752,831
80013,39.14605,-86.49783,832
80013,39.14614,-86.49803,833
80013,39.14622,-86.49819,834
80013,39.14629,-86.49833,835
80013,39.14635,-86.49843,836
80013,39.14644,-86.49855,837
80013,39.14653,-86.49866,838
80013,39.14664,-86.49876,839
80013,39.14676,-86.49884,840
80013,39.14687,-86.4989,841
80013,39.1471,-86.49899,842
80013,39.14723,-86.49901,843
80013,39.14727,-86.49901,844
80013,39.14755,-86.49902,845
80013,39.14759,-86.49902,846
80013,39.14773,-86.49902,847
80013,39.14777,-86.49902,848
80013,39.14795,-86.49903,849
80013,39.14809,-86.49903,850
80013,39.14819,-86.49904,851
80013,39.14854,-86.49905,852
80013,39.14886,-86.49906,853
80013,39.14915,-86.49907,854
80013,39.14926,-86.49906,855
80013,39.14932,-86.49903,856
80013,39.14959,-86.49894,857
80013,39.14985,-86.49879,858
80013,39.14993,-86.49873,859
80013,39.14998,-86.49868,860
80013,39.15019,-86.49848,861
80013,39.15031,-86.49836,862
80013,39.15033,-86.49834,863
80013,39.15047,-86.4982,864
80013,39.15071,-86.49795,865
80013,39.15092,-86.49778,866
80013,39.15109,-86.4977,867
80013,39.15119,-86.49766,868
80013,39.15126,-86.49764,869
80013,39.15141,-86.49762,870
80013,39.15163,-86.4976,871
80013,39.15162,-86.49744,872
80013,39.15163,-86.49737,873
80013,39.15166,-86.49708,874
80013,39.15168,-86.49684,875
80013,39.15171,-86.49661,876
80013,39.15175,-86.49615,877
80013,39.15177,-86.49594,878
80013,39.1518,-86.49579,879
80013,39.15189,-86.49577,880
80013,39.1519,-86.49577,881
80013,39.15194,-86.49577,882
80013,39.15204,-86.49575,883
80013,39.15206,-86.49575,884
80013,39.15208,-86.49575,885
80013,39.15224,-86.49576,886
80013,39.15242,-86.49576,887
80013,39.15259,-86.49577,888
80013,39.15268,-86.49577,889
80013,39.15276,-86.49577,890
80013,39.15293,-86.49578,891
80013,39.15311,-86.49578,892
80013,39.15327,-86.49579,893
80013,39.1534,-86.49579,894
80013,39.15343,-86.49579,895
80013,39.15349,-86.49579,896
80013,39.15357,-86.49579,897
80013,39.15361,-86.49579,898
80013,39.15378,-86.49579,899
80013,39.15395,-86.4958,900
80013,39.15412,-86.4958,901
80013,39.15424,-86.4958,902
80013,39.1543,-86.4958,903
80013,39.1544,-86.49582,904
80013,39.15448,-86.49585,905
80013,39.15453,-86.49586,906
80013,39.15462,-86.4959,907
80013,39.15466,-86.49592,908
80013,39.1547,-86.49593,909
80013,39.15483,-86.496,910
80013,39.15489,-86.49603,911
80013,39.15496,-86.49607,912
80013,39.15505,-86.49609,913
80013,39.15511,-86.4968,914
80013,39.15512,-86.49693,915
80013,39.15515,-86.49721,916
80013,39.15515,-86.49728,917
80013,39.15518,-86.49766,918
80013,39.15549,-86.49767,919
80013,39.1565,-86.49771,920
80013,39.15743,-86.49775,921
80013,39.15759,-86.49776,922
80013,39.15815,-86.49778,923
80013,39.15843,-86.49779,924
80013,39.1589,-86.49776,925
80013,39.15954,-86.49771,926
80013,39.15968,-86.4977,927
80013,39.16015,-86.49765,928
80013,39.16039,-86.49764,929
80013,39.16058,-86.49763,930
80013,39.16094,-86.49764,931
80013,39.16094,-86.49777,932
80013,39.16094,-86.49805,933
80013,39.16094,-86.49824,934
80013,39.16094,-86.49839,935
80013,39.16094,-86.49856,936
80013,39.16094,-86.49895,937
80013,39.16094,-86.4993,938
80013,39.16094,-86.50033,939
80013,39.16094,-86.50141,940
80013,39.16094,-86.50247,941
80013,39.16131,-86.50247,942
80013,39.16148,-86.50247,943
80013,39.16202,-86.50246,944
80013,39.1624,-86.50246,945
80013,39.16253,-86.50246,946
80013,39.16299,-86.50245,947
80013,39.16298,-86.50225,948
80013,39.16297,-86.5021,949
80013,39.16297,-86.50203,950
80013,39.16297,-86.50198,951
80013,39.16297,-86.50187,952
80013,39.16298,-86.50178,953
80013,39.16299,-86.50176,954
80013,39.16302,-86.50163,955
80013,39.16302,-86.50157,956
80013,39.16302,-86.50155,957
80013,39.16302,-86.50146,958
80013,39.163,-86.50139,959
80013,39.163,-86.50138,960
80013,39.16299,-86.50131,961
80013,39.16297,-86.50123,962
80013,39.16297,-86.50121,963
80013,39.16297,-86.50112,964
80013,39.16297,-86.50104,965
80013,39.16297,-86.50082,966
80013,39.16297,-86.5007,967
80013,39.16297,-86.50064,968
80013,39.16297,-86.50044,969
80013,39.16297,-86.50023,970
80013,39.16297,-86.5001,971
80013,39.16297,-86.50008,972
80013,39.16297,-86.49984,973
80013,39.16297,-86.49961,974
80013,39.16298,-86.49938,975
80013,39.16298,-86.49916,976
80013,39.16298,-86.4991,977
80013,39.16298,-86.49896,978
80013,39.16299,-86.49869,979
80013,39.16299,-86.49856,980
80013,39.16299,-86.4985,981
80013,39.16299,-86.49836,982
80013,39.16299,-86.49826,983
80013,39.163,-86.49812,984
80013,39.16301,-86.49798,985
80013,39.16317,-86.49801,986
80013,39.16347,-86.49807,987
80013,39.16371,-86.49811,988
80013,39.16391,-86.49816,989
80013,39.16417,-86.49822,990
80013,39.16418,-86.49797,991
80013,39.16417,-86.49735,992
80013,39.16417,-86.4972,993
80013,39.16417,-86.49701,994
80013,39.16417,-86.49673,995
80013,39.16417,-86.49651,996
80013,39.16416,-86.49591,997
80013,39.16416,-86.49563,998
80013,39.16416,-86.49555,999
80013,39.16416,-86.49546,1000
80013,39.16416,-86.49497,1001
80013,39.16416,-86.49493,1002
80013,39.16421,-86.49477,1003
80013,39.16421,-86.49455,1004
80013,39.1642,-86.49425,1005
80013,39.1642,-86.49391,1006
80013,39.1642,-86.49365,1007
80013,39.1642,-86.49325,1008
80013,39.16419,-86.49302,1009
80013,39.16393,-86.49303,1010
80013,39.16387,-86.49303,1011
80013,39.16372,-86.49303,1012
80013,39.16341,-86.49303,1013
80013,39.16279,-86.49321,1014
80013,39.16264,-86.49323,1015
80013,39.1625,-86.49324,1016
80013,39.16234,-86.49325,1017
80013,39.16189,-86.49324,1018
80013,39.16169,-86.49323,1019
80013,39.16153,-86.49321,1020
80013,39.16149,-86.49317,1021
80013,39.16147,-86.49311,1022
80013,39.16147,-86.49299,1023
80013,39.16147,-86.49294,1024
80013,39.16148,-86.49269,1025
80013,39.16149,-86.49243,1026
80013,39.16149,-86.49228,1027
80013,39.16149,-86.49224,1028
80013,39.16142,-86.49225,1029
80013,39.16137,-86.49229,1030
80013,39.16106,-86.49262,1031
80013,39.16101,-86.49267,1032
80013,39.161,-86.49268,1033
80013,39.16099,-86.4927,1034
80013,39.16099,-86.49273,1035
80013,39.16099,-86.49275,1036
80013,39.16099,-86.49277,1037
80013,39.16099,-86.49281,1038
80013,39.16101,-86.49286,1039
80013,39.16107,-86.49308,1040
80013,39.16109,-86.49315,1041
80013,39.16113,-86.49329,1042
80013,39.16117,-86.49334,1043
80013,39.16122,-86.49337,1044
80013,39.16124,-86.49336,1045
80013,39.16127,-86.49336,1046
80013,39.1613,-86.49334,1047
80013,39.16141,-86.49325,1048
80013,39.16149,-86.49317,1049
80013,39.16153,-86.49321,1050
80013,39.16169,-86.49323,1051
80013,39.16188,-86.49324,1052
80013,39.16189,-86.49324,1053
80013,39.16234,-86.49325,1054
80013,39.1625,-86.49324,1055
80013,39.16264,-86.49323,1056
80013,39.16279,-86.49321,1057
80013,39.16341,-86.49303,1058
80013,39.16372,-86.49303,1059
80013,39.16387,-86.49303,1060
80013,39.16419,-86.49302,1061
80013,39.16419,-86.49276,1062
80013,39.1642,-86.49207,1063
80013,39.1642,-86.49153,1064
80013,39.1642,-86.49124,1065
80013,39.1642,-86.49084,1066
80013,39.1642,-86.49072,1067
80013,39.1642,-86.49005,1068
80013,39.16423,-86.48924,1069
80013,39.16423,-86.48854,1070
80013,39.16423,-86.48797,1071
80013,39.16423,-86.48681,1072
80013,39.16423,-86.48542,1073
80013,39.16423,-86.48448,1074
80013,39.16423,-86.48436,1075
80013,39.16423,-86.48272,1076
80013,39.16423,-86.48191,1077
80013,39.16423,-86.48124,1078
80013,39.16424,-86.48069,1079
80013,39.16424,-86.48038,1080
80013,39.16424,-86.48014,1081
80013,39.16424,-86.47991,1082
80013,39.16424,-86.4795,1083
80013,39.16424,-86.47898,1084
80013,39.16424,-86.47874,1085
80013,39.16424,-86.47831,1086
80013,39.16424,-86.47807,1087
80013,39.16424,-86.47784,1088
80013,39.16424,-86.47738,1089
80013,39.16424,-86.47715,1090
80013,39.16424,-86.47681,1091
80013,39.16424,-86.47628,1092
80013,39.16424,-86.47535,1093
80013,39.16424,-86.47447,1094
80013,39.16425,-86.47368,1095
80013,39.16441,-86.47368,1096
80013,39.16443,-86.47368,1097
80013,39.16453,-86.47369,1098
80013,39.16466,-86.47369,1099
1010,39.16418,-86.5336,0
1010,39.16456,-86.53364,1
1010,39.16455,-86.53339,2
1010,39.16455,-86.53301,3
1010,39.16459,-86.53295,4
1010,39.16459,-86.53276,5
1010,39.16459,-86.53237,6
1010,39.16459,-86.53193,7
1010,39.1646,-86.53179,8
1010,39.16459,-86.53152,9
1010,39.16459,-86.53109,10
1010,39.16458,-86.53063,11
1010,39.16457,-86.52982,12
1010,39.16457,-86.52918,13
1010,39.16457,-86.52886,14
1010,39.16457,-86.52874,15
1010,39.16456,-86.52863,16
1010,39.16456,-86.5286,17
1010,39.16455,-86.52856,18
1010,39.16454,-86.52853,19
1010,39.16453,-86.5285,20
1010,39.16452,-86.52846,21
1010,39.16448,-86.52837,22
1010,39.16442,-86.52822,23
1010,39.16429,-86.52821,24
1010,39.16411,-86.5282,25
1010,39.16372,-86.52819,26
1010,39.16356,-86.52816,27
1010,39.16346,-86.52813,28
1010,39.1634,-86.52809,29
1010,39.16333,-86.52803,30
1010,39.16328,-86.52796,31
1010,39.16325,-86.5279,32
1010,39.16324,-86.52786,33
1010,39.16323,-86.52784,34
1010,39.1632,-86.52775,35
1010,39.16318,-86.52765,36
1010,39.16317,-86.5276,37
1010,39.16316,-86.52755,38
1010,39.16315,-86.52744,39
1010,39.16315,-86.52734,40
1010,39.16315,-86.52725,41
1010,39.16314,-86.52657,42
1010,39.16314,-86.52588,43
1010,39.16314,-86.52532,44
1010,39.16313,-86.52402,45
1010,39.16312,-86.52372,46
1010,39.16312,-86.52263,47
1010,39.16311,-86.52176,48
1010,39.16311,-86.52106,49
1010,39.1631,-86.52047,50
1010,39.1631,-86.52019,51
1010,39.16309,-86.51991,52
1010,39.16309,-86.51912,53
1010,39.16309,-86.51897,54
1010,39.16308,-86.51852,55
1010,39.16308,-86.51794,56
1010,39.16307,-86.51772,57
1010,39.16307,-86.51726,58
1010,39.16307,-86.51699,59
1010,39.16306,-86.5164,60
1010,39.16366,-86.5164,61
1010,39.16376,-86.5164,62
1010,39.16399,-86.5164,63
1010,39.16426,-86.5164,64
1010,39.16427,-86.51666,65
1010,39.16427,-86.51691,66
1010,39.16427,-86.51702,67
1010,39.16427,-86.51714,68
1010,39.16427,-86.51739,69
1010,39.16427,-86.51774,70
1010,39.16427,-86.51784,71
1010,39.16426,-86.51828,72
1010,39.16426,-86.51875,73
1010,39.16426,-86.51913,74
1010,39.16426,-86.51921,75
1010,39.16426,-86.51932,76
1010,39.16426,-86.51955,77
1010,39.16426,-86.51968,78
1010,39.16426,-86.51969,79
1010,39.16426,-86.52008,80
1010,39.16425,-86.52069,81
1010,39.16425,-86.52106,82
1010,39.16425,-86.52112,83
1010,39.16425,-86.52162,84
1010,39.16425,-86.52191,85
1010,39.16425,-86.52205,86
1010,39.16426,-86.52228,87
1010,39.16426,-86.52262,88
1010,39.16426,-86.52268,89
1010,39.16426,-86.52279,90
1010,39.16426,-86.52302,91
1010,39.16426,-86.52333,92
1010,39.16426,-86.52346,93
1010,39.16426,-86.52355,94
1010,39.16426,-86.52365,95
1010,39.16426,-86.52387,96
1010,39.16427,-86.5242,97
1010,39.16427,-86.52497,98
1010,39.16428,-86.52531,99
1010,39.16428,-86.52555,100
1010,39.16428,-86.52587,101
1010,39.16428,-86.52606,102
1010,39.16428,-86.52614,103
1010,39.1643,-86.52668,104
1010,39.1643,-86.52682,105
1010,39.1643,-86.5269,106
1010,39.16446,-86.52689,107
1010,39.16471,-86.5269,108
1010,39.16499,-86.5269,109
1010,39.16554,-86.52691,110
1010,39.16561,-86.52691,111
1010,39.16605,-86.52691,112
1010,39.16655,-86.52693,113
1010,39.16669,-86.52693,114
1010,39.16705,-86.52694,115
1010,39.16734,-86.52694,116
1010,39.16745,-86.52693,117
1010,39.16753,-86.52694,118
1010,39.16757,-86.52694,119
1010,39.16801,-86.52695,120
1010,39.16822,-86.52695,121
1010,39.16851,-86.52695,122
1010,39.1685,-86.52577,123
1010,39.1685,-86.52554,124
1010,39.16849,-86.52464,125
1010,39.16849,-86.52449,126
1010,39.16849,-86.5242,127
1010,39.16849,-86.52382,128
1010,39.16849,-86.52374,129
1010,39.16849,-86.52368,130
1010,39.16849,-86.52349,131
1010,39.16898,-86.5235,132
1010,39.16947,-86.52349,133
1010,39.1697,-86.52349,134
1010,39.16994,-86.52349,135
1010,39.17013,-86.52349,136
1010,39.17043,-86.52349,137
1010,39.17073,-86.52349,138
1010,39.17102,-86.52349,139
1010,39.17117,-86.52349,140
1010,39.17138,-86.52349,141
1010,39.17151,-86.5235,142
1010,39.17163,-86.5235,143
1010,39.17163,-86.52325,144
1010,39.17162,-86.52238,145
1010,39.17161,-86.521,146
1010,39.17161,-86.52077,147
1010,39.17161,-86.52072,148
1010,39.17161,-86.52039,149
1010,39.17161,-86.52016,150
1010,39.17161,-86.51993,151
1010,39.1716,-86.51972,152
1010,39.1716,-86.51905,153
1010,39.1716,-86.51898,154
1010,39.1716,-86.5184,155
1010,39.1716,-86.51794,156
1010,39.1716,-86.51765,157
1010,39.17159,-86.51729,158
1010,39.17159,-86.51689,159
1010,39.17159,-86.51637,160
1010,39.17159,-86.51565,161
1010,39.17159,-86.51497,162
1010,39.17159,-86.51476,163
1010,39.17159,-86.51455,164
1010,39.17159,-86.51394,165
1010,39.17159,-86.51376,166
1010,39.17158,-86.51321,167
1010,39.17158,-86.51296,168
1010,39.17158,-86.51249,169
1010,39.17158,-86.51223,170
1010,39.17157,-86.5119,171
1010,39.17157,-86.51184,172
1010,39.17157,-86.51164,173
1010,39.17157,-86.51096,174
1010,39.17157,-86.51082,175
1010,39.17157,-86.51067,176
1010,39.17157,-86.51044,177
1010,39.17157,-86.51035,178
1010,39.17157,-86.51007,179
1010,39.17156,-86.5099,180
1010,39.17156,-86.50946,181
1010,39.17156,-86.50926,182
1010,39.17156,-86.50918,183
1010,39.17157,-86.50891,184
1010,39.17156,-86.50866,185
1010,39.17155,-86.50844,186
1010,39.17153,-86.50813,187
1010,39.17151,-86.50794,188
1010,39.17149,-86.50773,189
1010,39.17146,-86.50758,190
1010,39.1714,-86.50718,191
1010,39.17138,-86.50706,192
1010,39.17138,-86.50698,193
1010,39.17138,-86.50696,194
1010,39.17139,-86.50692,195
1010,39.17139,-86.5069,196
1010,39.1714,-86.50687,197
1010,39.17141,-86.50685,198
1010,39.17142,-86.50684,199
1010,39.17145,-86.50681,200
1010,39.17147,-86.50679,201
1010,39.17149,-86.50679,202
1010,39.17158,-86.50675,203
1010,39.1716,-86.50674,204
1010,39.17162,-86.50673,205
1010,39.17163,-86.50672,206
1010,39.17164,-86.50671,207
1010,39.17166,-86.5067,208
1010,39.17167,-86.50669,209
1010,39.17168,-86.50667,210
1010,39.17168,-86.50666,211
1010,39.1717,-86.50663,212
1010,39.17171,-86.50659,213
1010,39.17172,-86.50657,214
1010,39.17172,-86.50655,215
1010,39.17172,-86.50653,216
1010,39.17172,-86.5065,217
1010,39.17172,-86.50647,218
1010,39.17172,-86.50644,219
1010,39.17171,-86.50634,220
1010,39.1717,-86.50625,221
1010,39.17163,-86.50577,222
1010,39.17162,-86.50575,223
1010,39.17159,-86.50549,224
1010,39.17158,-86.50542,225
1010,39.17157,-86.50531,226
1010,39.17156,-86.50518,227
1010,39.17155,-86.50499,228
1010,39.17155,-86.50484,229
1010,39.1717,-86.50485,230
1010,39.17173,-86.50485,231
1010,39.17252,-86.50487,232
1010,39.17259,-86.50487,233
1010,39.17269,-86.50487,234
1010,39.17282,-86.50488,235
1010,39.17286,-86.50488,236
1010,39.17289,-86.50501,237
1010,39.17289,-86.50506,238
1010,39.17289,-86.5051,239
1010,39.17287,-86.50514,240
1010,39.17286,-86.50517,241
1010,39.17284,-86.5052,242
1010,39.17281,-86.50521,243
1010,39.17278,-86.50522,244
1010,39.17277,-86.50522,245
1010,39.17275,-86.50522,246
1010,39.17272,-86.50521,247
1010,39.17268,-86.50518,248
1010,39.17265,-86.50515,249
1010,39.17264,-86.50511,250
1010,39.17261,-86.50499,251
1010,39.17259,-86.50487,252
1010,39.17252,-86.50487,253
1010,39.17227,-86.50486,254
1010,39.17173,-86.50485,255
1010,39.1717,-86.50485,256
1010,39.17155,-86.50484,257
1010,39.17155,-86.50461,258
1010,39.17155,-86.5045,259
1010,39.17152,-86.50435,260
1010,39.17151,-86.50421,261
1010,39.17151,-86.50401,262
1010,39.1715,-86.50374,263
1010,39.1715,-86.50364,264
1010,39.1715,-86.50317,265
1010,39.1715,-86.50277,266
1010,39.17151,-86.50231,267
1010,39.17153,-86.50213,268
1010,39.17154,-86.50177,269
1010,39.17154,-86.50173,270
1010,39.17155,-86.50135,271
1010,39.17155,-86.50119,272
1010,39.17155,-86.50112,273
1010,39.17155,-86.50111,274
1010,39.17155,-86.50109,275
1010,39.17158,-86.50104,276
1010,39.17158,-86.50094,277
1010,39.17155,-86.50019,278
1010,39.17154,-86.49966,279
1010,39.17154,-86.49935,280
1010,39.17154,-86.4993,281
1010,39.17154,-86.49921,282
1010,39.17154,-86.49897,283
1010,39.17153,-86.49886,284
1010,39.17153,-86.49858,285
1010,39.17152,-86.49818,286
1010,39.17151,-86.49772,287
1010,39.17149,-86.49589,288
1010,39.17148,-86.49543,289
1010,39.17162,-86.49543,290
1010,39.17198,-86.49543,291
1010,39.17234,-86.49544,292
1010,39.1727,-86.49544,293
1010,39.17311,-86.49544,294
1010,39.17355,-86.49545,295
1010,39.17398,-86.49545,296
1010,39.17434,-86.49546,297
1010,39.17447,-86.49546,298
1010,39.17481,-86.49546,299
1010,39.17529,-86.49551,300
1010,39.17549,-86.49568,301
1010,39.17555,-86.49573,302
1010,39.17567,-86.4958,303
1010,39.17576,-86.496,304
1010,39.17581,-86.49615,305
1010,39.17582,-86.49622,306
1010,39.17585,-86.49635,307
1010,39.17586,-86.4966,308
1010,39.17585,-86.49668,309
1010,39.1758,-86.49696,310
1010,39.17548,-86.49842,311
1010,39.17545,-86.49872,312
1010,39.17545,-86.49874,313
1010,39.17542,-86.49903,314
1010,39.17542,-86.49919,315
1010,39.17542,-86.49932,316
1010,39.17543,-86.49942,317
1010,39.17544,-86.49958,318
1010,39.17547,-86.49986,319
1010,39.17551,-86.50011,320
1010,39.17554,-86.50034,321
1010,39.17557,-86.50048,322
1010,39.17592,-86.50043,323
1010,39.17601,-86.50043,324
1010,39.17605,-86.50044,325
1010,39.17603,-86.50092,326
1010,39.17602,-86.50126,327
1010,39.17602,-86.50133,328
1010,39.17604,-86.50153,329
1010,39.17606,-86.50168,330
1010,39.17607,-86.50179,331
1010,39.17607,-86.5019,332
1010,39.17589,-86.5019,333
1010,39.17586,-86.5019,334
1010,39.17567,-86.5019,335
1010,39.17565,-86.50204,336
1010,39.17559,-86.5027,337
1010,39.17555,-86.50298,338
1010,39.17553,-86.50306,339
1010,39.17548,-86.50328,340
1010,39.17545,-86.50339,341
1010,39.17533,-86.50383,342
1010,39.17519,-86.50413,343
1010,39.17514,-86.50425,344
1010,39.17482,-86.50408,345
1010,39.17478,-86.50405,346
1010,39.17444,-86.50387,347
1010,39.17409,-86.50368,348
1010,39.17348,-86.50335,349
1010,39.17338,-86.5033,350
1010,39.17278,-86.50299,351
1010,39.17241,-86.50279,352
1010,39.17188,-86.50251,353
1010,39.17178,-86.50259,354
1010,39.17175,-86.50261,355
1010,39.17174,-86.50262,356
1010,39.17173,-86.50264,357
1010,39.17171,-86.50266,358
1010,39.17169,-86.50269,359
1010,39.17162,-86.50281,360
1010,39.17162,-86.50317,361
1010,39.17161,-86.50333,362
1010,39.1716,-86.50363,363
1010,39.1716,-86.50364,364
1010,39.17159,-86.50401,365
1010,39.17158,-86.50423,366
1010,39.17158,-86.50434,367
1010,39.17155,-86.5045,368
1010,39.17155,-86.50461,369
1010,39.17155,-86.50484,370
1010,39.1717,-86.50485,371
1010,39.17173,-86.50485,372
1010,39.17252,-86.50487,373
1010,39.17259,-86.50487,374
1010,39.17282,-86.50488,375
1010,39.17284,-86.50488,376
1010,39.17286,-86.50488,377
1010,39.17289,-86.50501,378
1010,39.17289,-86.50506,379
1010,39.17289,-86.5051,380
1010,39.17287,-86.50514,381
1010,39.17286,-86.50517,382
1010,39.17284,-86.5052,383
1010,39.17281,-86.50521,384
1010,39.17278,-86.50522,385
1010,39.17277,-86.50522,386
1010,39.17275,-86.50522,387
1010,39.17272,-86.50521,388
1010,39.17268,-86.50518,389
1010,39.17266,-86.50516,390
1010,39.17265,-86.50515,391
1010,39.17264,-86.50511,392
1010,39.17261,-86.50499,393
1010,39.17259,-86.50487,394
1010,39.17252,-86.50487,395
1010,39.17213,-86.50486,396
1010,39.17173,-86.50485,397
1010,39.1717,-86.50485,398
1010,39.17155,-86.50484,399
1010,39.17155,-86.50499,400
1010,39.17156,-86.50518,401
1010,39.17157,-86.50531,402
1010,39.17158,-86.50542,403
1010,39.17159,-86.50549,404
1010,39.17162,-86.50575,405
1010,39.17163,-86.50577,406
1010,39.1717,-86.50625,407
1010,39.17171,-86.50634,408
1010,39.17172,-86.50644,409
1010,39.17172,-86.50647,410
1010,39.17172,-86.5065,411
1010,39.17172,-86.50653,412
1010,39.17172,-86.50655,413
1010,39.17172,-86.50657,414
1010,39.17171,-86.50659,415
1010,39.1717,-86.50663,416
1010,39.17168,-86.50666,417
1010,39.17168,-86.50667,418
1010,39.17167,-86.50669,419
1010,39.17166,-86.5067,420
1010,39.17164,-86.50671,421
1010,39.17163,-86.50672,422
1010,39.17162,-86.50673,423
1010,39.1716,-86.50674,424
1010,39.17158,-86.50675,425
1010,39.17149,-86.50679,426
1010,39.17147,-86.50679,427
1010,39.17145,-86.50681,428
1010,39.17142,-86.50684,429
1010,39.17141,-86.50685,430
1010,39.1714,-86.50687,431
1010,39.17139,-86.5069,432
1010,39.17139,-86.50692,433
1010,39.17138,-86.50696,434
1010,39.17138,-86.50698,435
1010,39.17138,-86.50706,436
1010,39.1714,-86.50718,437
1010,39.17146,-86.50758,438
1010,39.17149,-86.50773,439
1010,39.17151,-86.50794,440
1010,39.17153,-86.50813,441
1010,39.17155,-86.50844,442
1010,39.17156,-86.50866,443
1010,39.17157,-86.50891,444
1010,39.17156,-86.50918,445
1010,39.17156,-86.50926,446
1010,39.17156,-86.50946,447
1010,39.17156,-86.5099,448
1010,39.17157,-86.51007,449
1010,39.17157,-86.51035,450
1010,39.17157,-86.51044,451
1010,39.17157,-86.51067,452
1010,39.17157,-86.51082,453
1010,39.17157,-86.51096,454
1010,39.17157,-86.51164,455
1010,39.17157,-86.5119,456
1010,39.17157,-86.51207,457
1010,39.17158,-86.51223,458
1010,39.17158,-86.51249,459
1010,39.17158,-86.51296,460
1010,39.17158,-86.51321,461
1010,39.17159,-86.51376,462
1010,39.17159,-86.51394,463
1010,39.17159,-86.51455,464
1010,39.17159,-86.51476,465
1010,39.17159,-86.51497,466
1010,39.17159,-86.51565,467
1010,39.17159,-86.51637,468
1010,39.17159,-86.51689,469
1010,39.17159,-86.51729,470
1010,39.1716,-86.51765,471
1010,39.1716,-86.51794,472
1010,39.1716,-86.5184,473
1010,39.1716,-86.51898,474
1010,39.1716,-86.51905,475
1010,39.1716,-86.51972,476
1010,39.17161,-86.51993,477
1010,39.17161,-86.52016,478
1010,39.17161,-86.52039,479
1010,39.17161,-86.52072,480
1010,39.17161,-86.52077,481
1010,39.17161,-86.521,482
1010,39.17162,-86.52238,483
1010,39.17163,-86.52325,484
1010,39.17163,-86.5235,485
1010,39.17151,-86.5235,486
1010,39.17138,-86.52349,487
1010,39.17117,-86.52349,488
1010,39.17102,-86.52349,489
1010,39.17073,-86.52349,490
1010,39.17043,-86.52349,491
1010,39.17013,-86.52349,492
1010,39.16994,-86.52349,493
1010,39.16947,-86.52349,494
1010,39.16898,-86.5235,495
1010,39.16849,-86.52349,496
1010,39.16849,-86.52368,497
1010,39.16849,-86.52374,498
1010,39.16849,-86.52382,499
1010,39.16849,-86.5242,500
1010,39.16849,-86.52449,501
1010,39.16849,-86.52464,502
1010,39.16849,-86.525,503
1010,39.1685,-86.52554,504
1010,39.1685,-86.52577,505
1010,39.16851,-86.52695,506
1010,39.16851,-86.52718,507
1010,39.16852,-86.52826,508
1010,39.16852,-86.52915,509
1010,39.16852,-86.52978,510
1010,39.16853,-86.53043,511
1010,39.16853,-86.53105,512
1010,39.16853,-86.53133,513
1010,39.16853,-86.53156,514
1010,39.16853,-86.53169,515
1010,39.16853,-86.53234,516
1010,39.16836,-86.53234,517
1010,39.16821,-86.53234,518
1010,39.16756,-86.53233,519
1010,39.16657,-86.53234,520
1010,39.16608,-86.53235,521
1010,39.16558,-86.53236,522
1010,39.16508,-86.53236,523
1010,39.16495,-86.53236,524
1010,39.16459,-86.53237,525
1010,39.16415,-86.53237,526
3001,39.16294,-86.47677,0
3001,39.16294,-86.47734,1
3001,39.16294,-86.47827,2
3001,39.16295,-86.47915,3
3001,39.16296,-86.48069,4
3001,39.16296,-86.48077,5
3001,39.1632,-86.48082,6
3001,39.16333,-86.48085,7
3001,39.16334,-86.48085,8
3001,39.1635,-86.48092,9
3001,39.16384,-86.48108,10
3001,39.16391,-86.48111,11
3001,39.16394,-86.48112,12
3001,39.16401,-86.48114,13
3001,39.16412,-86.48119,14
3001,39.16423,-86.48124,15
3001,39.16464,-86.48125,16
3001,39.16535,-86.48127,17
3001,39.16625,-86.48129,18
3001,39.16661,-86.4813,19
3001,39.16697,-86.48131,20
3001,39.16733,-86.48132,21
3001,39.16757,-86.48132,22
3001,39.16771,-86.48132,23
3001,39.16794,-86.48133,24
3001,39.16816,-86.48133,25
3001,39.16834,-86.48134,26
3001,39.1687,-86.48135,27
3001,39.16888,-86.48135,28
3001,39.16911,-86.48134,29
3001,39.16974,-86.48135,30
3001,39.1701,-86.48136,31
3001,39.17046,-86.48136,32
3001,39.17117,-86.48138,33
3001,39.17139,-86.48141,34
3001,39.17152,-86.48146,35
3001,39.17162,-86.4815,36
3001,39.17165,-86.48151,37
3001,39.17178,-86.48158,38
3001,39.17195,-86.48169,39
3001,39.17215,-86.48192,40
3001,39.17218,-86.48197,41
3001,39.17247,-86.48236,42
3001,39.17247,-86.48237,43
3001,39.17255,-86.48248,44
3001,39.17259,-86.48256,45
3001,39.17264,-86.48268,46
3001,39.17255,-86.48279,47
3001,39.17242,-86.48296,48
3001,39.1723,-86.48315,49
3001,39.17221,-86.48333,50
3001,39.17217,-86.48345,51
3001,39.17215,-86.48352,52
3001,39.17209,-86.48373,53
3001,39.17208,-86.4838,54
3001,39.17206,-86.48389,55
3001,39.17206,-86.48392,56
3001,39.17203,-86.4841,57
3001,39.17201,-86.48421,58
3001,39.17199,-86.4844,59
3001,39.17199,-86.48444,60
3001,39.17198,-86.48465,61
3001,39.17198,-86.48467,62
3001,39.17198,-86.48477,63
3001,39.17199,-86.48487,64
3001,39.172,-86.485,65
3001,39.17202,-86.48515,66
3001,39.17203,-86.48532,67
3001,39.17204,-86.48536,68
3001,39.17204,-86.48548,69
3001,39.17204,-86.48559,70
3001,39.17204,-86.48562,71
3001,39.17204,-86.48583,72
3001,39.172,-86.48627,73
3001,39.172,-86.48628,74
3001,39.17197,-86.48666,75
3001,39.17194,-86.48696,76
3001,39.1719,-86.48742,77
3001,39.17184,-86.488,78
3001,39.17179,-86.48846,79
3001,39.17177,-86.48859,80
3001,39.17172,-86.48889,81
3001,39.17169,-86.48908,82
3001,39.17164,-86.48931,83
3001,39.17162,-86.48945,84
3001,39.17157,-86.48974,85
3001,39.17156,-86.48987,86
3001,39.17154,-86.49002,87
3001,39.17153,-86.49011,88
3001,39.17153,-86.4904,89
3001,39.17153,-86.49053,90
3001,39.17153,-86.49088,91
3001,39.17152,-86.49146,92
3001,39.17152,-86.49216,93
3001,39.17151,-86.49295,94
3001,39.17151,-86.49346,95
3001,39.1715,-86.49413,96
3001,39.1715,-86.49462,97
3001,39.17149,-86.4949,98
3001,39.17149,-86.49495,99
3001,39.17148,-86.49543,100
3001,39.17133,-86.49542,101
3001,39.1713,-86.49542,102
3001,39.17121,-86.49543,103
3001,39.1711,-86.49546,104
3001,39.17057,-86.49557,105
3001,39.17025,-86.49569,106
3001,39.17001,-86.49577,107
3001,39.16961,-86.49589,108
3001,39.16949,-86.49592,109
3001,39.16941,-86.49593,110
3001,39.16939,-86.49594,111
3001,39.16936,-86.49594,112
3001,39.16932,-86.49594,113
3001,39.16928,-86.49594,114
3001,39.16924,-86.49593,115
3001,39.16919,-86.49591,116
3001,39.16915,-86.4959,117
3001,39.16912,-86.49588,118
3001,39.16909,-86.49587,119
3001,39.16902,-86.49582,120
3001,39.16898,-86.49579,121
3001,39.16896,-86.49577,122
3001,39.16894,-86.49574,123
3001,39.16891,-86.49572,124
3001,39.16889,-86.49569,125
3001,39.16885,-86.49563,126
3001,39.16873,-86.49546,127
3001,39.16849,-86.49513,128
3001,39.1684,-86.49503,129
3001,39.16826,-86.49496,130
3001,39.16822,-86.49495,131
3001,39.16817,-86.49494,132
3001,39.16811,-86.49494,133
3001,39.16777,-86.49493,134
3001,39.16698,-86.49491,135
3001,39.16693,-86.49491,136
3001,39.16693,-86.49481,137
3001,39.16693,-86.49467,138
3001,39.16692,-86.49397,139
3001,39.16692,-86.4939,140
3001,39.16691,-86.49376,141
3001,39.16691,-86.49314,142
3001,39.1669,-86.49303,143
3001,39.1669,-86.4928,144
3001,39.16656,-86.49279,145
3001,39.16649,-86.49279,146
3001,39.16631,-86.49278,147
3001,39.16608,-86.49278,148
3001,39.16599,-86.49277,149
3001,39.16587,-86.49276,150
3001,39.16567,-86.49273,151
3001,39.16524,-86.49273,152
3001,39.16503,-86.49276,153
3001,39.16501,-86.49278,154
3001,39.16494,-86.49285,155
3001,39.1649,-86.49289,156
3001,39.16486,-86.49293,157
3001,39.16482,-86.49296,158
3001,39.16476,-86.493,159
3001,39.1647,-86.49301,160
3001,39.16458,-86.49301,161
3001,39.16435,-86.49302,162
3001,39.16419,-86.49302,163
3001,39.16387,-86.49303,164
3001,39.16372,-86.49303,165
3001,39.16341,-86.49303,166
3001,39.16279,-86.49321,167
3001,39.16264,-86.49323,168
3001,39.1625,-86.49324,169
3001,39.16234,-86.49325,170
3001,39.16189,-86.49324,171
3001,39.16184,-86.49324,172
3001,39.16169,-86.49323,173
3001,39.16153,-86.49321,174
3001,39.16151,-86.49319,175
3001,39.16149,-86.49317,176
3001,39.16134,-86.49331,177
3001,39.1613,-86.49334,178
3001,39.16127,-86.49336,179
3001,39.16124,-86.49336,180
3001,39.16122,-86.49337,181
3001,39.16117,-86.49334,182
3001,39.16113,-86.49329,183
3001,39.16107,-86.49308,184
3001,39.16101,-86.49286,185
3001,39.161,-86.49283,186
3001,39.16099,-86.49281,187
3001,39.16099,-86.49277,188
3001,39.16099,-86.49275,189
3001,39.16099,-86.49273,190
3001,39.16099,-86.4927,191
3001,39.161,-86.49268,192
3001,39.16101,-86.49267,193
3001,39.16116,-86.49252,194
3001,39.16137,-86.49229,195
3001,39.16142,-86.49225,196
3001,39.16145,-86.49225,197
3001,39.16149,-86.49224,198
3001,39.1615,-86.492,199
3001,39.1615,-86.4919,200
3001,39.1615,-86.49176,201
3001,39.1615,-86.4917,202
3001,39.16149,-86.49166,203
3001,39.16148,-86.49163,204
3001,39.16144,-86.49155,205
3001,39.16137,-86.4914,206
3001,39.16133,-86.49133,207
3001,39.16131,-86.4913,208
3001,39.16139,-86.49118,209
3001,39.16141,-86.49112,210
3001,39.16142,-86.49106,211
3001,39.16142,-86.49099,212
3001,39.16144,-86.49077,213
3001,39.16136,-86.49073,214
3001,39.16131,-86.49071,215
3001,39.16051,-86.49069,216
3001,39.15981,-86.49068,217
3001,39.15961,-86.49068,218
3001,39.15943,-86.49065,219
3001,39.15909,-86.49058,220
3001,39.15864,-86.49049,221
3001,39.15847,-86.49046,222
3001,39.15838,-86.49045,223
3001,39.1582,-86.49043,224
3001,39.15784,-86.4904,225
3001,39.15766,-86.49038,226
3001,39.15759,-86.49038,227
3001,39.15712,-86.49036,228
3001,39.1569,-86.49035,229
3001,39.15683,-86.49035,230
3001,39.15678,-86.49035,231
3001,39.15666,-86.49037,232
3001,39.15653,-86.49038,233
3001,39.15649,-86.49039,234
3001,39.15647,-86.4904,235
3001,39.15641,-86.49042,236
3001,39.15631,-86.49045,237
3001,39.15629,-86.49045,238
3001,39.15618,-86.4905,239
3001,39.15588,-86.49065,240
3001,39.15572,-86.49073,241
3001,39.15564,-86.49077,242
3001,39.15557,-86.49079,243
3001,39.15546,-86.49082,244
3001,39.15535,-86.49084,245
3001,39.15524,-86.49085,246
3001,39.15492,-86.49084,247
3001,39.15453,-86.49084,248
3001,39.15445,-86.49084,249
3001,39.15425,-86.49083,250
3001,39.15353,-86.49075,251
3001,39.15344,-86.49074,252
3001,39.15345,-86.49098,253
3001,39.15345,-86.49111,254
3001,39.15345,-86.49121,255
3001,39.15346,-86.49131,256
3001,39.15346,-86.49134,257
3001,39.1535,-86.49163,258
3001,39.15351,-86.49167,259
3001,39.15356,-86.49199,260
3001,39.15362,-86.4922,261
3001,39.15372,-86.49233,262
3001,39.15377,-86.4924,263
3001,39.15393,-86.49263,264
3001,39.15397,-86.49266,265
3001,39.15416,-86.49284,266
3001,39.15431,-86.49296,267
3001,39.1544,-86.49304,268
3001,39.1546,-86.49322,269
3001,39.15461,-86.49322,270
3001,39.1547,-86.49331,271
3001,39.15489,-86.49351,272
3001,39.15503,-86.49365,273
3001,39.15512,-86.49374,274
3001,39.15514,-86.49376,275
3001,39.15516,-86.49378,276
3001,39.15518,-86.49381,277
3001,39.15521,-86.49386,278
3001,39.15524,-86.49391,279
3001,39.15525,-86.49394,280
3001,39.15527,-86.49397,281
3001,39.15529,-86.49402,282
3001,39.15531,-86.49409,283
3001,39.15532,-86.49412,284
3001,39.15533,-86.49417,285
3001,39.15534,-86.49421,286
3001,39.15534,-86.49424,287
3001,39.15535,-86.49429,288
3001,39.15535,-86.4944,289
3001,39.15535,-86.49448,290
3001,39.15535,-86.49456,291
3001,39.15534,-86.49461,292
3001,39.15534,-86.49467,293
3001,39.15533,-86.49474,294
3001,39.15528,-86.495,295
3001,39.15526,-86.49508,296
3001,39.15524,-86.49517,297
3001,39.15518,-86.49544,298
3001,39.15505,-86.49609,299
3001,39.15511,-86.4968,300
3001,39.15515,-86.49721,301
3001,39.15515,-86.49728,302
3001,39.15518,-86.49766,303
3001,39.15564,-86.49768,304
3001,39.1565,-86.49771,305
3001,39.15743,-86.49775,306
3001,39.15759,-86.49776,307
3001,39.15815,-86.49778,308
3001,39.15843,-86.49779,309
3001,39.1589,-86.49776,310
3001,39.15899,-86.49775,311
3001,39.15954,-86.49771,312
3001,39.15968,-86.4977,313
3001,39.16015,-86.49765,314
3001,39.16039,-86.49764,315
3001,39.16058,-86.49763,316
3001,39.16084,-86.49764,317
3001,39.16094,-86.49764,318
3001,39.16137,-86.4977,319
3001,39.16185,-86.49776,320
3001,39.16231,-86.49784,321
3001,39.16294,-86.49797,322
3001,39.16301,-86.49798,323
3001,39.163,-86.49812,324
3001,39.16299,-86.49836,325
3001,39.16299,-86.4985,326
3001,39.16299,-86.49856,327
3001,39.16299,-86.49869,328
3001,39.16298,-86.49896,329
3001,39.16298,-86.4991,330
3001,39.16298,-86.49916,331
3001,39.16298,-86.49938,332
3001,39.16297,-86.49961,333
3001,39.16297,-86.49984,334
3001,39.16297,-86.50008,335
3001,39.16297,-86.5001,336
3001,39.16297,-86.50023,337
3001,39.16297,-86.50044,338
3001,39.16297,-86.50064,339
3001,39.16297,-86.5007,340
3001,39.16297,-86.50082,341
3001,39.16297,-86.50104,342
3001,39.16297,-86.50108,343
3001,39.16297,-86.50112,344
3001,39.16297,-86.50121,345
3001,39.16297,-86.50123,346
3001,39.16299,-86.50131,347
3001,39.163,-86.50138,348
3001,39.163,-86.50139,349
3001,39.16302,-86.50146,350
3001,39.16302,-86.50147,351
3001,39.16302,-86.50155,352
3001,39.16302,-86.50157,353
3001,39.16302,-86.50163,354
3001,39.16299,-86.50176,355
3001,39.16298,-86.50178,356
3001,39.16297,-86.50187,357
3001,39.16297,-86.50192,358
3001,39.16297,-86.50198,359
3001,39.16297,-86.50203,360
3001,39.16297,-86.5021,361
3001,39.16298,-86.50225,362
3001,39.16299,-86.50245,363
3001,39.16361,-86.50246,364
3001,39.16389,-86.50246,365
3001,39.16412,-86.50246,366
3001,39.16424,-86.50246,367
3001,39.16424,-86.50264,368
3001,39.16424,-86.50297,369
3001,39.16424,-86.50306,370
3001,39.16424,-86.50343,371
3001,39.16425,-86.50459,372
3001,39.16425,-86.50495,373
3001,39.16425,-86.50553,374
3001,39.16425,-86.50604,375
3001,39.16426,-86.50622,376
3001,39.16426,-86.50667,377
3001,39.16426,-86.50714,378
3001,39.16426,-86.50743,379
3001,39.16426,-86.50757,380
3001,39.16426,-86.50767,381
3001,39.16426,-86.50824,382
3001,39.16426,-86.50847,383
3001,39.16426,-86.50908,384
3001,39.16426,-86.5094,385
3001,39.16426,-86.50956,386
3001,39.16426,-86.5097,387
3001,39.16426,-86.50979,388
3001,39.16426,-86.51014,389
3001,39.16426,-86.51036,390
3001,39.16426,-86.51088,391
3001,39.16426,-86.51096,392
3001,39.16426,-86.51125,393
3001,39.16426,-86.51158,394
3001,39.16426,-86.51191,395
3001,39.16426,-86.51219,396
3001,39.16425,-86.51301,397
3001,39.16425,-86.51323,398
3001,39.16425,-86.5136,399
3001,39.16425,-86.51372,400
3001,39.16425,-86.5139,401
3001,39.16425,-86.51409,402
3001,39.16425,-86.51422,403
3001,39.16425,-86.51441,404
3001,39.16425,-86.51462,405
3001,39.16425,-86.51525,406
3001,39.16425,-86.51535,407
3001,39.16425,-86.5158,408
3001,39.16425,-86.51589,409
3001,39.16426,-86.51613,410
3001,39.16426,-86.5164,411
3001,39.16427,-86.51666,412
3001,39.16427,-86.51702,413
3001,39.16427,-86.51714,414
3001,39.16427,-86.51739,415
3001,39.16427,-86.51774,416
3001,39.16427,-86.51784,417
3001,39.16426,-86.51828,418
3001,39.16426,-86.51875,419
3001,39.16426,-86.51913,420
3001,39.16426,-86.51921,421
3001,39.16426,-86.51932,422
3001,39.16426,-86.51955,423
3001,39.16426,-86.51968,424
3001,39.16426,-86.51969,425
3001,39.16426,-86.52008,426
3001,39.16425,-86.52069,427
3001,39.16425,-86.52106,428
3001,39.16425,-86.52112,429
3001,39.16425,-86.52162,430
3001,39.16425,-86.5218,431
3001,39.16425,-86.52191,432
3001,39.16425,-86.52205,433
3001,39.16426,-86.52228,434
3001,39.16426,-86.52262,435
3001,39.16426,-86.52268,436
3001,39.16426,-86.52279,437
3001,39.16426,-86.52302,438
3001,39.16426,-86.52333,439
3001,39.16426,-86.52346,440
3001,39.16426,-86.52355,441
3001,39.16426,-86.52365,442
3001,39.16426,-86.52387,443
3001,39.16427,-86.5242,444
3001,39.16427,-86.52478,445
3001,39.16427,-86.52497,446
3001,39.16428,-86.52531,447
3001,39.16428,-86.52555,448
3001,39.16428,-86.52587,449
3001,39.16428,-86.52594,450
3001,39.16428,-86.52606,451
3001,39.16428,-86.52614,452
3001,39.1643,-86.52668,453
3001,39.1643,-86.5267,454
3001,39.1643,-86.52682,455
3001,39.1643,-86.5269,456
3001,39.16446,-86.52689,457
3001,39.16471,-86.5269,458
3001,39.16491,-86.5269,459
3001,39.16499,-86.5269,460
3001,39.16554,-86.52691,461
3001,39.16561,-86.52691,462
3001,39.1659,-86.52691,463
3001,39.16605,-86.52691,464
3001,39.16649,-86.52693,465
3001,39.16655,-86.52693,466
3001,39.16655,-86.52743,467
3001,39.16655,-86.52745,468
3001,39.16655,-86.52764,469
3001,39.16654,-86.52782,470
3001,39.16655,-86.52824,471
3001,39.16655,-86.52917,472
3001,39.16656,-86.5298,473
3001,39.16656,-86.53018,474
3001,39.16656,-86.53044,475
3001,39.16657,-86.53109,476
3001,39.16657,-86.53171,477
3001,39.16657,-86.53222,478
3001,39.16657,-86.53234,479
3001,39.16608,-86.53235,480
3001,39.16558,-86.53236,481
3001,39.16521,-86.53236,482
3001,39.16508,-86.53236,483
3001,39.16495,-86.53236,484
3001,39.16459,-86.53237,485
3001,39.16425,-86.53237,486
3051,39.16294,-86.47677,0
3051,39.16294,-86.47734,1
3051,39.16294,-86.47827,2
3051,39.16295,-86.47915,3
3051,39.16296,-86.48069,4
3051,39.16296,-86.48077,5
3051,39.1632,-86.48082,6
3051,39.16333,-86.48085,7
3051,39.16334,-86.48085,8
3051,39.1635,-86.48092,9
3051,39.16384,-86.48108,10
3051,39.16391,-86.48111,11
3051,39.16394,-86.48112,12
3051,39.16401,-86.48114,13
3051,39.16412,-86.48119,14
3051,39.16423,-86.48124,15
3051,39.16464,-86.48125,16
3051,39.16535,-86.48127,17
3051,39.16625,-86.48129,18
3051,39.16661,-86.4813,19
3051,39.16697,-86.48131,20
3051,39.16733,-86.48132,21
3051,39.16757,-86.48132,22
3051,39.16771,-86.48132,23
3051,39.16794,-86.48133,24
3051,39.16816,-86.48133,25
3051,39.16834,-86.48134,26
3051,39.1687,-86.48135,27
3051,39.16888,-86.48135,28
3051,39.16911,-86.48134,29
3051,39.16974,-86.48135,30
3051,39.1701,-86.48136,31
3051,39.17046,-86.48136,32
3051,39.17117,-86.48138,33
3051,39.17139,-86.48141,34
3051,39.17152,-86.48146,35
3051,39.17162,-86.4815,36
3051,39.17165,-86.48151,37
3051,39.17178,-86.48158,38
3051,39.17195,-86.48169,39
3051,39.17215,-86.48192,40
3051,39.17218,-86.48197,41
3051,39.17247,-86.48236,42
3051,39.17247,-86.48237,43
3051,39.17255,-86.48248,44
3051,39.17259,-86.48256,45
3051,39.17264,-86.48268,46
3051,39.17255,-86.48279,47
3051,39.17242,-86.48296,48
3051,39.1723,-86.48315,49
3051,39.17221,-86.48333,50
3051,39.17217,-86.48345,51
3051,39.17215,-86.48352,52
3051,39.17209,-86.48373,53
3051,39.17208,-86.4838,54
3051,39.17206,-86.48389,55
3051,39.17206,-86.48392,56
3051,39.17203,-86.4841,57
3051,39.17201,-86.48421,58
3051,39.17199,-86.4844,59
3051,39.17199,-86.48444,60
3051,39.17198,-86.48465,61
3051,39.17198,-86.48467,62
3051,39.17198,-86.48477,63
3051,39.17199,-86.48487,64
3051,39.172,-86.485,65
3051,39.17202,-86.48515,66
3051,39.17203,-86.48532,67
3051,39.17204,-86.48536,68
3051,39.17204,-86.48548,69
3051,39.17204,-86.48559,70
3051,39.17204,-86.48562,71
3051,39.17204,-86.48583,72
3051,39.172,-86.48627,73
3051,39.172,-86.48628,74
3051,39.17197,-86.48666,75
3051,39.17194,-86.48696,76
3051,39.1719,-86.48742,77
3051,39.17184,-86.488,78
3051,39.17179,-86.48846,79
3051,39.17177,-86.48859,80
3051,39.17172,-86.48889,81
3051,39.17169,-86.48908,82
3051,39.17164,-86.48931,83
3051,39.17162,-86.48945,84
3051,39.17157,-86.48974,85
3051,39.17156,-86.48987,86
3051,39.17154,-86.49002,87
3051,39.17153,-86.49011,88
3051,39.17153,-86.4904,89
3051,39.17153,-86.49053,90
3051,39.17153,-86.49088,91
3051,39.17152,-86.49146,92
3051,39.17152,-86.49216,93
3051,39.17151,-86.49295,94
3051,39.17151,-86.49346,95
3051,39.1715,-86.49413,96
3051,39.1715,-86.49462,97
3051,39.17149,-86.4949,98
3051,39.17149,-86.49495,99
3051,39.17148,-86.49543,100
3051,39.17133,-86.49542,101
3051,39.1713,-86.49542,102
3051,39.17121,-86.49543,103
3051,39.1711,-86.49546,104
3051,39.17057,-86.49557,105
3051,39.17025,-86.49569,106
3051,39.17001,-86.49577,107
3051,39.16961,-86.49589,108
3051,39.16949,-86.49592,109
3051,39.16941,-86.49593,110
3051,39.16939,-86.49594,111
3051,39.16936,-86.49594,112
3051,39.16932,-86.49594,113
3051,39.16928,-86.49594,114
3051,39.16924,-86.49593,115
3051,39.16919,-86.49591,116
3051,39.16915,-86.4959,117
3051,39.16912,-86.49588,118
3051,39.16909,-86.49587,119
3051,39.16902,-86.49582,120
3051,39.16898,-86.49579,121
3051,39.16896,-86.49577,122
3051,39.16894,-86.49574,123
3051,39.16891,-86.49572,124
3051,39.16889,-86.49569,125
3051,39.16885,-86.49563,126
3051,39.16873,-86.49546,127
3051,39.16849,-86.49513,128
3051,39.1684,-86.49503,129
3051,39.16826,-86.49496,130
3051,39.16822,-86.49495,131
3051,39.16817,-86.49494,132
3051,39.16811,-86.49494,133
3051,39.16777,-86.49493,134
3051,39.16698,-86.49491,135
3051,39.16693,-86.49491,136
3051,39.16693,-86.49481,137
3051,39.16693,-86.49467,138
3051,39.16692,-86.49397,139
3051,39.16692,-86.4939,140
3051,39.16691,-86.49376,141
3051,39.16691,-86.49314,142
3051,39.1669,-86.49303,143
3051,39.1669,-86.4928,144
3051,39.16656,-86.49279,145
3051,39.16649,-86.49279,146
3051,39.16631,-86.49278,147
3051,39.16608,-86.49278,148
3051,39.16599,-86.49277,149
3051,39.16587,-86.49276,150
3051,39.16567,-86.49273,151
3051,39.16524,-86.49273,152
3051,39.16503,-86.49276,153
3051,39.16501,-86.49278,154
3051,39.16494,-86.49285,155
3051,39.1649,-86.49289,156
3051,39.16486,-86.49293,157
3051,39.16482,-86.49296,158
3051,39.16476,-86.493,159
3051,39.1647,-86.49301,160
3051,39.16458,-86.49301,161
3051,39.16435,-86.49302,162
3051,39.16419,-86.49302,163
3051,39.16387,-86.49303,164
3051,39.16372,-86.49303,165
3051,39.16341,-86.49303,166
3051,39.16279,-86.49321,167
3051,39.16264,-86.49323,168
3051,39.1625,-86.49324,169
3051,39.16234,-86.49325,170
3051,39.16189,-86.49324,171
3051,39.16184,-86.49324,172
3051,39.16169,-86.49323,173
3051,39.16153,-86.49321,174
3051,39.16151,-86.49319,175
3051,39.16149,-86.49317,176
3051,39.16134,-86.49331,177
3051,39.1613,-86.49334,178
3051,39.16127,-86.49336,179
3051,39.16124,-86.49336,180
3051,39.16122,-86.49337,181
3051,39.16117,-86.49334,182
3051,39.16113,-86.49329,183
3051,39.16107,-86.49308,184
3051,39.16101,-86.49286,185
3051,39.161,-86.49283,186
3051,39.16099,-86.49281,187
3051,39.16099,-86.49277,188
3051,39.16099,-86.49275,189
3051,39.16099,-86.49273,190
3051,39.16099,-86.4927,191
3051,39.161,-86.49268,192
3051,39.16101,-86.49267,193
3051,39.16116,-86.49252,194
3051,39.16137,-86.49229,195
3051,39.16142,-86.49225,196
3051,39.16145,-86.49225,197
3051,39.16149,-86.49224,198
3051,39.1615,-86.492,199
3051,39.1615,-86.4919,200
3051,39.1615,-86.49176,201
3051,39.1615,-86.4917,202
3051,39.16149,-86.49166,203
3051,39.16148,-86.49163,204
3051,39.16144,-86.49155,205
3051,39.16137,-86.4914,206
3051,39.16133,-86.49133,207
3051,39.16131,-86.4913,208
3051,39.16139,-86.49118,209
3051,39.16141,-86.49112,210
3051,39.16142,-86.49106,211
3051,39.16142,-86.49099,212
3051,39.16144,-86.49077,213
3051,39.16136,-86.49073,214
3051,39.16131,-86.49071,215
3051,39.16051,-86.49069,216
3051,39.15981,-86.49068,217
3051,39.15961,-86.49068,218
3051,39.15943,-86.49065,219
3051,39.15909,-86.49058,220
3051,39.15864,-86.49049,221
3051,39.15847,-86.49046,222
3051,39.15838,-86.49045,223
3051,39.1582,-86.49043,224
3051,39.15784,-86.4904,225
3051,39.15766,-86.49038,226
3051,39.15759,-86.49038,227
3051,39.15712,-86.49036,228
3051,39.1569,-86.49035,229
3051,39.15683,-86.49035,230
3051,39.15678,-86.49035,231
3051,39.15666,-86.49037,232
3051,39.15653,-86.49038,233
3051,39.15649,-86.49039,234
3051,39.15647,-86.4904,235
3051,39.15641,-86.49042,236
3051,39.15631,-86.49045,237
3051,39.15629,-86.49045,238
3051,39.15618,-86.4905,239
3051,39.15588,-86.49065,240
3051,39.15572,-86.49073,241
3051,39.15564,-86.49077,242
3051,39.15557,-86.49079,243
3051,39.15546,-86.49082,244
3051,39.15535,-86.49084,245
3051,39.15524,-86.49085,246
3051,39.15492,-86.49084,247
3051,39.15453,-86.49084,248
3051,39.15445,-86.49084,249
3051,39.15425,-86.49083,250
3051,39.15353,-86.49075,251
3051,39.15344,-86.49074,252
3051,39.15345,-86.49098,253
3051,39.15345,-86.49111,254
3051,39.15345,-86.49121,255
3051,39.15346,-86.49131,256
3051,39.15346,-86.49134,257
3051,39.1535,-86.49163,258
3051,39.15351,-86.49167,259
3051,39.15356,-86.49199,260
3051,39.15362,-86.4922,261
3051,39.15372,-86.49233,262
3051,39.15377,-86.4924,263
3051,39.15393,-86.49263,264
3051,39.15397,-86.49266,265
3051,39.15416,-86.49284,266
3051,39.15431,-86.49296,267
3051,39.1544,-86.49304,268
3051,39.1546,-86.49322,269
3051,39.15461,-86.49322,270
3051,39.1547,-86.49331,271
3051,39.15489,-86.49351,272
3051,39.15503,-86.49365,273
3051,39.15512,-86.49374,274
3051,39.15514,-86.49376,275
3051,39.15516,-86.49378,276
3051,39.15518,-86.49381,277
3051,39.15521,-86.49386,278
3051,39.15524,-86.49391,279
3051,39.15525,-86.49394,280
3051,39.15527,-86.49397,281
3051,39.15529,-86.49402,282
3051,39.15531,-86.49409,283
3051,39.15532,-86.49412,284
3051,39.15533,-86.49417,285
3051,39.15534,-86.49421,286
3051,39.15534,-86.49424,287
3051,39.15535,-86.49429,288
3051,39.15535,-86.4944,289
3051,39.15535,-86.49448,290
3051,39.15535,-86.49456,291
3051,39.15534,-86.49461,292
3051,39.15534,-86.49467,293
3051,39.15533,-86.49474,294
3051,39.15528,-86.495,295
3051,39.15526,-86.49508,296
3051,39.15524,-86.49517,297
3051,39.15518,-86.49544,298
3051,39.15505,-86.49609,299
3051,39.15511,-86.4968,300
3051,39.15515,-86.49721,301
3051,39.15515,-86.49728,302
3051,39.15518,-86.49766,303
3051,39.15564,-86.49768,304
3051,39.1565,-86.49771,305
3051,39.15743,-86.49775,306
3051,39.15759,-86.49776,307
3051,39.15815,-86.49778,308
3051,39.15843,-86.49779,309
3051,39.1589,-86.49776,310
3051,39.15899,-86.49775,311
3051,39.15954,-86.49771,312
3051,39.15968,-86.4977,313
3051,39.16015,-86.49765,314
3051,39.16039,-86.49764,315
3051,39.16058,-86.49763,316
3051,39.16084,-86.49764,317
3051,39.16094,-86.49764,318
3051,39.16137,-86.4977,319
3051,39.16185,-86.49776,320
3051,39.16231,-86.49784,321
3051,39.16294,-86.49797,322
3051,39.16301,-86.49798,323
3051,39.163,-86.49812,324
3051,39.16299,-86.49836,325
3051,39.16299,-86.4985,326
3051,39.16299,-86.49856,327
3051,39.16299,-86.49869,328
3051,39.16298,-86.49896,329
3051,39.16298,-86.4991,330
3051,39.16298,-86.49916,331
3051,39.16298,-86.49938,332
3051,39.16297,-86.49961,333
3051,39.16297,-86.49984,334
3051,39.16297,-86.50008,335
3051,39.16297,-86.5001,336
3051,39.16297,-86.50023,337
3051,39.16297,-86.50044,338
3051,39.16297,-86.50064,339
3051,39.16297,-86.5007,340
3051,39.16297,-86.50082,341
3051,39.16297,-86.50104,342
3051,39.16297,-86.50108,343
3051,39.16297,-86.50112,344
3051,39.16297,-86.50121,345
3051,39.16297,-86.50123,346
3051,39.16299,-86.50131,347
3051,39.163,-86.50138,348
3051,39.163,-86.50139,349
3051,39.16302,-86.50146,350
3051,39.16302,-86.50147,351
3051,39.16302,-86.50155,352
3051,39.16302,-86.50157,353
3051,39.16302,-86.50163,354
3051,39.16299,-86.50176,355
3051,39.16298,-86.50178,356
3051,39.16297,-86.50187,357
3051,39.16297,-86.50192,358
3051,39.16297,-86.50198,359
3051,39.16297,-86.50203,360
3051,39.16297,-86.5021,361
3051,39.16298,-86.50225,362
3051,39.16299,-86.50245,363
3051,39.16361,-86.50246,364
3051,39.16389,-86.50246,365
3051,39.16412,-86.50246,366
3051,39.16424,-86.50246,367
3051,39.16424,-86.50264,368
3051,39.16424,-86.50297,369
3051,39.16424,-86.50306,370
3051,39.16424,-86.50343,371
3051,39.16425,-86.50459,372
3051,39.16425,-86.50495,373
3051,39.16425,-86.50553,374
3051,39.16425,-86.50604,375
3051,39.16426,-86.50622,376
3051,39.16426,-86.50667,377
3051,39.16426,-86.50714,378
3051,39.16426,-86.50743,379
3051,39.16426,-86.50757,380
3051,39.16426,-86.50767,381
3051,39.16426,-86.50824,382
3051,39.16426,-86.50847,383
3051,39.16426,-86.50908,384
3051,39.16426,-86.5094,385
3051,39.16426,-86.50956,386
3051,39.16426,-86.5097,387
3051,39.16426,-86.50979,388
3051,39.16426,-86.51014,389
3051,39.16426,-86.51036,390
3051,39.16426,-86.51088,391
3051,39.16426,-86.51096,392
3051,39.16426,-86.51125,393
3051,39.16426,-86.51158,394
3051,39.16426,-86.51191,395
3051,39.16426,-86.51219,396
3051,39.16425,-86.51301,397
3051,39.16425,-86.51323,398
3051,39.16425,-86.5136,399
3051,39.16425,-86.51372,400
3051,39.16425,-86.5139,401
3051,39.16425,-86.51409,402
3051,39.16425,-86.51422,403
3051,39.16425,-86.51441,404
3051,39.16425,-86.51462,405
3051,39.16425,-86.51525,406
3051,39.16425,-86.51535,407
3051,39.16425,-86.5158,408
3051,39.16425,-86.51589,409
3051,39.16426,-86.51613,410
3051,39.16426,-86.5164,411
3051,39.16427,-86.51666,412
3051,39.16427,-86.51702,413
3051,39.16427,-86.51714,414
3051,39.16427,-86.51739,415
3051,39.16427,-86.51774,416
3051,39.16427,-86.51784,417
3051,39.16426,-86.51828,418
3051,39.16426,-86.51875,419
3051,39.16426,-86.51913,420
3051,39.16426,-86.51921,421
3051,39.16426,-86.51932,422
3051,39.16426,-86.51955,423
3051,39.16426,-86.51968,424
3051,39.16426,-86.51969,425
3051,39.16426,-86.52008,426
3051,39.16425,-86.52069,427
3051,39.16425,-86.52106,428
3051,39.16425,-86.52112,429
3051,39.16425,-86.52162,430
3051,39.16425,-86.5218,431
3051,39.16425,-86.52191,432
3051,39.16425,-86.52205,433
3051,39.16426,-86.52228,434
3051,39.16426,-86.52262,435
3051,39.16426,-86.52268,436
3051,39.16426,-86.52279,437
3051,39.16426,-86.52302,438
3051,39.16426,-86.52333,439
3051,39.16426,-86.52346,440
3051,39.16426,-86.52355,441
3051,39.16426,-86.52365,442
3051,39.16426,-86.52387,443
3051,39.16427,-86.5242,444
3051,39.16427,-86.52478,445
3051,39.16427,-86.52497,446
3051,39.16428,-86.52531,447
3051,39.16428,-86.52555,448
3051,39.16428,-86.52587,449
3051,39.16428,-86.52594,450
3051,39.16428,-86.52606,451
3051,39.16428,-86.52614,452
3051,39.1643,-86.52668,453
3051,39.1643,-86.5267,454
3051,39.1643,-86.52682,455
3051,39.1643,-86.5269,456
3051,39.16446,-86.52689,457
3051,39.16471,-86.5269,458
3051,39.16491,-86.5269,459
3051,39.16499,-86.5269,460
3051,39.16554,-86.52691,461
3051,39.16561,-86.52691,462
3051,39.1659,-86.52691,463
3051,39.16605,-86.52691,464
3051,39.16649,-86.52693,465
3051,39.16655,-86.52693,466
3051,39.16655,-86.52743,467
3051,39.16655,-86.52745,468
3051,39.16655,-86.52764,469
3051,39.16654,-86.52782,470
3051,39.16655,-86.52824,471
3051,39.16655,-86.52917,472
3051,39.16656,-86.5298,473
3051,39.16656,-86.53018,474
3051,39.16656,-86.53044,475
3051,39.16657,-86.53109,476
3051,39.16657,-86.53171,477
3051,39.16657,-86.53222,478
3051,39.16657,-86.53234,479
3051,39.16608,-86.53235,480
3051,39.16558,-86.53236,481
3051,39.16521,-86.53236,482
3051,39.16508,-86.53236,483
3051,39.16495,-86.53236,484
3051,39.16459,-86.53237,485
3051,39.16425,-86.53237,486
3011,39.16425,-86.53365,0
3011,39.16452,-86.53364,1
3011,39.16456,-86.53364,2
3011,39.16455,-86.53339,3
3011,39.16455,-86.53301,4
3011,39.16459,-86.53295,5
3011,39.16459,-86.53283,6
3011,39.16459,-86.53276,7
3011,39.16459,-86.53237,8
3011,39.16459,-86.53193,9
3011,39.1646,-86.53179,10
3011,39.16459,-86.53152,11
3011,39.16459,-86.53109,12
3011,39.16458,-86.53063,13
3011,39.16457,-86.52982,14
3011,39.16457,-86.52918,15
3011,39.16457,-86.52886,16
3011,39.16457,-86.52874,17
3011,39.16456,-86.52863,18
3011,39.16456,-86.5286,19
3011,39.16455,-86.52856,20
3011,39.16454,-86.52853,21
3011,39.16453,-86.5285,22
3011,39.16452,-86.52846,23
3011,39.16448,-86.52837,24
3011,39.16442,-86.52822,25
3011,39.16429,-86.52821,26
3011,39.16411,-86.5282,27
3011,39.16399,-86.5282,28
3011,39.16372,-86.52819,29
3011,39.16356,-86.52816,30
3011,39.16346,-86.52813,31
3011,39.1634,-86.52809,32
3011,39.16333,-86.52803,33
3011,39.16328,-86.52796,34
3011,39.16325,-86.5279,35
3011,39.16323,-86.52784,36
3011,39.1632,-86.52775,37
3011,39.16318,-86.52765,38
3011,39.16317,-86.5276,39
3011,39.16316,-86.52755,40
3011,39.16315,-86.52744,41
3011,39.16315,-86.52734,42
3011,39.16315,-86.52725,43
3011,39.16314,-86.52672,44
3011,39.16314,-86.52657,45
3011,39.16314,-86.52588,46
3011,39.16314,-86.52532,47
3011,39.16313,-86.52402,48
3011,39.16312,-86.52372,49
3011,39.16312,-86.5229,50
3011,39.16312,-86.52263,51
3011,39.16311,-86.52176,52
3011,39.16311,-86.52106,53
3011,39.1631,-86.52019,54
3011,39.16309,-86.51991,55
3011,39.16309,-86.51912,56
3011,39.16309,-86.51897,57
3011,39.16308,-86.51852,58
3011,39.16308,-86.51794,59
3011,39.16307,-86.51772,60
3011,39.16307,-86.51726,61
3011,39.16307,-86.51699,62
3011,39.16306,-86.5164,63
3011,39.16306,-86.51586,64
3011,39.16306,-86.51548,65
3011,39.16305,-86.51525,66
3011,39.16305,-86.51509,67
3011,39.16305,-86.51479,68
3011,39.16305,-86.51469,69
3011,39.16305,-86.51464,70
3011,39.16306,-86.51419,71
3011,39.16327,-86.51419,72
3011,39.16363,-86.5142,73
3011,39.16371,-86.51421,74
3011,39.164,-86.51421,75
3011,39.16425,-86.51422,76
3011,39.16425,-86.5139,77
3011,39.16425,-86.51372,78
3011,39.16425,-86.5136,79
3011,39.16425,-86.51323,80
3011,39.16425,-86.51301,81
3011,39.16426,-86.51219,82
3011,39.16426,-86.51191,83
3011,39.16426,-86.51158,84
3011,39.16426,-86.51125,85
3011,39.16426,-86.51096,86
3011,39.16426,-86.51088,87
3011,39.16426,-86.51036,88
3011,39.16426,-86.51014,89
3011,39.16426,-86.5097,90
3011,39.16426,-86.50956,91
3011,39.16426,-86.5094,92
3011,39.16426,-86.50908,93
3011,39.16426,-86.50847,94
3011,39.16426,-86.50824,95
3011,39.16426,-86.50767,96
3011,39.16426,-86.50757,97
3011,39.16426,-86.50743,98
3011,39.16426,-86.50714,99
3011,39.16426,-86.50699,100
3011,39.16426,-86.50667,101
3011,39.16426,-86.50661,102
3011,39.16426,-86.50622,103
3011,39.16425,-86.50604,104
3011,39.16425,-86.50495,105
3011,39.16425,-86.50459,106
3011,39.16424,-86.50343,107
3011,39.16424,-86.50317,108
3011,39.16424,-86.50306,109
3011,39.16424,-86.50288,110
3011,39.16424,-86.50264,111
3011,39.16424,-86.50246,112
3011,39.16389,-86.50246,113
3011,39.16388,-86.50246,114
3011,39.16328,-86.50245,115
3011,39.16304,-86.50245,116
3011,39.16299,-86.50245,117
3011,39.16298,-86.50225,118
3011,39.16297,-86.5021,119
3011,39.16297,-86.50203,120
3011,39.16297,-86.50198,121
3011,39.16297,-86.50187,122
3011,39.16298,-86.50178,123
3011,39.16299,-86.50176,124
3011,39.16301,-86.50165,125
3011,39.16302,-86.50163,126
3011,39.16302,-86.50157,127
3011,39.16302,-86.50155,128
3011,39.16302,-86.50146,129
3011,39.163,-86.50139,130
3011,39.163,-86.50138,131
3011,39.16299,-86.50131,132
3011,39.16297,-86.50123,133
3011,39.16297,-86.50121,134
3011,39.16297,-86.50112,135
3011,39.16297,-86.50104,136
3011,39.16297,-86.50082,137
3011,39.16297,-86.5007,138
3011,39.16297,-86.50064,139
3011,39.16297,-86.50044,140
3011,39.16297,-86.50023,141
3011,39.16297,-86.5001,142
3011,39.16297,-86.50008,143
3011,39.16297,-86.50001,144
3011,39.16297,-86.49984,145
3011,39.16297,-86.49961,146
3011,39.16298,-86.49938,147
3011,39.16298,-86.49916,148
3011,39.16298,-86.4991,149
3011,39.16298,-86.49896,150
3011,39.16299,-86.49869,151
3011,39.16299,-86.49856,152
3011,39.16299,-86.4985,153
3011,39.16299,-86.49836,154
3011,39.163,-86.49812,155
3011,39.16275,-86.49808,156
3011,39.16266,-86.49806,157
3011,39.16229,-86.49797,158
3011,39.16219,-86.49795,159
3011,39.16211,-86.49793,160
3011,39.162,-86.49792,161
3011,39.16183,-86.4979,162
3011,39.16168,-86.49788,163
3011,39.16138,-86.49784,164
3011,39.16094,-86.49777,165
3011,39.16059,-86.49777,166
3011,39.1604,-86.49778,167
3011,39.16017,-86.49779,168
3011,39.1596,-86.49784,169
3011,39.1592,-86.49787,170
3011,39.15897,-86.49789,171
3011,39.1587,-86.49791,172
3011,39.15868,-86.49791,173
3011,39.15818,-86.49793,174
3011,39.1568,-86.49785,175
3011,39.15648,-86.49784,176
3011,39.15576,-86.49782,177
3011,39.15518,-86.4978,178
3011,39.15518,-86.49766,179
3011,39.15517,-86.49747,180
3011,39.15516,-86.49737,181
3011,39.15515,-86.49728,182
3011,39.15515,-86.49721,183
3011,39.15513,-86.49703,184
3011,39.15512,-86.49695,185
3011,39.15511,-86.4968,186
3011,39.15509,-86.4966,187
3011,39.15507,-86.49636,188
3011,39.15506,-86.49617,189
3011,39.15508,-86.49594,190
3011,39.15515,-86.49561,191
3011,39.15518,-86.49544,192
3011,39.15524,-86.49517,193
3011,39.15525,-86.49513,194
3011,39.15532,-86.49473,195
3011,39.15532,-86.4941,196
3011,39.15531,-86.49409,197
3011,39.15529,-86.49402,198
3011,39.15527,-86.49397,199
3011,39.15525,-86.49394,200
3011,39.15524,-86.49391,201
3011,39.15521,-86.49386,202
3011,39.15518,-86.49381,203
3011,39.15516,-86.49378,204
3011,39.15514,-86.49376,205
3011,39.15512,-86.49374,206
3011,39.15503,-86.49365,207
3011,39.15495,-86.49356,208
3011,39.15489,-86.49351,209
3011,39.1547,-86.49332,210
3011,39.15461,-86.49322,211
3011,39.1546,-86.49322,212
3011,39.15442,-86.49306,213
3011,39.15428,-86.49294,214
3011,39.15359,-86.49208,215
3011,39.15356,-86.49199,216
3011,39.15354,-86.49188,217
3011,39.15351,-86.49169,218
3011,39.15351,-86.49167,219
3011,39.15347,-86.4914,220
3011,39.15346,-86.49134,221
3011,39.15346,-86.49131,222
3011,39.15345,-86.49121,223
3011,39.15345,-86.49111,224
3011,39.15345,-86.49098,225
3011,39.15344,-86.49074,226
3011,39.15386,-86.49079,227
3011,39.15425,-86.49083,228
3011,39.15447,-86.49084,229
3011,39.15482,-86.49083,230
3011,39.15542,-86.49083,231
3011,39.15546,-86.49082,232
3011,39.15557,-86.49079,233
3011,39.15564,-86.49077,234
3011,39.15572,-86.49073,235
3011,39.15584,-86.49067,236
3011,39.15588,-86.49065,237
3011,39.15603,-86.49058,238
3011,39.1565,-86.49038,239
3011,39.15683,-86.49035,240
3011,39.1569,-86.49035,241
3011,39.15709,-86.49036,242
3011,39.15712,-86.49036,243
3011,39.15749,-86.49038,244
3011,39.15759,-86.49038,245
3011,39.15766,-86.49038,246
3011,39.15784,-86.4904,247
3011,39.1582,-86.49043,248
3011,39.15838,-86.49045,249
3011,39.15841,-86.49045,250
3011,39.15847,-86.49046,251
3011,39.1586,-86.49048,252
3011,39.15904,-86.49057,253
3011,39.15974,-86.49068,254
3011,39.15995,-86.49068,255
3011,39.16051,-86.49069,256
3011,39.16114,-86.4907,257
3011,39.16131,-86.49071,258
3011,39.16144,-86.49065,259
3011,39.16144,-86.49077,260
3011,39.16143,-86.49092,261
3011,39.16142,-86.49106,262
3011,39.16141,-86.49112,263
3011,39.16139,-86.49118,264
3011,39.16131,-86.4913,265
3011,39.16133,-86.49133,266
3011,39.16137,-86.4914,267
3011,39.16144,-86.49155,268
3011,39.16148,-86.49163,269
3011,39.16149,-86.49166,270
3011,39.1615,-86.4917,271
3011,39.1615,-86.49176,272
3011,39.1615,-86.4919,273
3011,39.1615,-86.49194,274
3011,39.16149,-86.49224,275
3011,39.16142,-86.49225,276
3011,39.16137,-86.49229,277
3011,39.16123,-86.49244,278
3011,39.16101,-86.49267,279
3011,39.161,-86.49268,280
3011,39.16099,-86.4927,281
3011,39.16099,-86.49273,282
3011,39.16099,-86.49274,283
3011,39.16099,-86.49275,284
3011,39.16099,-86.49277,285
3011,39.16099,-86.49281,286
3011,39.16101,-86.49286,287
3011,39.16107,-86.49308,288
3011,39.16113,-86.49329,289
3011,39.16117,-86.49334,290
3011,39.16121,-86.49336,291
3011,39.16122,-86.49337,292
3011,39.16124,-86.49336,293
3011,39.16127,-86.49336,294
3011,39.1613,-86.49334,295
3011,39.16149,-86.49317,296
3011,39.16153,-86.49321,297
3011,39.16169,-86.49323,298
3011,39.16189,-86.49324,299
3011,39.16234,-86.49325,300
3011,39.1624,-86.49325,301
3011,39.1625,-86.49324,302
3011,39.16264,-86.49323,303
3011,39.16279,-86.49321,304
3011,39.16319,-86.49309,305
3011,39.16341,-86.49303,306
3011,39.16372,-86.49303,307
3011,39.16387,-86.49303,308
3011,39.164,-86.49303,309
3011,39.1641,-86.49303,310
3011,39.16419,-86.49302,311
3011,39.1642,-86.49207,312
3011,39.1642,-86.49153,313
3011,39.1642,-86.49124,314
3011,39.1642,-86.49084,315
3011,39.1642,-86.49072,316
3011,39.1642,-86.49005,317
3011,39.16423,-86.48924,318
3011,39.16423,-86.48854,319
3011,39.16423,-86.48797,320
3011,39.16423,-86.48681,321
3011,39.16423,-86.48542,322
3011,39.16423,-86.48455,323
3011,39.16423,-86.48448,324
3011,39.16423,-86.48436,325
3011,39.16423,-86.48272,326
3011,39.16423,-86.48191,327
3011,39.16423,-86.48166,328
3011,39.16423,-86.48124,329
3011,39.16412,-86.48119,330
3011,39.16394,-86.48112,331
3011,39.16391,-86.48111,332
3011,39.16384,-86.48108,333
3011,39.1635,-86.48092,334
3011,39.16334,-86.48085,335
3011,39.16333,-86.48085,336
3011,39.1632,-86.48082,337
3011,39.16296,-86.48077,338
3011,39.16296,-86.4807,339
3011,39.16295,-86.47915,340
3011,39.16294,-86.47827,341
3011,39.16294,-86.47739,342
3011,39.16294,-86.47734,343
3011,39.16295,-86.47624,344
3011,39.16331,-86.47625,345
3011,39.16367,-86.47626,346
3011,39.16421,-86.47628,347
3011,39.16431,-86.47368,348
3011,39.16668,-86.47372,349
3011,39.16669,-86.47372,350
3011,39.16672,-86.47374,351
3011,39.16675,-86.47377,352
3011,39.16679,-86.47381,353
3011,39.16683,-86.47385,354
3011,39.16688,-86.47394,355
3011,39.16693,-86.47404,356
3011,39.16699,-86.47419,357
3011,39.16703,-86.47427,358
3011,39.16707,-86.47435,359
3011,39.16708,-86.47439,360
3011,39.16709,-86.47441,361
3011,39.16712,-86.47449,362
3011,39.16714,-86.47456,363
3011,39.16715,-86.4746,364
3011,39.16716,-86.47465,365
3011,39.16717,-86.47474,366
3011,39.16718,-86.47483,367
3011,39.1672,-86.47506,368
3011,39.16722,-86.47529,369
3011,39.16725,-86.47553,370
3011,39.16732,-86.47622,371
3011,39.16734,-86.47645,372
3011,39.16734,-86.47648,373
3011,39.16734,-86.47651,374
3011,39.16735,-86.47691,375
3011,39.16737,-86.47784,376
3011,39.16736,-86.47833,377
3011,39.16736,-86.47854,378
3011,39.16735,-86.47865,379
3011,39.16734,-86.47879,380
3011,39.16733,-86.47887,381
3011,39.16731,-86.47896,382
3011,39.1673,-86.47899,383
3011,39.16728,-86.47905,384
3011,39.16724,-86.47917,385
3011,39.16723,-86.4792,386
3011,39.16722,-86.47922,387
3011,39.16719,-86.47929,388
3011,39.16694,-86.47965,389
3011,39.1665,-86.48026,390
3011,39.16641,-86.48037,391
3011,39.16637,-86.48043,392
3011,39.16627,-86.48085,393
3011,39.16626,-86.4811,394
3011,39.16625,-86.48129,395
3011,39.16661,-86.4813,396
3011,39.16697,-86.48131,397
3011,39.16733,-86.48132,398
3011,39.16771,-86.48132,399
3011,39.16794,-86.48133,400
3011,39.16816,-86.48133,401
3011,39.16834,-86.48134,402
3011,39.1687,-86.48135,403
3011,39.16888,-86.48135,404
3011,39.16911,-86.48134,405
3011,39.16974,-86.48135,406
3011,39.1701,-86.48136,407
3011,39.17046,-86.48136,408
3011,39.17056,-86.48137,409
3011,39.17117,-86.48138,410
3011,39.17139,-86.48141,411
3011,39.17152,-86.48146,412
3011,39.17162,-86.4815,413
3011,39.17165,-86.48151,414
3011,39.17178,-86.48158,415
3011,39.17195,-86.48169,416
3011,39.17215,-86.48192,417
3011,39.17218,-86.48197,418
3011,39.17247,-86.48237,419
3011,39.17255,-86.48248,420
3011,39.17256,-86.48251,421
3011,39.17259,-86.48256,422
3011,39.17264,-86.48268,423
3011,39.17255,-86.48279,424
3011,39.17242,-86.48296,425
3011,39.1723,-86.48315,426
3011,39.17221,-86.48333,427
3011,39.17217,-86.48345,428
3011,39.17215,-86.48352,429
3011,39.17209,-86.48373,430
3011,39.17206,-86.48389,431
3011,39.17206,-86.48392,432
3011,39.17203,-86.4841,433
3011,39.17201,-86.48421,434
3011,39.17199,-86.4844,435
3011,39.17199,-86.48444,436
3011,39.17198,-86.48465,437
3011,39.17198,-86.48467,438
3011,39.17198,-86.48477,439
3011,39.17199,-86.48487,440
3011,39.172,-86.485,441
3011,39.17202,-86.48515,442
3011,39.17203,-86.48532,443
3011,39.17204,-86.48536,444
3011,39.17204,-86.48548,445
3011,39.17204,-86.48559,446
3011,39.17204,-86.48562,447
3011,39.17204,-86.48583,448
3011,39.172,-86.48627,449
3011,39.172,-86.48628,450
3011,39.17197,-86.48666,451
3011,39.17196,-86.48679,452
3011,39.17194,-86.48696,453
3011,39.1719,-86.48742,454
3011,39.17184,-86.488,455
3011,39.17179,-86.48846,456
3011,39.17177,-86.48859,457
3011,39.17172,-86.48889,458
3011,39.17169,-86.48908,459
3011,39.17164,-86.48931,460
3011,39.17162,-86.48945,461
3011,39.17157,-86.48974,462
3011,39.17156,-86.48987,463
3011,39.17154,-86.49002,464
3011,39.17153,-86.4904,465
3011,39.17153,-86.49053,466
3011,39.17153,-86.49088,467
3011,39.17152,-86.49146,468
3011,39.17152,-86.49216,469
3011,39.17151,-86.49295,470
3011,39.17151,-86.49346,471
3011,39.1715,-86.49413,472
3011,39.1715,-86.49462,473
3011,39.17149,-86.49495,474
3011,39.17149,-86.49497,475
3011,39.17148,-86.49543,476
3011,39.17133,-86.49542,477
3011,39.1713,-86.49542,478
3011,39.17121,-86.49543,479
3011,39.17057,-86.49557,480
3011,39.17025,-86.49569,481
3011,39.17014,-86.49573,482
3011,39.17001,-86.49577,483
3011,39.16961,-86.49589,484
3011,39.16949,-86.49592,485
3011,39.16941,-86.49593,486
3011,39.16939,-86.49594,487
3011,39.16936,-86.49594,488
3011,39.16932,-86.49594,489
3011,39.16928,-86.49594,490
3011,39.16924,-86.49593,491
3011,39.16919,-86.49591,492
3011,39.16915,-86.4959,493
3011,39.16909,-86.49587,494
3011,39.16902,-86.49582,495
3011,39.16898,-86.49579,496
3011,39.16896,-86.49577,497
3011,39.16894,-86.49574,498
3011,39.16891,-86.49572,499
3011,39.16889,-86.49569,500
3011,39.16885,-86.49563,501
3011,39.16873,-86.49546,502
3011,39.16867,-86.49539,503
3011,39.16849,-86.49513,504
3011,39.1684,-86.49503,505
3011,39.16826,-86.49496,506
3011,39.16822,-86.49495,507
3011,39.16817,-86.49494,508
3011,39.16811,-86.49494,509
3011,39.16777,-86.49493,510
3011,39.16734,-86.49492,511
3011,39.16693,-86.49491,512
3011,39.16693,-86.49481,513
3011,39.16693,-86.49467,514
3011,39.16692,-86.49397,515
3011,39.16692,-86.4939,516
3011,39.16691,-86.49376,517
3011,39.16691,-86.49332,518
3011,39.1669,-86.49303,519
3011,39.1669,-86.4928,520
3011,39.16656,-86.49279,521
3011,39.16649,-86.49279,522
3011,39.16631,-86.49278,523
3011,39.16612,-86.49278,524
3011,39.16608,-86.49278,525
3011,39.16587,-86.49276,526
3011,39.16567,-86.49273,527
3011,39.16524,-86.49273,528
3011,39.16503,-86.49276,529
3011,39.16501,-86.49278,530
3011,39.16494,-86.49285,531
3011,39.1649,-86.49289,532
3011,39.16486,-86.49293,533
3011,39.16482,-86.49296,534
3011,39.16476,-86.493,535
3011,39.1647,-86.49301,536
3011,39.16458,-86.49301,537
3011,39.16445,-86.49302,538
3011,39.16419,-86.49302,539
3011,39.16387,-86.49303,540
3011,39.16374,-86.49303,541
3011,39.16341,-86.49303,542
3011,39.16279,-86.49321,543
3011,39.16264,-86.49323,544
3011,39.1625,-86.49324,545
3011,39.16234,-86.49325,546
3011,39.16189,-86.49324,547
3011,39.16169,-86.49323,548
3011,39.16153,-86.49321,549
3011,39.16149,-86.49317,550
3011,39.16147,-86.49311,551
3011,39.16147,-86.49299,552
3011,39.16147,-86.49294,553
3011,39.16148,-86.49269,554
3011,39.16149,-86.49243,555
3011,39.16149,-86.49224,556
3011,39.1615,-86.4919,557
3011,39.1615,-86.49176,558
3011,39.1615,-86.4917,559
3011,39.16149,-86.49166,560
3011,39.16148,-86.49163,561
3011,39.16144,-86.49155,562
3011,39.16141,-86.49148,563
3011,39.16137,-86.4914,564
3011,39.16133,-86.49133,565
3011,39.16131,-86.4913,566
3011,39.16139,-86.49118,567
3011,39.16141,-86.49112,568
3011,39.16142,-86.49106,569
3011,39.16143,-86.49086,570
3011,39.16144,-86.49077,571
3011,39.16131,-86.49071,572
3011,39.16051,-86.49069,573
3011,39.15961,-86.49068,574
3011,39.15943,-86.49065,575
3011,39.15909,-86.49058,576
3011,39.15847,-86.49046,577
3011,39.15838,-86.49045,578
3011,39.1582,-86.49043,579
3011,39.15784,-86.4904,580
3011,39.15766,-86.49038,581
3011,39.15759,-86.49038,582
3011,39.15712,-86.49036,583
3011,39.1569,-86.49035,584
3011,39.15683,-86.49035,585
3011,39.15678,-86.49035,586
3011,39.15666,-86.49037,587
3011,39.15653,-86.49038,588
3011,39.15649,-86.49039,589
3011,39.15647,-86.4904,590
3011,39.15641,-86.49042,591
3011,39.15631,-86.49045,592
3011,39.15629,-86.49045,593
3011,39.15618,-86.4905,594
3011,39.15588,-86.49065,595
3011,39.15572,-86.49073,596
3011,39.15564,-86.49077,597
3011,39.15557,-86.49079,598
3011,39.15546,-86.49082,599
3011,39.15535,-86.49084,600
3011,39.15524,-86.49085,601
3011,39.15492,-86.49084,602
3011,39.15453,-86.49084,603
3011,39.15425,-86.49083,604
3011,39.15344,-86.49074,605
3011,39.15345,-86.49098,606
3011,39.15345,-86.49111,607
3011,39.15345,-86.49121,608
3011,39.15346,-86.49131,609
3011,39.15346,-86.49134,610
3011,39.15351,-86.49167,611
3011,39.15356,-86.49199,612
3011,39.15362,-86.4922,613
3011,39.15372,-86.49233,614
3011,39.15377,-86.4924,615
3011,39.15393,-86.49263,616
3011,39.15397,-86.49266,617
3011,39.15416,-86.49284,618
3011,39.15431,-86.49296,619
3011,39.1544,-86.49304,620
3011,39.1546,-86.49322,621
3011,39.15461,-86.49322,622
3011,39.15489,-86.49351,623
3011,39.15503,-86.49365,624
3011,39.15512,-86.49374,625
3011,39.15514,-86.49376,626
3011,39.15516,-86.49378,627
3011,39.15518,-86.49381,628
3011,39.15521,-86.49386,629
3011,39.15524,-86.49391,630
3011,39.15525,-86.49394,631
3011,39.15527,-86.49397,632
3011,39.15529,-86.49402,633
3011,39.15531,-86.49409,634
3011,39.15532,-86.49412,635
3011,39.15533,-86.49417,636
3011,39.15534,-86.49421,637
3011,39.15534,-86.49424,638
3011,39.15535,-86.49425,639
3011,39.15535,-86.49429,640
3011,39.15535,-86.4944,641
3011,39.15535,-86.49448,642
3011,39.15535,-86.49456,643
3011,39.15534,-86.49461,644
3011,39.15534,-86.49467,645
3011,39.15533,-86.49474,646
3011,39.15528,-86.495,647
3011,39.15524,-86.49517,648
3011,39.15518,-86.49544,649
3011,39.15505,-86.49609,650
3011,39.15511,-86.4968,651
3011,39.15515,-86.49721,652
3011,39.15515,-86.49728,653
3011,39.15518,-86.49766,654
3011,39.1565,-86.49771,655
3011,39.15743,-86.49775,656
3011,39.15759,-86.49776,657
3011,39.15815,-86.49778,658
3011,39.15843,-86.49779,659
3011,39.1589,-86.49776,660
3011,39.15954,-86.49771,661
3011,39.15968,-86.4977,662
3011,39.16015,-86.49765,663
3011,39.16039,-86.49764,664
3011,39.16058,-86.49763,665
3011,39.16094,-86.49764,666
3011,39.16137,-86.4977,667
3011,39.16185,-86.49776,668
3011,39.16231,-86.49784,669
3011,39.16254,-86.49789,670
3011,39.16293,-86.49797,671
3011,39.16301,-86.49798,672
3011,39.163,-86.49812,673
3011,39.16299,-86.49836,674
3011,39.16299,-86.4985,675
3011,39.16299,-86.49856,676
3011,39.16299,-86.49869,677
3011,39.16298,-86.49896,678
3011,39.16298,-86.4991,679
3011,39.16298,-86.49916,680
3011,39.16298,-86.49938,681
3011,39.16297,-86.49961,682
3011,39.16297,-86.49984,683
3011,39.16297,-86.50008,684
3011,39.16297,-86.5001,685
3011,39.16297,-86.50023,686
3011,39.16297,-86.50044,687
3011,39.16297,-86.50064,688
3011,39.16297,-86.5007,689
3011,39.16297,-86.50082,690
3011,39.16297,-86.50104,691
3011,39.16297,-86.50112,692
3011,39.16297,-86.50121,693
3011,39.16297,-86.50123,694
3011,39.16299,-86.50131,695
3011,39.163,-86.50138,696
3011,39.163,-86.50139,697
3011,39.16301,-86.50139,698
3011,39.16304,-86.50139,699
3011,39.16299,-86.50242,700
3011,39.16419,-86.50245,701
3011,39.16425,-86.51544,702
3011,39.16425,-86.5158,703
3011,39.16425,-86.51589,704
3011,39.16426,-86.5164,705
3011,39.16427,-86.51666,706
3011,39.16427,-86.51702,707
3011,39.16427,-86.51714,708
3011,39.16427,-86.51739,709
3011,39.16427,-86.51774,710
3011,39.16427,-86.51784,711
3011,39.16426,-86.51828,712
3011,39.16426,-86.51875,713
3011,39.16426,-86.51913,714
3011,39.16426,-86.51921,715
3011,39.16426,-86.51932,716
3011,39.16426,-86.51955,717
3011,39.16426,-86.51968,718
3011,39.16426,-86.51969,719
3011,39.16426,-86.52008,720
3011,39.16425,-86.52069,721
3011,39.16425,-86.52106,722
3011,39.16425,-86.52112,723
3011,39.16425,-86.52162,724
3011,39.16425,-86.52191,725
3011,39.16425,-86.52205,726
3011,39.16426,-86.52228,727
3011,39.16426,-86.52262,728
3011,39.16426,-86.52268,729
3011,39.16426,-86.52279,730
3011,39.16426,-86.52302,731
3011,39.16426,-86.52333,732
3011,39.16426,-86.52346,733
3011,39.16426,-86.52355,734
3011,39.16426,-86.52365,735
3011,39.16426,-86.52387,736
3011,39.16427,-86.5242,737
3011,39.16427,-86.52443,738
3011,39.16427,-86.52497,739
3011,39.16428,-86.52531,740
3011,39.16428,-86.52555,741
3011,39.16428,-86.52587,742
3011,39.16428,-86.52606,743
3011,39.16428,-86.52614,744
3011,39.16429,-86.52648,745
3011,39.1643,-86.52668,746
3011,39.1643,-86.52682,747
3011,39.1643,-86.5269,748
3011,39.16446,-86.52689,749
3011,39.16471,-86.5269,750
3011,39.16499,-86.5269,751
3011,39.16554,-86.52691,752
3011,39.16561,-86.52691,753
3011,39.16605,-86.52691,754
3011,39.16609,-86.52691,755
3011,39.16655,-86.52693,756
3011,39.16655,-86.52743,757
3011,39.16655,-86.52745,758
3011,39.16654,-86.52782,759
3011,39.16655,-86.52824,760
3011,39.16655,-86.52904,761
3011,39.16655,-86.52917,762
3011,39.16656,-86.5298,763
3011,39.16656,-86.53044,764
3011,39.16657,-86.53109,765
3011,39.16657,-86.53171,766
3011,39.16657,-86.53194,767
3011,39.16657,-86.53234,768
3011,39.1661,-86.53235,769
3011,39.16608,-86.53235,770
3011,39.16558,-86.53236,771
3011,39.16508,-86.53236,772
3011,39.16495,-86.53236,773
3011,39.16482,-86.53236,774
3011,39.16459,-86.53237,775
3011,39.16424,-86.53237,776
3011,39.16425,-86.53362,777
3041,39.16428,-86.53362,0
3041,39.16452,-86.53364,1
3041,39.16456,-86.53364,2
3041,39.16455,-86.53339,3
3041,39.16455,-86.53306,4
3041,39.16455,-86.53301,5
3041,39.16459,-86.53295,6
3041,39.16459,-86.53276,7
3041,39.16459,-86.53259,8
3041,39.16459,-86.53237,9
3041,39.16459,-86.53193,10
3041,39.1646,-86.53179,11
3041,39.16459,-86.53152,12
3041,39.16459,-86.53109,13
3041,39.16458,-86.53063,14
3041,39.16457,-86.52982,15
3041,39.16457,-86.52918,16
3041,39.16457,-86.52886,17
3041,39.16457,-86.52874,18
3041,39.16456,-86.52863,19
3041,39.16456,-86.52861,20
3041,39.16456,-86.5286,21
3041,39.16455,-86.52856,22
3041,39.16454,-86.52853,23
3041,39.16453,-86.5285,24
3041,39.16452,-86.52846,25
3041,39.16448,-86.52837,26
3041,39.16442,-86.52822,27
3041,39.16429,-86.52821,28
3041,39.16411,-86.5282,29
3041,39.16399,-86.5282,30
3041,39.16372,-86.52819,31
3041,39.16356,-86.52816,32
3041,39.16346,-86.52813,33
3041,39.1634,-86.52809,34
3041,39.16333,-86.52803,35
3041,39.16328,-86.52796,36
3041,39.16325,-86.5279,37
3041,39.16323,-86.52784,38
3041,39.1632,-86.52775,39
3041,39.16319,-86.5277,40
3041,39.16318,-86.52765,41
3041,39.16317,-86.5276,42
3041,39.16316,-86.52755,43
3041,39.16315,-86.52744,44
3041,39.16315,-86.52734,45
3041,39.16315,-86.52725,46
3041,39.16314,-86.52657,47
3041,39.16314,-86.52588,48
3041,39.16314,-86.52532,49
3041,39.16313,-86.52426,50
3041,39.16313,-86.52402,51
3041,39.16312,-86.52372,52
3041,39.16312,-86.52263,53
3041,39.16311,-86.52176,54
3041,39.16311,-86.52106,55
3041,39.1631,-86.52019,56
3041,39.16309,-86.51991,57
3041,39.16309,-86.51912,58
3041,39.16309,-86.51897,59
3041,39.16308,-86.51852,60
3041,39.16308,-86.51794,61
3041,39.16307,-86.51772,62
3041,39.16307,-86.51726,63
3041,39.16307,-86.51716,64
3041,39.16307,-86.51699,65
3041,39.16306,-86.5164,66
3041,39.16306,-86.51586,67
3041,39.16306,-86.51548,68
3041,39.16305,-86.51525,69
3041,39.16305,-86.51509,70
3041,39.16305,-86.51479,71
3041,39.16305,-86.51464,72
3041,39.16305,-86.51442,73
3041,39.16306,-86.51419,74
3041,39.16327,-86.51419,75
3041,39.16363,-86.5142,76
3041,39.16371,-86.51421,77
3041,39.16408,-86.51421,78
3041,39.16425,-86.51422,79
3041,39.16425,-86.5139,80
3041,39.16425,-86.51372,81
3041,39.16425,-86.5136,82
3041,39.16425,-86.51323,83
3041,39.16425,-86.51301,84
3041,39.16426,-86.51219,85
3041,39.16426,-86.51191,86
3041,39.16426,-86.51179,87
3041,39.16426,-86.51158,88
3041,39.16426,-86.51125,89
3041,39.16426,-86.51096,90
3041,39.16426,-86.51088,91
3041,39.16426,-86.51036,92
3041,39.16426,-86.51014,93
3041,39.16426,-86.5097,94
3041,39.16426,-86.50956,95
3041,39.16426,-86.5094,96
3041,39.16426,-86.50908,97
3041,39.16426,-86.50847,98
3041,39.16426,-86.50824,99
3041,39.16426,-86.50767,100
3041,39.16426,-86.50757,101
3041,39.16426,-86.50743,102
3041,39.16426,-86.50714,103
3041,39.16426,-86.50697,104
3041,39.16426,-86.50667,105
3041,39.16426,-86.50622,106
3041,39.16425,-86.50604,107
3041,39.16425,-86.50495,108
3041,39.16425,-86.50459,109
3041,39.16424,-86.50343,110
3041,39.16424,-86.50306,111
3041,39.16424,-86.50293,112
3041,39.16424,-86.50264,113
3041,39.16424,-86.50246,114
3041,39.16389,-86.50246,115
3041,39.16346,-86.50245,116
3041,39.16299,-86.50245,117
3041,39.16298,-86.50225,118
3041,39.16297,-86.5021,119
3041,39.16297,-86.50203,120
3041,39.16297,-86.50198,121
3041,39.16297,-86.50187,122
3041,39.16298,-86.50178,123
3041,39.16299,-86.50176,124
3041,39.16302,-86.50163,125
3041,39.16302,-86.5016,126
3041,39.16302,-86.50157,127
3041,39.16302,-86.50155,128
3041,39.16302,-86.50146,129
3041,39.163,-86.50139,130
3041,39.163,-86.50138,131
3041,39.16299,-86.50131,132
3041,39.16297,-86.50123,133
3041,39.16297,-86.50121,134
3041,39.16297,-86.50112,135
3041,39.16297,-86.50104,136
3041,39.16297,-86.50082,137
3041,39.16297,-86.5007,138
3041,39.16297,-86.50064,139
3041,39.16297,-86.50044,140
3041,39.16297,-86.50023,141
3041,39.16297,-86.5001,142
3041,39.16297,-86.50008,143
3041,39.16297,-86.49984,144
3041,39.16297,-86.49961,145
3041,39.16298,-86.49938,146
3041,39.16298,-86.49916,147
3041,39.16298,-86.4991,148
3041,39.16298,-86.49896,149
3041,39.16299,-86.49869,150
3041,39.16299,-86.49856,151
3041,39.16299,-86.4985,152
3041,39.16299,-86.49836,153
3041,39.163,-86.49812,154
3041,39.16266,-86.49806,155
3041,39.16247,-86.49802,156
3041,39.16229,-86.49797,157
3041,39.16219,-86.49795,158
3041,39.16211,-86.49793,159
3041,39.162,-86.49792,160
3041,39.16183,-86.4979,161
3041,39.16168,-86.49788,162
3041,39.16138,-86.49784,163
3041,39.16094,-86.49777,164
3041,39.16059,-86.49777,165
3041,39.1604,-86.49778,166
3041,39.16017,-86.49779,167
3041,39.1596,-86.49784,168
3041,39.1592,-86.49787,169
3041,39.1587,-86.49791,170
3041,39.15868,-86.49791,171
3041,39.15823,-86.49793,172
3041,39.15818,-86.49793,173
3041,39.1568,-86.49785,174
3041,39.15648,-86.49784,175
3041,39.15576,-86.49782,176
3041,39.15528,-86.4978,177
3041,39.15518,-86.4978,178
3041,39.15518,-86.49766,179
3041,39.15515,-86.49728,180
3041,39.15515,-86.49721,181
3041,39.15511,-86.4968,182
3041,39.15508,-86.4964,183
3041,39.15505,-86.49609,184
3041,39.15518,-86.49544,185
3041,39.15524,-86.49517,186
3041,39.15528,-86.495,187
3041,39.15533,-86.49474,188
3041,39.15534,-86.49467,189
3041,39.15534,-86.49461,190
3041,39.15535,-86.49456,191
3041,39.15535,-86.49448,192
3041,39.15535,-86.4944,193
3041,39.15535,-86.49429,194
3041,39.15534,-86.49424,195
3041,39.15534,-86.49421,196
3041,39.15533,-86.49417,197
3041,39.15532,-86.49412,198
3041,39.15531,-86.49409,199
3041,39.15529,-86.49402,200
3041,39.15527,-86.49397,201
3041,39.15525,-86.49394,202
3041,39.15524,-86.49391,203
3041,39.15521,-86.49386,204
3041,39.15518,-86.49381,205
3041,39.15516,-86.49378,206
3041,39.15514,-86.49376,207
3041,39.15512,-86.49374,208
3041,39.15503,-86.49365,209
3041,39.15489,-86.49351,210
3041,39.15461,-86.49322,211
3041,39.1546,-86.49322,212
3041,39.1544,-86.49304,213
3041,39.15431,-86.49296,214
3041,39.15426,-86.49293,215
3041,39.15416,-86.49284,216
3041,39.15397,-86.49266,217
3041,39.15393,-86.49263,218
3041,39.15377,-86.4924,219
3041,39.15372,-86.49233,220
3041,39.15362,-86.4922,221
3041,39.15356,-86.49199,222
3041,39.15351,-86.49167,223
3041,39.15346,-86.49134,224
3041,39.15346,-86.49131,225
3041,39.15346,-86.49126,226
3041,39.15345,-86.49121,227
3041,39.15345,-86.49111,228
3041,39.15345,-86.49098,229
3041,39.15344,-86.49074,230
3041,39.15425,-86.49083,231
3041,39.15435,-86.49084,232
3041,39.15453,-86.49084,233
3041,39.15492,-86.49084,234
3041,39.15524,-86.49085,235
3041,39.15535,-86.49084,236
3041,39.15546,-86.49082,237
3041,39.15557,-86.49079,238
3041,39.15564,-86.49077,239
3041,39.15572,-86.49073,240
3041,39.15588,-86.49065,241
3041,39.15618,-86.4905,242
3041,39.15629,-86.49045,243
3041,39.15631,-86.49045,244
3041,39.15641,-86.49042,245
3041,39.15647,-86.4904,246
3041,39.15649,-86.49039,247
3041,39.15653,-86.49038,248
3041,39.15655,-86.49038,249
3041,39.15666,-86.49037,250
3041,39.15678,-86.49035,251
3041,39.15683,-86.49035,252
3041,39.1569,-86.49035,253
3041,39.15712,-86.49036,254
3041,39.15759,-86.49038,255
3041,39.15766,-86.49038,256
3041,39.15784,-86.4904,257
3041,39.1582,-86.49043,258
3041,39.15838,-86.49045,259
3041,39.15847,-86.49046,260
3041,39.15864,-86.49049,261
3041,39.15909,-86.49058,262
3041,39.15943,-86.49065,263
3041,39.15961,-86.49068,264
3041,39.16051,-86.49069,265
3041,39.16114,-86.4907,266
3041,39.16131,-86.49071,267
3041,39.16144,-86.49065,268
3041,39.16144,-86.49077,269
3041,39.16143,-86.49091,270
3041,39.16142,-86.49106,271
3041,39.16141,-86.49112,272
3041,39.16139,-86.49118,273
3041,39.16131,-86.4913,274
3041,39.16133,-86.49133,275
3041,39.16137,-86.4914,276
3041,39.16144,-86.49155,277
3041,39.16147,-86.4916,278
3041,39.16148,-86.49163,279
3041,39.16149,-86.49166,280
3041,39.1615,-86.4917,281
3041,39.1615,-86.49176,282
3041,39.1615,-86.4919,283
3041,39.16149,-86.49224,284
3041,39.16142,-86.49225,285
3041,39.16137,-86.49229,286
3041,39.16134,-86.49232,287
3041,39.16101,-86.49267,288
3041,39.161,-86.49268,289
3041,39.16099,-86.4927,290
3041,39.16099,-86.49273,291
3041,39.16099,-86.49275,292
3041,39.16099,-86.49277,293
3041,39.16099,-86.49281,294
3041,39.16101,-86.49286,295
3041,39.16107,-86.49308,296
3041,39.16113,-86.49329,297
3041,39.16117,-86.49334,298
3041,39.16122,-86.49337,299
3041,39.16124,-86.49336,300
3041,39.16127,-86.49336,301
3041,39.1613,-86.49334,302
3041,39.16133,-86.49331,303
3041,39.16149,-86.49317,304
3041,39.16153,-86.49321,305
3041,39.16169,-86.49323,306
3041,39.16189,-86.49324,307
3041,39.16234,-86.49325,308
3041,39.16248,-86.49324,309
3041,39.1625,-86.49324,310
3041,39.16264,-86.49323,311
3041,39.16279,-86.49321,312
3041,39.16312,-86.49311,313
3041,39.16341,-86.49303,314
3041,39.16372,-86.49303,315
3041,39.16387,-86.49303,316
3041,39.16394,-86.49303,317
3041,39.16419,-86.49302,318
3041,39.1642,-86.49207,319
3041,39.1642,-86.49188,320
3041,39.1642,-86.49153,321
3041,39.1642,-86.49124,322
3041,39.1642,-86.49084,323
3041,39.1642,-86.49072,324
3041,39.1642,-86.49005,325
3041,39.16423,-86.48924,326
3041,39.16423,-86.48854,327
3041,39.16423,-86.48797,328
3041,39.16423,-86.48681,329
3041,39.16423,-86.48557,330
3041,39.16423,-86.48542,331
3041,39.16423,-86.48448,332
3041,39.16423,-86.48436,333
3041,39.16423,-86.48272,334
3041,39.16423,-86.48191,335
3041,39.16423,-86.48169,336
3041,39.16423,-86.48124,337
3041,39.16412,-86.48119,338
3041,39.16394,-86.48112,339
3041,39.16391,-86.48111,340
3041,39.16384,-86.48108,341
3041,39.1635,-86.48092,342
3041,39.16334,-86.48085,343
3041,39.16333,-86.48085,344
3041,39.16322,-86.48082,345
3041,39.1632,-86.48082,346
3041,39.16296,-86.48077,347
3041,39.16295,-86.47915,348
3041,39.16294,-86.47827,349
3041,39.16294,-86.47738,350
3041,39.16294,-86.47827,351
3041,39.16295,-86.47915,352
3041,39.16295,-86.47955,353
3041,39.16295,-86.47915,354
3041,39.16294,-86.47827,355
3041,39.16294,-86.47734,356
3041,39.16294,-86.47694,357
3041,39.16295,-86.47624,358
3041,39.16331,-86.47625,359
3041,39.16367,-86.47626,360
3041,39.16405,-86.47627,361
3041,39.16424,-86.47628,362
3041,39.16424,-86.47535,363
3041,39.16424,-86.47515,364
3041,39.16424,-86.47447,365
3041,39.16425,-86.47377,366
3041,39.16425,-86.47368,367
3041,39.16443,-86.47368,368
3041,39.16453,-86.47369,369
3041,39.16482,-86.47369,370
3041,39.16507,-86.4737,371
3041,39.16568,-86.47371,372
3041,39.16591,-86.47371,373
3041,39.16621,-86.4737,374
3041,39.1664,-86.47369,375
3041,39.16658,-86.4737,376
3041,39.16664,-86.47371,377
3041,39.16667,-86.47371,378
3041,39.16669,-86.47372,379
3041,39.16672,-86.47374,380
3041,39.16675,-86.47377,381
3041,39.16679,-86.47381,382
3041,39.16683,-86.47385,383
3041,39.16688,-86.47394,384
3041,39.16693,-86.47404,385
3041,39.16699,-86.47419,386
3041,39.16703,-86.47427,387
3041,39.16707,-86.47435,388
3041,39.16708,-86.47439,389
3041,39.16709,-86.47441,390
3041,39.16712,-86.47449,391
3041,39.16714,-86.47456,392
3041,39.16715,-86.4746,393
3041,39.16716,-86.47465,394
3041,39.16717,-86.47474,395
3041,39.16718,-86.47479,396
3041,39.16718,-86.47483,397
3041,39.1672,-86.47506,398
3041,39.16722,-86.47529,399
3041,39.16725,-86.47553,400
3041,39.16732,-86.47622,401
3041,39.16734,-86.47645,402
3041,39.16734,-86.47648,403
3041,39.16735,-86.47691,404
3041,39.16737,-86.47784,405
3041,39.16736,-86.47833,406
3041,39.16736,-86.47843,407
3041,39.16736,-86.47854,408
3041,39.16735,-86.47865,409
3041,39.16734,-86.47879,410
3041,39.16733,-86.47887,411
3041,39.16731,-86.47896,412
3041,39.1673,-86.47899,413
3041,39.16728,-86.47905,414
3041,39.16724,-86.47917,415
3041,39.16723,-86.4792,416
3041,39.16722,-86.47922,417
3041,39.16719,-86.47929,418
3041,39.16694,-86.47965,419
3041,39.16661,-86.4801,420
3041,39.1665,-86.48026,421
3041,39.16637,-86.48043,422
3041,39.16627,-86.48085,423
3041,39.16627,-86.48092,424
3041,39.16626,-86.4811,425
3041,39.16625,-86.48129,426
3041,39.16661,-86.4813,427
3041,39.16697,-86.48131,428
3041,39.16708,-86.48131,429
3041,39.16733,-86.48132,430
3041,39.16771,-86.48132,431
3041,39.16794,-86.48133,432
3041,39.16816,-86.48133,433
3041,39.16834,-86.48134,434
3041,39.1687,-86.48135,435
3041,39.16888,-86.48135,436
3041,39.16911,-86.48134,437
3041,39.16974,-86.48135,438
3041,39.1701,-86.48136,439
3041,39.17046,-86.48136,440
3041,39.17075,-86.48137,441
3041,39.17117,-86.48138,442
3041,39.17139,-86.48141,443
3041,39.17152,-86.48146,444
3041,39.17162,-86.4815,445
3041,39.17165,-86.48151,446
3041,39.17178,-86.48158,447
3041,39.17195,-86.48169,448
3041,39.17215,-86.48192,449
3041,39.17218,-86.48197,450
3041,39.1724,-86.48226,451
3041,39.17247,-86.48237,452
3041,39.17255,-86.48248,453
3041,39.17259,-86.48256,454
3041,39.17264,-86.48268,455
3041,39.17255,-86.48279,456
3041,39.17242,-86.48296,457
3041,39.1723,-86.48315,458
3041,39.17221,-86.48333,459
3041,39.17217,-86.48345,460
3041,39.17215,-86.48352,461
3041,39.17209,-86.48373,462
3041,39.17206,-86.48389,463
3041,39.17206,-86.48392,464
3041,39.17203,-86.4841,465
3041,39.17201,-86.48421,466
3041,39.17199,-86.4844,467
3041,39.17199,-86.48444,468
3041,39.17198,-86.48465,469
3041,39.17198,-86.48467,470
3041,39.17198,-86.48477,471
3041,39.17199,-86.48487,472
3041,39.172,-86.485,473
3041,39.17202,-86.48515,474
3041,39.17203,-86.48532,475
3041,39.17204,-86.48536,476
3041,39.17204,-86.48548,477
3041,39.17204,-86.48559,478
3041,39.17204,-86.48562,479
3041,39.17204,-86.48583,480
3041,39.172,-86.48627,481
3041,39.172,-86.48628,482
3041,39.17197,-86.48666,483
3041,39.17194,-86.48696,484
3041,39.1719,-86.48742,485
3041,39.17184,-86.488,486
3041,39.17179,-86.48846,487
3041,39.17177,-86.48859,488
3041,39.17176,-86.48865,489
3041,39.17172,-86.48889,490
3041,39.17169,-86.48908,491
3041,39.17164,-86.48931,492
3041,39.17162,-86.48945,493
3041,39.17157,-86.48974,494
3041,39.17156,-86.48987,495
3041,39.17154,-86.49002,496
3041,39.17153,-86.4904,497
3041,39.17153,-86.49053,498
3041,39.17153,-86.49088,499
3041,39.17152,-86.49146,500
3041,39.17152,-86.49216,501
3041,39.17151,-86.49295,502
3041,39.17151,-86.49346,503
3041,39.1715,-86.49404,504
3021,39.16427,-86.53362,0
3021,39.16452,-86.53364,1
3021,39.16456,-86.53364,2
3021,39.16455,-86.53339,3
3021,39.16455,-86.53305,4
3021,39.16455,-86.53301,5
3021,39.16459,-86.53295,6
3021,39.16459,-86.53276,7
3021,39.16459,-86.53259,8
3021,39.16459,-86.53237,9
3021,39.16459,-86.53193,10
3021,39.1646,-86.53179,11
3021,39.16459,-86.53152,12
3021,39.16459,-86.53109,13
3021,39.16459,-86.53088,14
3021,39.16458,-86.53063,15
3021,39.16457,-86.52982,16
3021,39.16457,-86.52918,17
3021,39.16457,-86.52886,18
3021,39.16457,-86.52874,19
3021,39.16456,-86.52863,20
3021,39.16456,-86.5286,21
3021,39.16455,-86.52856,22
3021,39.16454,-86.52853,23
3021,39.16453,-86.5285,24
3021,39.16452,-86.52846,25
3021,39.16448,-86.52837,26
3021,39.16442,-86.52822,27
3021,39.16429,-86.52821,28
3021,39.16411,-86.5282,29
3021,39.16372,-86.52819,30
3021,39.16357,-86.52817,31
3021,39.16356,-86.52816,32
3021,39.16346,-86.52813,33
3021,39.1634,-86.52809,34
3021,39.16333,-86.52803,35
3021,39.16328,-86.52796,36
3021,39.16325,-86.5279,37
3021,39.16323,-86.52784,38
3021,39.1632,-86.52775,39
3021,39.16318,-86.52765,40
3021,39.16317,-86.5276,41
3021,39.16316,-86.52755,42
3021,39.16315,-86.52744,43
3021,39.16315,-86.52734,44
3021,39.16315,-86.52725,45
3021,39.16314,-86.52657,46
3021,39.16312,-86.52657,47
3021,39.16314,-86.52657,48
3021,39.16314,-86.52588,49
3021,39.16314,-86.52532,50
3021,39.16313,-86.52402,51
3021,39.16312,-86.52372,52
3021,39.16312,-86.52263,53
3021,39.16311,-86.52185,54
3021,39.16311,-86.52176,55
3021,39.16311,-86.52106,56
3021,39.1631,-86.52019,57
3021,39.16309,-86.51991,58
3021,39.16309,-86.51912,59
3021,39.16309,-86.51897,60
3021,39.16308,-86.51852,61
3021,39.16308,-86.51794,62
3021,39.16307,-86.51772,63
3021,39.16307,-86.51726,64
3021,39.16307,-86.51699,65
3021,39.16306,-86.5164,66
3021,39.16306,-86.51586,67
3021,39.16306,-86.51548,68
3021,39.16305,-86.51525,69
3021,39.16305,-86.51509,70
3021,39.16305,-86.51479,71
3021,39.16305,-86.51468,72
3021,39.16305,-86.51464,73
3021,39.16306,-86.51419,74
3021,39.16327,-86.51419,75
3021,39.1636,-86.5142,76
3021,39.16363,-86.5142,77
3021,39.16371,-86.51421,78
3021,39.16425,-86.51422,79
3021,39.16425,-86.5139,80
3021,39.16425,-86.51372,81
3021,39.16425,-86.5136,82
3021,39.16425,-86.51323,83
3021,39.16425,-86.51301,84
3021,39.16426,-86.51219,85
3021,39.16426,-86.51191,86
3021,39.16426,-86.51158,87
3021,39.16426,-86.51125,88
3021,39.16426,-86.51096,89
3021,39.16426,-86.51088,90
3021,39.16426,-86.51036,91
3021,39.16426,-86.51014,92
3021,39.16426,-86.5097,93
3021,39.16426,-86.50956,94
3021,39.16426,-86.5094,95
3021,39.16426,-86.50908,96
3021,39.16426,-86.50887,97
3021,39.16426,-86.50847,98
3021,39.16426,-86.50824,99
3021,39.16426,-86.50767,100
3021,39.16426,-86.50757,101
3021,39.16426,-86.50743,102
3021,39.16426,-86.50714,103
3021,39.16426,-86.50667,104
3021,39.16426,-86.50622,105
3021,39.16425,-86.50604,106
3021,39.16425,-86.50556,107
3021,39.16425,-86.50495,108
3021,39.16425,-86.50459,109
3021,39.16425,-86.50371,110
3021,39.16424,-86.50343,111
3021,39.16424,-86.50306,112
3021,39.16424,-86.50288,113
3021,39.16424,-86.50264,114
3021,39.16424,-86.50246,115
3021,39.16389,-86.50246,116
3021,39.16336,-86.50245,117
3021,39.16303,-86.50245,118
3021,39.16299,-86.50245,119
3021,39.16298,-86.50225,120
3021,39.16297,-86.5021,121
3021,39.16297,-86.50203,122
3021,39.16297,-86.50198,123
3021,39.16297,-86.50187,124
3021,39.16298,-86.50178,125
3021,39.16299,-86.50176,126
3021,39.163,-86.50171,127
3021,39.16302,-86.50163,128
3021,39.16302,-86.50157,129
3021,39.16302,-86.50155,130
3021,39.16302,-86.50146,131
3021,39.163,-86.50139,132
3021,39.163,-86.50138,133
3021,39.16299,-86.50131,134
3021,39.16297,-86.50123,135
3021,39.16297,-86.50121,136
3021,39.16297,-86.50112,137
3021,39.16297,-86.50104,138
3021,39.16297,-86.50082,139
3021,39.16297,-86.5007,140
3021,39.16297,-86.50064,141
3021,39.16297,-86.5005,142
3021,39.16297,-86.50044,143
3021,39.16297,-86.50023,144
3021,39.16297,-86.5001,145
3021,39.16297,-86.50008,146
3021,39.16297,-86.49984,147
3021,39.16297,-86.49961,148
3021,39.16298,-86.49938,149
3021,39.16298,-86.49916,150
3021,39.16298,-86.4991,151
3021,39.16298,-86.49896,152
3021,39.16299,-86.49869,153
3021,39.16299,-86.49856,154
3021,39.16299,-86.4985,155
3021,39.16299,-86.49836,156
3021,39.16299,-86.49828,157
3021,39.163,-86.49812,158
3021,39.16266,-86.49806,159
3021,39.1625,-86.49802,160
3021,39.16229,-86.49797,161
3021,39.16219,-86.49795,162
3021,39.16211,-86.49793,163
3021,39.162,-86.49792,164
3021,39.16183,-86.4979,165
3021,39.16168,-86.49788,166
3021,39.16138,-86.49784,167
3021,39.16094,-86.49777,168
3021,39.16059,-86.49777,169
3021,39.1604,-86.49778,170
3021,39.16017,-86.49779,171
3021,39.1596,-86.49784,172
3021,39.1592,-86.49787,173
3021,39.1587,-86.49791,174
3021,39.15868,-86.49791,175
3021,39.15841,-86.49792,176
3021,39.15818,-86.49793,177
3021,39.1568,-86.49785,178
3021,39.15648,-86.49784,179
3021,39.15576,-86.49782,180
3021,39.15526,-86.4978,181
3021,39.15518,-86.4978,182
3021,39.15518,-86.49766,183
3021,39.15515,-86.49728,184
3021,39.15515,-86.49721,185
3021,39.15511,-86.4968,186
3021,39.15508,-86.49642,187
3021,39.15505,-86.49609,188
3021,39.15518,-86.49544,189
3021,39.15523,-86.49521,190
3021,39.15524,-86.49517,191
3021,39.15528,-86.495,192
3021,39.15532,-86.49479,193
3021,39.15533,-86.49474,194
3021,39.15534,-86.49467,195
3021,39.15534,-86.49461,196
3021,39.15535,-86.49456,197
3021,39.15535,-86.49448,198
3021,39.15535,-86.4944,199
3021,39.15535,-86.49429,200
3021,39.15534,-86.49424,201
3021,39.15534,-86.49421,202
3021,39.15533,-86.49417,203
3021,39.15532,-86.49412,204
3021,39.15531,-86.49409,205
3021,39.15529,-86.49402,206
3021,39.15527,-86.49397,207
3021,39.15525,-86.49394,208
3021,39.15524,-86.49391,209
3021,39.15521,-86.49386,210
3021,39.15518,-86.49381,211
3021,39.15516,-86.49378,212
3021,39.15514,-86.49376,213
3021,39.15512,-86.49374,214
3021,39.15503,-86.49365,215
3021,39.15489,-86.49351,216
3021,39.1547,-86.49331,217
3021,39.15461,-86.49322,218
3021,39.1546,-86.49322,219
3021,39.1544,-86.49304,220
3021,39.15435,-86.493,221
3021,39.15431,-86.49296,222
3021,39.15416,-86.49284,223
3021,39.15397,-86.49266,224
3021,39.15393,-86.49263,225
3021,39.15377,-86.4924,226
3021,39.15372,-86.49233,227
3021,39.15362,-86.4922,228
3021,39.15356,-86.49199,229
3021,39.15351,-86.49167,230
3021,39.15346,-86.49134,231
3021,39.15346,-86.49131,232
3021,39.15345,-86.49121,233
3021,39.15345,-86.49111,234
3021,39.15345,-86.49098,235
3021,39.15344,-86.49074,236
3021,39.15402,-86.49081,237
3021,39.15425,-86.49083,238
3021,39.15434,-86.49083,239
3021,39.15453,-86.49084,240
3021,39.15492,-86.49084,241
3021,39.15524,-86.49085,242
3021,39.15535,-86.49084,243
3021,39.15546,-86.49082,244
3021,39.15557,-86.49079,245
3021,39.15564,-86.49077,246
3021,39.15572,-86.49073,247
3021,39.15588,-86.49065,248
3021,39.15596,-86.49061,249
3021,39.15618,-86.4905,250
3021,39.15629,-86.49045,251
3021,39.15631,-86.49045,252
3021,39.15641,-86.49042,253
3021,39.15647,-86.4904,254
3021,39.15649,-86.49039,255
3021,39.15653,-86.49038,256
3021,39.1566,-86.49037,257
3021,39.15666,-86.49037,258
3021,39.15678,-86.49035,259
3021,39.15683,-86.49035,260
3021,39.1569,-86.49035,261
3021,39.15709,-86.49036,262
3021,39.15712,-86.49036,263
3021,39.15759,-86.49038,264
3021,39.15766,-86.49038,265
3021,39.15784,-86.4904,266
3021,39.1582,-86.49043,267
3021,39.15838,-86.49045,268
3021,39.15841,-86.49045,269
3021,39.15847,-86.49046,270
3021,39.15891,-86.49054,271
3021,39.15909,-86.49058,272
3021,39.15943,-86.49065,273
3021,39.15961,-86.49068,274
3021,39.15995,-86.49068,275
3021,39.16051,-86.49069,276
3021,39.16079,-86.4907,277
3021,39.16118,-86.49071,278
3021,39.16131,-86.49071,279
3021,39.16144,-86.49065,280
3021,39.16144,-86.49077,281
3021,39.16142,-86.491,282
3021,39.16142,-86.49106,283
3021,39.16141,-86.49112,284
3021,39.16139,-86.49118,285
3021,39.16131,-86.4913,286
3021,39.16133,-86.49133,287
3021,39.16137,-86.4914,288
3021,39.1614,-86.49146,289
3021,39.16144,-86.49155,290
3021,39.16148,-86.49163,291
3021,39.16149,-86.49166,292
3021,39.1615,-86.4917,293
3021,39.1615,-86.49176,294
3021,39.1615,-86.49177,295
3021,39.1615,-86.49189,296
3021,39.1615,-86.4919,297
3021,39.16149,-86.49224,298
3021,39.16142,-86.49225,299
3021,39.16139,-86.49228,300
3021,39.16137,-86.49229,301
3021,39.16129,-86.49238,302
3021,39.16106,-86.49262,303
3021,39.16101,-86.49267,304
3021,39.161,-86.49268,305
3021,39.16099,-86.4927,306
3021,39.16099,-86.49273,307
3021,39.16099,-86.49275,308
3021,39.16099,-86.49276,309
3021,39.16099,-86.49277,310
3021,39.16099,-86.49281,311
3021,39.16101,-86.49286,312
3021,39.16103,-86.49295,313
3021,39.16106,-86.49303,314
3021,39.16107,-86.49308,315
3021,39.16113,-86.49329,316
3021,39.16117,-86.49334,317
3021,39.16122,-86.49337,318
3021,39.16124,-86.49336,319
3021,39.16127,-86.49336,320
3021,39.1613,-86.49334,321
3021,39.16132,-86.49332,322
3021,39.16149,-86.49317,323
3021,39.16153,-86.49321,324
3021,39.16169,-86.49323,325
3021,39.16187,-86.49324,326
3021,39.16189,-86.49324,327
3021,39.16223,-86.49325,328
3021,39.16234,-86.49325,329
3021,39.1625,-86.49324,330
3021,39.16256,-86.49324,331
3021,39.16264,-86.49323,332
3021,39.16279,-86.49321,333
3021,39.16295,-86.49316,334
3021,39.16341,-86.49303,335
3021,39.16347,-86.49303,336
3021,39.16369,-86.49303,337
3021,39.16372,-86.49303,338
3021,39.1638,-86.49303,339
3021,39.16387,-86.49303,340
3021,39.16419,-86.49302,341
3021,39.16419,-86.4927,342
3021,39.1642,-86.49207,343
3021,39.1642,-86.49153,344
3021,39.1642,-86.49124,345
3021,39.1642,-86.4911,346
3021,39.1642,-86.49084,347
3021,39.1642,-86.49072,348
3021,39.1642,-86.49005,349
3021,39.16423,-86.48924,350
3021,39.16423,-86.48854,351
3021,39.16423,-86.48797,352
3021,39.16423,-86.48681,353
3021,39.16423,-86.48607,354
3021,39.16423,-86.48542,355
3021,39.16423,-86.48448,356
3021,39.16423,-86.48436,357
3021,39.16423,-86.48272,358
3021,39.16423,-86.48191,359
3021,39.16423,-86.48124,360
3021,39.16424,-86.48069,361
3021,39.16424,-86.48038,362
3021,39.16424,-86.48014,363
3021,39.16424,-86.47991,364
3021,39.16424,-86.4795,365
3021,39.16424,-86.47898,366
3021,39.16424,-86.47874,367
3021,39.16424,-86.47831,368
3021,39.16424,-86.47807,369
3021,39.16424,-86.47784,370
3021,39.16424,-86.47738,371
3021,39.16424,-86.47733,372
3021,39.16424,-86.47715,373
3021,39.16424,-86.47681,374
3021,39.16424,-86.47628,375
3021,39.16367,-86.47626,376
3021,39.16354,-86.47626,377
3021,39.16331,-86.47625,378
3021,39.16295,-86.47624,379
3021,39.16294,-86.47698,380
3021,39.16294,-86.47734,381
3021,39.16294,-86.47827,382
3021,39.16295,-86.47915,383
3021,39.16295,-86.47941,384
3021,39.16296,-86.48004,385
3021,39.16296,-86.48064,386
3021,39.16296,-86.48077,387
3021,39.1632,-86.48082,388
3021,39.16333,-86.48085,389
3021,39.16334,-86.48085,390
3021,39.16335,-86.48085,391
3021,39.1635,-86.48092,392
3021,39.16376,-86.48104,393
3021,39.16384,-86.48108,394
3021,39.16391,-86.48111,395
3021,39.16394,-86.48112,396
3021,39.16412,-86.48119,397
3021,39.16423,-86.48124,398
3021,39.16464,-86.48125,399
3021,39.16467,-86.48125,400
3021,39.16464,-86.48125,401
3021,39.16423,-86.48124,402
3021,39.16416,-86.4812,403
3021,39.16423,-86.48124,404
3021,39.16423,-86.48191,405
3021,39.16423,-86.48272,406
3021,39.16423,-86.48363,407
3021,39.16423,-86.48436,408
3021,39.16423,-86.48448,409
3021,39.16423,-86.48542,410
3021,39.16423,-86.48681,411
3021,39.16423,-86.48797,412
3021,39.16423,-86.48854,413
3021,39.16423,-86.48924,414
3021,39.1642,-86.49005,415
3021,39.1642,-86.49072,416
3021,39.1642,-86.49084,417
3021,39.1642,-86.49124,418
3021,39.1642,-86.49153,419
3021,39.1642,-86.49207,420
3021,39.16419,-86.49302,421
3021,39.16416,-86.49303,422
3021,39.16419,-86.49302,423
3021,39.1642,-86.49207,424
3021,39.1642,-86.49179,425
3021,39.1642,-86.49207,426
3021,39.1642,-86.49242,427
3021,39.1642,-86.49207,428
3021,39.1642,-86.49153,429
3021,39.1642,-86.49134,430
3021,39.1642,-86.49153,431
3021,39.1642,-86.49207,432
3021,39.1642,-86.49225,433
3021,39.1642,-86.49207,434
3021,39.1642,-86.49161,435
3021,39.1642,-86.49207,436
3021,39.16419,-86.49287,437
3021,39.1642,-86.49207,438
3021,39.1642,-86.49153,439
3021,39.1642,-86.4915,440
3021,39.1642,-86.49153,441
3021,39.1642,-86.49207,442
3021,39.16419,-86.49302,443
3021,39.1639,-86.49303,444
3021,39.16387,-86.49303,445
3021,39.16372,-86.49303,446
3021,39.16341,-86.49303,447
3021,39.16279,-86.49321,448
3021,39.16264,-86.49323,449
3021,39.1625,-86.49324,450
3021,39.16234,-86.49325,451
3021,39.16189,-86.49324,452
3021,39.16177,-86.49324,453
3021,39.16169,-86.49323,454
3021,39.16153,-86.49321,455
3021,39.16149,-86.49317,456
3021,39.16147,-86.49311,457
3021,39.16147,-86.49299,458
3021,39.16147,-86.49294,459
3021,39.16148,-86.49269,460
3021,39.16149,-86.49243,461
3021,39.16149,-86.49224,462
3021,39.1615,-86.4919,463
3021,39.1615,-86.49176,464
3021,39.1615,-86.4917,465
3021,39.16149,-86.49166,466
3021,39.16148,-86.49163,467
3021,39.16144,-86.49155,468
3021,39.16137,-86.4914,469
3021,39.16133,-86.49133,470
3021,39.16131,-86.4913,471
3021,39.16139,-86.49118,472
3021,39.16141,-86.49112,473
3021,39.16141,-86.49111,474
3021,39.16142,-86.49106,475
3021,39.16144,-86.49077,476
3021,39.16131,-86.49071,477
3021,39.16051,-86.49069,478
3021,39.16044,-86.49069,479
3021,39.15961,-86.49068,480
3021,39.15943,-86.49065,481
3021,39.15909,-86.49058,482
3021,39.15847,-86.49046,483
3021,39.15838,-86.49045,484
3021,39.1582,-86.49043,485
3021,39.15784,-86.4904,486
3021,39.15766,-86.49038,487
3021,39.15759,-86.49038,488
3021,39.15712,-86.49036,489
3021,39.1569,-86.49035,490
3021,39.15683,-86.49035,491
3021,39.15678,-86.49035,492
3021,39.15666,-86.49037,493
3021,39.15653,-86.49038,494
3021,39.15649,-86.49039,495
3021,39.15647,-86.4904,496
3021,39.15641,-86.49042,497
3021,39.15631,-86.49045,498
3021,39.15629,-86.49045,499
3021,39.15618,-86.4905,500
3021,39.15588,-86.49065,501
3021,39.15572,-86.49073,502
3021,39.15564,-86.49077,503
3021,39.15557,-86.49079,504
3021,39.15546,-86.49082,505
3021,39.15535,-86.49084,506
3021,39.15524,-86.49085,507
3021,39.15492,-86.49084,508
3021,39.15453,-86.49084,509
3021,39.15425,-86.49083,510
3021,39.15344,-86.49074,511
3021,39.15345,-86.49098,512
3021,39.15345,-86.49111,513
3021,39.15345,-86.49121,514
3021,39.15346,-86.49131,515
3021,39.15346,-86.49134,516
3021,39.15351,-86.49167,517
3021,39.15352,-86.49171,518
3021,39.15356,-86.49199,519
3021,39.15362,-86.4922,520
3021,39.15372,-86.49233,521
3021,39.15377,-86.4924,522
3021,39.15393,-86.49263,523
3021,39.15397,-86.49266,524
3021,39.15416,-86.49284,525
3021,39.15431,-86.49296,526
3021,39.1544,-86.49304,527
3021,39.1546,-86.49322,528
3021,39.15461,-86.49322,529
3021,39.15489,-86.49351,530
3021,39.15503,-86.49365,531
3021,39.15512,-86.49374,532
3021,39.15514,-86.49376,533
3021,39.15516,-86.49378,534
3021,39.15518,-86.49381,535
3021,39.15521,-86.49386,536
3021,39.15524,-86.49391,537
3021,39.15525,-86.49394,538
3021,39.15527,-86.49397,539
3021,39.15529,-86.49402,540
3021,39.15531,-86.49409,541
3021,39.15532,-86.49412,542
3021,39.15533,-86.49417,543
3021,39.15534,-86.49421,544
3021,39.15534,-86.49424,545
3021,39.15535,-86.49429,546
3021,39.15535,-86.4944,547
3021,39.15535,-86.49448,548
3021,39.15535,-86.49456,549
3021,39.15534,-86.49461,550
3021,39.15534,-86.49467,551
3021,39.15533,-86.49474,552
3021,39.15528,-86.495,553
3021,39.15524,-86.49517,554
3021,39.15518,-86.49544,555
3021,39.15505,-86.49609,556
3021,39.15511,-86.4968,557
3021,39.15515,-86.49721,558
3021,39.15515,-86.49728,559
3021,39.15518,-86.49766,560
3021,39.15541,-86.49767,561
3021,39.1565,-86.49771,562
3021,39.15663,-86.49772,563
3021,39.15743,-86.49775,564
3021,39.15759,-86.49776,565
3021,39.15815,-86.49778,566
3021,39.15843,-86.49779,567
3021,39.1589,-86.49776,568
3021,39.1592,-86.49773,569
3021,39.15954,-86.49771,570
3021,39.15968,-86.4977,571
3021,39.16015,-86.49765,572
3021,39.16039,-86.49764,573
3021,39.16058,-86.49763,574
3021,39.16094,-86.49764,575
3021,39.16137,-86.4977,576
3021,39.1618,-86.49776,577
3021,39.16185,-86.49776,578
3021,39.16231,-86.49784,579
3021,39.16283,-86.49795,580
3021,39.16301,-86.49798,581
3021,39.163,-86.49812,582
3021,39.16299,-86.49836,583
3021,39.16299,-86.4985,584
3021,39.16299,-86.49856,585
3021,39.16299,-86.49869,586
3021,39.16298,-86.49896,587
3021,39.16298,-86.4991,588
3021,39.16298,-86.49916,589
3021,39.16298,-86.49938,590
3021,39.16297,-86.49961,591
3021,39.16297,-86.49984,592
3021,39.16297,-86.50008,593
3021,39.16297,-86.5001,594
3021,39.16297,-86.50023,595
3021,39.16297,-86.50044,596
3021,39.16297,-86.50064,597
3021,39.16297,-86.5007,598
3021,39.16297,-86.50082,599
3021,39.16297,-86.50104,600
3021,39.16297,-86.50112,601
3021,39.16297,-86.50121,602
3021,39.16297,-86.50123,603
3021,39.16299,-86.50131,604
3021,39.163,-86.50138,605
3021,39.163,-86.50139,606
3021,39.16302,-86.50146,607
3021,39.16302,-86.50151,608
3021,39.16302,-86.50155,609
3021,39.16302,-86.50157,610
3021,39.16302,-86.50163,611
3021,39.16299,-86.50176,612
3021,39.16298,-86.50178,613
3021,39.16297,-86.50187,614
3021,39.16297,-86.50198,615
3021,39.16297,-86.50203,616
3021,39.16297,-86.5021,617
3021,39.16298,-86.50225,618
3021,39.16299,-86.50245,619
3021,39.16389,-86.50246,620
3021,39.16424,-86.50246,621
3021,39.16424,-86.50264,622
3021,39.16424,-86.50306,623
3021,39.16424,-86.50343,624
3021,39.16425,-86.50459,625
3021,39.16425,-86.50495,626
3021,39.16425,-86.50604,627
3021,39.16426,-86.50622,628
3021,39.16426,-86.50667,629
3021,39.16426,-86.50714,630
3021,39.16426,-86.50743,631
3021,39.16426,-86.50757,632
3021,39.16426,-86.50767,633
3021,39.16426,-86.50824,634
3021,39.16426,-86.50847,635
3021,39.16426,-86.50908,636
3021,39.16426,-86.5094,637
3021,39.16426,-86.50956,638
3021,39.16426,-86.5097,639
3021,39.16426,-86.51014,640
3021,39.16426,-86.51036,641
3021,39.16426,-86.51088,642
3021,39.16426,-86.51096,643
3021,39.16426,-86.51125,644
3021,39.16426,-86.51158,645
3021,39.16426,-86.51191,646
3021,39.16426,-86.51219,647
3021,39.16425,-86.51301,648
3021,39.16425,-86.51323,649
3021,39.16425,-86.5136,650
3021,39.16425,-86.51372,651
3021,39.16425,-86.5139,652
3021,39.16425,-86.51422,653
3021,39.16425,-86.51441,654
3021,39.16425,-86.51462,655
3021,39.16425,-86.51488,656
3021,39.16425,-86.51525,657
3021,39.16425,-86.51535,658
3021,39.16425,-86.5158,659
3021,39.16425,-86.51589,660
3021,39.16426,-86.5164,661
3021,39.16427,-86.51666,662
3021,39.16427,-86.51702,663
3021,39.16427,-86.51714,664
3021,39.16427,-86.51739,665
3021,39.16427,-86.51774,666
3021,39.16427,-86.51784,667
3021,39.16426,-86.51828,668
3021,39.16426,-86.51875,669
3021,39.16426,-86.51913,670
3021,39.16426,-86.51921,671
3021,39.16426,-86.51932,672
3021,39.16426,-86.51955,673
3021,39.16426,-86.51968,674
3021,39.16426,-86.51969,675
3021,39.16426,-86.51978,676
3021,39.16426,-86.52008,677
3021,39.16425,-86.52069,678
3021,39.16425,-86.52106,679
3021,39.16425,-86.52112,680
3021,39.16425,-86.52162,681
3021,39.16425,-86.52191,682
3021,39.16425,-86.52205,683
3021,39.16426,-86.52228,684
3021,39.16426,-86.52262,685
3021,39.16426,-86.52268,686
3021,39.16426,-86.52279,687
3021,39.16426,-86.52302,688
3021,39.16426,-86.52333,689
3021,39.16426,-86.52346,690
3021,39.16426,-86.52355,691
3021,39.16426,-86.52365,692
3021,39.16426,-86.52387,693
3021,39.16427,-86.5242,694
3021,39.16427,-86.52467,695
3021,39.16427,-86.52497,696
3021,39.16428,-86.52531,697
3021,39.16428,-86.52555,698
3021,39.16428,-86.52587,699
3021,39.16428,-86.52606,700
3021,39.16428,-86.52614,701
3021,39.16429,-86.52637,702
3021,39.1643,-86.52668,703
3021,39.1643,-86.52682,704
3021,39.1643,-86.5269,705
3021,39.16446,-86.52689,706
3021,39.16471,-86.5269,707
3021,39.16499,-86.5269,708
3021,39.16508,-86.52691,709
3021,39.16554,-86.52691,710
3021,39.16561,-86.52691,711
3021,39.16605,-86.52691,712
3021,39.16625,-86.52692,713
3021,39.16655,-86.52693,714
3021,39.16655,-86.52743,715
3021,39.16655,-86.52745,716
3021,39.16655,-86.52762,717
3021,39.16654,-86.52782,718
3021,39.16655,-86.52824,719
3021,39.16655,-86.52917,720
3021,39.16656,-86.5298,721
3021,39.16656,-86.53044,722
3021,39.16656,-86.53075,723
3021,39.16657,-86.53109,724
3021,39.16657,-86.53171,725
3021,39.16657,-86.53188,726
3021,39.16657,-86.53234,727
3021,39.16622,-86.53235,728
3021,39.16608,-86.53235,729
3021,39.16558,-86.53236,730
3021,39.16508,-86.53236,731
3021,39.16495,-86.53236,732
3021,39.16491,-86.53236,733
3021,39.16459,-86.53237,734
3021,39.16425,-86.53237,735
3061,39.16427,-86.53362,0
3061,39.16452,-86.53364,1
3061,39.16456,-86.53364,2
3061,39.16455,-86.53339,3
3061,39.16455,-86.53305,4
3061,39.16455,-86.53301,5
3061,39.16459,-86.53295,6
3061,39.16459,-86.53276,7
3061,39.16459,-86.53259,8
3061,39.16459,-86.53237,9
3061,39.16459,-86.53193,10
3061,39.1646,-86.53179,11
3061,39.16459,-86.53152,12
3061,39.16459,-86.53109,13
3061,39.16459,-86.53088,14
3061,39.16458,-86.53063,15
3061,39.16457,-86.52982,16
3061,39.16457,-86.52918,17
3061,39.16457,-86.52886,18
3061,39.16457,-86.52874,19
3061,39.16456,-86.52863,20
3061,39.16456,-86.5286,21
3061,39.16455,-86.52856,22
3061,39.16454,-86.52853,23
3061,39.16453,-86.5285,24
3061,39.16452,-86.52846,25
3061,39.16448,-86.52837,26
3061,39.16442,-86.52822,27
3061,39.16429,-86.52821,28
3061,39.16411,-86.5282,29
3061,39.16372,-86.52819,30
3061,39.16357,-86.52817,31
3061,39.16356,-86.52816,32
3061,39.16346,-86.52813,33
3061,39.1634,-86.52809,34
3061,39.16333,-86.52803,35
3061,39.16328,-86.52796,36
3061,39.16325,-86.5279,37
3061,39.16323,-86.52784,38
3061,39.1632,-86.52775,39
3061,39.16318,-86.52765,40
3061,39.16317,-86.5276,41
3061,39.16316,-86.52755,42
3061,39.16315,-86.52744,43
3061,39.16315,-86.52734,44
3061,39.16315,-86.52725,45
3061,39.16314,-86.52657,46
3061,39.16312,-86.52657,47
3061,39.16314,-86.52657,48
3061,39.16314,-86.52588,49
3061,39.16314,-86.52532,50
3061,39.16313,-86.52402,51
3061,39.16312,-86.52372,52
3061,39.16312,-86.52263,53
3061,39.16311,-86.52185,54
3061,39.16311,-86.52176,55
3061,39.16311,-86.52106,56
3061,39.1631,-86.52019,57
3061,39.16309,-86.51991,58
3061,39.16309,-86.51912,59
3061,39.16309,-86.51897,60
3061,39.16308,-86.51852,61
3061,39.16308,-86.51794,62
3061,39.16307,-86.51772,63
3061,39.16307,-86.51726,64
3061,39.16307,-86.51699,65
3061,39.16306,-86.5164,66
3061,39.16306,-86.51586,67
3061,39.16306,-86.51548,68
3061,39.16305,-86.51525,69
3061,39.16305,-86.51509,70
3061,39.16305,-86.51479,71
3061,39.16305,-86.51468,72
3061,39.16305,-86.51464,73
3061,39.16306,-86.51419,74
3061,39.16327,-86.51419,75
3061,39.1636,-86.5142,76
3061,39.16363,-86.5142,77
3061,39.16371,-86.51421,78
3061,39.16425,-86.51422,79
3061,39.16425,-86.5139,80
3061,39.16425,-86.51372,81
3061,39.16425,-86.5136,82
3061,39.16425,-86.51323,83
3061,39.16425,-86.51301,84
3061,39.16426,-86.51219,85
3061,39.16426,-86.51191,86
3061,39.16426,-86.51158,87
3061,39.16426,-86.51125,88
3061,39.16426,-86.51096,89
3061,39.16426,-86.51088,90
3061,39.16426,-86.51036,91
3061,39.16426,-86.51014,92
3061,39.16426,-86.5097,93
3061,39.16426,-86.50956,94
3061,39.16426,-86.5094,95
3061,39.16426,-86.50908,96
3061,39.16426,-86.50887,97
3061,39.16426,-86.50847,98
3061,39.16426,-86.50824,99
3061,39.16426,-86.50767,100
3061,39.16426,-86.50757,101
3061,39.16426,-86.50743,102
3061,39.16426,-86.50714,103
3061,39.16426,-86.50667,104
3061,39.16426,-86.50622,105
3061,39.16425,-86.50604,106
3061,39.16425,-86.50556,107
3061,39.16425,-86.50495,108
3061,39.16425,-86.50459,109
3061,39.16425,-86.50371,110
3061,39.16424,-86.50343,111
3061,39.16424,-86.50306,112
3061,39.16424,-86.50288,113
3061,39.16424,-86.50264,114
3061,39.16424,-86.50246,115
3061,39.16389,-86.50246,116
3061,39.16336,-86.50245,117
3061,39.16303,-86.50245,118
3061,39.16299,-86.50245,119
3061,39.16298,-86.50225,120
3061,39.16297,-86.5021,121
3061,39.16297,-86.50203,122
3061,39.16297,-86.50198,123
3061,39.16297,-86.50187,124
3061,39.16298,-86.50178,125
3061,39.16299,-86.50176,126
3061,39.163,-86.50171,127
3061,39.16302,-86.50163,128
3061,39.16302,-86.50157,129
3061,39.16302,-86.50155,130
3061,39.16302,-86.50146,131
3061,39.163,-86.50139,132
3061,39.163,-86.50138,133
3061,39.16299,-86.50131,134
3061,39.16297,-86.50123,135
3061,39.16297,-86.50121,136
3061,39.16297,-86.50112,137
3061,39.16297,-86.50104,138
3061,39.16297,-86.50082,139
3061,39.16297,-86.5007,140
3061,39.16297,-86.50064,141
3061,39.16297,-86.5005,142
3061,39.16297,-86.50044,143
3061,39.16297,-86.50023,144
3061,39.16297,-86.5001,145
3061,39.16297,-86.50008,146
3061,39.16297,-86.49984,147
3061,39.16297,-86.49961,148
3061,39.16298,-86.49938,149
3061,39.16298,-86.49916,150
3061,39.16298,-86.4991,151
3061,39.16298,-86.49896,152
3061,39.16299,-86.49869,153
3061,39.16299,-86.49856,154
3061,39.16299,-86.4985,155
3061,39.16299,-86.49836,156
3061,39.16299,-86.49828,157
3061,39.163,-86.49812,158
3061,39.16266,-86.49806,159
3061,39.1625,-86.49802,160
3061,39.16229,-86.49797,161
3061,39.16219,-86.49795,162
3061,39.16211,-86.49793,163
3061,39.162,-86.49792,164
3061,39.16183,-86.4979,165
3061,39.16168,-86.49788,166
3061,39.16138,-86.49784,167
3061,39.16094,-86.49777,168
3061,39.16059,-86.49777,169
3061,39.1604,-86.49778,170
3061,39.16017,-86.49779,171
3061,39.1596,-86.49784,172
3061,39.1592,-86.49787,173
3061,39.1587,-86.49791,174
3061,39.15868,-86.49791,175
3061,39.15841,-86.49792,176
3061,39.15818,-86.49793,177
3061,39.1568,-86.49785,178
3061,39.15648,-86.49784,179
3061,39.15576,-86.49782,180
3061,39.15526,-86.4978,181
3061,39.15518,-86.4978,182
3061,39.15518,-86.49766,183
3061,39.15515,-86.49728,184
3061,39.15515,-86.49721,185
3061,39.15511,-86.4968,186
3061,39.15508,-86.49642,187
3061,39.15505,-86.49609,188
3061,39.15518,-86.49544,189
3061,39.15523,-86.49521,190
3061,39.15524,-86.49517,191
3061,39.15528,-86.495,192
3061,39.15532,-86.49479,193
3061,39.15533,-86.49474,194
3061,39.15534,-86.49467,195
3061,39.15534,-86.49461,196
3061,39.15535,-86.49456,197
3061,39.15535,-86.49448,198
3061,39.15535,-86.4944,199
3061,39.15535,-86.49429,200
3061,39.15534,-86.49424,201
3061,39.15534,-86.49421,202
3061,39.15533,-86.49417,203
3061,39.15532,-86.49412,204
3061,39.15531,-86.49409,205
3061,39.15529,-86.49402,206
3061,39.15527,-86.49397,207
3061,39.15525,-86.49394,208
3061,39.15524,-86.49391,209
3061,39.15521,-86.49386,210
3061,39.15518,-86.49381,211
3061,39.15516,-86.49378,212
3061,39.15514,-86.49376,213
3061,39.15512,-86.49374,214
3061,39.15503,-86.49365,215
3061,39.15489,-86.49351,216
3061,39.1547,-86.49331,217
3061,39.15461,-86.49322,218
3061,39.1546,-86.49322,219
3061,39.1544,-86.49304,220
3061,39.15435,-86.493,221
3061,39.15431,-86.49296,222
3061,39.15416,-86.49284,223
3061,39.15397,-86.49266,224
3061,39.15393,-86.49263,225
3061,39.15377,-86.4924,226
3061,39.15372,-86.49233,227
3061,39.15362,-86.4922,228
3061,39.15356,-86.49199,229
3061,39.15351,-86.49167,230
3061,39.15346,-86.49134,231
3061,39.15346,-86.49131,232
3061,39.15345,-86.49121,233
3061,39.15345,-86.49111,234
3061,39.15345,-86.49098,235
3061,39.15344,-86.49074,236
3061,39.15402,-86.49081,237
3061,39.15425,-86.49083,238
3061,39.15434,-86.49083,239
3061,39.15453,-86.49084,240
3061,39.15492,-86.49084,241
3061,39.15524,-86.49085,242
3061,39.15535,-86.49084,243
3061,39.15546,-86.49082,244
3061,39.15557,-86.49079,245
3061,39.15564,-86.49077,246
3061,39.15572,-86.49073,247
3061,39.15588,-86.49065,248
3061,39.15596,-86.49061,249
3061,39.15618,-86.4905,250
3061,39.15629,-86.49045,251
3061,39.15631,-86.49045,252
3061,39.15641,-86.49042,253
3061,39.15647,-86.4904,254
3061,39.15649,-86.49039,255
3061,39.15653,-86.49038,256
3061,39.1566,-86.49037,257
3061,39.15666,-86.49037,258
3061,39.15678,-86.49035,259
3061,39.15683,-86.49035,260
3061,39.1569,-86.49035,261
3061,39.15709,-86.49036,262
3061,39.15712,-86.49036,263
3061,39.15759,-86.49038,264
3061,39.15766,-86.49038,265
3061,39.15784,-86.4904,266
3061,39.1582,-86.49043,267
3061,39.15838,-86.49045,268
3061,39.15841,-86.49045,269
3061,39.15847,-86.49046,270
3061,39.15891,-86.49054,271
3061,39.15909,-86.49058,272
3061,39.15943,-86.49065,273
3061,39.15961,-86.49068,274
3061,39.15995,-86.49068,275
3061,39.16051,-86.49069,276
3061,39.16079,-86.4907,277
3061,39.16118,-86.49071,278
3061,39.16131,-86.49071,279
3061,39.16144,-86.49065,280
3061,39.16144,-86.49077,281
3061,39.16142,-86.491,282
3061,39.16142,-86.49106,283
3061,39.16141,-86.49112,284
3061,39.16139,-86.49118,285
3061,39.16131,-86.4913,286
3061,39.16133,-86.49133,287
3061,39.16137,-86.4914,288
3061,39.1614,-86.49146,289
3061,39.16144,-86.49155,290
3061,39.16148,-86.49163,291
3061,39.16149,-86.49166,292
3061,39.1615,-86.4917,293
3061,39.1615,-86.49176,294
3061,39.1615,-86.49177,295
3061,39.1615,-86.49189,296
3061,39.1615,-86.4919,297
3061,39.16149,-86.49224,298
3061,39.16142,-86.49225,299
3061,39.16139,-86.49228,300
3061,39.16137,-86.49229,301
3061,39.16129,-86.49238,302
3061,39.16106,-86.49262,303
3061,39.16101,-86.49267,304
3061,39.161,-86.49268,305
3061,39.16099,-86.4927,306
3061,39.16099,-86.49273,307
3061,39.16099,-86.49275,308
3061,39.16099,-86.49276,309
3061,39.16099,-86.49277,310
3061,39.16099,-86.49281,311
3061,39.16101,-86.49286,312
3061,39.16103,-86.49295,313
3061,39.16106,-86.49303,314
3061,39.16107,-86.49308,315
3061,39.16113,-86.49329,316
3061,39.16117,-86.49334,317
3061,39.16122,-86.49337,318
3061,39.16124,-86.49336,319
3061,39.16127,-86.49336,320
3061,39.1613,-86.49334,321
3061,39.16132,-86.49332,322
3061,39.16149,-86.49317,323
3061,39.16153,-86.49321,324
3061,39.16169,-86.49323,325
3061,39.16187,-86.49324,326
3061,39.16189,-86.49324,327
3061,39.16223,-86.49325,328
3061,39.16234,-86.49325,329
3061,39.1625,-86.49324,330
3061,39.16256,-86.49324,331
3061,39.16264,-86.49323,332
3061,39.16279,-86.49321,333
3061,39.16295,-86.49316,334
3061,39.16341,-86.49303,335
3061,39.16347,-86.49303,336
3061,39.16369,-86.49303,337
3061,39.16372,-86.49303,338
3061,39.1638,-86.49303,339
3061,39.16387,-86.49303,340
3061,39.16419,-86.49302,341
3061,39.16419,-86.4927,342
3061,39.1642,-86.49207,343
3061,39.1642,-86.49153,344
3061,39.1642,-86.49124,345
3061,39.1642,-86.4911,346
3061,39.1642,-86.49084,347
3061,39.1642,-86.49072,348
3061,39.1642,-86.49005,349
3061,39.16423,-86.48924,350
3061,39.16423,-86.48854,351
3061,39.16423,-86.48797,352
3061,39.16423,-86.48681,353
3061,39.16423,-86.48607,354
3061,39.16423,-86.48542,355
3061,39.16423,-86.48448,356
3061,39.16423,-86.48436,357
3061,39.16423,-86.48272,358
3061,39.16423,-86.48191,359
3061,39.16423,-86.48124,360
3061,39.16424,-86.48069,361
3061,39.16424,-86.48038,362
3061,39.16424,-86.48014,363
3061,39.16424,-86.47991,364
3061,39.16424,-86.4795,365
3061,39.16424,-86.47898,366
3061,39.16424,-86.47874,367
3061,39.16424,-86.47831,368
3061,39.16424,-86.47807,369
3061,39.16424,-86.47784,370
3061,39.16424,-86.47738,371
3061,39.16424,-86.47733,372
3061,39.16424,-86.47715,373
3061,39.16424,-86.47681,374
3061,39.16424,-86.47628,375
3061,39.16367,-86.47626,376
3061,39.16354,-86.47626,377
3061,39.16331,-86.47625,378
3061,39.16295,-86.47624,379
3061,39.16294,-86.47698,380
3061,39.16294,-86.47734,381
3061,39.16294,-86.47827,382
3061,39.16295,-86.47915,383
3061,39.16295,-86.47941,384
3061,39.16296,-86.48004,385
3061,39.16296,-86.48064,386
3061,39.16296,-86.48077,387
3061,39.1632,-86.48082,388
3061,39.16333,-86.48085,389
3061,39.16334,-86.48085,390
3061,39.16335,-86.48085,391
3061,39.1635,-86.48092,392
3061,39.16376,-86.48104,393
3061,39.16384,-86.48108,394
3061,39.16391,-86.48111,395
3061,39.16394,-86.48112,396
3061,39.16412,-86.48119,397
3061,39.16423,-86.48124,398
3061,39.16464,-86.48125,399
3061,39.16467,-86.48125,400
3061,39.16464,-86.48125,401
3061,39.16423,-86.48124,402
3061,39.16416,-86.4812,403
3061,39.16423,-86.48124,404
3061,39.16423,-86.48191,405
3061,39.16423,-86.48272,406
3061,39.16423,-86.48363,407
3061,39.16423,-86.48436,408
3061,39.16423,-86.48448,409
3061,39.16423,-86.48542,410
3061,39.16423,-86.48681,411
3061,39.16423,-86.48797,412
3061,39.16423,-86.48854,413
3061,39.16423,-86.48924,414
3061,39.1642,-86.49005,415
3061,39.1642,-86.49072,416
3061,39.1642,-86.49084,417
3061,39.1642,-86.49124,418
3061,39.1642,-86.49153,419
3061,39.1642,-86.49207,420
3061,39.16419,-86.49302,421
3061,39.16416,-86.49303,422
3061,39.16419,-86.49302,423
3061,39.1642,-86.49207,424
3061,39.1642,-86.49179,425
3061,39.1642,-86.49207,426
3061,39.1642,-86.49242,427
3061,39.1642,-86.49207,428
3061,39.1642,-86.49153,429
3061,39.1642,-86.49134,430
3061,39.1642,-86.49153,431
3061,39.1642,-86.49207,432
3061,39.1642,-86.49225,433
3061,39.1642,-86.49207,434
3061,39.1642,-86.49161,435
3061,39.1642,-86.49207,436
3061,39.16419,-86.49287,437
3061,39.1642,-86.49207,438
3061,39.1642,-86.49153,439
3061,39.1642,-86.4915,440
3061,39.1642,-86.49153,441
3061,39.1642,-86.49207,442
3061,39.16419,-86.49302,443
3061,39.1639,-86.49303,444
3061,39.16387,-86.49303,445
3061,39.16372,-86.49303,446
3061,39.16341,-86.49303,447
3061,39.16279,-86.49321,448
3061,39.16264,-86.49323,449
3061,39.1625,-86.49324,450
3061,39.16234,-86.49325,451
3061,39.16189,-86.49324,452
3061,39.16177,-86.49324,453
3061,39.16169,-86.49323,454
3061,39.16153,-86.49321,455
3061,39.16149,-86.49317,456
3061,39.16147,-86.49311,457
3061,39.16147,-86.49299,458
3061,39.16147,-86.49294,459
3061,39.16148,-86.49269,460
3061,39.16149,-86.49243,461
3061,39.16149,-86.49224,462
3061,39.1615,-86.4919,463
3061,39.1615,-86.49176,464
3061,39.1615,-86.4917,465
3061,39.16149,-86.49166,466
3061,39.16148,-86.49163,467
3061,39.16144,-86.49155,468
3061,39.16137,-86.4914,469
3061,39.16133,-86.49133,470
3061,39.16131,-86.4913,471
3061,39.16139,-86.49118,472
3061,39.16141,-86.49112,473
3061,39.16141,-86.49111,474
3061,39.16142,-86.49106,475
3061,39.16144,-86.49077,476
3061,39.16131,-86.49071,477
3061,39.16051,-86.49069,478
3061,39.16044,-86.49069,479
3061,39.15961,-86.49068,480
3061,39.15943,-86.49065,481
3061,39.15909,-86.49058,482
3061,39.15847,-86.49046,483
3061,39.15838,-86.49045,484
3061,39.1582,-86.49043,485
3061,39.15784,-86.4904,486
3061,39.15766,-86.49038,487
3061,39.15759,-86.49038,488
3061,39.15712,-86.49036,489
3061,39.1569,-86.49035,490
3061,39.15683,-86.49035,491
3061,39.15678,-86.49035,492
3061,39.15666,-86.49037,493
3061,39.15653,-86.49038,494
3061,39.15649,-86.49039,495
3061,39.15647,-86.4904,496
3061,39.15641,-86.49042,497
3061,39.15631,-86.49045,498
3061,39.15629,-86.49045,499
3061,39.15618,-86.4905,500
3061,39.15588,-86.49065,501
3061,39.15572,-86.49073,502
3061,39.15564,-86.49077,503
3061,39.15557,-86.49079,504
3061,39.15546,-86.49082,505
3061,39.15535,-86.49084,506
3061,39.15524,-86.49085,507
3061,39.15492,-86.49084,508
3061,39.15453,-86.49084,509
3061,39.15425,-86.49083,510
3061,39.15344,-86.49074,511
3061,39.15345,-86.49098,512
3061,39.15345,-86.49111,513
3061,39.15345,-86.49121,514
3061,39.15346,-86.49131,515
3061,39.15346,-86.49134,516
3061,39.15351,-86.49167,517
3061,39.15352,-86.49171,518
3061,39.15356,-86.49199,519
3061,39.15362,-86.4922,520
3061,39.15372,-86.49233,521
3061,39.15377,-86.4924,522
3061,39.15393,-86.49263,523
3061,39.15397,-86.49266,524
3061,39.15416,-86.49284,525
3061,39.15431,-86.49296,526
3061,39.1544,-86.49304,527
3061,39.1546,-86.49322,528
3061,39.15461,-86.49322,529
3061,39.15489,-86.49351,530
3061,39.15503,-86.49365,531
3061,39.15512,-86.49374,532
3061,39.15514,-86.49376,533
3061,39.15516,-86.49378,534
3061,39.15518,-86.49381,535
3061,39.15521,-86.49386,536
3061,39.15524,-86.49391,537
3061,39.15525,-86.49394,538
3061,39.15527,-86.49397,539
3061,39.15529,-86.49402,540
3061,39.15531,-86.49409,541
3061,39.15532,-86.49412,542
3061,39.15533,-86.49417,543
3061,39.15534,-86.49421,544
3061,39.15534,-86.49424,545
3061,39.15535,-86.49429,546
3061,39.15535,-86.4944,547
3061,39.15535,-86.49448,548
3061,39.15535,-86.49456,549
3061,39.15534,-86.49461,550
3061,39.15534,-86.49467,551
3061,39.15533,-86.49474,552
3061,39.15528,-86.495,553
3061,39.15524,-86.49517,554
3061,39.15518,-86.49544,555
3061,39.15505,-86.49609,556
3061,39.15511,-86.4968,557
3061,39.15515,-86.49721,558
3061,39.15515,-86.49728,559
3061,39.15518,-86.49766,560
3061,39.15541,-86.49767,561
3061,39.1565,-86.49771,562
3061,39.15663,-86.49772,563
3061,39.15743,-86.49775,564
3061,39.15759,-86.49776,565
3061,39.15815,-86.49778,566
3061,39.15843,-86.49779,567
3061,39.1589,-86.49776,568
3061,39.1592,-86.49773,569
3061,39.15954,-86.49771,570
3061,39.15968,-86.4977,571
3061,39.16015,-86.49765,572
3061,39.16039,-86.49764,573
3061,39.16058,-86.49763,574
3061,39.16094,-86.49764,575
3061,39.16137,-86.4977,576
3061,39.1618,-86.49776,577
3061,39.16185,-86.49776,578
3061,39.16231,-86.49784,579
3061,39.16283,-86.49795,580
3061,39.16301,-86.49798,581
3061,39.163,-86.49812,582
3061,39.16299,-86.49836,583
3061,39.16299,-86.4985,584
3061,39.16299,-86.49856,585
3061,39.16299,-86.49869,586
3061,39.16298,-86.49896,587
3061,39.16298,-86.4991,588
3061,39.16298,-86.49916,589
3061,39.16298,-86.49938,590
3061,39.16297,-86.49961,591
3061,39.16297,-86.49984,592
3061,39.16297,-86.50008,593
3061,39.16297,-86.5001,594
3061,39.16297,-86.50023,595
3061,39.16297,-86.50044,596
3061,39.16297,-86.50064,597
3061,39.16297,-86.5007,598
3061,39.16297,-86.50082,599
3061,39.16297,-86.50104,600
3061,39.16297,-86.50112,601
3061,39.16297,-86.50121,602
3061,39.16297,-86.50123,603
3061,39.16299,-86.50131,604
3061,39.163,-86.50138,605
3061,39.163,-86.50139,606
3061,39.16302,-86.50146,607
3061,39.16302,-86.50151,608
3061,39.16302,-86.50155,609
3061,39.16302,-86.50157,610
3061,39.16302,-86.50163,611
3061,39.16299,-86.50176,612
3061,39.16298,-86.50178,613
3061,39.16297,-86.50187,614
3061,39.16297,-86.50198,615
3061,39.16297,-86.50203,616
3061,39.16297,-86.5021,617
3061,39.16298,-86.50225,618
3061,39.16299,-86.50245,619
3061,39.16389,-86.50246,620
3061,39.16424,-86.50246,621
3061,39.16424,-86.50264,622
3061,39.16424,-86.50306,623
3061,39.16424,-86.50343,624
3061,39.16425,-86.50459,625
3061,39.16425,-86.50495,626
3061,39.16425,-86.50604,627
3061,39.16426,-86.50622,628
3061,39.16426,-86.50667,629
3061,39.16426,-86.50714,630
3061,39.16426,-86.50743,631
3061,39.16426,-86.50757,632
3061,39.16426,-86.50767,633
3061,39.16426,-86.50824,634
3061,39.16426,-86.50847,635
3061,39.16426,-86.50908,636
3061,39.16426,-86.5094,637
3061,39.16426,-86.50956,638
3061,39.16426,-86.5097,639
3061,39.16426,-86.51014,640
3061,39.16426,-86.51036,641
3061,39.16426,-86.51088,642
3061,39.16426,-86.51096,643
3061,39.16426,-86.51125,644
3061,39.16426,-86.51158,645
3061,39.16426,-86.51191,646
3061,39.16426,-86.51219,647
3061,39.16425,-86.51301,648
3061,39.16425,-86.51323,649
3061,39.16425,-86.5136,650
3061,39.16425,-86.51372,651
3061,39.16425,-86.5139,652
3061,39.16425,-86.51422,653
3061,39.16425,-86.51441,654
3061,39.16425,-86.51462,655
3061,39.16425,-86.51488,656
3061,39.16425,-86.51525,657
3061,39.16425,-86.51535,658
3061,39.16425,-86.5158,659
3061,39.16425,-86.51589,660
3061,39.16426,-86.5164,661
3061,39.16427,-86.51666,662
3061,39.16427,-86.51702,663
3061,39.16427,-86.51714,664
3061,39.16427,-86.51739,665
3061,39.16427,-86.51774,666
3061,39.16427,-86.51784,667
3061,39.16426,-86.51828,668
3061,39.16426,-86.51875,669
3061,39.16426,-86.51913,670
3061,39.16426,-86.51921,671
3061,39.16426,-86.51932,672
3061,39.16426,-86.51955,673
3061,39.16426,-86.51968,674
3061,39.16426,-86.51969,675
3061,39.16426,-86.51978,676
3061,39.16426,-86.52008,677
3061,39.16425,-86.52069,678
3061,39.16425,-86.52106,679
3061,39.16425,-86.52112,680
3061,39.16425,-86.52162,681
3061,39.16425,-86.52191,682
3061,39.16425,-86.52205,683
3061,39.16426,-86.52228,684
3061,39.16426,-86.52262,685
3061,39.16426,-86.52268,686
3061,39.16426,-86.52279,687
3061,39.16426,-86.52302,688
3061,39.16426,-86.52333,689
3061,39.16426,-86.52346,690
3061,39.16426,-86.52355,691
3061,39.16426,-86.52365,692
3061,39.16426,-86.52387,693
3061,39.16427,-86.5242,694
3061,39.16427,-86.52467,695
3061,39.16427,-86.52497,696
3061,39.16428,-86.52531,697
3061,39.16428,-86.52555,698
3061,39.16428,-86.52587,699
3061,39.16428,-86.52606,700
3061,39.16428,-86.52614,701
3061,39.16429,-86.52637,702
3061,39.1643,-86.52668,703
3061,39.1643,-86.52682,704
3061,39.1643,-86.5269,705
3061,39.16446,-86.52689,706
3061,39.16471,-86.5269,707
3061,39.16499,-86.5269,708
3061,39.16508,-86.52691,709
3061,39.16554,-86.52691,710
3061,39.16561,-86.52691,711
3061,39.16605,-86.52691,712
3061,39.16625,-86.52692,713
3061,39.16655,-86.52693,714
3061,39.16655,-86.52743,715
3061,39.16655,-86.52745,716
3061,39.16655,-86.52762,717
3061,39.16654,-86.52782,718
3061,39.16655,-86.52824,719
3061,39.16655,-86.52917,720
3061,39.16656,-86.5298,721
3061,39.16656,-86.53044,722
3061,39.16656,-86.53075,723
3061,39.16657,-86.53109,724
3061,39.16657,-86.53171,725
3061,39.16657,-86.53188,726
3061,39.16657,-86.53234,727
3061,39.16622,-86.53235,728
3061,39.16608,-86.53235,729
3061,39.16558,-86.53236,730
3061,39.16508,-86.53236,731
3061,39.16495,-86.53236,732
3061,39.16491,-86.53236,733
3061,39.16459,-86.53237,734
3061,39.16425,-86.53237,735
5001,39.1235,-86.5098,0
5001,39.12335,-86.51007,1
5001,39.12312,-86.50991,2
5001,39.12379,-86.50856,3
5001,39.12395,-86.50824,4
5001,39.12598,-86.50492,5
5001,39.12599,-86.50491,6
5001,39.12617,-86.50471,7
5001,39.12619,-86.50468,8
5001,39.12642,-86.50444,9
5001,39.12648,-86.50438,10
5001,39.12656,-86.50424,11
5001,39.12689,-86.50401,12
5001,39.127,-86.50393,13
5001,39.12712,-86.50385,14
5001,39.12734,-86.50372,15
5001,39.12745,-86.50365,16
5001,39.12771,-86.50352,17
5001,39.12791,-86.50344,18
5001,39.12794,-86.50342,19
5001,39.12817,-86.50332,20
5001,39.12869,-86.5031,21
5001,39.12891,-86.503,22
5001,39.12913,-86.50291,23
5001,39.12929,-86.50283,24
5001,39.12943,-86.50276,25
5001,39.12964,-86.50264,26
5001,39.12979,-86.50254,27
5001,39.13001,-86.5024,28
5001,39.13023,-86.50224,29
5001,39.13037,-86.50213,30
5001,39.13043,-86.50208,31
5001,39.13074,-86.50181,32
5001,39.13095,-86.50159,33
5001,39.13107,-86.50146,34
5001,39.13123,-86.50128,35
5001,39.13134,-86.50115,36
5001,39.13146,-86.50099,37
5001,39.13157,-86.50083,38
5001,39.13167,-86.50069,39
5001,39.13169,-86.50066,40
5001,39.13174,-86.50059,41
5001,39.13178,-86.50053,42
5001,39.13186,-86.50041,43
5001,39.13201,-86.50018,44
5001,39.13214,-86.49999,45
5001,39.13221,-86.49988,46
5001,39.13225,-86.49986,47
5001,39.13247,-86.49953,48
5001,39.13257,-86.49937,49
5001,39.13299,-86.49872,50
5001,39.13312,-86.49852,51
5001,39.13326,-86.49832,52
5001,39.13335,-86.49821,53
5001,39.13347,-86.49806,54
5001,39.13348,-86.49804,55
5001,39.134,-86.49748,56
5001,39.13522,-86.49654,57
5001,39.13525,-86.49653,58
5001,39.13535,-86.49651,59
5001,39.13548,-86.49648,60
5001,39.13552,-86.49646,61
5001,39.13563,-86.49642,62
5001,39.13564,-86.49641,63
5001,39.13564,-86.49639,64
5001,39.13565,-86.49638,65
5001,39.13566,-86.49636,66
5001,39.13567,-86.49635,67
5001,39.13567,-86.49634,68
5001,39.13569,-86.49632,69
5001,39.13571,-86.49629,70
5001,39.13572,-86.49624,71
5001,39.13591,-86.49632,72
5001,39.13595,-86.49651,73
5001,39.13594,-86.49685,74
5001,39.13594,-86.49743,75
5001,39.13596,-86.49878,76
5001,39.13597,-86.49892,77
5001,39.13597,-86.49945,78
5001,39.13597,-86.4997,79
5001,39.13598,-86.50036,80
5001,39.13598,-86.5009,81
5001,39.13599,-86.5013,82
5001,39.13598,-86.50246,83
5001,39.13598,-86.50317,84
5001,39.13597,-86.50342,85
5001,39.13597,-86.50364,86
5001,39.13597,-86.50371,87
5001,39.13597,-86.50382,88
5001,39.13597,-86.50389,89
5001,39.13598,-86.50409,90
5001,39.136,-86.50424,91
5001,39.13601,-86.50434,92
5001,39.13602,-86.50444,93
5001,39.13604,-86.50457,94
5001,39.13608,-86.50476,95
5001,39.13608,-86.50479,96
5001,39.13613,-86.50502,97
5001,39.13614,-86.5051,98
5001,39.13617,-86.50524,99
5001,39.13619,-86.50534,100
5001,39.13622,-86.50547,101
5001,39.13626,-86.50569,102
5001,39.13626,-86.5057,103
5001,39.13629,-86.50588,104
5001,39.13631,-86.506,105
5001,39.13632,-86.50602,106
5001,39.13636,-86.50623,107
5001,39.13638,-86.50645,108
5001,39.13641,-86.50668,109
5001,39.13641,-86.50669,110
5001,39.13644,-86.50702,111
5001,39.13646,-86.50728,112
5001,39.13647,-86.50742,113
5001,39.13647,-86.50751,114
5001,39.13647,-86.50759,115
5001,39.13645,-86.50769,116
5001,39.13644,-86.50774,117
5001,39.13642,-86.50786,118
5001,39.13641,-86.50801,119
5001,39.13642,-86.50802,120
5001,39.13643,-86.50803,121
5001,39.13643,-86.50804,122
5001,39.13644,-86.50805,123
5001,39.13645,-86.50806,124
5001,39.13646,-86.50807,125
5001,39.13646,-86.50809,126
5001,39.13647,-86.5081,127
5001,39.13665,-86.50811,128
5001,39.13669,-86.50811,129
5001,39.13681,-86.50814,130
5001,39.13688,-86.50814,131
5001,39.13693,-86.50814,132
5001,39.13707,-86.50815,133
5001,39.1373,-86.50815,134
5001,39.13761,-86.50816,135
5001,39.13784,-86.50816,136
5001,39.1379,-86.50817,137
5001,39.13815,-86.50817,138
5001,39.1389,-86.50819,139
5001,39.13941,-86.50821,140
5001,39.13946,-86.50821,141
5001,39.13972,-86.50822,142
5001,39.14011,-86.50822,143
5001,39.14055,-86.50823,144
5001,39.14101,-86.50825,145
5001,39.14105,-86.50825,146
5001,39.14119,-86.50825,147
5001,39.1412,-86.50825,148
5001,39.14137,-86.50825,149
5001,39.14155,-86.50826,150
5001,39.14177,-86.50826,151
5001,39.14191,-86.50826,152
5001,39.14209,-86.50826,153
5001,39.14227,-86.50827,154
5001,39.14245,-86.50827,155
5001,39.14281,-86.50828,156
5001,39.143,-86.50828,157
5001,39.14354,-86.50829,158
5001,39.14361,-86.50829,159
5001,39.14372,-86.5083,160
5001,39.14408,-86.5083,161
5001,39.14415,-86.50831,162
5001,39.14451,-86.50831,163
5001,39.14505,-86.50832,164
5001,39.14541,-86.50832,165
5001,39.14559,-86.50832,166
5001,39.14613,-86.50833,167
5001,39.14614,-86.50833,168
5001,39.14643,-86.50833,169
5001,39.14679,-86.50834,170
5001,39.1473,-86.50835,171
5001,39.1476,-86.50836,172
5001,39.14768,-86.50836,173
5001,39.1485,-86.50838,174
5001,39.14868,-86.50838,175
5001,39.14904,-86.50839,176
5001,39.1494,-86.5084,177
5001,39.14976,-86.50841,178
5001,39.15002,-86.50841,179
5001,39.15025,-86.50842,180
5001,39.15029,-86.50842,181
5001,39.15047,-86.50842,182
5001,39.15086,-86.50843,183
5001,39.15091,-86.50843,184
5001,39.15107,-86.50843,185
5001,39.15135,-86.50843,186
5001,39.15189,-86.50843,187
5001,39.15225,-86.50844,188
5001,39.1525,-86.50844,189
5001,39.15261,-86.50844,190
5001,39.15309,-86.50844,191
5001,39.15327,-86.50844,192
5001,39.15363,-86.50843,193
5001,39.15383,-86.50844,194
5001,39.15419,-86.50844,195
5001,39.15477,-86.50845,196
5001,39.15549,-86.50845,197
5001,39.15664,-86.50845,198
5001,39.15707,-86.50845,199
5001,39.15736,-86.50845,200
5001,39.15744,-86.50845,201
5001,39.15779,-86.50846,202
5001,39.15778,-86.50874,203
5001,39.15778,-86.50925,204
5001,39.15778,-86.50971,205
5001,39.15778,-86.51004,206
5001,39.15778,-86.5103,207
5001,39.1578,-86.51096,208
5001,39.15779,-86.51143,209
5001,39.15779,-86.5115,210
5001,39.15778,-86.51176,211
5001,39.1578,-86.51264,212
5001,39.1578,-86.51282,213
5001,39.1578,-86.51305,214
5001,39.1578,-86.5131,215
5001,39.1578,-86.51375,216
5001,39.1578,-86.51394,217
5001,39.15781,-86.51421,218
5001,39.15781,-86.51455,219
5001,39.15781,-86.51457,220
5001,39.15801,-86.51468,221
5001,39.15818,-86.51477,222
5001,39.15831,-86.51484,223
5001,39.15833,-86.51486,224
5001,39.15857,-86.51502,225
5001,39.15889,-86.5153,226
5001,39.15913,-86.5158,227
5001,39.15919,-86.51596,228
5001,39.15924,-86.51613,229
5001,39.15927,-86.51637,230
5001,39.15949,-86.51637,231
5001,39.15963,-86.51637,232
5001,39.16016,-86.51636,233
5001,39.16052,-86.51637,234
5001,39.16106,-86.51639,235
5001,39.16144,-86.51638,236
5001,39.16192,-86.51639,237
5001,39.16218,-86.51639,238
5001,39.16263,-86.5164,239
5001,39.1627,-86.5164,240
5001,39.16306,-86.5164,241
5001,39.16366,-86.5164,242
5001,39.16376,-86.5164,243
5001,39.16399,-86.5164,244
5001,39.1642,-86.5164,245
5001,39.16426,-86.5164,246
5001,39.16427,-86.51666,247
5001,39.16427,-86.51702,248
5001,39.16427,-86.51714,249
5001,39.16427,-86.51718,250
5001,39.16427,-86.51739,251
5001,39.16427,-86.51774,252
5001,39.16427,-86.51784,253
5001,39.16426,-86.51828,254
5001,39.16426,-86.51875,255
5001,39.16426,-86.51913,256
5001,39.16426,-86.51921,257
5001,39.16426,-86.51932,258
5001,39.16426,-86.51955,259
5001,39.16426,-86.51968,260
5001,39.16426,-86.51969,261
5001,39.16426,-86.52008,262
5001,39.16425,-86.52069,263
5001,39.16425,-86.52106,264
5001,39.16425,-86.52112,265
5001,39.16425,-86.52162,266
5001,39.16425,-86.52191,267
5001,39.16425,-86.52205,268
5001,39.16426,-86.52228,269
5001,39.16426,-86.52262,270
5001,39.16426,-86.52268,271
5001,39.16426,-86.52279,272
5001,39.16426,-86.52302,273
5001,39.16426,-86.52328,274
5001,39.16426,-86.52333,275
5001,39.16426,-86.52346,276
5001,39.16426,-86.52355,277
5001,39.16426,-86.52365,278
5001,39.16426,-86.52387,279
5001,39.16427,-86.5242,280
5001,39.16427,-86.52497,281
5001,39.16428,-86.52531,282
5001,39.16428,-86.52555,283
5001,39.16428,-86.52587,284
5001,39.16428,-86.52606,285
5001,39.16428,-86.52614,286
5001,39.1643,-86.52668,287
5001,39.1643,-86.52682,288
5001,39.1643,-86.5269,289
5001,39.16446,-86.52689,290
5001,39.16471,-86.5269,291
5001,39.16499,-86.5269,292
5001,39.16554,-86.52691,293
5001,39.16561,-86.52691,294
5001,39.16605,-86.52691,295
5001,39.1663,-86.52692,296
5001,39.16655,-86.52693,297
5001,39.16655,-86.52711,298
5001,39.16655,-86.52743,299
5001,39.16655,-86.52745,300
5001,39.16654,-86.52782,301
5001,39.16655,-86.52824,302
5001,39.16655,-86.52917,303
5001,39.16655,-86.52934,304
5001,39.16656,-86.5298,305
5001,39.16656,-86.53044,306
5001,39.16657,-86.53109,307
5001,39.16657,-86.53171,308
5001,39.16657,-86.53201,309
5001,39.16657,-86.53234,310
5001,39.16608,-86.53235,311
5001,39.16574,-86.53235,312
5001,39.16558,-86.53236,313
5001,39.16508,-86.53236,314
5001,39.16495,-86.53236,315
5001,39.16459,-86.53237,316
5001,39.16422,-86.53237,317
5001,39.16422,-86.53362,318
5001,39.16453,-86.53363,319
5001,39.16452,-86.53303,320
5001,39.16459,-86.53262,321
5001,39.16459,-86.53237,322
5001,39.16459,-86.53193,323
5001,39.1646,-86.53179,324
5001,39.16459,-86.53152,325
5001,39.16459,-86.53118,326
5001,39.16459,-86.53109,327
5001,39.16555,-86.53109,328
5001,39.16609,-86.53109,329
5001,39.16653,-86.53108,330
5001,39.16659,-86.531,331
5001,39.16655,-86.52862,332
5001,39.16655,-86.52824,333
5001,39.16622,-86.52823,334
5001,39.16605,-86.52823,335
5001,39.16593,-86.52823,336
5001,39.16575,-86.52823,337
5001,39.16564,-86.52823,338
5001,39.16556,-86.52823,339
5001,39.16519,-86.52822,340
5001,39.16498,-86.52822,341
5001,39.16473,-86.52821,342
5001,39.16442,-86.52822,343
5001,39.16429,-86.52821,344
5001,39.16411,-86.5282,345
5001,39.16406,-86.5282,346
5001,39.16372,-86.52819,347
5001,39.16356,-86.52816,348
5001,39.16346,-86.52813,349
5001,39.1634,-86.52809,350
5001,39.16333,-86.52803,351
5001,39.16328,-86.52796,352
5001,39.16325,-86.5279,353
5001,39.16325,-86.52789,354
5001,39.16323,-86.52784,355
5001,39.1632,-86.52775,356
5001,39.16318,-86.52765,357
5001,39.16317,-86.5276,358
5001,39.16316,-86.52755,359
5001,39.16315,-86.52744,360
5001,39.16315,-86.52734,361
5001,39.16315,-86.52725,362
5001,39.16314,-86.52675,363
5001,39.16314,-86.52657,364
5001,39.16314,-86.52588,365
5001,39.16314,-86.52532,366
5001,39.16313,-86.52402,367
5001,39.16312,-86.5239,368
5001,39.16312,-86.52372,369
5001,39.16312,-86.52263,370
5001,39.16311,-86.52176,371
5001,39.16311,-86.52106,372
5001,39.1631,-86.52019,373
5001,39.16309,-86.51991,374
5001,39.16309,-86.51912,375
5001,39.16309,-86.51897,376
5001,39.16308,-86.51858,377
5001,39.16308,-86.51852,378
5001,39.16308,-86.51794,379
5001,39.16307,-86.51772,380
5001,39.16307,-86.51726,381
5001,39.16307,-86.51718,382
5001,39.16307,-86.51699,383
5001,39.16306,-86.5164,384
5001,39.16263,-86.5164,385
5001,39.16218,-86.51639,386
5001,39.16144,-86.51638,387
5001,39.16106,-86.51639,388
5001,39.16052,-86.51637,389
5001,39.16016,-86.51636,390
5001,39.15963,-86.51637,391
5001,39.15927,-86.51637,392
5001,39.15924,-86.51613,393
5001,39.15923,-86.51611,394
5001,39.15919,-86.51596,395
5001,39.15913,-86.5158,396
5001,39.15889,-86.5153,397
5001,39.15857,-86.51502,398
5001,39.15831,-86.51484,399
5001,39.15801,-86.51468,400
5001,39.15781,-86.51457,401
5001,39.15781,-86.51421,402
5001,39.1578,-86.51375,403
5001,39.1578,-86.51305,404
5001,39.1578,-86.51282,405
5001,39.1578,-86.51264,406
5001,39.15778,-86.51176,407
5001,39.1578,-86.51096,408
5001,39.15778,-86.5103,409
5001,39.15778,-86.50971,410
5001,39.15778,-86.50925,411
5001,39.15779,-86.50846,412
5001,39.15707,-86.50845,413
5001,39.15664,-86.50845,414
5001,39.15567,-86.50845,415
5001,39.15549,-86.50845,416
5001,39.15477,-86.50845,417
5001,39.15419,-86.50844,418
5001,39.15383,-86.50844,419
5001,39.15363,-86.50843,420
5001,39.15327,-86.50844,421
5001,39.15312,-86.50844,422
5001,39.15309,-86.50844,423
5001,39.15261,-86.50844,424
5001,39.15225,-86.50844,425
5001,39.15189,-86.50843,426
5001,39.15135,-86.50843,427
5001,39.15107,-86.50843,428
5001,39.15091,-86.50843,429
5001,39.15086,-86.50843,430
5001,39.15047,-86.50842,431
5001,39.15029,-86.50842,432
5001,39.15002,-86.50841,433
5001,39.14976,-86.50841,434
5001,39.1494,-86.5084,435
5001,39.14904,-86.50839,436
5001,39.14868,-86.50838,437
5001,39.1485,-86.50838,438
5001,39.14768,-86.50836,439
5001,39.1476,-86.50836,440
5001,39.1473,-86.50835,441
5001,39.14643,-86.50833,442
5001,39.14613,-86.50833,443
5001,39.14559,-86.50832,444
5001,39.14541,-86.50832,445
5001,39.14505,-86.50832,446
5001,39.14451,-86.50831,447
5001,39.14415,-86.50831,448
5001,39.14408,-86.5083,449
5001,39.14372,-86.5083,450
5001,39.14354,-86.50829,451
5001,39.143,-86.50828,452
5001,39.14281,-86.50828,453
5001,39.14245,-86.50827,454
5001,39.14227,-86.50827,455
5001,39.14209,-86.50826,456
5001,39.14191,-86.50826,457
5001,39.14177,-86.50826,458
5001,39.14155,-86.50826,459
5001,39.14137,-86.50825,460
5001,39.1412,-86.50825,461
5001,39.14119,-86.50825,462
5001,39.14105,-86.50825,463
5001,39.14101,-86.50825,464
5001,39.14011,-86.50822,465
5001,39.13972,-86.50822,466
5001,39.13946,-86.50821,467
5001,39.13941,-86.50821,468
5001,39.1389,-86.50819,469
5001,39.13815,-86.50817,470
5001,39.13784,-86.50816,471
5001,39.1373,-86.50815,472
5001,39.13707,-86.50815,473
5001,39.13693,-86.50814,474
5001,39.13681,-86.50814,475
5001,39.1367,-86.50819,476
5001,39.13664,-86.50822,477
5001,39.1365,-86.50828,478
5001,39.13647,-86.50829,479
5001,39.13646,-86.50831,480
5001,39.13645,-86.50832,481
5001,39.13645,-86.50834,482
5001,39.13644,-86.50835,483
5001,39.13643,-86.50836,484
5001,39.13642,-86.50838,485
5001,39.1364,-86.50839,486
5001,39.13639,-86.5084,487
5001,39.13638,-86.50841,488
5001,39.13637,-86.50841,489
5001,39.13635,-86.50842,490
5001,39.13633,-86.50842,491
5001,39.13632,-86.50843,492
5001,39.1363,-86.50843,493
5001,39.13629,-86.50843,494
5001,39.13628,-86.50842,495
5001,39.13626,-86.50842,496
5001,39.13625,-86.50842,497
5001,39.13624,-86.50841,498
5001,39.13622,-86.5084,499
5001,39.13621,-86.50839,500
5001,39.13619,-86.50837,501
5001,39.13618,-86.50836,502
5001,39.13617,-86.50835,503
5001,39.13616,-86.50834,504
5001,39.13616,-86.50833,505
5001,39.13615,-86.50832,506
5001,39.13615,-86.50831,507
5001,39.13614,-86.5083,508
5001,39.13614,-86.50827,509
5001,39.13613,-86.50826,510
5001,39.13613,-86.50824,511
5001,39.13613,-86.50822,512
5001,39.13613,-86.5082,513
5001,39.13613,-86.50818,514
5001,39.13613,-86.50816,515
5001,39.13613,-86.50815,516
5001,39.13613,-86.50813,517
5001,39.13614,-86.50811,518
5001,39.13614,-86.50809,519
5001,39.13616,-86.50807,520
5001,39.13616,-86.50805,521
5001,39.13617,-86.50804,522
5001,39.13618,-86.50803,523
5001,39.13619,-86.50801,524
5001,39.13621,-86.508,525
5001,39.13622,-86.50799,526
5001,39.13623,-86.50799,527
5001,39.13624,-86.50798,528
5001,39.13626,-86.50797,529
5001,39.13629,-86.5079,530
5001,39.13633,-86.5078,531
5001,39.13634,-86.50778,532
5001,39.13637,-86.50771,533
5001,39.13638,-86.50767,534
5001,39.13641,-86.50751,535
5001,39.13643,-86.50743,536
5001,39.13644,-86.50738,537
5001,39.13646,-86.50728,538
5001,39.13644,-86.50702,539
5001,39.13641,-86.50669,540
5001,39.13641,-86.50668,541
5001,39.13638,-86.50645,542
5001,39.13636,-86.50623,543
5001,39.13632,-86.50602,544
5001,39.13631,-86.506,545
5001,39.13629,-86.50588,546
5001,39.13626,-86.5057,547
5001,39.13626,-86.50569,548
5001,39.13622,-86.50547,549
5001,39.1362,-86.50537,550
5001,39.13619,-86.50534,551
5001,39.13617,-86.50524,552
5001,39.13614,-86.5051,553
5001,39.13613,-86.50502,554
5001,39.13608,-86.50479,555
5001,39.13608,-86.50476,556
5001,39.13604,-86.50457,557
5001,39.13602,-86.50444,558
5001,39.13601,-86.50434,559
5001,39.136,-86.50424,560
5001,39.13598,-86.50409,561
5001,39.13597,-86.50389,562
5001,39.13597,-86.50371,563
5001,39.13597,-86.50364,564
5001,39.13597,-86.50342,565
5001,39.13598,-86.50317,566
5001,39.13598,-86.50301,567
5001,39.13598,-86.50246,568
5001,39.13599,-86.5013,569
5001,39.13598,-86.5009,570
5001,39.13598,-86.50044,571
5001,39.13598,-86.50036,572
5001,39.13597,-86.4997,573
5001,39.13597,-86.49945,574
5001,39.13597,-86.49892,575
5001,39.13596,-86.49877,576
5001,39.13596,-86.49836,577
5001,39.13596,-86.49828,578
5001,39.13594,-86.49792,579
5001,39.13594,-86.49791,580
5001,39.13593,-86.49762,581
5001,39.13592,-86.49733,582
5001,39.13577,-86.49677,583
5001,39.1356,-86.49666,584
5001,39.13539,-86.49663,585
5001,39.13515,-86.49664,586
5001,39.1347,-86.49684,587
5001,39.13301,-86.49866,588
5001,39.13225,-86.49989,589
5001,39.1322,-86.50006,590
5001,39.13182,-86.50062,591
5001,39.13125,-86.50141,592
5001,39.13074,-86.50191,593
5001,39.13053,-86.50212,594
5001,39.12984,-86.50262,595
5001,39.12909,-86.50305,596
5001,39.12839,-86.50334,597
5001,39.12781,-86.50362,598
5001,39.12749,-86.50375,599
5001,39.12673,-86.50424,600
5001,39.12654,-86.50436,601
5001,39.12561,-86.50541,602
5001,39.12494,-86.50652,603
5001,39.12333,-86.50953,604
5001,39.12315,-86.5099,605
5001,39.1234,-86.51012,606
5001,39.1235,-86.50983,607
5002,39.1235,-86.5098,0
5002,39.12335,-86.51007,1
5002,39.12312,-86.50991,2
5002,39.12379,-86.50856,3
5002,39.12395,-86.50824,4
5002,39.12598,-86.50492,5
5002,39.12599,-86.50491,6
5002,39.12617,-86.50471,7
5002,39.12619,-86.50468,8
5002,39.12642,-86.50444,9
5002,39.12648,-86.50438,10
5002,39.12656,-86.50424,11
5002,39.12689,-86.50401,12
5002,39.127,-86.50393,13
5002,39.12712,-86.50385,14
5002,39.12734,-86.50372,15
5002,39.12745,-86.50365,16
5002,39.12771,-86.50352,17
5002,39.12791,-86.50344,18
5002,39.12794,-86.50342,19
5002,39.12817,-86.50332,20
5002,39.12869,-86.5031,21
5002,39.12891,-86.503,22
5002,39.12913,-86.50291,23
5002,39.12929,-86.50283,24
5002,39.12943,-86.50276,25
5002,39.12964,-86.50264,26
5002,39.12979,-86.50254,27
5002,39.13001,-86.5024,28
5002,39.13023,-86.50224,29
5002,39.13037,-86.50213,30
5002,39.13043,-86.50208,31
5002,39.13074,-86.50181,32
5002,39.13095,-86.50159,33
5002,39.13107,-86.50146,34
5002,39.13123,-86.50128,35
5002,39.13134,-86.50115,36
5002,39.13146,-86.50099,37
5002,39.13157,-86.50083,38
5002,39.13167,-86.50069,39
5002,39.13169,-86.50066,40
5002,39.13174,-86.50059,41
5002,39.13178,-86.50053,42
5002,39.13186,-86.50041,43
5002,39.13201,-86.50018,44
5002,39.13214,-86.49999,45
5002,39.13221,-86.49988,46
5002,39.13225,-86.49986,47
5002,39.13247,-86.49953,48
5002,39.13257,-86.49937,49
5002,39.13299,-86.49872,50
5002,39.13312,-86.49852,51
5002,39.13326,-86.49832,52
5002,39.13335,-86.49821,53
5002,39.13347,-86.49806,54
5002,39.13348,-86.49804,55
5002,39.134,-86.49748,56
5002,39.13522,-86.49654,57
5002,39.13525,-86.49653,58
5002,39.13535,-86.49651,59
5002,39.13548,-86.49648,60
5002,39.13552,-86.49646,61
5002,39.13563,-86.49642,62
5002,39.13564,-86.49641,63
5002,39.13564,-86.49639,64
5002,39.13565,-86.49638,65
5002,39.13566,-86.49636,66
5002,39.13567,-86.49635,67
5002,39.13567,-86.49634,68
5002,39.13569,-86.49632,69
5002,39.13571,-86.49629,70
5002,39.13572,-86.49624,71
5002,39.13591,-86.49632,72
5002,39.13595,-86.49651,73
5002,39.13594,-86.49685,74
5002,39.13594,-86.49743,75
5002,39.13596,-86.49878,76
5002,39.13597,-86.49892,77
5002,39.13597,-86.49945,78
5002,39.13597,-86.4997,79
5002,39.13598,-86.50036,80
5002,39.13598,-86.5009,81
5002,39.13599,-86.5013,82
5002,39.13598,-86.50246,83
5002,39.13598,-86.50317,84
5002,39.13597,-86.50342,85
5002,39.13597,-86.50364,86
5002,39.13597,-86.50371,87
5002,39.13597,-86.50382,88
5002,39.13597,-86.50389,89
5002,39.13598,-86.50409,90
5002,39.136,-86.50424,91
5002,39.13601,-86.50434,92
5002,39.13602,-86.50444,93
5002,39.13604,-86.50457,94
5002,39.13608,-86.50476,95
5002,39.13608,-86.50479,96
5002,39.13613,-86.50502,97
5002,39.13614,-86.5051,98
5002,39.13617,-86.50524,99
5002,39.13619,-86.50534,100
5002,39.13622,-86.50547,101
5002,39.13626,-86.50569,102
5002,39.13626,-86.5057,103
5002,39.13629,-86.50588,104
5002,39.13631,-86.506,105
5002,39.13632,-86.50602,106
5002,39.13636,-86.50623,107
5002,39.13638,-86.50645,108
5002,39.13641,-86.50668,109
5002,39.13641,-86.50669,110
5002,39.13644,-86.50702,111
5002,39.13646,-86.50728,112
5002,39.13647,-86.50742,113
5002,39.13647,-86.50751,114
5002,39.13647,-86.50759,115
5002,39.13645,-86.50769,116
5002,39.13644,-86.50774,117
5002,39.13642,-86.50786,118
5002,39.13641,-86.50801,119
5002,39.13642,-86.50802,120
5002,39.13643,-86.50803,121
5002,39.13643,-86.50804,122
5002,39.13644,-86.50805,123
5002,39.13645,-86.50806,124
5002,39.13646,-86.50807,125
5002,39.13646,-86.50809,126
5002,39.13647,-86.5081,127
5002,39.13665,-86.50811,128
5002,39.13669,-86.50811,129
5002,39.13681,-86.50814,130
5002,39.13688,-86.50814,131
5002,39.13693,-86.50814,132
5002,39.13707,-86.50815,133
5002,39.1373,-86.50815,134
5002,39.13761,-86.50816,135
5002,39.13784,-86.50816,136
5002,39.1379,-86.50817,137
5002,39.13815,-86.50817,138
5002,39.1389,-86.50819,139
5002,39.13941,-86.50821,140
5002,39.13946,-86.50821,141
5002,39.13972,-86.50822,142
5002,39.14011,-86.50822,143
5002,39.14055,-86.50823,144
5002,39.14101,-86.50825,145
5002,39.14105,-86.50825,146
5002,39.14119,-86.50825,147
5002,39.1412,-86.50825,148
5002,39.14137,-86.50825,149
5002,39.14155,-86.50826,150
5002,39.14177,-86.50826,151
5002,39.14191,-86.50826,152
5002,39.14209,-86.50826,153
5002,39.14227,-86.50827,154
5002,39.14245,-86.50827,155
5002,39.14281,-86.50828,156
5002,39.143,-86.50828,157
5002,39.14354,-86.50829,158
5002,39.14361,-86.50829,159
5002,39.14372,-86.5083,160
5002,39.14408,-86.5083,161
5002,39.14415,-86.50831,162
5002,39.14451,-86.50831,163
5002,39.14505,-86.50832,164
5002,39.14541,-86.50832,165
5002,39.14559,-86.50832,166
5002,39.14613,-86.50833,167
5002,39.14614,-86.50833,168
5002,39.14643,-86.50833,169
5002,39.14679,-86.50834,170
5002,39.1473,-86.50835,171
5002,39.1476,-86.50836,172
5002,39.14768,-86.50836,173
5002,39.1485,-86.50838,174
5002,39.14868,-86.50838,175
5002,39.14904,-86.50839,176
5002,39.1494,-86.5084,177
5002,39.14976,-86.50841,178
5002,39.15002,-86.50841,179
5002,39.15025,-86.50842,180
5002,39.15029,-86.50842,181
5002,39.15047,-86.50842,182
5002,39.15086,-86.50843,183
5002,39.15091,-86.50843,184
5002,39.15107,-86.50843,185
5002,39.15135,-86.50843,186
5002,39.15189,-86.50843,187
5002,39.15225,-86.50844,188
5002,39.1525,-86.50844,189
5002,39.15261,-86.50844,190
5002,39.15309,-86.50844,191
5002,39.15327,-86.50844,192
5002,39.15363,-86.50843,193
5002,39.15383,-86.50844,194
5002,39.15419,-86.50844,195
5002,39.15477,-86.50845,196
5002,39.15549,-86.50845,197
5002,39.15664,-86.50845,198
5002,39.15707,-86.50845,199
5002,39.15736,-86.50845,200
5002,39.15744,-86.50845,201
5002,39.15779,-86.50846,202
5002,39.15778,-86.50874,203
5002,39.15778,-86.50925,204
5002,39.15778,-86.50971,205
5002,39.15778,-86.51004,206
5002,39.15778,-86.5103,207
5002,39.1578,-86.51096,208
5002,39.15779,-86.51143,209
5002,39.15779,-86.5115,210
5002,39.15778,-86.51176,211
5002,39.1578,-86.51264,212
5002,39.1578,-86.51282,213
5002,39.1578,-86.51305,214
5002,39.1578,-86.5131,215
5002,39.1578,-86.51375,216
5002,39.1578,-86.51394,217
5002,39.15781,-86.51421,218
5002,39.15781,-86.51455,219
5002,39.15781,-86.51457,220
5002,39.15801,-86.51468,221
5002,39.15818,-86.51477,222
5002,39.15831,-86.51484,223
5002,39.15833,-86.51486,224
5002,39.15857,-86.51502,225
5002,39.15889,-86.5153,226
5002,39.15913,-86.5158,227
5002,39.15919,-86.51596,228
5002,39.15924,-86.51613,229
5002,39.15927,-86.51637,230
5002,39.15949,-86.51637,231
5002,39.15963,-86.51637,232
5002,39.16016,-86.51636,233
5002,39.16052,-86.51637,234
5002,39.16106,-86.51639,235
5002,39.16144,-86.51638,236
5002,39.16192,-86.51639,237
5002,39.16218,-86.51639,238
5002,39.16263,-86.5164,239
5002,39.1627,-86.5164,240
5002,39.16306,-86.5164,241
5002,39.16366,-86.5164,242
5002,39.16376,-86.5164,243
5002,39.16399,-86.5164,244
5002,39.1642,-86.5164,245
5002,39.16426,-86.5164,246
5002,39.16427,-86.51666,247
5002,39.16427,-86.51702,248
5002,39.16427,-86.51714,249
5002,39.16427,-86.51718,250
5002,39.16427,-86.51739,251
5002,39.16427,-86.51774,252
5002,39.16427,-86.51784,253
5002,39.16426,-86.51828,254
5002,39.16426,-86.51875,255
5002,39.16426,-86.51913,256
5002,39.16426,-86.51921,257
5002,39.16426,-86.51932,258
5002,39.16426,-86.51955,259
5002,39.16426,-86.51968,260
5002,39.16426,-86.51969,261
5002,39.16426,-86.52008,262
5002,39.16425,-86.52069,263
5002,39.16425,-86.52106,264
5002,39.16425,-86.52112,265
5002,39.16425,-86.52162,266
5002,39.16425,-86.52191,267
5002,39.16425,-86.52205,268
5002,39.16426,-86.52228,269
5002,39.16426,-86.52262,270
5002,39.16426,-86.52268,271
5002,39.16426,-86.52279,272
5002,39.16426,-86.52302,273
5002,39.16426,-86.52328,274
5002,39.16426,-86.52333,275
5002,39.16426,-86.52346,276
5002,39.16426,-86.52355,277
5002,39.16426,-86.52365,278
5002,39.16426,-86.52387,279
5002,39.16427,-86.5242,280
5002,39.16427,-86.52497,281
5002,39.16428,-86.52531,282
5002,39.16428,-86.52555,283
5002,39.16428,-86.52587,284
5002,39.16428,-86.52606,285
5002,39.16428,-86.52614,286
5002,39.1643,-86.52668,287
5002,39.1643,-86.52682,288
5002,39.1643,-86.5269,289
5002,39.16446,-86.52689,290
5002,39.16471,-86.5269,291
5002,39.16499,-86.5269,292
5002,39.16554,-86.52691,293
5002,39.16561,-86.52691,294
5002,39.16605,-86.52691,295
5002,39.1663,-86.52692,296
5002,39.16655,-86.52693,297
5002,39.16655,-86.52711,298
5002,39.16655,-86.52743,299
5002,39.16655,-86.52745,300
5002,39.16654,-86.52782,301
5002,39.16655,-86.52824,302
5002,39.16655,-86.52917,303
5002,39.16655,-86.52934,304
5002,39.16656,-86.5298,305
5002,39.16656,-86.53044,306
5002,39.16657,-86.53109,307
5002,39.16657,-86.53171,308
5002,39.16657,-86.53201,309
5002,39.16657,-86.53234,310
5002,39.16608,-86.53235,311
5002,39.16574,-86.53235,312
5002,39.16558,-86.53236,313
5002,39.16508,-86.53236,314
5002,39.16495,-86.53236,315
5002,39.16459,-86.53237,316
5002,39.16422,-86.53237,317
5002,39.16422,-86.53362,318
5002,39.16453,-86.53363,319
5002,39.16452,-86.53303,320
5002,39.16459,-86.53262,321
5002,39.16459,-86.53237,322
5002,39.16459,-86.53193,323
5002,39.1646,-86.53179,324
5002,39.16459,-86.53152,325
5002,39.16459,-86.53118,326
5002,39.16459,-86.53109,327
5002,39.16555,-86.53109,328
5002,39.16609,-86.53109,329
5002,39.16653,-86.53108,330
5002,39.16659,-86.531,331
5002,39.16655,-86.52862,332
5002,39.16655,-86.52824,333
5002,39.16622,-86.52823,334
5002,39.16605,-86.52823,335
5002,39.16593,-86.52823,336
5002,39.16575,-86.52823,337
5002,39.16564,-86.52823,338
5002,39.16556,-86.52823,339
5002,39.16519,-86.52822,340
5002,39.16498,-86.52822,341
5002,39.16473,-86.52821,342
5002,39.16442,-86.52822,343
5002,39.16429,-86.52821,344
5002,39.16411,-86.5282,345
5002,39.16406,-86.5282,346
5002,39.16372,-86.52819,347
5002,39.16356,-86.52816,348
5002,39.16346,-86.52813,349
5002,39.1634,-86.52809,350
5002,39.16333,-86.52803,351
5002,39.16328,-86.52796,352
5002,39.16325,-86.5279,353
5002,39.16325,-86.52789,354
5002,39.16323,-86.52784,355
5002,39.1632,-86.52775,356
5002,39.16318,-86.52765,357
5002,39.16317,-86.5276,358
5002,39.16316,-86.52755,359
5002,39.16315,-86.52744,360
5002,39.16315,-86.52734,361
5002,39.16315,-86.52725,362
5002,39.16314,-86.52675,363
5002,39.16314,-86.52657,364
5002,39.16314,-86.52588,365
5002,39.16314,-86.52532,366
5002,39.16313,-86.52402,367
5002,39.16312,-86.5239,368
5002,39.16312,-86.52372,369
5002,39.16312,-86.52263,370
5002,39.16311,-86.52176,371
5002,39.16311,-86.52106,372
5002,39.1631,-86.52019,373
5002,39.16309,-86.51991,374
5002,39.16309,-86.51912,375
5002,39.16309,-86.51897,376
5002,39.16308,-86.51858,377
5002,39.16308,-86.51852,378
5002,39.16308,-86.51794,379
5002,39.16307,-86.51772,380
5002,39.16307,-86.51726,381
5002,39.16307,-86.51718,382
5002,39.16307,-86.51699,383
5002,39.16306,-86.5164,384
5002,39.16263,-86.5164,385
5002,39.16218,-86.51639,386
5002,39.16144,-86.51638,387
5002,39.16106,-86.51639,388
5002,39.16052,-86.51637,389
5002,39.16016,-86.51636,390
5002,39.15963,-86.51637,391
5002,39.15927,-86.51637,392
5002,39.15924,-86.51613,393
5002,39.15923,-86.51611,394
5002,39.15919,-86.51596,395
5002,39.15913,-86.5158,396
5002,39.15889,-86.5153,397
5002,39.15857,-86.51502,398
5002,39.15831,-86.51484,399
5002,39.15801,-86.51468,400
5002,39.15781,-86.51457,401
5002,39.15781,-86.51421,402
5002,39.1578,-86.51375,403
5002,39.1578,-86.51305,404
5002,39.1578,-86.51282,405
5002,39.1578,-86.51264,406
5002,39.15778,-86.51176,407
5002,39.1578,-86.51096,408
5002,39.15778,-86.5103,409
5002,39.15778,-86.50971,410
5002,39.15778,-86.50925,411
5002,39.15779,-86.50846,412
5002,39.15707,-86.50845,413
5002,39.15664,-86.50845,414
5002,39.15567,-86.50845,415
5002,39.15549,-86.50845,416
5002,39.15477,-86.50845,417
5002,39.15419,-86.50844,418
5002,39.15383,-86.50844,419
5002,39.15363,-86.50843,420
5002,39.15327,-86.50844,421
5002,39.15312,-86.50844,422
5002,39.15309,-86.50844,423
5002,39.15261,-86.50844,424
5002,39.15225,-86.50844,425
5002,39.15189,-86.50843,426
5002,39.15135,-86.50843,427
5002,39.15107,-86.50843,428
5002,39.15091,-86.50843,429
5002,39.15086,-86.50843,430
5002,39.15047,-86.50842,431
5002,39.15029,-86.50842,432
5002,39.15002,-86.50841,433
5002,39.14976,-86.50841,434
5002,39.1494,-86.5084,435
5002,39.14904,-86.50839,436
5002,39.14868,-86.50838,437
5002,39.1485,-86.50838,438
5002,39.14768,-86.50836,439
5002,39.1476,-86.50836,440
5002,39.1473,-86.50835,441
5002,39.14643,-86.50833,442
5002,39.14613,-86.50833,443
5002,39.14559,-86.50832,444
5002,39.14541,-86.50832,445
5002,39.14505,-86.50832,446
5002,39.14451,-86.50831,447
5002,39.14415,-86.50831,448
5002,39.14408,-86.5083,449
5002,39.14372,-86.5083,450
5002,39.14354,-86.50829,451
5002,39.143,-86.50828,452
5002,39.14281,-86.50828,453
5002,39.14245,-86.50827,454
5002,39.14227,-86.50827,455
5002,39.14209,-86.50826,456
5002,39.14191,-86.50826,457
5002,39.14177,-86.50826,458
5002,39.14155,-86.50826,459
5002,39.14137,-86.50825,460
5002,39.1412,-86.50825,461
5002,39.14119,-86.50825,462
5002,39.14105,-86.50825,463
5002,39.14101,-86.50825,464
5002,39.14011,-86.50822,465
5002,39.13972,-86.50822,466
5002,39.13946,-86.50821,467
5002,39.13941,-86.50821,468
5002,39.1389,-86.50819,469
5002,39.13815,-86.50817,470
5002,39.13784,-86.50816,471
5002,39.1373,-86.50815,472
5002,39.13707,-86.50815,473
5002,39.13693,-86.50814,474
5002,39.13681,-86.50814,475
5002,39.1367,-86.50819,476
5002,39.13664,-86.50822,477
5002,39.1365,-86.50828,478
5002,39.13647,-86.50829,479
5002,39.13646,-86.50831,480
5002,39.13645,-86.50832,481
5002,39.13645,-86.50834,482
5002,39.13644,-86.50835,483
5002,39.13643,-86.50836,484
5002,39.13642,-86.50838,485
5002,39.1364,-86.50839,486
5002,39.13639,-86.5084,487
5002,39.13638,-86.50841,488
5002,39.13637,-86.50841,489
5002,39.13635,-86.50842,490
5002,39.13633,-86.50842,491
5002,39.13632,-86.50843,492
5002,39.1363,-86.50843,493
5002,39.13629,-86.50843,494
5002,39.13628,-86.50842,495
5002,39.13626,-86.50842,496
5002,39.13625,-86.50842,497
5002,39.13624,-86.50841,498
5002,39.13622,-86.5084,499
5002,39.13621,-86.50839,500
5002,39.13619,-86.50837,501
5002,39.13618,-86.50836,502
5002,39.13617,-86.50835,503
5002,39.13616,-86.50834,504
5002,39.13616,-86.50833,505
5002,39.13615,-86.50832,506
5002,39.13615,-86.50831,507
5002,39.13614,-86.5083,508
5002,39.13614,-86.50827,509
5002,39.13613,-86.50826,510
5002,39.13613,-86.50824,511
5002,39.13613,-86.50822,512
5002,39.13613,-86.5082,513
5002,39.13613,-86.50818,514
5002,39.13613,-86.50816,515
5002,39.13613,-86.50815,516
5002,39.13613,-86.50813,517
5002,39.13614,-86.50811,518
5002,39.13614,-86.50809,519
5002,39.13616,-86.50807,520
5002,39.13616,-86.50805,521
5002,39.13617,-86.50804,522
5002,39.13618,-86.50803,523
5002,39.13619,-86.50801,524
5002,39.13621,-86.508,525
5002,39.13622,-86.50799,526
5002,39.13623,-86.50799,527
5002,39.13624,-86.50798,528
5002,39.13626,-86.50797,529
5002,39.13629,-86.5079,530
5002,39.13633,-86.5078,531
5002,39.13634,-86.50778,532
5002,39.13637,-86.50771,533
5002,39.13638,-86.50767,534
5002,39.13641,-86.50751,535
5002,39.13643,-86.50743,536
5002,39.13644,-86.50738,537
5002,39.13646,-86.50728,538
5002,39.13644,-86.50702,539
5002,39.13641,-86.50669,540
5002,39.13641,-86.50668,541
5002,39.13638,-86.50645,542
5002,39.13636,-86.50623,543
5002,39.13632,-86.50602,544
5002,39.13631,-86.506,545
5002,39.13629,-86.50588,546
5002,39.13626,-86.5057,547
5002,39.13626,-86.50569,548
5002,39.13622,-86.50547,549
5002,39.1362,-86.50537,550
5002,39.13619,-86.50534,551
5002,39.13617,-86.50524,552
5002,39.13614,-86.5051,553
5002,39.13613,-86.50502,554
5002,39.13608,-86.50479,555
5002,39.13608,-86.50476,556
5002,39.13604,-86.50457,557
5002,39.13602,-86.50444,558
5002,39.13601,-86.50434,559
5002,39.136,-86.50424,560
5002,39.13598,-86.50409,561
5002,39.13597,-86.50389,562
5002,39.13597,-86.50371,563
5002,39.13597,-86.50364,564
5002,39.13597,-86.50342,565
5002,39.13598,-86.50317,566
5002,39.13598,-86.50301,567
5002,39.13598,-86.50246,568
5002,39.13599,-86.5013,569
5002,39.13598,-86.5009,570
5002,39.13598,-86.50044,571
5002,39.13598,-86.50036,572
5002,39.13597,-86.4997,573
5002,39.13597,-86.49945,574
5002,39.13597,-86.49892,575
5002,39.13596,-86.49877,576
5002,39.13596,-86.49836,577
5002,39.13596,-86.49828,578
5002,39.13594,-86.49792,579
5002,39.13594,-86.49791,580
5002,39.13593,-86.49762,581
5002,39.13592,-86.49733,582
5002,39.13577,-86.49677,583
5002,39.1356,-86.49666,584
5002,39.13539,-86.49663,585
5002,39.13515,-86.49664,586
5002,39.1347,-86.49684,587
5002,39.13301,-86.49866,588
5002,39.13225,-86.49989,589
5002,39.1322,-86.50006,590
5002,39.13182,-86.50062,591
5002,39.13125,-86.50141,592
5002,39.13074,-86.50191,593
5002,39.13053,-86.50212,594
5002,39.12984,-86.50262,595
5002,39.12909,-86.50305,596
5002,39.12839,-86.50334,597
5002,39.12781,-86.50362,598
5002,39.12749,-86.50375,599
5002,39.12673,-86.50424,600
5002,39.12654,-86.50436,601
5002,39.12561,-86.50541,602
5002,39.12494,-86.50652,603
5002,39.12333,-86.50953,604
5002,39.12315,-86.5099,605
5002,39.1234,-86.51012,606
5002,39.1235,-86.50983,607
3012,39.14235,-86.58187,0
3012,39.14243,-86.58181,1
3012,39.14306,-86.58099,2
3012,39.14309,-86.58096,3
3012,39.14319,-86.58083,4
3012,39.14325,-86.58075,5
3012,39.14334,-86.58062,6
3012,39.14336,-86.58059,7
3012,39.14341,-86.58052,8
3012,39.14348,-86.58042,9
3012,39.14356,-86.58029,10
3012,39.14375,-86.58001,11
3012,39.14382,-86.57989,12
3012,39.14389,-86.57978,13
3012,39.14401,-86.57956,14
3012,39.14416,-86.57929,15
3012,39.14436,-86.57891,16
3012,39.14442,-86.5788,17
3012,39.14453,-86.57858,18
3012,39.14459,-86.57847,19
3012,39.14476,-86.57814,20
3012,39.14498,-86.57773,21
3012,39.14507,-86.57782,22
3012,39.14515,-86.57789,23
3012,39.14526,-86.57799,24
3012,39.14536,-86.57807,25
3012,39.14542,-86.5781,26
3012,39.14543,-86.57811,27
3012,39.1455,-86.57814,28
3012,39.14556,-86.57816,29
3012,39.14557,-86.57816,30
3012,39.14562,-86.57817,31
3012,39.14568,-86.57817,32
3012,39.14573,-86.57817,33
3012,39.14579,-86.57816,34
3012,39.14585,-86.57814,35
3012,39.14591,-86.57812,36
3012,39.14596,-86.57809,37
3012,39.14602,-86.57806,38
3012,39.14606,-86.57802,39
3012,39.14611,-86.57798,40
3012,39.14614,-86.57794,41
3012,39.14617,-86.5779,42
3012,39.14618,-86.57789,43
3012,39.14621,-86.57784,44
3012,39.14626,-86.57776,45
3012,39.14631,-86.57765,46
3012,39.14637,-86.57754,47
3012,39.14642,-86.57745,48
3012,39.14646,-86.57738,49
3012,39.14651,-86.57732,50
3012,39.14655,-86.57728,51
3012,39.14658,-86.57725,52
3012,39.14661,-86.57723,53
3012,39.14665,-86.5772,54
3012,39.14669,-86.57718,55
3012,39.14673,-86.57715,56
3012,39.14679,-86.57713,57
3012,39.14684,-86.57711,58
3012,39.14689,-86.5771,59
3012,39.14693,-86.57709,60
3012,39.14698,-86.57709,61
3012,39.147,-86.57709,62
3012,39.14727,-86.57709,63
3012,39.14748,-86.5771,64
3012,39.14764,-86.5771,65
3012,39.14787,-86.57711,66
3012,39.14804,-86.57711,67
3012,39.14818,-86.5771,68
3012,39.14828,-86.5771,69
3012,39.1484,-86.57709,70
3012,39.14847,-86.57708,71
3012,39.14849,-86.57708,72
3012,39.14852,-86.57708,73
3012,39.14856,-86.57707,74
3012,39.1486,-86.57707,75
3012,39.14868,-86.57705,76
3012,39.14927,-86.57693,77
3012,39.14941,-86.5769,78
3012,39.14947,-86.57689,79
3012,39.14956,-86.57688,80
3012,39.14969,-86.57687,81
3012,39.14979,-86.57687,82
3012,39.14991,-86.57686,83
3012,39.15006,-86.57686,84
3012,39.15032,-86.57686,85
3012,39.15039,-86.57686,86
3012,39.15059,-86.57686,87
3012,39.15084,-86.57686,88
3012,39.15096,-86.57687,89
3012,39.15122,-86.57687,90
3012,39.15122,-86.57716,91
3012,39.15121,-86.57756,92
3012,39.15121,-86.5778,93
3012,39.15121,-86.57803,94
3012,39.15121,-86.57827,95
3012,39.15121,-86.57834,96
3012,39.15127,-86.57895,97
3012,39.15133,-86.57936,98
3012,39.15134,-86.5794,99
3012,39.15134,-86.57942,100
3012,39.15136,-86.57988,101
3012,39.15137,-86.58002,102
3012,39.15136,-86.58049,103
3012,39.15136,-86.58055,104
3012,39.15136,-86.58101,105
3012,39.15136,-86.58106,106
3012,39.15136,-86.58123,107
3012,39.15135,-86.58217,108
3012,39.15135,-86.58263,109
3012,39.15175,-86.58262,110
3012,39.15179,-86.58262,111
3012,39.1521,-86.58261,112
3012,39.15258,-86.5826,113
3012,39.15278,-86.58261,114
3012,39.15295,-86.58261,115
3012,39.15336,-86.5826,116
3012,39.15364,-86.5826,117
3012,39.15405,-86.58261,118
3012,39.15436,-86.58261,119
3012,39.15488,-86.58262,120
3012,39.15546,-86.58262,121
3012,39.15551,-86.58262,122
3012,39.15576,-86.58263,123
3012,39.15608,-86.58263,124
3012,39.15637,-86.58263,125
3012,39.15648,-86.58263,126
3012,39.15674,-86.58263,127
3012,39.15661,-86.58287,128
3012,39.15651,-86.58305,129
3012,39.15632,-86.58339,130
3012,39.15597,-86.58401,131
3012,39.15595,-86.58404,132
3012,39.15581,-86.58428,133
3012,39.15565,-86.58456,134
3012,39.15507,-86.58558,135
3012,39.15501,-86.58569,136
3012,39.15487,-86.58592,137
3012,39.15485,-86.58598,138
3012,39.15465,-86.58634,139
3012,39.15463,-86.58638,140
3012,39.15453,-86.58661,141
3012,39.15448,-86.58674,142
3012,39.15444,-86.58697,143
3012,39.15443,-86.58744,144
3012,39.15443,-86.58792,145
3012,39.15442,-86.58828,146
3012,39.15442,-86.58848,147
3012,39.15441,-86.58884,148
3012,39.15472,-86.58885,149
3012,39.15479,-86.58886,150
3012,39.1549,-86.58886,151
3012,39.15544,-86.58887,152
3012,39.15559,-86.58888,153
3012,39.15591,-86.58889,154
3012,39.15601,-86.58889,155
3012,39.15616,-86.58894,156
3012,39.15624,-86.58897,157
3012,39.15636,-86.58903,158
3012,39.15654,-86.58922,159
3012,39.15667,-86.58939,160
3012,39.15683,-86.58971,161
3012,39.15689,-86.59001,162
3012,39.1569,-86.59031,163
3012,39.1569,-86.59057,164
3012,39.15688,-86.59122,165
3012,39.15688,-86.59176,166
3012,39.15711,-86.59175,167
3012,39.15758,-86.59176,168
3012,39.15804,-86.59176,169
3012,39.15829,-86.59177,170
3012,39.15858,-86.59177,171
3012,39.1592,-86.59178,172
3012,39.15935,-86.59179,173
3012,39.16028,-86.5918,174
3012,39.16067,-86.59181,175
3012,39.16122,-86.59182,176
3012,39.16187,-86.59184,177
3012,39.16257,-86.59185,178
3012,39.1631,-86.59186,179
3012,39.16329,-86.59187,180
3012,39.16328,-86.59132,181
3012,39.16328,-86.59098,182
3012,39.16328,-86.59063,183
3012,39.16329,-86.59,184
3012,39.16329,-86.58953,185
3012,39.16329,-86.58941,186
3012,39.16329,-86.5893,187
3012,39.16329,-86.58896,188
3012,39.16329,-86.58851,189
3012,39.16329,-86.58842,190
3012,39.1633,-86.58792,191
3012,39.1633,-86.58757,192
3012,39.1633,-86.58727,193
3012,39.1633,-86.5869,194
3012,39.1633,-86.58644,195
3012,39.1633,-86.58622,196
3012,39.16331,-86.58586,197
3012,39.16352,-86.58587,198
3012,39.16359,-86.58587,199
3012,39.16377,-86.58587,200
3012,39.16392,-86.58587,201
3012,39.16393,-86.58587,202
3012,39.16411,-86.58587,203
3012,39.16415,-86.58587,204
3012,39.16426,-86.58587,205
3012,39.16436,-86.58587,206
3012,39.16467,-86.58587,207
3012,39.16467,-86.58507,208
3012,39.16466,-86.58475,209
3012,39.16466,-86.58418,210
3012,39.16466,-86.58368,211
3012,39.16466,-86.58347,212
3012,39.16466,-86.58323,213
3012,39.16466,-86.58296,214
3012,39.16466,-86.58252,215
3012,39.16466,-86.58228,216
3012,39.16466,-86.58213,217
3012,39.16465,-86.58171,218
3012,39.16465,-86.58145,219
3012,39.16465,-86.58133,220
3012,39.16465,-86.58106,221
3012,39.16465,-86.58094,222
3012,39.16463,-86.58054,223
3012,39.16462,-86.57999,224
3012,39.16461,-86.57974,225
3012,39.16461,-86.57966,226
3012,39.16461,-86.57949,227
3012,39.1646,-86.57913,228
3012,39.16427,-86.57914,229
3012,39.16419,-86.57914,230
3012,39.164,-86.57914,231
3012,39.16365,-86.57915,232
3012,39.16309,-86.57916,233
3012,39.16308,-86.57916,234
3012,39.16304,-86.57915,235
3012,39.16274,-86.57915,236
3012,39.16274,-86.57895,237
3012,39.16274,-86.57882,238
3012,39.16274,-86.57861,239
3012,39.16274,-86.57839,240
3012,39.16274,-86.57827,241
3012,39.16274,-86.57819,242
3012,39.16274,-86.57798,243
3012,39.16274,-86.57776,244
3012,39.16274,-86.57756,245
3012,39.16274,-86.57734,246
3012,39.16274,-86.57713,247
3012,39.16274,-86.57691,248
3012,39.16274,-86.5767,249
3012,39.16275,-86.57649,250
3012,39.16275,-86.5764,251
3012,39.16275,-86.57625,252
3012,39.16302,-86.57624,253
3012,39.16309,-86.57624,254
3012,39.16314,-86.57624,255
3012,39.16332,-86.57624,256
3012,39.16348,-86.57623,257
3012,39.16364,-86.57622,258
3012,39.16397,-86.57621,259
3012,39.16402,-86.57621,260
3012,39.16424,-86.57621,261
3012,39.16438,-86.5762,262
3012,39.16452,-86.5762,263
3012,39.16463,-86.5762,264
3012,39.16484,-86.57615,265
3012,39.1649,-86.57614,266
3012,39.16508,-86.57606,267
3012,39.16514,-86.57605,268
3012,39.16531,-86.576,269
3012,39.16563,-86.57599,270
3012,39.16598,-86.576,271
3012,39.16601,-86.576,272
3012,39.16614,-86.576,273
3012,39.16636,-86.57601,274
3012,39.16644,-86.57601,275
3012,39.16731,-86.57597,276
3012,39.16762,-86.576,277
3012,39.16773,-86.57608,278
3012,39.16807,-86.57631,279
3012,39.16823,-86.5764,280
3012,39.16834,-86.57642,281
3012,39.16859,-86.57642,282
3012,39.16879,-86.57642,283
3012,39.16941,-86.57641,284
3012,39.16946,-86.57641,285
3012,39.16973,-86.57641,286
3012,39.16975,-86.57641,287
3012,39.17013,-86.57642,288
3012,39.17035,-86.57643,289
3012,39.17046,-86.57643,290
3012,39.17071,-86.57643,291
3012,39.1709,-86.57642,292
3012,39.17109,-86.57642,293
3012,39.1712,-86.5764,294
3012,39.17126,-86.57637,295
3012,39.17132,-86.57634,296
3012,39.17133,-86.57634,297
3012,39.17138,-86.57629,298
3012,39.17141,-86.57627,299
3012,39.17147,-86.5762,300
3012,39.17151,-86.57615,301
3012,39.17153,-86.57609,302
3012,39.17156,-86.576,303
3012,39.17159,-86.57591,304
3012,39.17158,-86.5759,305
3012,39.17158,-86.57589,306
3012,39.17157,-86.57588,307
3012,39.17157,-86.57587,308
3012,39.17157,-86.57586,309
3012,39.17156,-86.57585,310
3012,39.17156,-86.57584,311
3012,39.17156,-86.57583,312
3012,39.17156,-86.57582,313
3012,39.17155,-86.57581,314
3012,39.17155,-86.57579,315
3012,39.17155,-86.57578,316
3012,39.17155,-86.57577,317
3012,39.17155,-86.57576,318
3012,39.17156,-86.57575,319
3012,39.17156,-86.57574,320
3012,39.17156,-86.57572,321
3012,39.17156,-86.57571,322
3012,39.17157,-86.57571,323
3012,39.17157,-86.5757,324
3012,39.17157,-86.57569,325
3012,39.17158,-86.57568,326
3012,39.17158,-86.57567,327
3012,39.17159,-86.57566,328
3012,39.1716,-86.57566,329
3012,39.1716,-86.57565,330
3012,39.17161,-86.57564,331
3012,39.17162,-86.57563,332
3012,39.17163,-86.57563,333
3012,39.17163,-86.57562,334
3012,39.17164,-86.57562,335
3012,39.17165,-86.57561,336
3012,39.17166,-86.57561,337
3012,39.17167,-86.57561,338
3012,39.17168,-86.5756,339
3012,39.17169,-86.5756,340
3012,39.1717,-86.5756,341
3012,39.17171,-86.5756,342
3012,39.17172,-86.57561,343
3012,39.17173,-86.57561,344
3012,39.17174,-86.57561,345
3012,39.17175,-86.57561,346
3012,39.17176,-86.57562,347
3012,39.17177,-86.57563,348
3012,39.17178,-86.57564,349
3012,39.17179,-86.57564,350
3012,39.17179,-86.57565,351
3012,39.1718,-86.57566,352
3012,39.17181,-86.57567,353
3012,39.17181,-86.57568,354
3012,39.17182,-86.57569,355
3012,39.17182,-86.5757,356
3012,39.17183,-86.57571,357
3012,39.17183,-86.57573,358
3012,39.17183,-86.57574,359
3012,39.17184,-86.57575,360
3012,39.17184,-86.57576,361
3012,39.17184,-86.57577,362
3012,39.17184,-86.57578,363
3012,39.17184,-86.5758,364
3012,39.17184,-86.57581,365
3012,39.17184,-86.57582,366
3012,39.17184,-86.57583,367
3012,39.17183,-86.57584,368
3012,39.17183,-86.57585,369
3012,39.17183,-86.57586,370
3012,39.17182,-86.57587,371
3012,39.17182,-86.57588,372
3012,39.17181,-86.57589,373
3012,39.17181,-86.5759,374
3012,39.1718,-86.57591,375
3012,39.1718,-86.57592,376
3012,39.17179,-86.57593,377
3012,39.17178,-86.57594,378
3012,39.17177,-86.57594,379
3012,39.17177,-86.57595,380
3012,39.17176,-86.57595,381
3012,39.17175,-86.57596,382
3012,39.1717,-86.57603,383
3012,39.17165,-86.57608,384
3012,39.17162,-86.57609,385
3012,39.17156,-86.57613,386
3012,39.17151,-86.57615,387
3012,39.17141,-86.57627,388
3012,39.17132,-86.57634,389
3012,39.17126,-86.57637,390
3012,39.1712,-86.5764,391
3012,39.17109,-86.57642,392
3012,39.17106,-86.57642,393
3012,39.1709,-86.57642,394
3012,39.17071,-86.57643,395
3012,39.17035,-86.57643,396
3012,39.16975,-86.57641,397
3012,39.16946,-86.57641,398
3012,39.16879,-86.57642,399
3012,39.16859,-86.57642,400
3012,39.16834,-86.57642,401
3012,39.16823,-86.5764,402
3012,39.16807,-86.57631,403
3012,39.16762,-86.576,404
3012,39.16731,-86.57597,405
3012,39.16716,-86.57598,406
3012,39.16636,-86.57601,407
3012,39.16598,-86.576,408
3012,39.16563,-86.57599,409
3012,39.16531,-86.576,410
3012,39.16508,-86.57606,411
3012,39.16494,-86.57612,412
3012,39.1649,-86.57614,413
3012,39.16463,-86.5762,414
3012,39.16452,-86.5762,415
3012,39.16452,-86.5758,416
3012,39.16451,-86.57496,417
3012,39.16451,-86.57437,418
3012,39.16451,-86.57406,419
3012,39.16451,-86.57388,420
3012,39.16451,-86.57343,421
3012,39.16451,-86.57336,422
3012,39.16451,-86.57335,423
3012,39.16451,-86.57328,424
3012,39.16452,-86.57312,425
3012,39.16452,-86.57308,426
3012,39.16452,-86.57302,427
3012,39.16451,-86.57244,428
3012,39.1645,-86.57204,429
3012,39.16448,-86.57144,430
3012,39.16448,-86.5709,431
3012,39.16448,-86.57021,432
3012,39.16449,-86.56948,433
3012,39.16448,-86.56893,434
3012,39.16448,-86.56879,435
3012,39.16448,-86.56828,436
3012,39.16447,-86.56799,437
3012,39.16447,-86.56741,438
3012,39.16447,-86.56727,439
3012,39.16447,-86.56705,440
3012,39.16446,-86.5661,441
3012,39.16446,-86.56568,442
3012,39.16445,-86.56499,443
3012,39.16444,-86.56405,444
3012,39.16444,-86.56393,445
3012,39.16444,-86.5636,446
3012,39.16444,-86.56314,447
3012,39.16443,-86.56299,448
3012,39.16443,-86.56292,449
3012,39.16443,-86.56271,450
3012,39.16442,-86.5613,451
3012,39.16441,-86.5606,452
3012,39.16441,-86.56045,453
3012,39.16441,-86.56012,454
3012,39.16441,-86.55989,455
3012,39.16441,-86.55961,456
3012,39.16441,-86.55945,457
3012,39.16441,-86.55941,458
3012,39.16441,-86.55919,459
3012,39.1644,-86.55872,460
3012,39.1644,-86.55833,461
3012,39.1644,-86.55825,462
3012,39.16439,-86.55709,463
3012,39.16439,-86.55679,464
3012,39.16439,-86.55666,465
3012,39.16438,-86.55651,466
3012,39.16437,-86.55632,467
3012,39.16443,-86.55615,468
3012,39.16442,-86.5558,469
3012,39.16442,-86.55534,470
3012,39.16442,-86.55503,471
3012,39.16441,-86.55426,472
3012,39.16441,-86.55424,473
3012,39.16441,-86.55418,474
3012,39.1644,-86.55389,475
3012,39.1644,-86.55337,476
3012,39.16439,-86.55275,477
3012,39.16439,-86.55261,478
3012,39.16439,-86.55197,479
3012,39.16441,-86.55183,480
3012,39.16443,-86.55171,481
3012,39.16447,-86.55156,482
3012,39.16452,-86.55138,483
3012,39.16454,-86.55133,484
3012,39.16457,-86.55126,485
3012,39.1646,-86.55119,486
3012,39.16466,-86.55105,487
3012,39.16473,-86.55092,488
3012,39.16477,-86.55086,489
3012,39.16484,-86.55076,490
3012,39.16492,-86.55064,491
3012,39.16509,-86.55049,492
3012,39.16515,-86.55044,493
3012,39.16525,-86.55036,494
3012,39.16547,-86.55022,495
3012,39.16559,-86.55017,496
3012,39.1656,-86.55016,497
3012,39.16561,-86.55013,498
3012,39.16563,-86.5501,499
3012,39.16564,-86.55008,500
3012,39.16564,-86.55007,501
3012,39.16565,-86.55007,502
3012,39.16569,-86.55004,503
3012,39.16592,-86.54988,504
3012,39.16596,-86.54985,505
3012,39.16628,-86.54964,506
3012,39.16633,-86.54961,507
3012,39.16645,-86.54953,508
3012,39.16655,-86.54945,509
3012,39.16662,-86.54937,510
3012,39.16665,-86.54933,511
3012,39.16668,-86.54928,512
3012,39.16672,-86.54919,513
3012,39.16672,-86.54907,514
3012,39.16671,-86.54873,515
3012,39.1667,-86.54841,516
3012,39.1667,-86.54801,517
3012,39.1667,-86.54769,518
3012,39.1667,-86.54764,519
3012,39.1667,-86.54743,520
3012,39.1667,-86.54741,521
3012,39.16668,-86.54684,522
3012,39.16667,-86.54655,523
3012,39.16666,-86.54614,524
3012,39.16666,-86.54576,525
3012,39.16666,-86.54546,526
3012,39.16666,-86.54529,527
3012,39.16666,-86.54488,528
3012,39.16666,-86.54452,529
3012,39.16665,-86.54416,530
3012,39.16665,-86.54408,531
3012,39.16665,-86.54373,532
3012,39.16665,-86.5436,533
3012,39.16665,-86.5433,534
3012,39.16664,-86.54291,535
3012,39.16664,-86.5426,536
3012,39.16664,-86.54219,537
3012,39.16664,-86.54165,538
3012,39.16663,-86.54091,539
3012,39.16663,-86.54037,540
3012,39.16663,-86.53986,541
3012,39.16662,-86.53933,542
3012,39.16662,-86.53869,543
3012,39.16662,-86.53842,544
3012,39.16661,-86.53806,545
3012,39.1666,-86.53741,546
3012,39.1666,-86.53671,547
3012,39.1666,-86.53657,548
3012,39.16659,-86.53622,549
3012,39.16659,-86.53609,550
3012,39.16659,-86.53604,551
3012,39.16659,-86.53557,552
3012,39.16659,-86.53528,553
3012,39.16658,-86.53511,554
3012,39.16658,-86.53487,555
3012,39.1664,-86.53487,556
3012,39.16572,-86.53488,557
3012,39.16559,-86.53488,558
3012,39.16513,-86.53488,559
3012,39.16501,-86.53488,560
3012,39.16499,-86.53488,561
3012,39.16467,-86.53489,562
3012,39.16457,-86.53489,563
3012,39.16456,-86.53425,564
3012,39.16456,-86.53417,565
3012,39.16456,-86.53398,566
3012,39.16456,-86.53378,567
3012,39.16456,-86.53364,568
3012,39.16455,-86.53343,569
3012,39.16455,-86.53339,570
3012,39.16455,-86.53303,571
3012,39.16455,-86.53301,572
3012,39.16459,-86.53295,573
3012,39.16459,-86.53276,574
3012,39.16459,-86.53245,575
3012,39.16459,-86.53237,576
3012,39.1641,-86.53237,577
3012,39.16407,-86.53361,578
3012,39.16547,-86.5336,579
3012,39.16558,-86.53363,580
3012,39.16558,-86.53458,581
3012,39.16561,-86.53741,582
3012,39.16657,-86.53741,583
3012,39.16664,-86.53779,584
3012,39.16665,-86.53896,585
3012,39.16663,-86.53957,586
3012,39.16663,-86.53986,587
3012,39.16663,-86.54037,588
3012,39.16663,-86.54091,589
3012,39.16664,-86.54156,590
3012,39.16664,-86.54165,591
3012,39.16664,-86.54219,592
3012,39.16664,-86.54291,593
3012,39.16665,-86.5433,594
3012,39.16665,-86.54373,595
3012,39.16665,-86.54416,596
3012,39.16666,-86.54452,597
3012,39.16666,-86.54488,598
3012,39.16666,-86.54529,599
3012,39.16666,-86.54546,600
3012,39.16666,-86.54576,601
3012,39.16666,-86.54614,602
3012,39.16667,-86.54655,603
3012,39.16668,-86.54684,604
3012,39.1667,-86.54741,605
3012,39.1667,-86.54743,606
3012,39.1667,-86.54764,607
3012,39.1667,-86.54801,608
3012,39.1667,-86.54841,609
3012,39.16672,-86.54919,610
3012,39.16672,-86.54956,611
3012,39.16672,-86.54963,612
3012,39.16662,-86.54962,613
3012,39.16657,-86.54963,614
3012,39.16653,-86.54963,615
3012,39.16645,-86.54967,616
3012,39.16636,-86.54972,617
3012,39.16633,-86.54974,618
3012,39.16627,-86.54978,619
3012,39.16573,-86.55011,620
3012,39.16571,-86.55012,621
3012,39.1656,-86.55016,622
3012,39.16559,-86.55017,623
3012,39.16547,-86.55022,624
3012,39.16525,-86.55036,625
3012,39.16515,-86.55044,626
3012,39.16509,-86.55049,627
3012,39.16492,-86.55064,628
3012,39.16484,-86.55076,629
3012,39.16477,-86.55086,630
3012,39.16473,-86.55092,631
3012,39.16466,-86.55105,632
3012,39.16457,-86.55126,633
3012,39.16452,-86.55138,634
3012,39.16447,-86.55156,635
3012,39.16443,-86.55171,636
3012,39.16441,-86.55183,637
3012,39.16439,-86.55197,638
3012,39.16439,-86.55261,639
3012,39.1644,-86.55337,640
3012,39.1644,-86.55389,641
3012,39.16441,-86.55418,642
3012,39.16441,-86.55426,643
3012,39.16441,-86.55497,644
3012,39.16442,-86.55503,645
3012,39.16442,-86.55534,646
3012,39.16442,-86.5558,647
3012,39.16443,-86.55615,648
3012,39.16448,-86.55633,649
3012,39.16449,-86.55651,650
3012,39.16449,-86.55662,651
3012,39.16449,-86.55679,652
3012,39.16449,-86.55689,653
3012,39.16449,-86.55714,654
3012,39.1645,-86.55818,655
3012,39.16451,-86.55852,656
3012,39.16451,-86.55867,657
3012,39.16451,-86.5588,658
3012,39.16451,-86.55922,659
3012,39.16451,-86.55932,660
3012,39.16451,-86.56012,661
3012,39.16452,-86.56105,662
3012,39.16452,-86.56107,663
3012,39.16453,-86.56219,664
3012,39.16453,-86.56239,665
3012,39.16453,-86.56271,666
3012,39.16453,-86.56283,667
3012,39.16454,-86.56301,668
3012,39.16454,-86.5636,669
3012,39.16455,-86.5641,670
3012,39.16455,-86.5646,671
3012,39.16455,-86.565,672
3012,39.16456,-86.56551,673
3012,39.16456,-86.56561,674
3012,39.16456,-86.56612,675
3012,39.16457,-86.56706,676
3012,39.16458,-86.56733,677
3012,39.16458,-86.568,678
3012,39.16459,-86.56892,679
3012,39.16459,-86.56948,680
3012,39.16461,-86.57021,681
3012,39.16461,-86.57064,682
3012,39.16462,-86.57083,683
3012,39.16462,-86.57088,684
3012,39.16464,-86.57202,685
3012,39.16464,-86.57244,686
3012,39.16464,-86.57267,687
3012,39.16464,-86.57271,688
3012,39.16464,-86.57287,689
3012,39.16464,-86.57299,690
3012,39.16464,-86.57301,691
3012,39.16464,-86.57309,692
3012,39.16464,-86.57322,693
3012,39.16464,-86.57327,694
3012,39.16465,-86.57362,695
3012,39.16464,-86.57387,696
3012,39.16467,-86.57434,697
3012,39.16467,-86.57443,698
3012,39.16466,-86.57479,699
3012,39.16464,-86.57523,700
3012,39.16463,-86.57551,701
3012,39.16468,-86.57567,702
3012,39.1647,-86.57572,703
3012,39.1647,-86.57573,704
3012,39.16472,-86.57579,705
3012,39.16475,-86.57585,706
3012,39.16477,-86.57588,707
3012,39.1648,-86.5759,708
3012,39.16481,-86.57591,709
3012,39.16483,-86.57593,710
3012,39.16486,-86.57594,711
3012,39.16492,-86.57596,712
3012,39.16494,-86.57597,713
3012,39.16495,-86.57597,714
3012,39.16497,-86.57598,715
3012,39.16499,-86.57598,716
3012,39.16508,-86.57606,717
3012,39.16531,-86.576,718
3012,39.16563,-86.57599,719
3012,39.16569,-86.576,720
3012,39.16598,-86.576,721
3012,39.16636,-86.57601,722
3012,39.16731,-86.57597,723
3012,39.16762,-86.576,724
3012,39.16807,-86.57631,725
3012,39.16823,-86.5764,726
3012,39.16834,-86.57642,727
3012,39.16859,-86.57642,728
3012,39.16879,-86.57642,729
3012,39.16946,-86.57641,730
3012,39.16975,-86.57641,731
3012,39.17035,-86.57643,732
3012,39.17071,-86.57643,733
3012,39.1709,-86.57642,734
3012,39.17109,-86.57642,735
3012,39.1712,-86.5764,736
3012,39.17126,-86.57637,737
3012,39.17132,-86.57634,738
3012,39.17141,-86.57627,739
3012,39.17151,-86.57615,740
3012,39.17159,-86.57591,741
3012,39.17158,-86.5759,742
3012,39.17158,-86.57589,743
3012,39.17157,-86.57588,744
3012,39.17157,-86.57587,745
3012,39.17157,-86.57586,746
3012,39.17156,-86.57585,747
3012,39.17156,-86.57584,748
3012,39.17156,-86.57583,749
3012,39.17156,-86.57582,750
3012,39.17155,-86.57581,751
3012,39.17155,-86.57579,752
3012,39.17155,-86.57578,753
3012,39.17155,-86.57577,754
3012,39.17155,-86.57576,755
3012,39.17156,-86.57575,756
3012,39.17156,-86.57574,757
3012,39.17156,-86.57572,758
3012,39.17156,-86.57571,759
3012,39.17157,-86.5757,760
3012,39.17157,-86.57569,761
3012,39.17158,-86.57568,762
3012,39.17158,-86.57567,763
3012,39.17159,-86.57566,764
3012,39.1716,-86.57566,765
3012,39.1716,-86.57565,766
3012,39.17161,-86.57564,767
3012,39.17162,-86.57563,768
3012,39.17163,-86.57563,769
3012,39.17163,-86.57562,770
3012,39.17164,-86.57562,771
3012,39.17165,-86.57561,772
3012,39.17166,-86.57561,773
3012,39.17167,-86.57561,774
3012,39.17168,-86.5756,775
3012,39.17169,-86.5756,776
3012,39.1717,-86.5756,777
3012,39.17171,-86.5756,778
3012,39.17172,-86.57561,779
3012,39.17173,-86.57561,780
3012,39.17174,-86.57561,781
3012,39.17175,-86.57561,782
3012,39.17176,-86.57562,783
3012,39.17177,-86.57563,784
3012,39.17178,-86.57564,785
3012,39.17179,-86.57564,786
3012,39.17179,-86.57565,787
3012,39.1718,-86.57566,788
3012,39.17181,-86.57567,789
3012,39.17181,-86.57568,790
3012,39.17182,-86.57569,791
3012,39.17182,-86.5757,792
3012,39.17183,-86.57571,793
3012,39.17183,-86.57573,794
3012,39.17183,-86.57574,795
3012,39.17184,-86.57575,796
3012,39.17184,-86.57576,797
3012,39.17184,-86.57577,798
3012,39.17184,-86.57578,799
3012,39.17184,-86.5758,800
3012,39.17184,-86.57581,801
3012,39.17184,-86.57582,802
3012,39.17184,-86.57583,803
3012,39.17183,-86.57584,804
3012,39.17183,-86.57585,805
3012,39.17183,-86.57586,806
3012,39.17182,-86.57587,807
3012,39.17182,-86.57588,808
3012,39.17181,-86.57589,809
3012,39.17181,-86.5759,810
3012,39.1718,-86.57591,811
3012,39.1718,-86.57592,812
3012,39.17179,-86.57593,813
3012,39.17178,-86.57594,814
3012,39.17177,-86.57594,815
3012,39.17177,-86.57595,816
3012,39.17176,-86.57595,817
3012,39.17175,-86.57596,818
3012,39.1717,-86.57603,819
3012,39.17165,-86.57608,820
3012,39.17156,-86.57613,821
3012,39.17151,-86.57615,822
3012,39.17141,-86.57627,823
3012,39.17132,-86.57634,824
3012,39.17126,-86.57637,825
3012,39.1712,-86.5764,826
3012,39.17109,-86.57642,827
3012,39.1709,-86.57642,828
3012,39.17071,-86.57643,829
3012,39.17035,-86.57643,830
3012,39.16975,-86.57641,831
3012,39.16946,-86.57641,832
3012,39.16879,-86.57642,833
3012,39.16859,-86.57642,834
3012,39.16834,-86.57642,835
3012,39.16823,-86.5764,836
3012,39.16807,-86.57631,837
3012,39.16762,-86.576,838
3012,39.16756,-86.57599,839
3012,39.16731,-86.57597,840
3012,39.16636,-86.57601,841
3012,39.16598,-86.576,842
3012,39.16563,-86.57599,843
3012,39.16531,-86.576,844
3012,39.16508,-86.57606,845
3012,39.1649,-86.57614,846
3012,39.16463,-86.5762,847
3012,39.16452,-86.5762,848
3012,39.16424,-86.57621,849
3012,39.16397,-86.57621,850
3012,39.16364,-86.57622,851
3012,39.16332,-86.57624,852
3012,39.16314,-86.57624,853
3012,39.16275,-86.57625,854
3012,39.16275,-86.57649,855
3012,39.16275,-86.57656,856
3012,39.16274,-86.5767,857
3012,39.16274,-86.57691,858
3012,39.16274,-86.57713,859
3012,39.16274,-86.57734,860
3012,39.16274,-86.57756,861
3012,39.16274,-86.57769,862
3012,39.16274,-86.57776,863
3012,39.16274,-86.57798,864
3012,39.16274,-86.57819,865
3012,39.16274,-86.57839,866
3012,39.16274,-86.57861,867
3012,39.16274,-86.57882,868
3012,39.16274,-86.57915,869
3012,39.16308,-86.57916,870
3012,39.16309,-86.57916,871
3012,39.1632,-86.57915,872
3012,39.16365,-86.57915,873
3012,39.164,-86.57914,874
3012,39.16427,-86.57914,875
3012,39.1646,-86.57913,876
3012,39.16461,-86.57974,877
3012,39.16462,-86.57999,878
3012,39.16463,-86.58054,879
3012,39.16465,-86.58094,880
3012,39.16465,-86.58106,881
3012,39.16465,-86.58133,882
3012,39.16465,-86.58145,883
3012,39.16465,-86.58182,884
3012,39.16466,-86.58213,885
3012,39.16466,-86.58228,886
3012,39.16466,-86.58252,887
3012,39.16466,-86.58296,888
3012,39.16466,-86.58323,889
3012,39.16466,-86.58347,890
3012,39.16466,-86.58368,891
3012,39.16466,-86.58418,892
3012,39.16467,-86.58587,893
3012,39.16426,-86.58587,894
3012,39.16411,-86.58587,895
3012,39.16393,-86.58587,896
3012,39.16392,-86.58587,897
3012,39.16377,-86.58587,898
3012,39.16359,-86.58587,899
3012,39.16331,-86.58586,900
3012,39.1633,-86.58644,901
3012,39.1633,-86.58681,902
3012,39.1633,-86.5869,903
3012,39.1633,-86.58727,904
3012,39.1633,-86.58757,905
3012,39.1633,-86.58792,906
3012,39.16329,-86.58842,907
3012,39.16329,-86.58896,908
3012,39.16329,-86.5893,909
3012,39.16329,-86.58953,910
3012,39.16329,-86.59,911
3012,39.16328,-86.59098,912
3012,39.16329,-86.59187,913
3012,39.16257,-86.59185,914
3012,39.16187,-86.59184,915
3012,39.16122,-86.59182,916
3012,39.16028,-86.5918,917
3012,39.1592,-86.59178,918
3012,39.15829,-86.59177,919
3012,39.15804,-86.59176,920
3012,39.15758,-86.59176,921
3012,39.15728,-86.59175,922
3012,39.15711,-86.59175,923
3012,39.15688,-86.59176,924
3012,39.15688,-86.59122,925
3012,39.15689,-86.59093,926
3012,39.1569,-86.59031,927
3012,39.15689,-86.59001,928
3012,39.15683,-86.58971,929
3012,39.15667,-86.58939,930
3012,39.15654,-86.58922,931
3012,39.15636,-86.58903,932
3012,39.15616,-86.58894,933
3012,39.15601,-86.58889,934
3012,39.15591,-86.58889,935
3012,39.15544,-86.58887,936
3012,39.1549,-86.58886,937
3012,39.15472,-86.58885,938
3012,39.15441,-86.58884,939
3012,39.15442,-86.58828,940
3012,39.15443,-86.58744,941
3012,39.15444,-86.58697,942
3012,39.15448,-86.58674,943
3012,39.15453,-86.58661,944
3012,39.15463,-86.58638,945
3012,39.15465,-86.58634,946
3012,39.15487,-86.58592,947
3012,39.15507,-86.58558,948
3012,39.15565,-86.58456,949
3012,39.15581,-86.58428,950
3012,39.15597,-86.58401,951
3012,39.15632,-86.58339,952
3012,39.15674,-86.58263,953
3012,39.15648,-86.58263,954
3012,39.15608,-86.58263,955
3012,39.15576,-86.58263,956
3012,39.15546,-86.58262,957
3012,39.15488,-86.58262,958
3012,39.15405,-86.58261,959
3012,39.15364,-86.5826,960
3012,39.15336,-86.5826,961
3012,39.15278,-86.58261,962
3012,39.15258,-86.5826,963
3012,39.1521,-86.58261,964
3012,39.15179,-86.58262,965
3012,39.15135,-86.58263,966
3012,39.15089,-86.58263,967
3012,39.15065,-86.58263,968
3012,39.15055,-86.58262,969
3012,39.15012,-86.58261,970
3012,39.15005,-86.58261,971
3012,39.14969,-86.58261,972
3012,39.14919,-86.58261,973
3012,39.14912,-86.58261,974
3012,39.1489,-86.58261,975
3012,39.14876,-86.58261,976
3012,39.14852,-86.5826,977
3012,39.14827,-86.5826,978
3012,39.14778,-86.5826,979
3012,39.14774,-86.5826,980
3012,39.14721,-86.58261,981
3012,39.1467,-86.58261,982
3012,39.14628,-86.58261,983
3012,39.1459,-86.58261,984
3012,39.14577,-86.58261,985
3012,39.14535,-86.58261,986
3012,39.14462,-86.58262,987
3012,39.14451,-86.58262,988
3012,39.14432,-86.58261,989
3012,39.14393,-86.58261,990
3012,39.14317,-86.5826,991
3012,39.14271,-86.5826,992
3012,39.14253,-86.5826,993
3012,39.14245,-86.5826,994
3012,39.14233,-86.5826,995
3012,39.14209,-86.5826,996
3012,39.14202,-86.58259,997
3012,39.1419,-86.58259,998
3012,39.14202,-86.5824,999
3012,39.14229,-86.582,1000
3012,39.14236,-86.5819,1001
3052,39.14237,-86.5819,0
3052,39.14243,-86.58181,1
3052,39.14306,-86.58099,2
3052,39.14309,-86.58096,3
3052,39.14319,-86.58083,4
3052,39.14325,-86.58075,5
3052,39.14334,-86.58062,6
3052,39.14341,-86.58052,7
3052,39.14348,-86.58042,8
3052,39.14356,-86.58029,9
3052,39.14375,-86.58001,10
3052,39.14382,-86.57989,11
3052,39.14389,-86.57978,12
3052,39.14401,-86.57956,13
3052,39.14416,-86.57929,14
3052,39.14436,-86.57891,15
3052,39.14442,-86.5788,16
3052,39.14453,-86.57858,17
3052,39.14459,-86.57847,18
3052,39.14473,-86.57821,19
3052,39.14498,-86.57773,20
3052,39.14507,-86.57782,21
3052,39.14526,-86.57799,22
3052,39.14536,-86.57807,23
3052,39.14542,-86.5781,24
3052,39.14543,-86.57811,25
3052,39.1455,-86.57814,26
3052,39.14556,-86.57816,27
3052,39.14557,-86.57816,28
3052,39.14562,-86.57817,29
3052,39.14568,-86.57817,30
3052,39.14573,-86.57817,31
3052,39.14579,-86.57816,32
3052,39.14585,-86.57814,33
3052,39.14591,-86.57812,34
3052,39.14593,-86.57811,35
3052,39.14596,-86.57809,36
3052,39.14602,-86.57806,37
3052,39.14606,-86.57802,38
3052,39.14611,-86.57798,39
3052,39.14614,-86.57794,40
3052,39.14617,-86.5779,41
3052,39.14618,-86.57789,42
3052,39.14621,-86.57784,43
3052,39.14626,-86.57776,44
3052,39.14631,-86.57765,45
3052,39.14637,-86.57754,46
3052,39.14642,-86.57745,47
3052,39.14646,-86.57738,48
3052,39.14651,-86.57732,49
3052,39.14655,-86.57728,50
3052,39.14658,-86.57725,51
3052,39.14661,-86.57723,52
3052,39.14665,-86.5772,53
3052,39.14669,-86.57718,54
3052,39.14673,-86.57715,55
3052,39.14679,-86.57713,56
3052,39.14684,-86.57711,57
3052,39.14689,-86.5771,58
3052,39.14693,-86.57709,59
3052,39.14694,-86.57709,60
3052,39.14698,-86.57709,61
3052,39.147,-86.57709,62
3052,39.14727,-86.57709,63
3052,39.14748,-86.5771,64
3052,39.14764,-86.5771,65
3052,39.14787,-86.57711,66
3052,39.14804,-86.57711,67
3052,39.14818,-86.5771,68
3052,39.14828,-86.5771,69
3052,39.1484,-86.57709,70
3052,39.14847,-86.57708,71
3052,39.14849,-86.57708,72
3052,39.14852,-86.57708,73
3052,39.14856,-86.57707,74
3052,39.1486,-86.57707,75
3052,39.14868,-86.57705,76
3052,39.14878,-86.57703,77
3052,39.14927,-86.57693,78
3052,39.14941,-86.5769,79
3052,39.14947,-86.57689,80
3052,39.14956,-86.57688,81
3052,39.14969,-86.57687,82
3052,39.14979,-86.57687,83
3052,39.14991,-86.57686,84
3052,39.15006,-86.57686,85
3052,39.15032,-86.57686,86
3052,39.15039,-86.57686,87
3052,39.15059,-86.57686,88
3052,39.15084,-86.57686,89
3052,39.15102,-86.57687,90
3052,39.15122,-86.57687,91
3052,39.15121,-86.57756,92
3052,39.15121,-86.5778,93
3052,39.15121,-86.57803,94
3052,39.15121,-86.57808,95
3052,39.15121,-86.57827,96
3052,39.15121,-86.57834,97
3052,39.15127,-86.57895,98
3052,39.15133,-86.57936,99
3052,39.15134,-86.5794,100
3052,39.15134,-86.57942,101
3052,39.15136,-86.57988,102
3052,39.15137,-86.58002,103
3052,39.15136,-86.58049,104
3052,39.15136,-86.58055,105
3052,39.15136,-86.58101,106
3052,39.15136,-86.58106,107
3052,39.15136,-86.58186,108
3052,39.15135,-86.58217,109
3052,39.15135,-86.58263,110
3052,39.15179,-86.58262,111
3052,39.1521,-86.58261,112
3052,39.15258,-86.5826,113
3052,39.15278,-86.58261,114
3052,39.15336,-86.5826,115
3052,39.15364,-86.5826,116
3052,39.15405,-86.58261,117
3052,39.15488,-86.58262,118
3052,39.15515,-86.58262,119
3052,39.15546,-86.58262,120
3052,39.15576,-86.58263,121
3052,39.15608,-86.58263,122
3052,39.15648,-86.58263,123
3052,39.15674,-86.58263,124
3052,39.15637,-86.5833,125
3052,39.15632,-86.58339,126
3052,39.15597,-86.58401,127
3052,39.15581,-86.58428,128
3052,39.15565,-86.58456,129
3052,39.15507,-86.58558,130
3052,39.15487,-86.58592,131
3052,39.15477,-86.58612,132
3052,39.15465,-86.58634,133
3052,39.15463,-86.58638,134
3052,39.15453,-86.58661,135
3052,39.15448,-86.58674,136
3052,39.15444,-86.58697,137
3052,39.15443,-86.58744,138
3052,39.15442,-86.58828,139
3052,39.15442,-86.58871,140
3052,39.15441,-86.58884,141
3052,39.15472,-86.58885,142
3052,39.1549,-86.58886,143
3052,39.15528,-86.58887,144
3052,39.15544,-86.58887,145
3052,39.15591,-86.58889,146
3052,39.15601,-86.58889,147
3052,39.15616,-86.58894,148
3052,39.15636,-86.58903,149
3052,39.15654,-86.58922,150
3052,39.15659,-86.58929,151
3052,39.15667,-86.58939,152
3052,39.15683,-86.58971,153
3052,39.15689,-86.59001,154
3052,39.1569,-86.59031,155
3052,39.1569,-86.59056,156
3052,39.15688,-86.59122,157
3052,39.15688,-86.59176,158
3052,39.15711,-86.59175,159
3052,39.1573,-86.59175,160
3052,39.15758,-86.59176,161
3052,39.15804,-86.59176,162
3052,39.15829,-86.59177,163
3052,39.1592,-86.59178,164
3052,39.16028,-86.5918,165
3052,39.16075,-86.59181,166
3052,39.16122,-86.59182,167
3052,39.16187,-86.59184,168
3052,39.16257,-86.59185,169
3052,39.16286,-86.59186,170
3052,39.16329,-86.59187,171
3052,39.16328,-86.59098,172
3052,39.16328,-86.59051,173
3052,39.16329,-86.59,174
3052,39.16329,-86.58953,175
3052,39.16329,-86.5893,176
3052,39.16329,-86.58896,177
3052,39.16329,-86.58858,178
3052,39.16329,-86.58842,179
3052,39.1633,-86.58792,180
3052,39.1633,-86.58757,181
3052,39.1633,-86.58727,182
3052,39.1633,-86.5869,183
3052,39.1633,-86.58644,184
3052,39.16331,-86.58586,185
3052,39.16346,-86.58587,186
3052,39.16359,-86.58587,187
3052,39.16377,-86.58587,188
3052,39.16392,-86.58587,189
3052,39.16393,-86.58587,190
3052,39.16411,-86.58587,191
3052,39.16426,-86.58587,192
3052,39.16437,-86.58587,193
3052,39.16467,-86.58587,194
3052,39.16466,-86.58454,195
3052,39.16466,-86.58418,196
3052,39.16466,-86.58368,197
3052,39.16466,-86.58347,198
3052,39.16466,-86.58323,199
3052,39.16466,-86.58296,200
3052,39.16466,-86.58252,201
3052,39.16466,-86.58228,202
3052,39.16466,-86.58213,203
3052,39.16465,-86.58145,204
3052,39.16465,-86.58133,205
3052,39.16465,-86.58106,206
3052,39.16465,-86.58094,207
3052,39.16463,-86.58054,208
3052,39.16462,-86.57999,209
3052,39.16461,-86.57974,210
3052,39.16461,-86.57941,211
3052,39.1646,-86.57913,212
3052,39.16427,-86.57914,213
3052,39.164,-86.57914,214
3052,39.16385,-86.57915,215
3052,39.16365,-86.57915,216
3052,39.16309,-86.57916,217
3052,39.16308,-86.57916,218
3052,39.163,-86.57915,219
3052,39.16274,-86.57915,220
3052,39.16274,-86.57897,221
3052,39.16274,-86.57882,222
3052,39.16274,-86.57861,223
3052,39.16274,-86.57839,224
3052,39.16274,-86.57832,225
3052,39.16274,-86.57819,226
3052,39.16274,-86.57798,227
3052,39.16274,-86.57776,228
3052,39.16274,-86.57756,229
3052,39.16274,-86.57734,230
3052,39.16274,-86.57713,231
3052,39.16274,-86.57691,232
3052,39.16274,-86.5767,233
3052,39.16275,-86.57654,234
3052,39.16275,-86.57649,235
3052,39.16275,-86.57625,236
3052,39.16305,-86.57624,237
3052,39.16314,-86.57624,238
3052,39.16332,-86.57624,239
3052,39.16364,-86.57622,240
3052,39.16397,-86.57621,241
3052,39.16407,-86.57621,242
3052,39.16424,-86.57621,243
3052,39.16452,-86.5762,244
3052,39.16463,-86.5762,245
3052,39.16472,-86.57618,246
3052,39.16481,-86.57616,247
3052,39.1649,-86.57614,248
3052,39.16508,-86.57606,249
3052,39.16523,-86.57602,250
3052,39.16531,-86.576,251
3052,39.16563,-86.57599,252
3052,39.16578,-86.576,253
3052,39.1659,-86.576,254
3052,39.16598,-86.576,255
3052,39.16636,-86.57601,256
3052,39.16714,-86.57598,257
3052,39.16731,-86.57597,258
3052,39.16762,-86.576,259
3052,39.16786,-86.57616,260
3052,39.16807,-86.57631,261
3052,39.16823,-86.5764,262
3052,39.16834,-86.57642,263
3052,39.16846,-86.57642,264
3052,39.16859,-86.57642,265
3052,39.16879,-86.57642,266
3052,39.16917,-86.57641,267
3052,39.16946,-86.57641,268
3052,39.16975,-86.57641,269
3052,39.17013,-86.57642,270
3052,39.17035,-86.57643,271
3052,39.17071,-86.57643,272
3052,39.17087,-86.57643,273
3052,39.1709,-86.57642,274
3052,39.17108,-86.57642,275
3052,39.17109,-86.57642,276
3052,39.1712,-86.5764,277
3052,39.17126,-86.57637,278
3052,39.17132,-86.57634,279
3052,39.17139,-86.57628,280
3052,39.17141,-86.57627,281
3052,39.17151,-86.57615,282
3052,39.17156,-86.57601,283
3052,39.17159,-86.57591,284
3052,39.17158,-86.5759,285
3052,39.17158,-86.57589,286
3052,39.17157,-86.57588,287
3052,39.17157,-86.57587,288
3052,39.17157,-86.57586,289
3052,39.17156,-86.57585,290
3052,39.17156,-86.57584,291
3052,39.17156,-86.57583,292
3052,39.17156,-86.57582,293
3052,39.17155,-86.57581,294
3052,39.17155,-86.57579,295
3052,39.17155,-86.57578,296
3052,39.17155,-86.57577,297
3052,39.17155,-86.57576,298
3052,39.17156,-86.57575,299
3052,39.17156,-86.57574,300
3052,39.17156,-86.57572,301
3052,39.17156,-86.57571,302
3052,39.17157,-86.5757,303
3052,39.17157,-86.57569,304
3052,39.17158,-86.57568,305
3052,39.17158,-86.57567,306
3052,39.17159,-86.57566,307
3052,39.1716,-86.57566,308
3052,39.1716,-86.57565,309
3052,39.17161,-86.57564,310
3052,39.17162,-86.57563,311
3052,39.17163,-86.57563,312
3052,39.17163,-86.57562,313
3052,39.17164,-86.57562,314
3052,39.17165,-86.57561,315
3052,39.17166,-86.57561,316
3052,39.17167,-86.57561,317
3052,39.17168,-86.5756,318
3052,39.17169,-86.5756,319
3052,39.1717,-86.5756,320
3052,39.17171,-86.5756,321
3052,39.17172,-86.57561,322
3052,39.17173,-86.57561,323
3052,39.17174,-86.57561,324
3052,39.17175,-86.57561,325
3052,39.17176,-86.57562,326
3052,39.17177,-86.57563,327
3052,39.17178,-86.57564,328
3052,39.17179,-86.57564,329
3052,39.17179,-86.57565,330
3052,39.1718,-86.57566,331
3052,39.17181,-86.57567,332
3052,39.17181,-86.57568,333
3052,39.17182,-86.57569,334
3052,39.17182,-86.5757,335
3052,39.17183,-86.57571,336
3052,39.17183,-86.57573,337
3052,39.17183,-86.57574,338
3052,39.17184,-86.57575,339
3052,39.17184,-86.57576,340
3052,39.17184,-86.57577,341
3052,39.17184,-86.57578,342
3052,39.17184,-86.5758,343
3052,39.17184,-86.57581,344
3052,39.17184,-86.57582,345
3052,39.17184,-86.57583,346
3052,39.17183,-86.57584,347
3052,39.17183,-86.57585,348
3052,39.17183,-86.57586,349
3052,39.17182,-86.57587,350
3052,39.17182,-86.57588,351
3052,39.17181,-86.57589,352
3052,39.17181,-86.5759,353
3052,39.1718,-86.57591,354
3052,39.1718,-86.57592,355
3052,39.17179,-86.57592,356
3052,39.17179,-86.57593,357
3052,39.17178,-86.57594,358
3052,39.17177,-86.57594,359
3052,39.17177,-86.57595,360
3052,39.17176,-86.57595,361
3052,39.17175,-86.57596,362
3052,39.1717,-86.57603,363
3052,39.17165,-86.57608,364
3052,39.17162,-86.57609,365
3052,39.17156,-86.57613,366
3052,39.17151,-86.57615,367
3052,39.17141,-86.57627,368
3052,39.17132,-86.57634,369
3052,39.17126,-86.57637,370
3052,39.1712,-86.5764,371
3052,39.17109,-86.57642,372
3052,39.1709,-86.57642,373
3052,39.17071,-86.57643,374
3052,39.17035,-86.57643,375
3052,39.16975,-86.57641,376
3052,39.16946,-86.57641,377
3052,39.16879,-86.57642,378
3052,39.16859,-86.57642,379
3052,39.16834,-86.57642,380
3052,39.16823,-86.5764,381
3052,39.16807,-86.57631,382
3052,39.16762,-86.576,383
3052,39.16731,-86.57597,384
3052,39.16636,-86.57601,385
3052,39.16598,-86.576,386
3052,39.16563,-86.57599,387
3052,39.16531,-86.576,388
3052,39.16508,-86.57606,389
3052,39.1649,-86.57614,390
3052,39.16463,-86.5762,391
3052,39.16452,-86.5762,392
3052,39.16452,-86.57598,393
3052,39.16451,-86.57496,394
3052,39.16451,-86.57487,395
3052,39.16451,-86.57437,396
3052,39.16451,-86.57388,397
3052,39.16451,-86.57343,398
3052,39.16451,-86.57336,399
3052,39.16451,-86.57335,400
3052,39.16451,-86.57328,401
3052,39.16452,-86.57312,402
3052,39.16452,-86.57308,403
3052,39.16452,-86.57302,404
3052,39.16451,-86.57244,405
3052,39.1645,-86.57204,406
3052,39.16448,-86.57144,407
3052,39.16448,-86.5709,408
3052,39.16448,-86.57073,409
3052,39.16448,-86.57021,410
3052,39.16449,-86.56948,411
3052,39.16448,-86.56879,412
3052,39.16448,-86.56828,413
3052,39.16447,-86.56799,414
3052,39.16447,-86.56741,415
3052,39.16447,-86.56727,416
3052,39.16447,-86.56705,417
3052,39.16446,-86.5661,418
3052,39.16446,-86.56568,419
3052,39.16445,-86.56499,420
3052,39.16444,-86.56393,421
3052,39.16444,-86.5636,422
3052,39.16444,-86.56326,423
3052,39.16444,-86.56314,424
3052,39.16443,-86.56299,425
3052,39.16443,-86.56292,426
3052,39.16443,-86.56271,427
3052,39.16442,-86.5613,428
3052,39.16441,-86.5606,429
3052,39.16441,-86.56045,430
3052,39.16441,-86.56012,431
3052,39.16441,-86.55989,432
3052,39.16441,-86.55961,433
3052,39.16441,-86.55941,434
3052,39.16441,-86.55919,435
3052,39.1644,-86.55872,436
3052,39.1644,-86.55833,437
3052,39.1644,-86.55825,438
3052,39.16439,-86.55755,439
3052,39.16439,-86.55709,440
3052,39.16439,-86.55679,441
3052,39.16439,-86.55666,442
3052,39.16438,-86.55651,443
3052,39.16437,-86.55632,444
3052,39.16443,-86.55615,445
3052,39.16442,-86.5558,446
3052,39.16442,-86.55534,447
3052,39.16442,-86.55503,448
3052,39.16441,-86.55426,449
3052,39.16441,-86.55418,450
3052,39.1644,-86.55389,451
3052,39.1644,-86.55337,452
3052,39.16439,-86.55313,453
3052,39.16439,-86.55261,454
3052,39.16439,-86.55197,455
3052,39.16441,-86.55183,456
3052,39.16443,-86.55171,457
3052,39.16447,-86.55156,458
3052,39.16452,-86.55138,459
3052,39.16457,-86.55126,460
3052,39.16466,-86.55105,461
3052,39.16473,-86.55092,462
3052,39.16477,-86.55086,463
3052,39.16484,-86.55076,464
3052,39.16492,-86.55064,465
3052,39.16506,-86.55051,466
3052,39.16509,-86.55049,467
3052,39.16515,-86.55044,468
3052,39.16525,-86.55036,469
3052,39.16547,-86.55022,470
3052,39.16559,-86.55017,471
3052,39.1656,-86.55016,472
3052,39.16561,-86.55013,473
3052,39.16563,-86.5501,474
3052,39.16564,-86.55008,475
3052,39.16565,-86.55007,476
3052,39.16569,-86.55004,477
3052,39.16592,-86.54988,478
3052,39.16596,-86.54985,479
3052,39.1661,-86.54976,480
3052,39.16628,-86.54964,481
3052,39.16645,-86.54953,482
3052,39.16655,-86.54945,483
3052,39.16662,-86.54937,484
3052,39.16665,-86.54933,485
3052,39.16668,-86.54928,486
3052,39.16672,-86.54919,487
3052,39.1667,-86.54841,488
3052,39.1667,-86.54801,489
3052,39.1667,-86.54768,490
3052,39.1667,-86.54764,491
3052,39.1667,-86.54743,492
3052,39.1667,-86.54741,493
3052,39.16668,-86.54684,494
3052,39.16667,-86.54655,495
3052,39.16666,-86.54614,496
3052,39.16666,-86.54576,497
3052,39.16666,-86.54546,498
3052,39.16666,-86.54529,499
3052,39.16666,-86.54488,500
3052,39.16666,-86.54452,501
3052,39.16665,-86.54416,502
3052,39.16665,-86.54373,503
3052,39.16665,-86.5433,504
3052,39.16664,-86.54291,505
3052,39.16664,-86.54219,506
3052,39.16664,-86.54165,507
3052,39.16663,-86.54091,508
3052,39.16663,-86.54058,509
3052,39.16663,-86.54037,510
3052,39.16663,-86.53986,511
3052,39.16662,-86.53933,512
3052,39.16662,-86.53903,513
3052,39.16662,-86.53869,514
3052,39.16661,-86.53806,515
3052,39.16661,-86.53785,516
3052,39.1666,-86.53741,517
3052,39.1666,-86.53671,518
3052,39.1666,-86.53657,519
3052,39.16659,-86.53622,520
3052,39.16659,-86.53609,521
3052,39.16659,-86.53604,522
3052,39.16659,-86.53557,523
3052,39.16659,-86.53537,524
3052,39.16658,-86.53511,525
3052,39.16658,-86.53487,526
3052,39.1664,-86.53487,527
3052,39.166,-86.53488,528
3052,39.16559,-86.53488,529
3052,39.16513,-86.53488,530
3052,39.16499,-86.53488,531
3052,39.16492,-86.53489,532
3052,39.16467,-86.53489,533
3052,39.16457,-86.53489,534
3052,39.16457,-86.53446,535
3052,39.16456,-86.53425,536
3052,39.16456,-86.53364,537
3052,39.16455,-86.53339,538
3052,39.16455,-86.53301,539
3052,39.16459,-86.53295,540
3052,39.16459,-86.53276,541
3052,39.16459,-86.53269,542
3052,39.16459,-86.53237,543
3052,39.16447,-86.53237,544
3052,39.16429,-86.53237,545
3022,39.14237,-86.5819,0
3022,39.14243,-86.58181,1
3022,39.14306,-86.58099,2
3022,39.14309,-86.58096,3
3022,39.14319,-86.58083,4
3022,39.14325,-86.58075,5
3022,39.14334,-86.58062,6
3022,39.14341,-86.58052,7
3022,39.14348,-86.58042,8
3022,39.14356,-86.58029,9
3022,39.14375,-86.58001,10
3022,39.14382,-86.57989,11
3022,39.14389,-86.57978,12
3022,39.14401,-86.57956,13
3022,39.14416,-86.57929,14
3022,39.14436,-86.57891,15
3022,39.14442,-86.5788,16
3022,39.14453,-86.57858,17
3022,39.14459,-86.57847,18
3022,39.14473,-86.57821,19
3022,39.14498,-86.57773,20
3022,39.14507,-86.57782,21
3022,39.14526,-86.57799,22
3022,39.14536,-86.57807,23
3022,39.14542,-86.5781,24
3022,39.14543,-86.57811,25
3022,39.1455,-86.57814,26
3022,39.14556,-86.57816,27
3022,39.14557,-86.57816,28
3022,39.14562,-86.57817,29
3022,39.14568,-86.57817,30
3022,39.14573,-86.57817,31
3022,39.14579,-86.57816,32
3022,39.14585,-86.57814,33
3022,39.14591,-86.57812,34
3022,39.14593,-86.57811,35
3022,39.14596,-86.57809,36
3022,39.14602,-86.57806,37
3022,39.14606,-86.57802,38
3022,39.14611,-86.57798,39
3022,39.14614,-86.57794,40
3022,39.14617,-86.5779,41
3022,39.14618,-86.57789,42
3022,39.14621,-86.57784,43
3022,39.14626,-86.57776,44
3022,39.14631,-86.57765,45
3022,39.14637,-86.57754,46
3022,39.14642,-86.57745,47
3022,39.14646,-86.57738,48
3022,39.14651,-86.57732,49
3022,39.14655,-86.57728,50
3022,39.14658,-86.57725,51
3022,39.14661,-86.57723,52
3022,39.14665,-86.5772,53
3022,39.14669,-86.57718,54
3022,39.14673,-86.57715,55
3022,39.14679,-86.57713,56
3022,39.14684,-86.57711,57
3022,39.14689,-86.5771,58
3022,39.14693,-86.57709,59
3022,39.14694,-86.57709,60
3022,39.14698,-86.57709,61
3022,39.147,-86.57709,62
3022,39.14727,-86.57709,63
3022,39.14748,-86.5771,64
3022,39.14764,-86.5771,65
3022,39.14787,-86.57711,66
3022,39.14804,-86.57711,67
3022,39.14818,-86.5771,68
3022,39.14828,-86.5771,69
3022,39.1484,-86.57709,70
3022,39.14847,-86.57708,71
3022,39.14849,-86.57708,72
3022,39.14852,-86.57708,73
3022,39.14856,-86.57707,74
3022,39.1486,-86.57707,75
3022,39.14868,-86.57705,76
3022,39.14878,-86.57703,77
3022,39.14927,-86.57693,78
3022,39.14941,-86.5769,79
3022,39.14947,-86.57689,80
3022,39.14956,-86.57688,81
3022,39.14969,-86.57687,82
3022,39.14979,-86.57687,83
3022,39.14991,-86.57686,84
3022,39.15006,-86.57686,85
3022,39.15032,-86.57686,86
3022,39.15039,-86.57686,87
3022,39.15059,-86.57686,88
3022,39.15084,-86.57686,89
3022,39.15102,-86.57687,90
3022,39.15122,-86.57687,91
3022,39.15121,-86.57756,92
3022,39.15121,-86.5778,93
3022,39.15121,-86.57803,94
3022,39.15121,-86.57808,95
3022,39.15121,-86.57827,96
3022,39.15121,-86.57834,97
3022,39.15127,-86.57895,98
3022,39.15133,-86.57936,99
3022,39.15134,-86.5794,100
3022,39.15134,-86.57942,101
3022,39.15136,-86.57988,102
3022,39.15137,-86.58002,103
3022,39.15136,-86.58049,104
3022,39.15136,-86.58055,105
3022,39.15136,-86.58101,106
3022,39.15136,-86.58106,107
3022,39.15136,-86.58186,108
3022,39.15135,-86.58217,109
3022,39.15135,-86.58263,110
3022,39.15179,-86.58262,111
3022,39.1521,-86.58261,112
3022,39.15258,-86.5826,113
3022,39.15278,-86.58261,114
3022,39.15336,-86.5826,115
3022,39.15364,-86.5826,116
3022,39.15405,-86.58261,117
3022,39.15488,-86.58262,118
3022,39.15515,-86.58262,119
3022,39.15546,-86.58262,120
3022,39.15576,-86.58263,121
3022,39.15608,-86.58263,122
3022,39.15648,-86.58263,123
3022,39.15674,-86.58263,124
3022,39.15637,-86.5833,125
3022,39.15632,-86.58339,126
3022,39.15597,-86.58401,127
3022,39.15581,-86.58428,128
3022,39.15565,-86.58456,129
3022,39.15507,-86.58558,130
3022,39.15487,-86.58592,131
3022,39.15477,-86.58612,132
3022,39.15465,-86.58634,133
3022,39.15463,-86.58638,134
3022,39.15453,-86.58661,135
3022,39.15448,-86.58674,136
3022,39.15444,-86.58697,137
3022,39.15443,-86.58744,138
3022,39.15442,-86.58828,139
3022,39.15442,-86.58871,140
3022,39.15441,-86.58884,141
3022,39.15472,-86.58885,142
3022,39.1549,-86.58886,143
3022,39.15528,-86.58887,144
3022,39.15544,-86.58887,145
3022,39.15591,-86.58889,146
3022,39.15601,-86.58889,147
3022,39.15616,-86.58894,148
3022,39.15636,-86.58903,149
3022,39.15654,-86.58922,150
3022,39.15659,-86.58929,151
3022,39.15667,-86.58939,152
3022,39.15683,-86.58971,153
3022,39.15689,-86.59001,154
3022,39.1569,-86.59031,155
3022,39.1569,-86.59056,156
3022,39.15688,-86.59122,157
3022,39.15688,-86.59176,158
3022,39.15711,-86.59175,159
3022,39.1573,-86.59175,160
3022,39.15758,-86.59176,161
3022,39.15804,-86.59176,162
3022,39.15829,-86.59177,163
3022,39.1592,-86.59178,164
3022,39.16028,-86.5918,165
3022,39.16075,-86.59181,166
3022,39.16122,-86.59182,167
3022,39.16187,-86.59184,168
3022,39.16257,-86.59185,169
3022,39.16286,-86.59186,170
3022,39.16329,-86.59187,171
3022,39.16328,-86.59098,172
3022,39.16328,-86.59051,173
3022,39.16329,-86.59,174
3022,39.16329,-86.58953,175
3022,39.16329,-86.5893,176
3022,39.16329,-86.58896,177
3022,39.16329,-86.58858,178
3022,39.16329,-86.58842,179
3022,39.1633,-86.58792,180
3022,39.1633,-86.58757,181
3022,39.1633,-86.58727,182
3022,39.1633,-86.5869,183
3022,39.1633,-86.58644,184
3022,39.16331,-86.58586,185
3022,39.16346,-86.58587,186
3022,39.16359,-86.58587,187
3022,39.16377,-86.58587,188
3022,39.16392,-86.58587,189
3022,39.16393,-86.58587,190
3022,39.16411,-86.58587,191
3022,39.16426,-86.58587,192
3022,39.16437,-86.58587,193
3022,39.16467,-86.58587,194
3022,39.16466,-86.58454,195
3022,39.16466,-86.58418,196
3022,39.16466,-86.58368,197
3022,39.16466,-86.58347,198
3022,39.16466,-86.58323,199
3022,39.16466,-86.58296,200
3022,39.16466,-86.58252,201
3022,39.16466,-86.58228,202
3022,39.16466,-86.58213,203
3022,39.16465,-86.58145,204
3022,39.16465,-86.58133,205
3022,39.16465,-86.58106,206
3022,39.16465,-86.58094,207
3022,39.16463,-86.58054,208
3022,39.16462,-86.57999,209
3022,39.16461,-86.57974,210
3022,39.16461,-86.57941,211
3022,39.1646,-86.57913,212
3022,39.16427,-86.57914,213
3022,39.164,-86.57914,214
3022,39.16385,-86.57915,215
3022,39.16365,-86.57915,216
3022,39.16309,-86.57916,217
3022,39.16308,-86.57916,218
3022,39.163,-86.57915,219
3022,39.16274,-86.57915,220
3022,39.16274,-86.57897,221
3022,39.16274,-86.57882,222
3022,39.16274,-86.57861,223
3022,39.16274,-86.57839,224
3022,39.16274,-86.57832,225
3022,39.16274,-86.57819,226
3022,39.16274,-86.57798,227
3022,39.16274,-86.57776,228
3022,39.16274,-86.57756,229
3022,39.16274,-86.57734,230
3022,39.16274,-86.57713,231
3022,39.16274,-86.57691,232
3022,39.16274,-86.5767,233
3022,39.16275,-86.57654,234
3022,39.16275,-86.57649,235
3022,39.16275,-86.57625,236
3022,39.16305,-86.57624,237
3022,39.16314,-86.57624,238
3022,39.16332,-86.57624,239
3022,39.16364,-86.57622,240
3022,39.16397,-86.57621,241
3022,39.16407,-86.57621,242
3022,39.16424,-86.57621,243
3022,39.16452,-86.5762,244
3022,39.16463,-86.5762,245
3022,39.16472,-86.57618,246
3022,39.16481,-86.57616,247
3022,39.1649,-86.57614,248
3022,39.16508,-86.57606,249
3022,39.16523,-86.57602,250
3022,39.16531,-86.576,251
3022,39.16563,-86.57599,252
3022,39.16578,-86.576,253
3022,39.1659,-86.576,254
3022,39.16598,-86.576,255
3022,39.16636,-86.57601,256
3022,39.16714,-86.57598,257
3022,39.16731,-86.57597,258
3022,39.16762,-86.576,259
3022,39.16786,-86.57616,260
3022,39.16807,-86.57631,261
3022,39.16823,-86.5764,262
3022,39.16834,-86.57642,263
3022,39.16846,-86.57642,264
3022,39.16859,-86.57642,265
3022,39.16879,-86.57642,266
3022,39.16917,-86.57641,267
3022,39.16946,-86.57641,268
3022,39.16975,-86.57641,269
3022,39.17013,-86.57642,270
3022,39.17035,-86.57643,271
3022,39.17071,-86.57643,272
3022,39.17087,-86.57643,273
3022,39.1709,-86.57642,274
3022,39.17108,-86.57642,275
3022,39.17109,-86.57642,276
3022,39.1712,-86.5764,277
3022,39.17126,-86.57637,278
3022,39.17132,-86.57634,279
3022,39.17139,-86.57628,280
3022,39.17141,-86.57627,281
3022,39.17151,-86.57615,282
3022,39.17156,-86.57601,283
3022,39.17159,-86.57591,284
3022,39.17158,-86.5759,285
3022,39.17158,-86.57589,286
3022,39.17157,-86.57588,287
3022,39.17157,-86.57587,288
3022,39.17157,-86.57586,289
3022,39.17156,-86.57585,290
3022,39.17156,-86.57584,291
3022,39.17156,-86.57583,292
3022,39.17156,-86.57582,293
3022,39.17155,-86.57581,294
3022,39.17155,-86.57579,295
3022,39.17155,-86.57578,296
3022,39.17155,-86.57577,297
3022,39.17155,-86.57576,298
3022,39.17156,-86.57575,299
3022,39.17156,-86.57574,300
3022,39.17156,-86.57572,301
3022,39.17156,-86.57571,302
3022,39.17157,-86.5757,303
3022,39.17157,-86.57569,304
3022,39.17158,-86.57568,305
3022,39.17158,-86.57567,306
3022,39.17159,-86.57566,307
3022,39.1716,-86.57566,308
3022,39.1716,-86.57565,309
3022,39.17161,-86.57564,310
3022,39.17162,-86.57563,311
3022,39.17163,-86.57563,312
3022,39.17163,-86.57562,313
3022,39.17164,-86.57562,314
3022,39.17165,-86.57561,315
3022,39.17166,-86.57561,316
3022,39.17167,-86.57561,317
3022,39.17168,-86.5756,318
3022,39.17169,-86.5756,319
3022,39.1717,-86.5756,320
3022,39.17171,-86.5756,321
3022,39.17172,-86.57561,322
3022,39.17173,-86.57561,323
3022,39.17174,-86.57561,324
3022,39.17175,-86.57561,325
3022,39.17176,-86.57562,326
3022,39.17177,-86.57563,327
3022,39.17178,-86.57564,328
3022,39.17179,-86.57564,329
3022,39.17179,-86.57565,330
3022,39.1718,-86.57566,331
3022,39.17181,-86.57567,332
3022,39.17181,-86.57568,333
3022,39.17182,-86.57569,334
3022,39.17182,-86.5757,335
3022,39.17183,-86.57571,336
3022,39.17183,-86.57573,337
3022,39.17183,-86.57574,338
3022,39.17184,-86.57575,339
3022,39.17184,-86.57576,340
3022,39.17184,-86.57577,341
3022,39.17184,-86.57578,342
3022,39.17184,-86.5758,343
3022,39.17184,-86.57581,344
3022,39.17184,-86.57582,345
3022,39.17184,-86.57583,346
3022,39.17183,-86.57584,347
3022,39.17183,-86.57585,348
3022,39.17183,-86.57586,349
3022,39.17182,-86.57587,350
3022,39.17182,-86.57588,351
3022,39.17181,-86.57589,352
3022,39.17181,-86.5759,353
3022,39.1718,-86.57591,354
3022,39.1718,-86.57592,355
3022,39.17179,-86.57592,356
3022,39.17179,-86.57593,357
3022,39.17178,-86.57594,358
3022,39.17177,-86.57594,359
3022,39.17177,-86.57595,360
3022,39.17176,-86.57595,361
3022,39.17175,-86.57596,362
3022,39.1717,-86.57603,363
3022,39.17165,-86.57608,364
3022,39.17162,-86.57609,365
3022,39.17156,-86.57613,366
3022,39.17151,-86.57615,367
3022,39.17141,-86.57627,368
3022,39.17132,-86.57634,369
3022,39.17126,-86.57637,370
3022,39.1712,-86.5764,371
3022,39.17109,-86.57642,372
3022,39.1709,-86.57642,373
3022,39.17071,-86.57643,374
3022,39.17035,-86.57643,375
3022,39.16975,-86.57641,376
3022,39.16946,-86.57641,377
3022,39.16879,-86.57642,378
3022,39.16859,-86.57642,379
3022,39.16834,-86.57642,380
3022,39.16823,-86.5764,381
3022,39.16807,-86.57631,382
3022,39.16762,-86.576,383
3022,39.16731,-86.57597,384
3022,39.16636,-86.57601,385
3022,39.16598,-86.576,386
3022,39.16563,-86.57599,387
3022,39.16531,-86.576,388
3022,39.16508,-86.57606,389
3022,39.1649,-86.57614,390
3022,39.16463,-86.5762,391
3022,39.16452,-86.5762,392
3022,39.16452,-86.57598,393
3022,39.16451,-86.57496,394
3022,39.16451,-86.57487,395
3022,39.16451,-86.57437,396
3022,39.16451,-86.57388,397
3022,39.16451,-86.57343,398
3022,39.16451,-86.57336,399
3022,39.16451,-86.57335,400
3022,39.16451,-86.57328,401
3022,39.16452,-86.57312,402
3022,39.16452,-86.57308,403
3022,39.16452,-86.57302,404
3022,39.16451,-86.57244,405
3022,39.1645,-86.57204,406
3022,39.16448,-86.57144,407
3022,39.16448,-86.5709,408
3022,39.16448,-86.57073,409
3022,39.16448,-86.57021,410
3022,39.16449,-86.56948,411
3022,39.16448,-86.56879,412
3022,39.16448,-86.56828,413
3022,39.16447,-86.56799,414
3022,39.16447,-86.56741,415
3022,39.16447,-86.56727,416
3022,39.16447,-86.56705,417
3022,39.16446,-86.5661,418
3022,39.16446,-86.56568,419
3022,39.16445,-86.56499,420
3022,39.16444,-86.56393,421
3022,39.16444,-86.5636,422
3022,39.16444,-86.56326,423
3022,39.16444,-86.56314,424
3022,39.16443,-86.56299,425
3022,39.16443,-86.56292,426
3022,39.16443,-86.56271,427
3022,39.16442,-86.5613,428
3022,39.16441,-86.5606,429
3022,39.16441,-86.56045,430
3022,39.16441,-86.56012,431
3022,39.16441,-86.55989,432
3022,39.16441,-86.55961,433
3022,39.16441,-86.55941,434
3022,39.16441,-86.55919,435
3022,39.1644,-86.55872,436
3022,39.1644,-86.55833,437
3022,39.1644,-86.55825,438
3022,39.16439,-86.55755,439
3022,39.16439,-86.55709,440
3022,39.16439,-86.55679,441
3022,39.16439,-86.55666,442
3022,39.16438,-86.55651,443
3022,39.16437,-86.55632,444
3022,39.16443,-86.55615,445
3022,39.16442,-86.5558,446
3022,39.16442,-86.55534,447
3022,39.16442,-86.55503,448
3022,39.16441,-86.55426,449
3022,39.16441,-86.55418,450
3022,39.1644,-86.55389,451
3022,39.1644,-86.55337,452
3022,39.16439,-86.55313,453
3022,39.16439,-86.55261,454
3022,39.16439,-86.55197,455
3022,39.16441,-86.55183,456
3022,39.16443,-86.55171,457
3022,39.16447,-86.55156,458
3022,39.16452,-86.55138,459
3022,39.16457,-86.55126,460
3022,39.16466,-86.55105,461
3022,39.16473,-86.55092,462
3022,39.16477,-86.55086,463
3022,39.16484,-86.55076,464
3022,39.16492,-86.55064,465
3022,39.16506,-86.55051,466
3022,39.16509,-86.55049,467
3022,39.16515,-86.55044,468
3022,39.16525,-86.55036,469
3022,39.16547,-86.55022,470
3022,39.16559,-86.55017,471
3022,39.1656,-86.55016,472
3022,39.16561,-86.55013,473
3022,39.16563,-86.5501,474
3022,39.16564,-86.55008,475
3022,39.16565,-86.55007,476
3022,39.16569,-86.55004,477
3022,39.16592,-86.54988,478
3022,39.16596,-86.54985,479
3022,39.1661,-86.54976,480
3022,39.16628,-86.54964,481
3022,39.16645,-86.54953,482
3022,39.16655,-86.54945,483
3022,39.16662,-86.54937,484
3022,39.16665,-86.54933,485
3022,39.16668,-86.54928,486
3022,39.16672,-86.54919,487
3022,39.1667,-86.54841,488
3022,39.1667,-86.54801,489
3022,39.1667,-86.54768,490
3022,39.1667,-86.54764,491
3022,39.1667,-86.54743,492
3022,39.1667,-86.54741,493
3022,39.16668,-86.54684,494
3022,39.16667,-86.54655,495
3022,39.16666,-86.54614,496
3022,39.16666,-86.54576,497
3022,39.16666,-86.54546,498
3022,39.16666,-86.54529,499
3022,39.16666,-86.54488,500
3022,39.16666,-86.54452,501
3022,39.16665,-86.54416,502
3022,39.16665,-86.54373,503
3022,39.16665,-86.5433,504
3022,39.16664,-86.54291,505
3022,39.16664,-86.54219,506
3022,39.16664,-86.54165,507
3022,39.16663,-86.54091,508
3022,39.16663,-86.54058,509
3022,39.16663,-86.54037,510
3022,39.16663,-86.53986,511
3022,39.16662,-86.53933,512
3022,39.16662,-86.53903,513
3022,39.16662,-86.53869,514
3022,39.16661,-86.53806,515
3022,39.16661,-86.53785,516
3022,39.1666,-86.53741,517
3022,39.1666,-86.53671,518
3022,39.1666,-86.53657,519
3022,39.16659,-86.53622,520
3022,39.16659,-86.53609,521
3022,39.16659,-86.53604,522
3022,39.16659,-86.53557,523
3022,39.16659,-86.53537,524
3022,39.16658,-86.53511,525
3022,39.16658,-86.53487,526
3022,39.1664,-86.53487,527
3022,39.166,-86.53488,528
3022,39.16559,-86.53488,529
3022,39.16513,-86.53488,530
3022,39.16499,-86.53488,531
3022,39.16492,-86.53489,532
3022,39.16467,-86.53489,533
3022,39.16457,-86.53489,534
3022,39.16457,-86.53446,535
3022,39.16456,-86.53425,536
3022,39.16456,-86.53364,537
3022,39.16455,-86.53339,538
3022,39.16455,-86.53301,539
3022,39.16459,-86.53295,540
3022,39.16459,-86.53276,541
3022,39.16459,-86.53269,542
3022,39.16459,-86.53237,543
3022,39.16447,-86.53237,544
3022,39.16429,-86.53237,545
3032,39.16426,-86.53369,0
3032,39.16456,-86.53364,1
3032,39.16464,-86.53364,2
3032,39.16517,-86.53363,3
3032,39.16556,-86.53362,4
3032,39.16558,-86.53418,5
3032,39.16559,-86.53488,6
3032,39.16559,-86.5349,7
3032,39.16559,-86.53536,8
3032,39.16559,-86.53557,9
3032,39.1656,-86.53608,10
3032,39.1656,-86.53631,11
3032,39.1656,-86.53677,12
3032,39.16561,-86.53742,13
3032,39.16561,-86.53785,14
3032,39.16561,-86.53806,15
3032,39.16562,-86.5387,16
3032,39.16592,-86.53869,17
3032,39.16612,-86.53869,18
3032,39.16634,-86.53869,19
3032,39.16662,-86.53869,20
3032,39.16662,-86.53933,21
3032,39.16663,-86.53986,22
3032,39.16663,-86.54025,23
3032,39.16663,-86.54037,24
3032,39.16663,-86.54091,25
3032,39.16664,-86.54165,26
3032,39.16664,-86.54219,27
3032,39.16664,-86.54291,28
3032,39.16665,-86.5433,29
3032,39.16665,-86.54373,30
3032,39.16665,-86.54416,31
3032,39.16666,-86.54452,32
3032,39.16666,-86.54488,33
3032,39.16666,-86.54529,34
3032,39.16666,-86.54546,35
3032,39.16666,-86.54576,36
3032,39.16666,-86.54614,37
3032,39.16667,-86.54655,38
3032,39.16668,-86.54684,39
3032,39.1667,-86.54741,40
3032,39.1667,-86.54743,41
3032,39.1667,-86.54764,42
3032,39.1667,-86.54801,43
3032,39.1667,-86.54841,44
3032,39.16671,-86.5489,45
3032,39.16672,-86.54919,46
3032,39.16672,-86.54963,47
3032,39.16662,-86.54962,48
3032,39.16653,-86.54963,49
3032,39.16645,-86.54967,50
3032,39.16636,-86.54972,51
3032,39.16633,-86.54974,52
3032,39.16627,-86.54978,53
3032,39.16616,-86.54984,54
3032,39.16571,-86.55012,55
3032,39.1656,-86.55016,56
3032,39.16559,-86.55017,57
3032,39.16547,-86.55022,58
3032,39.16525,-86.55036,59
3032,39.16515,-86.55044,60
3032,39.16509,-86.55049,61
3032,39.16492,-86.55064,62
3032,39.16484,-86.55076,63
3032,39.16477,-86.55086,64
3032,39.16473,-86.55092,65
3032,39.16466,-86.55105,66
3032,39.16457,-86.55126,67
3032,39.16452,-86.55138,68
3032,39.16447,-86.55156,69
3032,39.16443,-86.55171,70
3032,39.16441,-86.55183,71
3032,39.16439,-86.55197,72
3032,39.16439,-86.55261,73
3032,39.1644,-86.55337,74
3032,39.1644,-86.55389,75
3032,39.16441,-86.55418,76
3032,39.16441,-86.55426,77
3032,39.16442,-86.55503,78
3032,39.16442,-86.55534,79
3032,39.16442,-86.5558,80
3032,39.16442,-86.55597,81
3032,39.16443,-86.55615,82
3032,39.16448,-86.55633,83
3032,39.16449,-86.55651,84
3032,39.16449,-86.55679,85
3032,39.16449,-86.55689,86
3032,39.16449,-86.55714,87
3032,39.1645,-86.55818,88
3032,39.16451,-86.55852,89
3032,39.16451,-86.55867,90
3032,39.16451,-86.5588,91
3032,39.16451,-86.55922,92
3032,39.16451,-86.55924,93
3032,39.16451,-86.55932,94
3032,39.16451,-86.56012,95
3032,39.16452,-86.56105,96
3032,39.16453,-86.56219,97
3032,39.16453,-86.56239,98
3032,39.16453,-86.56271,99
3032,39.16453,-86.56283,100
3032,39.16454,-86.56301,101
3032,39.16454,-86.5636,102
3032,39.16455,-86.5641,103
3032,39.16455,-86.5646,104
3032,39.16455,-86.565,105
3032,39.16456,-86.56551,106
3032,39.16456,-86.56579,107
3032,39.16456,-86.56612,108
3032,39.16457,-86.56706,109
3032,39.16458,-86.56733,110
3032,39.16458,-86.568,111
3032,39.16459,-86.56892,112
3032,39.16459,-86.56948,113
3032,39.16461,-86.57021,114
3032,39.16461,-86.57064,115
3032,39.16462,-86.57083,116
3032,39.16462,-86.57114,117
3032,39.16464,-86.57202,118
3032,39.16464,-86.57244,119
3032,39.16464,-86.57267,120
3032,39.16464,-86.57271,121
3032,39.16464,-86.57299,122
3032,39.16464,-86.57301,123
3032,39.16464,-86.57309,124
3032,39.16464,-86.57322,125
3032,39.16464,-86.57327,126
3032,39.16465,-86.57362,127
3032,39.16464,-86.57387,128
3032,39.16467,-86.57434,129
3032,39.16466,-86.57479,130
3032,39.16464,-86.57523,131
3032,39.16464,-86.5753,132
3032,39.16463,-86.57551,133
3032,39.16468,-86.57567,134
3032,39.1647,-86.57573,135
3032,39.16472,-86.57579,136
3032,39.16475,-86.57585,137
3032,39.16477,-86.57588,138
3032,39.1648,-86.5759,139
3032,39.16481,-86.57591,140
3032,39.16483,-86.57593,141
3032,39.16486,-86.57594,142
3032,39.16492,-86.57596,143
3032,39.16494,-86.57597,144
3032,39.16497,-86.57598,145
3032,39.16499,-86.57598,146
3032,39.16508,-86.57606,147
3032,39.16531,-86.576,148
3032,39.16555,-86.57599,149
3032,39.16563,-86.57599,150
3032,39.1659,-86.576,151
3032,39.16598,-86.576,152
3032,39.16636,-86.57601,153
3032,39.16674,-86.576,154
3032,39.16714,-86.57598,155
3032,39.16731,-86.57597,156
3032,39.16762,-86.576,157
3032,39.16807,-86.57631,158
3032,39.16823,-86.5764,159
3032,39.16834,-86.57642,160
3032,39.16851,-86.57642,161
3032,39.16859,-86.57642,162
3032,39.16879,-86.57642,163
3032,39.16926,-86.57641,164
3032,39.16946,-86.57641,165
3032,39.16969,-86.57641,166
3032,39.16975,-86.57641,167
3032,39.17035,-86.57643,168
3032,39.17071,-86.57643,169
3032,39.1709,-86.57642,170
3032,39.17109,-86.57642,171
3032,39.1712,-86.5764,172
3032,39.17126,-86.57637,173
3032,39.17131,-86.57635,174
3032,39.17132,-86.57634,175
3032,39.17141,-86.57627,176
3032,39.17151,-86.57615,177
3032,39.17159,-86.57591,178
3032,39.17158,-86.5759,179
3032,39.17158,-86.57589,180
3032,39.17157,-86.57588,181
3032,39.17157,-86.57587,182
3032,39.17157,-86.57586,183
3032,39.17156,-86.57585,184
3032,39.17156,-86.57584,185
3032,39.17156,-86.57583,186
3032,39.17156,-86.57582,187
3032,39.17155,-86.57581,188
3032,39.17155,-86.57579,189
3032,39.17155,-86.57578,190
3032,39.17155,-86.57577,191
3032,39.17155,-86.57576,192
3032,39.17156,-86.57575,193
3032,39.17156,-86.57574,194
3032,39.17156,-86.57573,195
3032,39.17156,-86.57572,196
3032,39.17156,-86.57571,197
3032,39.17157,-86.5757,198
3032,39.17157,-86.57569,199
3032,39.17158,-86.57568,200
3032,39.17158,-86.57567,201
3032,39.17159,-86.57566,202
3032,39.1716,-86.57566,203
3032,39.1716,-86.57565,204
3032,39.17161,-86.57564,205
3032,39.17162,-86.57563,206
3032,39.17163,-86.57563,207
3032,39.17163,-86.57562,208
3032,39.17164,-86.57562,209
3032,39.17165,-86.57561,210
3032,39.17166,-86.57561,211
3032,39.17167,-86.57561,212
3032,39.17168,-86.5756,213
3032,39.17169,-86.5756,214
3032,39.1717,-86.5756,215
3032,39.17171,-86.5756,216
3032,39.17172,-86.57561,217
3032,39.17173,-86.57561,218
3032,39.17174,-86.57561,219
3032,39.17175,-86.57561,220
3032,39.17176,-86.57562,221
3032,39.17177,-86.57563,222
3032,39.17179,-86.57564,223
3032,39.17179,-86.57565,224
3032,39.1718,-86.57566,225
3032,39.17181,-86.57567,226
3032,39.17181,-86.57568,227
3032,39.17182,-86.57569,228
3032,39.17182,-86.5757,229
3032,39.17183,-86.57571,230
3032,39.17183,-86.57573,231
3032,39.17183,-86.57574,232
3032,39.17184,-86.57575,233
3032,39.17184,-86.57576,234
3032,39.17184,-86.57577,235
3032,39.17184,-86.57578,236
3032,39.17184,-86.5758,237
3032,39.17184,-86.57581,238
3032,39.17184,-86.57582,239
3032,39.17184,-86.57583,240
3032,39.17183,-86.57584,241
3032,39.17183,-86.57585,242
3032,39.17183,-86.57586,243
3032,39.17182,-86.57587,244
3032,39.17182,-86.57588,245
3032,39.17181,-86.57589,246
3032,39.17181,-86.5759,247
3032,39.1718,-86.57591,248
3032,39.1718,-86.57592,249
3032,39.17179,-86.57593,250
3032,39.17178,-86.57594,251
3032,39.17177,-86.57594,252
3032,39.17177,-86.57595,253
3032,39.17176,-86.57595,254
3032,39.17175,-86.57596,255
3032,39.1717,-86.57603,256
3032,39.17165,-86.57608,257
3032,39.17156,-86.57613,258
3032,39.17151,-86.57615,259
3032,39.17141,-86.57627,260
3032,39.17132,-86.57634,261
3032,39.17126,-86.57637,262
3032,39.17121,-86.5764,263
3032,39.1712,-86.5764,264
3032,39.17109,-86.57642,265
3032,39.1709,-86.57642,266
3032,39.17071,-86.57643,267
3032,39.17035,-86.57643,268
3032,39.16975,-86.57641,269
3032,39.16946,-86.57641,270
3032,39.16879,-86.57642,271
3032,39.16859,-86.57642,272
3032,39.16834,-86.57642,273
3032,39.16823,-86.5764,274
3032,39.16807,-86.57631,275
3032,39.16762,-86.576,276
3032,39.16731,-86.57597,277
3032,39.16636,-86.57601,278
3032,39.16598,-86.576,279
3032,39.16563,-86.57599,280
3032,39.16531,-86.576,281
3032,39.16508,-86.57606,282
3032,39.1649,-86.57614,283
3032,39.16476,-86.57617,284
3032,39.16463,-86.5762,285
3032,39.16452,-86.5762,286
3032,39.16424,-86.57621,287
3032,39.16397,-86.57621,288
3032,39.16364,-86.57622,289
3032,39.16362,-86.57622,290
3032,39.16332,-86.57624,291
3032,39.16314,-86.57624,292
3032,39.16288,-86.57625,293
3032,39.16275,-86.57625,294
3032,39.16275,-86.57649,295
3032,39.16274,-86.57661,296
3032,39.16274,-86.5767,297
3032,39.16274,-86.57691,298
3032,39.16274,-86.57713,299
3032,39.16274,-86.57734,300
3032,39.16274,-86.57756,301
3032,39.16274,-86.57766,302
3032,39.16274,-86.57776,303
3032,39.16274,-86.57798,304
3032,39.16274,-86.57819,305
3032,39.16274,-86.57839,306
3032,39.16274,-86.57861,307
3032,39.16274,-86.57882,308
3032,39.16274,-86.57891,309
3032,39.16274,-86.57915,310
3032,39.16308,-86.57916,311
3032,39.16309,-86.57916,312
3032,39.16332,-86.57915,313
3032,39.16365,-86.57915,314
3032,39.164,-86.57914,315
3032,39.16427,-86.57914,316
3032,39.16444,-86.57913,317
3032,39.1646,-86.57913,318
3032,39.16461,-86.57974,319
3032,39.16462,-86.57999,320
3032,39.16462,-86.58021,321
3032,39.16463,-86.58054,322
3032,39.16465,-86.58094,323
3032,39.16465,-86.58106,324
3032,39.16465,-86.58133,325
3032,39.16465,-86.58145,326
3032,39.16466,-86.58213,327
3032,39.16466,-86.58228,328
3032,39.16466,-86.58252,329
3032,39.16466,-86.58277,330
3032,39.16466,-86.58296,331
3032,39.16466,-86.58323,332
3032,39.16466,-86.58347,333
3032,39.16466,-86.58368,334
3032,39.16466,-86.58418,335
3032,39.16467,-86.58526,336
3032,39.16467,-86.58587,337
3032,39.16426,-86.58587,338
3032,39.16419,-86.58587,339
3032,39.16411,-86.58587,340
3032,39.16393,-86.58587,341
3032,39.16392,-86.58587,342
3032,39.16377,-86.58587,343
3032,39.16359,-86.58587,344
3032,39.16341,-86.58587,345
3032,39.16331,-86.58586,346
3032,39.1633,-86.58644,347
3032,39.1633,-86.5869,348
3032,39.1633,-86.58727,349
3032,39.1633,-86.58757,350
3032,39.1633,-86.58792,351
3032,39.16329,-86.58842,352
3032,39.16329,-86.58896,353
3032,39.16329,-86.5893,354
3032,39.16329,-86.58953,355
3032,39.16329,-86.59,356
3032,39.16328,-86.59071,357
3032,39.16328,-86.59098,358
3032,39.16329,-86.59187,359
3032,39.16271,-86.59185,360
3032,39.16257,-86.59185,361
3032,39.16187,-86.59184,362
3032,39.16122,-86.59182,363
3032,39.16067,-86.59181,364
3032,39.16028,-86.5918,365
3032,39.1592,-86.59178,366
3032,39.15829,-86.59177,367
3032,39.15804,-86.59176,368
3032,39.15783,-86.59176,369
3032,39.15758,-86.59176,370
3032,39.15711,-86.59175,371
3032,39.15704,-86.59175,372
3032,39.15688,-86.59176,373
3032,39.15688,-86.59122,374
3032,39.1569,-86.59051,375
3032,39.1569,-86.59031,376
3032,39.15689,-86.59001,377
3032,39.15683,-86.58971,378
3032,39.15667,-86.58939,379
3032,39.15657,-86.58926,380
3032,39.15654,-86.58922,381
3032,39.15636,-86.58903,382
3032,39.15616,-86.58894,383
3032,39.15601,-86.58889,384
3032,39.15591,-86.58889,385
3032,39.15544,-86.58887,386
3032,39.15502,-86.58886,387
3032,39.1549,-86.58886,388
3032,39.15472,-86.58885,389
3032,39.15441,-86.58884,390
3032,39.15442,-86.5885,391
3032,39.15442,-86.58828,392
3032,39.15443,-86.58744,393
3032,39.15444,-86.58697,394
3032,39.15448,-86.58674,395
3032,39.15451,-86.58666,396
3032,39.15453,-86.58661,397
3032,39.15463,-86.58638,398
3032,39.15465,-86.58634,399
3032,39.15487,-86.58592,400
3032,39.15507,-86.58558,401
3032,39.15565,-86.58456,402
3032,39.15581,-86.58428,403
3032,39.15597,-86.58401,404
3032,39.15623,-86.58355,405
3032,39.15632,-86.58339,406
3032,39.15674,-86.58263,407
3032,39.15648,-86.58263,408
3032,39.15618,-86.58263,409
3032,39.15608,-86.58263,410
3032,39.15576,-86.58263,411
3032,39.15546,-86.58262,412
3032,39.15488,-86.58262,413
3032,39.15405,-86.58261,414
3032,39.15364,-86.5826,415
3032,39.15336,-86.5826,416
3032,39.15304,-86.5826,417
3032,39.15278,-86.58261,418
3032,39.15258,-86.5826,419
3032,39.1521,-86.58261,420
3032,39.15179,-86.58262,421
3032,39.15135,-86.58263,422
3032,39.15089,-86.58263,423
3032,39.15085,-86.58263,424
3032,39.15065,-86.58263,425
3032,39.15055,-86.58262,426
3032,39.15005,-86.58261,427
3032,39.14969,-86.58261,428
3032,39.14919,-86.58261,429
3032,39.14912,-86.58261,430
3032,39.1489,-86.58261,431
3032,39.14876,-86.58261,432
3032,39.14852,-86.5826,433
3032,39.14827,-86.5826,434
3032,39.14778,-86.5826,435
3032,39.14721,-86.58261,436
3032,39.14687,-86.58261,437
3032,39.1467,-86.58261,438
3032,39.14628,-86.58261,439
3032,39.1459,-86.58261,440
3032,39.14577,-86.58261,441
3032,39.14462,-86.58262,442
3032,39.14451,-86.58262,443
3032,39.14393,-86.58261,444
3032,39.14327,-86.58261,445
3032,39.14317,-86.5826,446
3032,39.14271,-86.5826,447
3032,39.14245,-86.5826,448
3032,39.14233,-86.5826,449
3032,39.14202,-86.58259,450
3032,39.1419,-86.58259,451
3032,39.14229,-86.582,452
3032,39.14236,-86.5819,453
3032,39.14238,-86.58188,454
3042,39.16559,-86.53488,0
3042,39.16559,-86.5349,1
3042,39.16559,-86.53536,2
3042,39.16559,-86.53557,3
3042,39.1656,-86.53586,4
3042,39.1656,-86.53608,5
3042,39.1656,-86.53631,6
3042,39.1656,-86.53677,7
3042,39.16561,-86.53742,8
3042,39.16561,-86.53806,9
3042,39.16562,-86.53831,10
3042,39.16562,-86.5387,11
3042,39.16592,-86.53869,12
3042,39.16612,-86.53869,13
3042,39.16632,-86.53869,14
3042,39.16662,-86.53869,15
3042,39.16662,-86.53933,16
3042,39.16663,-86.53986,17
3042,39.16663,-86.54032,18
3042,39.16663,-86.54037,19
3042,39.16663,-86.54091,20
3042,39.16663,-86.54102,21
3042,39.16664,-86.54165,22
3042,39.16664,-86.54219,23
3042,39.16664,-86.54291,24
3042,39.16665,-86.5433,25
3042,39.16665,-86.54373,26
3042,39.16665,-86.54416,27
3042,39.16666,-86.54452,28
3042,39.16666,-86.54488,29
3042,39.16666,-86.54529,30
3042,39.16666,-86.54546,31
3042,39.16666,-86.54576,32
3042,39.16666,-86.54614,33
3042,39.16667,-86.54655,34
3042,39.16668,-86.54684,35
3042,39.16669,-86.54723,36
3042,39.1667,-86.54741,37
3042,39.1667,-86.54743,38
3042,39.1667,-86.54764,39
3042,39.1667,-86.54797,40
3042,39.1667,-86.54801,41
3042,39.1667,-86.54841,42
3042,39.16672,-86.54919,43
3042,39.16672,-86.54963,44
3042,39.16662,-86.54962,45
3042,39.16653,-86.54963,46
3042,39.16645,-86.54967,47
3042,39.16636,-86.54972,48
3042,39.16633,-86.54974,49
3042,39.16627,-86.54978,50
3042,39.16591,-86.54999,51
3042,39.16571,-86.55012,52
3042,39.1656,-86.55016,53
3042,39.16559,-86.55017,54
3042,39.16547,-86.55022,55
3042,39.16534,-86.5503,56
3042,39.16525,-86.55036,57
3042,39.16515,-86.55044,58
3042,39.16509,-86.55049,59
3042,39.16492,-86.55064,60
3042,39.16484,-86.55076,61
3042,39.16477,-86.55086,62
3042,39.16473,-86.55092,63
3042,39.16466,-86.55105,64
3042,39.16457,-86.55126,65
3042,39.16456,-86.55128,66
3042,39.16452,-86.55138,67
3042,39.16447,-86.55156,68
3042,39.16443,-86.55171,69
3042,39.16441,-86.55183,70
3042,39.16439,-86.55197,71
3042,39.16439,-86.55261,72
3042,39.16439,-86.55294,73
3042,39.1644,-86.55337,74
3042,39.1644,-86.55389,75
3042,39.16441,-86.55418,76
3042,39.16441,-86.55426,77
3042,39.16442,-86.55503,78
3042,39.16442,-86.5553,79
3042,39.16442,-86.55534,80
3042,39.16442,-86.5558,81
3042,39.16443,-86.55615,82
3042,39.16448,-86.55633,83
3042,39.16449,-86.55651,84
3042,39.16449,-86.55679,85
3042,39.16449,-86.55689,86
3042,39.16449,-86.55714,87
3042,39.1645,-86.55818,88
3042,39.16451,-86.55852,89
3042,39.16451,-86.55867,90
3042,39.16451,-86.5588,91
3042,39.16451,-86.55922,92
3042,39.16451,-86.55932,93
3042,39.16451,-86.56012,94
3042,39.16452,-86.56105,95
3042,39.16453,-86.56219,96
3042,39.16453,-86.56239,97
3042,39.16453,-86.56271,98
3042,39.16453,-86.56283,99
3042,39.16454,-86.56301,100
3042,39.16454,-86.5636,101
3042,39.16455,-86.5641,102
3042,39.16455,-86.5646,103
3042,39.16455,-86.565,104
3042,39.16456,-86.56551,105
3042,39.16456,-86.56612,106
3042,39.16457,-86.56706,107
3042,39.16458,-86.56733,108
3042,39.16458,-86.568,109
3042,39.16459,-86.56892,110
3042,39.16459,-86.56948,111
3042,39.16461,-86.57021,112
3042,39.16461,-86.57064,113
3042,39.16462,-86.57083,114
3042,39.16463,-86.57158,115
3042,39.16464,-86.57202,116
3042,39.16464,-86.57244,117
3042,39.16464,-86.57267,118
3042,39.16464,-86.57271,119
3042,39.16464,-86.57299,120
3042,39.16464,-86.57301,121
3042,39.16464,-86.57309,122
3042,39.16464,-86.57322,123
3042,39.16464,-86.57327,124
3042,39.16465,-86.57362,125
3042,39.16464,-86.57387,126
3042,39.16467,-86.57434,127
3042,39.16466,-86.57479,128
3042,39.16465,-86.57497,129
3042,39.16464,-86.57523,130
3042,39.16463,-86.57551,131
3042,39.16468,-86.57567,132
3042,39.1647,-86.57573,133
3042,39.16472,-86.57579,134
3042,39.16475,-86.57585,135
3042,39.16477,-86.57588,136
3042,39.1648,-86.5759,137
3042,39.16481,-86.57591,138
3042,39.16483,-86.57593,139
3042,39.16486,-86.57594,140
3042,39.16492,-86.57596,141
3042,39.16494,-86.57597,142
3042,39.16495,-86.57597,143
3042,39.16497,-86.57598,144
3042,39.16499,-86.57598,145
3042,39.16508,-86.57606,146
3042,39.16531,-86.576,147
3042,39.16563,-86.57599,148
3042,39.16582,-86.576,149
3042,39.16598,-86.576,150
3042,39.16636,-86.57601,151
3042,39.16686,-86.57599,152
3042,39.16731,-86.57597,153
3042,39.16762,-86.576,154
3042,39.1677,-86.57606,155
3042,39.16807,-86.57631,156
3042,39.16823,-86.5764,157
3042,39.16834,-86.57642,158
3042,39.16859,-86.57642,159
3042,39.1686,-86.57642,160
3042,39.16879,-86.57642,161
3042,39.16912,-86.57641,162
3042,39.16946,-86.57641,163
3042,39.16975,-86.57641,164
3042,39.17035,-86.57643,165
3042,39.17071,-86.57643,166
3042,39.1709,-86.57642,167
3042,39.17109,-86.57642,168
3042,39.1712,-86.5764,169
3042,39.17126,-86.57637,170
3042,39.17132,-86.57634,171
3042,39.17133,-86.57634,172
3042,39.17141,-86.57627,173
3042,39.17151,-86.57615,174
3042,39.17159,-86.57591,175
3042,39.17158,-86.5759,176
3042,39.17158,-86.57589,177
3042,39.17157,-86.57588,178
3042,39.17157,-86.57587,179
3042,39.17157,-86.57586,180
3042,39.17156,-86.57585,181
3042,39.17156,-86.57584,182
3042,39.17156,-86.57583,183
3042,39.17156,-86.57582,184
3042,39.17155,-86.57581,185
3042,39.17155,-86.57579,186
3042,39.17155,-86.57578,187
3042,39.17155,-86.57577,188
3042,39.17155,-86.57576,189
3042,39.17156,-86.57575,190
3042,39.17156,-86.57574,191
3042,39.17156,-86.57572,192
3042,39.17156,-86.57571,193
3042,39.17157,-86.5757,194
3042,39.17157,-86.57569,195
3042,39.17158,-86.57568,196
3042,39.17158,-86.57567,197
3042,39.17159,-86.57566,198
3042,39.1716,-86.57566,199
3042,39.1716,-86.57565,200
3042,39.17161,-86.57564,201
3042,39.17162,-86.57563,202
3042,39.17163,-86.57563,203
3042,39.17163,-86.57562,204
3042,39.17164,-86.57562,205
3042,39.17165,-86.57561,206
3042,39.17166,-86.57561,207
3042,39.17167,-86.57561,208
3042,39.17168,-86.5756,209
3042,39.17169,-86.5756,210
3042,39.1717,-86.5756,211
3042,39.17171,-86.5756,212
3042,39.17172,-86.57561,213
3042,39.17173,-86.57561,214
3042,39.17174,-86.57561,215
3042,39.17175,-86.57561,216
3042,39.17176,-86.57562,217
3042,39.17177,-86.57563,218
3042,39.17178,-86.57564,219
3042,39.17179,-86.57564,220
3042,39.17179,-86.57565,221
3042,39.1718,-86.57566,222
3042,39.17181,-86.57567,223
3042,39.17181,-86.57568,224
3042,39.17182,-86.57569,225
3042,39.17182,-86.5757,226
3042,39.17183,-86.57571,227
3042,39.17183,-86.57573,228
3042,39.17183,-86.57574,229
3042,39.17184,-86.57575,230
3042,39.17184,-86.57576,231
3042,39.17184,-86.57577,232
3042,39.17184,-86.57578,233
3042,39.17184,-86.5758,234
3042,39.17184,-86.57581,235
3042,39.17184,-86.57582,236
3042,39.17184,-86.57583,237
3042,39.17183,-86.57584,238
3042,39.17183,-86.57585,239
3042,39.17183,-86.57586,240
3042,39.17182,-86.57587,241
3042,39.17182,-86.57588,242
3042,39.17181,-86.57589,243
3042,39.17181,-86.5759,244
3042,39.1718,-86.57591,245
3042,39.1718,-86.57592,246
3042,39.17179,-86.57593,247
3042,39.17178,-86.57594,248
3042,39.17177,-86.57594,249
3042,39.17177,-86.57595,250
3042,39.17176,-86.57595,251
3042,39.17175,-86.57596,252
3042,39.1717,-86.57603,253
3042,39.17165,-86.57608,254
3042,39.17156,-86.57613,255
3042,39.17151,-86.57615,256
3042,39.17141,-86.57627,257
3042,39.17132,-86.57634,258
3042,39.17126,-86.57637,259
3042,39.1712,-86.5764,260
3042,39.17109,-86.57642,261
3042,39.1709,-86.57642,262
3042,39.17071,-86.57643,263
3042,39.1706,-86.57643,264
3042,39.17035,-86.57643,265
3042,39.16975,-86.57641,266
3042,39.16946,-86.57641,267
3042,39.16879,-86.57642,268
3042,39.16859,-86.57642,269
3042,39.16834,-86.57642,270
3042,39.16823,-86.5764,271
3042,39.16807,-86.57631,272
3042,39.16762,-86.576,273
3042,39.16731,-86.57597,274
3042,39.16636,-86.57601,275
3042,39.16598,-86.576,276
3042,39.16563,-86.57599,277
3042,39.16531,-86.576,278
3042,39.16508,-86.57606,279
3042,39.1649,-86.57614,280
3042,39.16477,-86.57617,281
3042,39.16463,-86.5762,282
3042,39.16452,-86.5762,283
3042,39.16439,-86.5762,284
3042,39.16424,-86.57621,285
3042,39.16403,-86.57621,286
3042,39.16397,-86.57621,287
3042,39.16364,-86.57622,288
3042,39.16357,-86.57622,289
3042,39.16335,-86.57624,290
3042,39.16332,-86.57624,291
3042,39.16314,-86.57624,292
3042,39.16286,-86.57625,293
3042,39.16275,-86.57625,294
3042,39.16275,-86.57649,295
3042,39.16274,-86.5767,296
3042,39.16274,-86.57691,297
3042,39.16274,-86.57713,298
3042,39.16274,-86.57719,299
3042,39.16274,-86.57734,300
3042,39.16274,-86.5775,301
3042,39.16274,-86.57756,302
3042,39.16274,-86.57776,303
3042,39.16274,-86.57798,304
3042,39.16274,-86.57819,305
3042,39.16274,-86.57839,306
3042,39.16274,-86.57861,307
3042,39.16274,-86.57882,308
3042,39.16274,-86.57891,309
3042,39.16274,-86.57915,310
3042,39.16308,-86.57916,311
3042,39.16309,-86.57916,312
3042,39.16365,-86.57915,313
3042,39.16379,-86.57915,314
3042,39.164,-86.57914,315
3042,39.16414,-86.57914,316
3042,39.16427,-86.57914,317
3042,39.1646,-86.57913,318
3042,39.16461,-86.57974,319
3042,39.16461,-86.57983,320
3042,39.16462,-86.57999,321
3042,39.16463,-86.58054,322
3042,39.16465,-86.58094,323
3042,39.16465,-86.58101,324
3042,39.16465,-86.58106,325
3042,39.16465,-86.58133,326
3042,39.16465,-86.58145,327
3042,39.16466,-86.58213,328
3042,39.16466,-86.58228,329
3042,39.16466,-86.58252,330
3042,39.16466,-86.58296,331
3042,39.16466,-86.58323,332
3042,39.16466,-86.58347,333
3042,39.16466,-86.58368,334
3042,39.16466,-86.58418,335
3042,39.16467,-86.58567,336
3042,39.16467,-86.58587,337
3042,39.16426,-86.58587,338
3042,39.16411,-86.58587,339
3042,39.16393,-86.58587,340
3042,39.16392,-86.58587,341
3042,39.16377,-86.58587,342
3042,39.16359,-86.58587,343
3042,39.16339,-86.58587,344
3042,39.16331,-86.58586,345
3042,39.1633,-86.58644,346
3042,39.1633,-86.5869,347
3042,39.1633,-86.58716,348
3042,39.1633,-86.58727,349
3042,39.1633,-86.58757,350
3042,39.1633,-86.58792,351
3042,39.16329,-86.58842,352
3042,39.16329,-86.58896,353
3042,39.16329,-86.5893,354
3042,39.16329,-86.58953,355
3042,39.16329,-86.59,356
3042,39.16328,-86.59098,357
3042,39.16328,-86.59137,358
3042,39.16329,-86.59187,359
3042,39.16257,-86.59185,360
3042,39.16212,-86.59184,361
3042,39.16187,-86.59184,362
3042,39.16122,-86.59182,363
3042,39.16028,-86.5918,364
3042,39.1592,-86.59178,365
3042,39.15829,-86.59177,366
3042,39.15804,-86.59176,367
3042,39.15758,-86.59176,368
3042,39.15741,-86.59175,369
3042,39.15711,-86.59175,370
3042,39.15688,-86.59176,371
3042,39.15688,-86.59122,372
3042,39.1569,-86.59049,373
3042,39.1569,-86.59031,374
3042,39.15689,-86.59001,375
3042,39.15683,-86.58971,376
3042,39.15667,-86.58939,377
3042,39.15657,-86.58926,378
3042,39.15654,-86.58922,379
3042,39.15636,-86.58903,380
3042,39.15616,-86.58894,381
3042,39.15601,-86.58889,382
3042,39.15591,-86.58889,383
3042,39.15544,-86.58887,384
3042,39.15529,-86.58887,385
3042,39.1549,-86.58886,386
3042,39.15472,-86.58885,387
3042,39.15441,-86.58884,388
3042,39.15442,-86.58828,389
3042,39.15443,-86.58792,390
3042,39.15443,-86.58744,391
3042,39.15444,-86.58697,392
3042,39.15448,-86.58674,393
3042,39.15453,-86.58661,394
3042,39.15463,-86.58638,395
3042,39.15465,-86.58634,396
3042,39.15487,-86.58592,397
3042,39.15507,-86.58558,398
3042,39.15532,-86.58515,399
3042,39.15565,-86.58456,400
3042,39.15581,-86.58428,401
3042,39.15597,-86.58401,402
3042,39.15632,-86.58339,403
3042,39.15635,-86.58333,404
3042,39.15674,-86.58263,405
3042,39.15648,-86.58263,406
3042,39.15608,-86.58263,407
3042,39.15576,-86.58263,408
3042,39.15553,-86.58262,409
3042,39.15546,-86.58262,410
3042,39.15488,-86.58262,411
3042,39.15405,-86.58261,412
3042,39.15364,-86.5826,413
3042,39.15336,-86.5826,414
3042,39.15278,-86.58261,415
3042,39.15258,-86.5826,416
3042,39.1521,-86.58261,417
3042,39.15179,-86.58262,418
3042,39.15135,-86.58263,419
3042,39.15123,-86.58263,420
3042,39.15089,-86.58263,421
3042,39.15065,-86.58263,422
3042,39.15055,-86.58262,423
3042,39.15005,-86.58261,424
3042,39.14969,-86.58261,425
3042,39.14919,-86.58261,426
3042,39.14912,-86.58261,427
3042,39.1489,-86.58261,428
3042,39.14876,-86.58261,429
3042,39.14852,-86.5826,430
3042,39.14827,-86.5826,431
3042,39.14808,-86.5826,432
3042,39.14778,-86.5826,433
3042,39.14721,-86.58261,434
3042,39.1467,-86.58261,435
3042,39.14628,-86.58261,436
3042,39.1459,-86.58261,437
3042,39.14577,-86.58261,438
3042,39.14533,-86.58261,439
3042,39.14462,-86.58262,440
3042,39.14451,-86.58262,441
3042,39.14393,-86.58261,442
3042,39.14317,-86.5826,443
3042,39.14271,-86.5826,444
3042,39.14258,-86.5826,445
3042,39.14245,-86.5826,446
3042,39.14233,-86.5826,447
3042,39.14202,-86.58259,448
3042,39.1419,-86.58259,449
3042,39.14229,-86.582,450
3042,39.14236,-86.5819,451
3042,39.14243,-86.58181,452
3042,39.14273,-86.58143,453
3042,39.14306,-86.58099,454
3042,39.14309,-86.58096,455
3042,39.14319,-86.58083,456
3042,39.14325,-86.58075,457
3042,39.14334,-86.58062,458
3042,39.14341,-86.58052,459
3042,39.14348,-86.58042,460
3042,39.14356,-86.58029,461
3042,39.14375,-86.58001,462
3042,39.14382,-86.57989,463
3042,39.14389,-86.57978,464
3042,39.14401,-86.57956,465
3042,39.14416,-86.57929,466
3042,39.14436,-86.57891,467
3042,39.14442,-86.5788,468
3042,39.14453,-86.57858,469
3042,39.14459,-86.57847,470
3042,39.14468,-86.5783,471
3042,39.14498,-86.57773,472
3042,39.14507,-86.57782,473
3042,39.14526,-86.57799,474
3042,39.14536,-86.57807,475
3042,39.14542,-86.5781,476
3042,39.14543,-86.57811,477
3042,39.1455,-86.57814,478
3042,39.14556,-86.57816,479
3042,39.14557,-86.57816,480
3042,39.14562,-86.57817,481
3042,39.14568,-86.57817,482
3042,39.14573,-86.57817,483
3042,39.14579,-86.57816,484
3042,39.14584,-86.57814,485
3042,39.14585,-86.57814,486
3042,39.14591,-86.57812,487
3042,39.14596,-86.57809,488
3042,39.14602,-86.57806,489
3042,39.14606,-86.57802,490
3042,39.14611,-86.57798,491
3042,39.14614,-86.57794,492
3042,39.14617,-86.5779,493
3042,39.14618,-86.57789,494
3042,39.14621,-86.57784,495
3042,39.14626,-86.57776,496
3042,39.14631,-86.57765,497
3042,39.14637,-86.57754,498
3042,39.14642,-86.57745,499
3042,39.14646,-86.57738,500
3042,39.14651,-86.57732,501
3042,39.14655,-86.57728,502
3042,39.14658,-86.57725,503
3042,39.14661,-86.57723,504
3042,39.14665,-86.5772,505
3042,39.14669,-86.57718,506
3042,39.14673,-86.57715,507
3042,39.14679,-86.57713,508
3042,39.14684,-86.57711,509
3042,39.14689,-86.5771,510
3042,39.14693,-86.57709,511
3042,39.14698,-86.57709,512
3042,39.147,-86.57709,513
3042,39.14727,-86.57709,514
3042,39.14748,-86.5771,515
3042,39.14764,-86.5771,516
3042,39.14787,-86.57711,517
3042,39.14804,-86.57711,518
3042,39.14818,-86.5771,519
3042,39.14828,-86.5771,520
3042,39.1484,-86.57709,521
3042,39.14847,-86.57708,522
3042,39.14849,-86.57708,523
3042,39.14852,-86.57708,524
3042,39.14856,-86.57707,525
3042,39.1486,-86.57707,526
3042,39.14868,-86.57705,527
3042,39.14927,-86.57693,528
3042,39.14941,-86.5769,529
3042,39.14947,-86.57689,530
3042,39.14956,-86.57688,531
3042,39.14969,-86.57687,532
3042,39.14979,-86.57687,533
3042,39.14985,-86.57687,534
3042,39.14991,-86.57686,535
3042,39.15006,-86.57686,536
3042,39.15032,-86.57686,537
3042,39.15039,-86.57686,538
3042,39.15059,-86.57686,539
3042,39.15084,-86.57686,540
3042,39.15122,-86.57687,541
3042,39.15122,-86.57709,542
3042,39.15121,-86.57756,543
3042,39.15121,-86.5778,544
3042,39.15121,-86.57803,545
3042,39.15121,-86.57827,546
3042,39.15121,-86.57834,547
3042,39.15127,-86.57895,548
3042,39.15133,-86.57936,549
3042,39.15134,-86.5794,550
3042,39.15134,-86.57942,551
3042,39.15136,-86.57988,552
3042,39.15137,-86.58002,553
3042,39.15136,-86.58049,554
3042,39.15136,-86.58055,555
3042,39.15136,-86.58101,556
3042,39.15136,-86.58106,557
3042,39.15136,-86.58113,558
3042,39.15135,-86.58217,559
3042,39.15135,-86.58219,560
3042,39.15135,-86.58263,561
3042,39.15179,-86.58262,562
3042,39.1521,-86.58261,563
3042,39.15258,-86.5826,564
3042,39.15278,-86.58261,565
3042,39.15336,-86.5826,566
3042,39.15364,-86.5826,567
3042,39.15405,-86.58261,568
3042,39.15488,-86.58262,569
3042,39.15546,-86.58262,570
3042,39.15576,-86.58263,571
3042,39.15608,-86.58263,572
3042,39.15648,-86.58263,573
3042,39.15674,-86.58263,574
3042,39.15732,-86.58264,575
3042,39.15746,-86.58264,576
3042,39.15806,-86.58265,577
3042,39.1586,-86.58266,578
3042,39.16069,-86.58268,579
3042,39.16155,-86.58269,580
3042,39.16188,-86.5827,581
3042,39.16199,-86.58271,582
3042,39.16274,-86.58275,583
3042,39.1629,-86.58276,584
3042,39.16296,-86.58276,585
3042,39.1632,-86.58276,586
3042,39.16332,-86.58276,587
3042,39.16342,-86.58276,588
3042,39.16362,-86.58276,589
3042,39.16379,-86.58278,590
3042,39.1639,-86.58279,591
3042,39.16405,-86.58281,592
3042,39.16416,-86.58283,593
3042,39.16431,-86.58287,594
3042,39.16436,-86.58288,595
3042,39.16443,-86.5829,596
3042,39.16466,-86.58296,597
3042,39.16466,-86.58252,598
3042,39.16466,-86.58228,599
3042,39.16466,-86.58213,600
3042,39.16465,-86.58145,601
3042,39.16465,-86.58133,602
3042,39.16465,-86.58106,603
3042,39.16465,-86.58094,604
3042,39.16463,-86.58054,605
3042,39.16462,-86.57999,606
3042,39.16461,-86.57974,607
3042,39.1646,-86.57913,608
3042,39.16427,-86.57914,609
3042,39.164,-86.57914,610
3042,39.16365,-86.57915,611
3042,39.16309,-86.57916,612
3042,39.16308,-86.57916,613
3042,39.16274,-86.57915,614
3042,39.16274,-86.5791,615
3042,39.16275,-86.5784,616
3042,39.16275,-86.57628,617
3042,39.16275,-86.57625,618
3042,39.16314,-86.57624,619
3042,39.16332,-86.57624,620
3042,39.16364,-86.57622,621
3042,39.16397,-86.57621,622
3042,39.16424,-86.57621,623
3042,39.16452,-86.5762,624
3042,39.16451,-86.57496,625
3042,39.16451,-86.57464,626
3042,39.16451,-86.57437,627
3042,39.16451,-86.57388,628
3042,39.16451,-86.57343,629
3042,39.16451,-86.57336,630
3042,39.16451,-86.57335,631
3042,39.16451,-86.57328,632
3042,39.16452,-86.57312,633
3042,39.16452,-86.57308,634
3042,39.16452,-86.57302,635
3042,39.16451,-86.57244,636
3042,39.1645,-86.57204,637
3042,39.16448,-86.57144,638
3042,39.16448,-86.5709,639
3042,39.16448,-86.57025,640
3042,39.16448,-86.57021,641
3042,39.16449,-86.56948,642
3042,39.16448,-86.56879,643
3042,39.16448,-86.56828,644
3042,39.16447,-86.56799,645
3042,39.16447,-86.56741,646
3042,39.16447,-86.56727,647
3042,39.16447,-86.56705,648
3042,39.16446,-86.5661,649
3042,39.16446,-86.56568,650
3042,39.16445,-86.56499,651
3042,39.16444,-86.56393,652
3042,39.16444,-86.5636,653
3042,39.16444,-86.56314,654
3042,39.16443,-86.56302,655
3042,39.16443,-86.56299,656
3042,39.16443,-86.56292,657
3042,39.16443,-86.56271,658
3042,39.16442,-86.5613,659
3042,39.16441,-86.5606,660
3042,39.16441,-86.56045,661
3042,39.16441,-86.56012,662
3042,39.16441,-86.55989,663
3042,39.16441,-86.55961,664
3042,39.16441,-86.55941,665
3042,39.16441,-86.55919,666
3042,39.1644,-86.55872,667
3042,39.1644,-86.55833,668
3042,39.1644,-86.55825,669
3042,39.16439,-86.55709,670
3042,39.16436,-86.55709,671
3042,39.16434,-86.55709,672
3042,39.16436,-86.55709,673
3042,39.16439,-86.55709,674
3042,39.16439,-86.55679,675
3042,39.16439,-86.55666,676
3042,39.16438,-86.55651,677
3042,39.16437,-86.55632,678
3042,39.16443,-86.55615,679
3042,39.16442,-86.5558,680
3042,39.16442,-86.55534,681
3042,39.16442,-86.55503,682
3042,39.16441,-86.55426,683
3042,39.16441,-86.55418,684
3042,39.1644,-86.55389,685
3042,39.1644,-86.55337,686
3042,39.16439,-86.55261,687
3042,39.16439,-86.55197,688
3042,39.16441,-86.55183,689
3042,39.16443,-86.55171,690
3042,39.16447,-86.55156,691
3042,39.16452,-86.55138,692
3042,39.16457,-86.55126,693
3042,39.16466,-86.55105,694
3042,39.16473,-86.55092,695
3042,39.16477,-86.55086,696
3042,39.16484,-86.55076,697
3042,39.16492,-86.55064,698
3042,39.16509,-86.55049,699
3042,39.16515,-86.55044,700
3042,39.16525,-86.55036,701
3042,39.16547,-86.55022,702
3042,39.16559,-86.55017,703
3042,39.1656,-86.55016,704
3042,39.16561,-86.55013,705
3042,39.16563,-86.5501,706
3042,39.16564,-86.55008,707
3042,39.16565,-86.55007,708
3042,39.16569,-86.55004,709
3042,39.16592,-86.54988,710
3042,39.16596,-86.54985,711
3042,39.16628,-86.54964,712
3042,39.16645,-86.54953,713
3042,39.16655,-86.54945,714
3042,39.16662,-86.54937,715
3042,39.16665,-86.54933,716
3042,39.16668,-86.54928,717
3042,39.16672,-86.54919,718
3042,39.1667,-86.54841,719
3042,39.1667,-86.54801,720
3042,39.1667,-86.54764,721
3042,39.1667,-86.54743,722
3042,39.1667,-86.54741,723
3042,39.16668,-86.54684,724
3042,39.16667,-86.54655,725
3042,39.16666,-86.54614,726
3042,39.16666,-86.54576,727
3042,39.16666,-86.54546,728
3042,39.16666,-86.54529,729
3042,39.16666,-86.54488,730
3042,39.16666,-86.54452,731
3042,39.16665,-86.54416,732
3042,39.16665,-86.54373,733
3042,39.16665,-86.5433,734
3042,39.16664,-86.54291,735
3042,39.16664,-86.54219,736
3042,39.16664,-86.54165,737
3042,39.16663,-86.54091,738
3042,39.16663,-86.54037,739
3042,39.16663,-86.53986,740
3042,39.16662,-86.53933,741
3042,39.16662,-86.53869,742
3042,39.16663,-86.53868,743
3042,39.16661,-86.5382,744
3042,39.16661,-86.53806,745
3042,39.1666,-86.53741,746
3042,39.1666,-86.53671,747
3042,39.1666,-86.53667,748
3042,39.1666,-86.53657,749
3042,39.16659,-86.53622,750
3042,39.16659,-86.53609,751
3042,39.16659,-86.53604,752
3042,39.16659,-86.53557,753
3042,39.16658,-86.53511,754
3042,39.16658,-86.53487,755
3042,39.1664,-86.53487,756
3042,39.16629,-86.53488,757
3042,39.16559,-86.53488,758
3042,39.16513,-86.53488,759
3042,39.16499,-86.53488,760
3042,39.16467,-86.53489,761
3042,39.16457,-86.53489,762
3042,39.16456,-86.53425,763
3042,39.16456,-86.53364,764
3042,39.16557,-86.53361,765
3042,39.16558,-86.53362,766
3042,39.16558,-86.53418,767
3042,39.16559,-86.53488,768
3042,39.16513,-86.53488,769
3042,39.16499,-86.53488,770
3042,39.16467,-86.53489,771
3042,39.16457,-86.53489,772
3042,39.16456,-86.53425,773
3042,39.16456,-86.53364,774
3042,39.16455,-86.53295,775
3042,39.16455,-86.53237,776
3042,39.16425,-86.53239,777
3042,39.16426,-86.53365,778
3042,39.16456,-86.53364,779
3042,39.16454,-86.53237,780
3042,39.16456,-86.53237,781
