trip_id,arrival_time,departure_time,stop_id,stop_sequence,timepoint
7942605,07:10:00,07:10:00,2759346,0,1
7942605,,,2927977,1,0
7942605,,,2927978,2,0
7942605,,,2927979,3,0
7942605,,,2927980,4,0
7942605,,,2927981,5,0
7942605,,,2927982,6,0
7942605,07:15:00,07:15:00,2933837,7,1
7942605,,,2927983,8,0
7942605,,,2927984,9,0
7942605,,,2927985,10,0
7942605,,,2927986,11,0
7942605,07:21:00,07:21:00,2933838,12,1
7942605,,,2927987,13,0
7942605,07:26:00,07:26:00,2927988,14,1
7942605,,,2927989,15,0
7942605,,,2927990,16,0
7942605,,,2927991,17,0
7942605,,,2927992,18,0
7942605,,,2927993,19,0
7942605,,,2928387,20,0
7942605,,,2928388,21,0
7942605,,,2928389,22,0
7942605,,,2928702,23,0
7942605,,,2928703,24,0
7942605,,,2928704,25,0
7942605,,,2928705,26,0
7942605,07:30:00,07:30:00,2759362,27,1
7942605,07:35:00,07:35:00,2928707,28,1
7942605,,,2928708,29,0
7942605,,,2928709,30,0
7942605,,,2928710,31,0
7942605,,,2928711,32,0
7942605,,,2928712,33,0
7942605,,,2928713,34,0
7942605,,,2928714,35,0
7942605,,,2928715,36,0
7942605,,,2928716,37,0
7942605,07:41:00,07:41:00,2933815,38,1
7942605,,,2933816,39,0
7942605,,,2933817,40,0
7942605,,,2933818,41,0
7942605,,,2933835,42,0
7942605,07:46:00,07:46:00,2933836,43,1
7942605,,,2933819,44,0
7942605,,,2933820,45,0
7942605,,,2933821,46,0
7942605,,,2933822,47,0
7942605,,,2933823,48,0
7942605,07:51:00,07:51:00,2933824,49,1
7942605,,,2933825,50,0
7942605,,,2933826,51,0
7942605,,,2933827,52,0
7942605,,,2933828,53,0
7942605,,,2933829,54,0
7942605,,,2933830,55,0
7942605,,,2933831,56,0
7942605,,,2933832,57,0
7942605,,,2933833,58,0
7942605,,,2933834,59,0
7942605,08:02:00,08:02:00,2759335,60,1
7954083,08:10:00,08:10:00,2759346,0,1
7954083,,,2927977,1,0
7954083,,,2927978,2,0
7954083,,,2927979,3,0
7954083,,,2927980,4,0
7954083,,,2927981,5,0
7954083,,,2927982,6,0
7954083,08:15:00,08:15:00,2933837,7,1
7954083,,,2927983,8,0
7954083,,,2927984,9,0
7954083,,,2927985,10,0
7954083,,,2927986,11,0
7954083,08:21:00,08:21:00,2933838,12,1
7954083,,,2927987,13,0
7954083,08:26:00,08:26:00,2927988,14,1
7954083,,,2927989,15,0
7954083,,,2927990,16,0
7954083,,,2927991,17,0
7954083,,,2927992,18,0
7954083,,,2927993,19,0
7954083,,,2928387,20,0
7954083,,,2928388,21,0
7954083,,,2928389,22,0
7954083,,,2928702,23,0
7954083,,,2928703,24,0
7954083,,,2928704,25,0
7954083,,,2928705,26,0
7954083,08:30:00,08:30:00,2759362,27,1
7954083,08:35:00,08:35:00,2928707,28,1
7954083,,,2928708,29,0
7954083,,,2928709,30,0
7954083,,,2928710,31,0
7954083,,,2928711,32,0
7954083,,,2928712,33,0
7954083,,,2928713,34,0
7954083,,,2928714,35,0
7954083,,,2928715,36,0
7954083,,,2928716,37,0
7954083,08:41:00,08:41:00,2933815,38,1
7954083,,,2933816,39,0
7954083,,,2933817,40,0
7954083,,,2933818,41,0
7954083,,,2933835,42,0
7954083,08:46:00,08:46:00,2933836,43,1
7954083,,,2933819,44,0
7954083,,,2933820,45,0
7954083,,,2933821,46,0
7954083,,,2933822,47,0
7954083,,,2933823,48,0
7954083,08:51:00,08:51:00,2933824,49,1
7954083,,,2933825,50,0
7954083,,,2933826,51,0
7954083,,,2933827,52,0
7954083,,,2933828,53,0
7954083,,,2933829,54,0
7954083,,,2933830,55,0
7954083,,,2933831,56,0
7954083,,,2933832,57,0
7954083,,,2933833,58,0
7954083,,,2933834,59,0
7954083,09:02:00,09:02:00,2759335,60,1
7954093,09:10:00,09:10:00,2759346,0,1
7954093,,,2927977,1,0
7954093,,,2927978,2,0
7954093,,,2927979,3,0
7954093,,,2927980,4,0
7954093,,,2927981,5,0
7954093,,,2927982,6,0
7954093,09:15:00,09:15:00,2933837,7,1
7954093,,,2927983,8,0
7954093,,,2927984,9,0
7954093,,,2927985,10,0
7954093,,,2927986,11,0
7954093,09:21:00,09:21:00,2933838,12,1
7954093,,,2927987,13,0
7954093,09:26:00,09:26:00,2927988,14,1
7954093,,,2927989,15,0
7954093,,,2927990,16,0
7954093,,,2927991,17,0
7954093,,,2927992,18,0
7954093,,,2927993,19,0
7954093,,,2928387,20,0
7954093,,,2928388,21,0
7954093,,,2928389,22,0
7954093,,,2928702,23,0
7954093,,,2928703,24,0
7954093,,,2928704,25,0
7954093,,,2928705,26,0
7954093,09:30:00,09:30:00,2759362,27,1
7954093,09:35:00,09:35:00,2928707,28,1
7954093,,,2928708,29,0
7954093,,,2928709,30,0
7954093,,,2928710,31,0
7954093,,,2928711,32,0
7954093,,,2928712,33,0
7954093,,,2928713,34,0
7954093,,,2928714,35,0
7954093,,,2928715,36,0
7954093,,,2928716,37,0
7954093,09:41:00,09:41:00,2933815,38,1
7954093,,,2933816,39,0
7954093,,,2933817,40,0
7954093,,,2933818,41,0
7954093,,,2933835,42,0
7954093,09:46:00,09:46:00,2933836,43,1
7954093,,,2933819,44,0
7954093,,,2933820,45,0
7954093,,,2933821,46,0
7954093,,,2933822,47,0
7954093,,,2933823,48,0
7954093,09:51:00,09:51:00,2933824,49,1
7954093,,,2933825,50,0
7954093,,,2933826,51,0
7954093,,,2933827,52,0
7954093,,,2933828,53,0
7954093,,,2933829,54,0
7954093,,,2933830,55,0
7954093,,,2933831,56,0
7954093,,,2933832,57,0
7954093,,,2933833,58,0
7954093,,,2933834,59,0
7954093,10:02:00,10:02:00,2759335,60,1
7954101,10:10:00,10:10:00,2759346,0,1
7954101,,,2927977,1,0
7954101,,,2927978,2,0
7954101,,,2927979,3,0
7954101,,,2927980,4,0
7954101,,,2927981,5,0
7954101,,,2927982,6,0
7954101,10:15:00,10:15:00,2933837,7,1
7954101,,,2927983,8,0
7954101,,,2927984,9,0
7954101,,,2927985,10,0
7954101,,,2927986,11,0
7954101,10:21:00,10:21:00,2933838,12,1
7954101,,,2927987,13,0
7954101,10:26:00,10:26:00,2927988,14,1
7954101,,,2927989,15,0
7954101,,,2927990,16,0
7954101,,,2927991,17,0
7954101,,,2927992,18,0
7954101,,,2927993,19,0
7954101,,,2928387,20,0
7954101,,,2928388,21,0
7954101,,,2928389,22,0
7954101,,,2928702,23,0
7954101,,,2928703,24,0
7954101,,,2928704,25,0
7954101,,,2928705,26,0
7954101,10:30:00,10:30:00,2759362,27,1
7954101,10:35:00,10:35:00,2928707,28,1
7954101,,,2928708,29,0
7954101,,,2928709,30,0
7954101,,,2928710,31,0
7954101,,,2928711,32,0
7954101,,,2928712,33,0
7954101,,,2928713,34,0
7954101,,,2928714,35,0
7954101,,,2928715,36,0
7954101,,,2928716,37,0
7954101,10:41:00,10:41:00,2933815,38,1
7954101,,,2933816,39,0
7954101,,,2933817,40,0
7954101,,,2933818,41,0
7954101,,,2933835,42,0
7954101,10:46:00,10:46:00,2933836,43,1
7954101,,,2933819,44,0
7954101,,,2933820,45,0
7954101,,,2933821,46,0
7954101,,,2933822,47,0
7954101,,,2933823,48,0
7954101,10:51:00,10:51:00,2933824,49,1
7954101,,,2933825,50,0
7954101,,,2933826,51,0
7954101,,,2933827,52,0
7954101,,,2933828,53,0
7954101,,,2933829,54,0
7954101,,,2933830,55,0
7954101,,,2933831,56,0
7954101,,,2933832,57,0
7954101,,,2933833,58,0
7954101,,,2933834,59,0
7954101,11:02:00,11:02:00,2759335,60,1
7954102,11:10:00,11:10:00,2759346,0,1
7954102,,,2927977,1,0
7954102,,,2927978,2,0
7954102,,,2927979,3,0
7954102,,,2927980,4,0
7954102,,,2927981,5,0
7954102,,,2927982,6,0
7954102,11:15:00,11:15:00,2933837,7,1
7954102,,,2927983,8,0
7954102,,,2927984,9,0
7954102,,,2927985,10,0
7954102,,,2927986,11,0
7954102,11:21:00,11:21:00,2933838,12,1
7954102,,,2927987,13,0
7954102,11:26:00,11:26:00,2927988,14,1
7954102,,,2927989,15,0
7954102,,,2927990,16,0
7954102,,,2927991,17,0
7954102,,,2927992,18,0
7954102,,,2927993,19,0
7954102,,,2928387,20,0
7954102,,,2928388,21,0
7954102,,,2928389,22,0
7954102,,,2928702,23,0
7954102,,,2928703,24,0
7954102,,,2928704,25,0
7954102,,,2928705,26,0
7954102,11:30:00,11:30:00,2759362,27,1
7954102,11:35:00,11:35:00,2928707,28,1
7954102,,,2928708,29,0
7954102,,,2928709,30,0
7954102,,,2928710,31,0
7954102,,,2928711,32,0
7954102,,,2928712,33,0
7954102,,,2928713,34,0
7954102,,,2928714,35,0
7954102,,,2928715,36,0
7954102,,,2928716,37,0
7954102,11:41:00,11:41:00,2933815,38,1
7954102,,,2933816,39,0
7954102,,,2933817,40,0
7954102,,,2933818,41,0
7954102,,,2933835,42,0
7954102,11:46:00,11:46:00,2933836,43,1
7954102,,,2933819,44,0
7954102,,,2933820,45,0
7954102,,,2933821,46,0
7954102,,,2933822,47,0
7954102,,,2933823,48,0
7954102,11:51:00,11:51:00,2933824,49,1
7954102,,,2933825,50,0
7954102,,,2933826,51,0
7954102,,,2933827,52,0
7954102,,,2933828,53,0
7954102,,,2933829,54,0
7954102,,,2933830,55,0
7954102,,,2933831,56,0
7954102,,,2933832,57,0
7954102,,,2933833,58,0
7954102,,,2933834,59,0
7954102,12:02:00,12:02:00,2759335,60,1
7954103,12:10:00,12:10:00,2759346,0,1
7954103,,,2927977,1,0
7954103,,,2927978,2,0
7954103,,,2927979,3,0
7954103,,,2927980,4,0
7954103,,,2927981,5,0
7954103,,,2927982,6,0
7954103,12:15:00,12:15:00,2933837,7,1
7954103,,,2927983,8,0
7954103,,,2927984,9,0
7954103,,,2927985,10,0
7954103,,,2927986,11,0
7954103,12:21:00,12:21:00,2933838,12,1
7954103,,,2927987,13,0
7954103,12:26:00,12:26:00,2927988,14,1
7954103,,,2927989,15,0
7954103,,,2927990,16,0
7954103,,,2927991,17,0
7954103,,,2927992,18,0
7954103,,,2927993,19,0
7954103,,,2928387,20,0
7954103,,,2928388,21,0
7954103,,,2928389,22,0
7954103,,,2928702,23,0
7954103,,,2928703,24,0
7954103,,,2928704,25,0
7954103,,,2928705,26,0
7954103,12:30:00,12:30:00,2759362,27,1
7954103,12:35:00,12:35:00,2928707,28,1
7954103,,,2928708,29,0
7954103,,,2928709,30,0
7954103,,,2928710,31,0
7954103,,,2928711,32,0
7954103,,,2928712,33,0
7954103,,,2928713,34,0
7954103,,,2928714,35,0
7954103,,,2928715,36,0
7954103,,,2928716,37,0
7954103,12:41:00,12:41:00,2933815,38,1
7954103,,,2933816,39,0
7954103,,,2933817,40,0
7954103,,,2933818,41,0
7954103,,,2933835,42,0
7954103,12:46:00,12:46:00,2933836,43,1
7954103,,,2933819,44,0
7954103,,,2933820,45,0
7954103,,,2933821,46,0
7954103,,,2933822,47,0
7954103,,,2933823,48,0
7954103,12:51:00,12:51:00,2933824,49,1
7954103,,,2933825,50,0
7954103,,,2933826,51,0
7954103,,,2933827,52,0
7954103,,,2933828,53,0
7954103,,,2933829,54,0
7954103,,,2933830,55,0
7954103,,,2933831,56,0
7954103,,,2933832,57,0
7954103,,,2933833,58,0
7954103,,,2933834,59,0
7954103,13:02:00,13:02:00,2759335,60,1
7954104,13:10:00,13:10:00,2759346,0,1
7954104,,,2927977,1,0
7954104,,,2927978,2,0
7954104,,,2927979,3,0
7954104,,,2927980,4,0
7954104,,,2927981,5,0
7954104,,,2927982,6,0
7954104,13:15:00,13:15:00,2933837,7,1
7954104,,,2927983,8,0
7954104,,,2927984,9,0
7954104,,,2927985,10,0
7954104,,,2927986,11,0
7954104,13:21:00,13:21:00,2933838,12,1
7954104,,,2927987,13,0
7954104,13:26:00,13:26:00,2927988,14,1
7954104,,,2927989,15,0
7954104,,,2927990,16,0
7954104,,,2927991,17,0
7954104,,,2927992,18,0
7954104,,,2927993,19,0
7954104,,,2928387,20,0
7954104,,,2928388,21,0
7954104,,,2928389,22,0
7954104,,,2928702,23,0
7954104,,,2928703,24,0
7954104,,,2928704,25,0
7954104,,,2928705,26,0
7954104,13:30:00,13:30:00,2759362,27,1
7954104,13:35:00,13:35:00,2928707,28,1
7954104,,,2928708,29,0
7954104,,,2928709,30,0
7954104,,,2928710,31,0
7954104,,,2928711,32,0
7954104,,,2928712,33,0
7954104,,,2928713,34,0
7954104,,,2928714,35,0
7954104,,,2928715,36,0
7954104,,,2928716,37,0
7954104,13:41:00,13:41:00,2933815,38,1
7954104,,,2933816,39,0
7954104,,,2933817,40,0
7954104,,,2933818,41,0
7954104,,,2933835,42,0
7954104,13:46:00,13:46:00,2933836,43,1
7954104,,,2933819,44,0
7954104,,,2933820,45,0
7954104,,,2933821,46,0
7954104,,,2933822,47,0
7954104,,,2933823,48,0
7954104,13:51:00,13:51:00,2933824,49,1
7954104,,,2933825,50,0
7954104,,,2933826,51,0
7954104,,,2933827,52,0
7954104,,,2933828,53,0
7954104,,,2933829,54,0
7954104,,,2933830,55,0
7954104,,,2933831,56,0
7954104,,,2933832,57,0
7954104,,,2933833,58,0
7954104,,,2933834,59,0
7954104,14:02:00,14:02:00,2759335,60,1
7954105,14:10:00,14:10:00,2759346,0,1
7954105,,,2927977,1,0
7954105,,,2927978,2,0
7954105,,,2927979,3,0
7954105,,,2927980,4,0
7954105,,,2927981,5,0
7954105,,,2927982,6,0
7954105,14:15:00,14:15:00,2933837,7,1
7954105,,,2927983,8,0
7954105,,,2927984,9,0
7954105,,,2927985,10,0
7954105,,,2927986,11,0
7954105,14:21:00,14:21:00,2933838,12,1
7954105,,,2927987,13,0
7954105,14:26:00,14:26:00,2927988,14,1
7954105,,,2927989,15,0
7954105,,,2927990,16,0
7954105,,,2927991,17,0
7954105,,,2927992,18,0
7954105,,,2927993,19,0
7954105,,,2928387,20,0
7954105,,,2928388,21,0
7954105,,,2928389,22,0
7954105,,,2928702,23,0
7954105,,,2928703,24,0
7954105,,,2928704,25,0
7954105,,,2928705,26,0
7954105,14:30:00,14:30:00,2759362,27,1
7954105,14:35:00,14:35:00,2928707,28,1
7954105,,,2928708,29,0
7954105,,,2928709,30,0
7954105,,,2928710,31,0
7954105,,,2928711,32,0
7954105,,,2928712,33,0
7954105,,,2928713,34,0
7954105,,,2928714,35,0
7954105,,,2928715,36,0
7954105,,,2928716,37,0
7954105,14:41:00,14:41:00,2933815,38,1
7954105,,,2933816,39,0
7954105,,,2933817,40,0
7954105,,,2933818,41,0
7954105,,,2933835,42,0
7954105,14:46:00,14:46:00,2933836,43,1
7954105,,,2933819,44,0
7954105,,,2933820,45,0
7954105,,,2933821,46,0
7954105,,,2933822,47,0
7954105,,,2933823,48,0
7954105,14:51:00,14:51:00,2933824,49,1
7954105,,,2933825,50,0
7954105,,,2933826,51,0
7954105,,,2933827,52,0
7954105,,,2933828,53,0
7954105,,,2933829,54,0
7954105,,,2933830,55,0
7954105,,,2933831,56,0
7954105,,,2933832,57,0
7954105,,,2933833,58,0
7954105,,,2933834,59,0
7954105,15:02:00,15:02:00,2759335,60,1
7954106,15:10:00,15:10:00,2759346,0,1
7954106,,,2927977,1,0
7954106,,,2927978,2,0
7954106,,,2927979,3,0
7954106,,,2927980,4,0
7954106,,,2927981,5,0
7954106,,,2927982,6,0
7954106,15:15:00,15:15:00,2933837,7,1
7954106,,,2927983,8,0
7954106,,,2927984,9,0
7954106,,,2927985,10,0
7954106,,,2927986,11,0
7954106,15:21:00,15:21:00,2933838,12,1
7954106,,,2927987,13,0
7954106,15:26:00,15:26:00,2927988,14,1
7954106,,,2927989,15,0
7954106,,,2927990,16,0
7954106,,,2927991,17,0
7954106,,,2927992,18,0
7954106,,,2927993,19,0
7954106,,,2928387,20,0
7954106,,,2928388,21,0
7954106,,,2928389,22,0
7954106,,,2928702,23,0
7954106,,,2928703,24,0
7954106,,,2928704,25,0
7954106,,,2928705,26,0
7954106,15:30:00,15:30:00,2759362,27,1
7954106,15:35:00,15:35:00,2928707,28,1
7954106,,,2928708,29,0
7954106,,,2928709,30,0
7954106,,,2928710,31,0
7954106,,,2928711,32,0
7954106,,,2928712,33,0
7954106,,,2928713,34,0
7954106,,,2928714,35,0
7954106,,,2928715,36,0
7954106,,,2928716,37,0
7954106,15:41:00,15:41:00,2933815,38,1
7954106,,,2933816,39,0
7954106,,,2933817,40,0
7954106,,,2933818,41,0
7954106,,,2933835,42,0
7954106,15:46:00,15:46:00,2933836,43,1
7954106,,,2933819,44,0
7954106,,,2933820,45,0
7954106,,,2933821,46,0
7954106,,,2933822,47,0
7954106,,,2933823,48,0
7954106,15:51:00,15:51:00,2933824,49,1
7954106,,,2933825,50,0
7954106,,,2933826,51,0
7954106,,,2933827,52,0
7954106,,,2933828,53,0
7954106,,,2933829,54,0
7954106,,,2933830,55,0
7954106,,,2933831,56,0
7954106,,,2933832,57,0
7954106,,,2933833,58,0
7954106,,,2933834,59,0
7954106,16:02:00,16:02:00,2759335,60,1
7954107,16:10:00,16:10:00,2759346,0,1
7954107,,,2927977,1,0
7954107,,,2927978,2,0
7954107,,,2927979,3,0
7954107,,,2927980,4,0
7954107,,,2927981,5,0
7954107,,,2927982,6,0
7954107,16:15:00,16:15:00,2933837,7,1
7954107,,,2927983,8,0
7954107,,,2927984,9,0
7954107,,,2927985,10,0
7954107,,,2927986,11,0
7954107,16:21:00,16:21:00,2933838,12,1
7954107,,,2927987,13,0
7954107,16:26:00,16:26:00,2927988,14,1
7954107,,,2927989,15,0
7954107,,,2927990,16,0
7954107,,,2927991,17,0
7954107,,,2927992,18,0
7954107,,,2927993,19,0
7954107,,,2928387,20,0
7954107,,,2928388,21,0
7954107,,,2928389,22,0
7954107,,,2928702,23,0
7954107,,,2928703,24,0
7954107,,,2928704,25,0
7954107,,,2928705,26,0
7954107,16:30:00,16:30:00,2759362,27,1
7954107,16:35:00,16:35:00,2928707,28,1
7954107,,,2928708,29,0
7954107,,,2928709,30,0
7954107,,,2928710,31,0
7954107,,,2928711,32,0
7954107,,,2928712,33,0
7954107,,,2928713,34,0
7954107,,,2928714,35,0
7954107,,,2928715,36,0
7954107,,,2928716,37,0
7954107,16:41:00,16:41:00,2933815,38,1
7954107,,,2933816,39,0
7954107,,,2933817,40,0
7954107,,,2933818,41,0
7954107,,,2933835,42,0
7954107,16:46:00,16:46:00,2933836,43,1
7954107,,,2933819,44,0
7954107,,,2933820,45,0
7954107,,,2933821,46,0
7954107,,,2933822,47,0
7954107,,,2933823,48,0
7954107,16:51:00,16:51:00,2933824,49,1
7954107,,,2933825,50,0
7954107,,,2933826,51,0
7954107,,,2933827,52,0
7954107,,,2933828,53,0
7954107,,,2933829,54,0
7954107,,,2933830,55,0
7954107,,,2933831,56,0
7954107,,,2933832,57,0
7954107,,,2933833,58,0
7954107,,,2933834,59,0
7954107,17:02:00,17:02:00,2759335,60,1
7954173,18:10:00,18:10:00,2759346,0,1
7954173,,,2927977,1,0
7954173,,,2927978,2,0
7954173,,,2927979,3,0
7954173,,,2927980,4,0
7954173,,,2927981,5,0
7954173,,,2927982,6,0
7954173,18:15:00,18:15:00,2933837,7,1
7954173,,,2927983,8,0
7954173,,,2927984,9,0
7954173,,,2927985,10,0
7954173,,,2927986,11,0
7954173,18:21:00,18:21:00,2933838,12,1
7954173,,,2927987,13,0
7954173,18:26:00,18:26:00,2927988,14,1
7954173,,,2927989,15,0
7954173,,,2927990,16,0
7954173,,,2927991,17,0
7954173,,,2927992,18,0
7954173,,,2927993,19,0
7954173,,,2928387,20,0
7954173,,,2928388,21,0
7954173,,,2928389,22,0
7954173,,,2928702,23,0
7954173,,,2928703,24,0
7954173,,,2928704,25,0
7954173,,,2928705,26,0
7954173,18:30:00,18:30:00,2759362,27,1
7954173,18:35:00,18:35:00,2928707,28,1
7954173,,,2928708,29,0
7954173,,,2928709,30,0
7954173,,,2928710,31,0
7954173,,,2928711,32,0
7954173,,,2928712,33,0
7954173,,,2928713,34,0
7954173,,,2928714,35,0
7954173,,,2928715,36,0
7954173,,,2928716,37,0
7954173,18:41:00,18:41:00,2933815,38,1
7954173,,,2933816,39,0
7954173,,,2933817,40,0
7954173,,,2933818,41,0
7954173,,,2933835,42,0
7954173,18:46:00,18:46:00,2933836,43,1
7954173,,,2933819,44,0
7954173,,,2933820,45,0
7954173,,,2933821,46,0
7954173,,,2933822,47,0
7954173,,,2933823,48,0
7954173,18:51:00,18:51:00,2933824,49,1
7954173,,,2933825,50,0
7954173,,,2933826,51,0
7954173,,,2933827,52,0
7954173,,,2933828,53,0
7954173,,,2933829,54,0
7954173,,,2933830,55,0
7954173,,,2933831,56,0
7954173,,,2933832,57,0
7954173,,,2933833,58,0
7954173,,,2933834,59,0
7954173,19:02:00,19:02:00,2759335,60,1
7954174,19:10:00,19:10:00,2759346,0,1
7954174,,,2927977,1,0
7954174,,,2927978,2,0
7954174,,,2927979,3,0
7954174,,,2927980,4,0
7954174,,,2927981,5,0
7954174,,,2927982,6,0
7954174,19:15:00,19:15:00,2933837,7,1
7954174,,,2927983,8,0
7954174,,,2927984,9,0
7954174,,,2927985,10,0
7954174,,,2927986,11,0
7954174,19:21:00,19:21:00,2933838,12,1
7954174,,,2927987,13,0
7954174,19:26:00,19:26:00,2927988,14,1
7954174,,,2927989,15,0
7954174,,,2927990,16,0
7954174,,,2927991,17,0
7954174,,,2927992,18,0
7954174,,,2927993,19,0
7954174,,,2928387,20,0
7954174,,,2928388,21,0
7954174,,,2928389,22,0
7954174,,,2928702,23,0
7954174,,,2928703,24,0
7954174,,,2928704,25,0
7954174,,,2928705,26,0
7954174,19:30:00,19:30:00,2759362,27,1
7954174,19:35:00,19:35:00,2928707,28,1
7954174,,,2928708,29,0
7954174,,,2928709,30,0
7954174,,,2928710,31,0
7954174,,,2928711,32,0
7954174,,,2928712,33,0
7954174,,,2928713,34,0
7954174,,,2928714,35,0
7954174,,,2928715,36,0
7954174,,,2928716,37,0
7954174,19:41:00,19:41:00,2933815,38,1
7954174,,,2933816,39,0
7954174,,,2933817,40,0
7954174,,,2933818,41,0
7954174,,,2933835,42,0
7954174,19:46:00,19:46:00,2933836,43,1
7954174,,,2933819,44,0
7954174,,,2933820,45,0
7954174,,,2933821,46,0
7954174,,,2933822,47,0
7954174,,,2933823,48,0
7954174,19:51:00,19:51:00,2933824,49,1
7954174,,,2933825,50,0
7954174,,,2933826,51,0
7954174,,,2933827,52,0
7954174,,,2933828,53,0
7954174,,,2933829,54,0
7954174,,,2933830,55,0
7954174,,,2933831,56,0
7954174,,,2933832,57,0
7954174,,,2933833,58,0
7954174,,,2933834,59,0
7954174,20:02:00,20:02:00,2759335,60,1
7954175,20:10:00,20:10:00,2759346,0,1
7954175,,,2927977,1,0
7954175,,,2927978,2,0
7954175,,,2927979,3,0
7954175,,,2927980,4,0
7954175,,,2927981,5,0
7954175,,,2927982,6,0
7954175,20:15:00,20:15:00,2933837,7,1
7954175,,,2927983,8,0
7954175,,,2927984,9,0
7954175,,,2927985,10,0
7954175,,,2927986,11,0
7954175,20:21:00,20:21:00,2933838,12,1
7954175,,,2927987,13,0
7954175,20:26:00,20:26:00,2927988,14,1
7954175,,,2927989,15,0
7954175,,,2927990,16,0
7954175,,,2927991,17,0
7954175,,,2927992,18,0
7954175,,,2927993,19,0
7954175,,,2928387,20,0
7954175,,,2928388,21,0
7954175,,,2928389,22,0
7954175,,,2928702,23,0
7954175,,,2928703,24,0
7954175,,,2928704,25,0
7954175,,,2928705,26,0
7954175,20:30:00,20:30:00,2759362,27,1
7954175,20:35:00,20:35:00,2928707,28,1
7954175,,,2928708,29,0
7954175,,,2928709,30,0
7954175,,,2928710,31,0
7954175,,,2928711,32,0
7954175,,,2928712,33,0
7954175,,,2928713,34,0
7954175,,,2928714,35,0
7954175,,,2928715,36,0
7954175,,,2928716,37,0
7954175,20:41:00,20:41:00,2933815,38,1
7954175,,,2933816,39,0
7954175,,,2933817,40,0
7954175,,,2933818,41,0
7954175,,,2933835,42,0
7954175,20:46:00,20:46:00,2933836,43,1
7954175,,,2933819,44,0
7954175,,,2933820,45,0
7954175,,,2933821,46,0
7954175,,,2933822,47,0
7954175,,,2933823,48,0
7954175,20:51:00,20:51:00,2933824,49,1
7954175,,,2933825,50,0
7954175,,,2933826,51,0
7954175,,,2933827,52,0
7954175,,,2933828,53,0
7954175,,,2933829,54,0
7954175,,,2933830,55,0
7954175,,,2933831,56,0
7954175,,,2933832,57,0
7954175,,,2933833,58,0
7954175,,,2933834,59,0
7954175,21:02:00,21:02:00,2759335,60,1
7954176,21:10:00,21:10:00,2759346,0,1
7954176,,,2927977,1,0
7954176,,,2927978,2,0
7954176,,,2927979,3,0
7954176,,,2927980,4,0
7954176,,,2927981,5,0
7954176,,,2927982,6,0
7954176,21:15:00,21:15:00,2933837,7,1
7954176,,,2927983,8,0
7954176,,,2927984,9,0
7954176,,,2927985,10,0
7954176,,,2927986,11,0
7954176,21:21:00,21:21:00,2933838,12,1
7954176,,,2927987,13,0
7954176,21:26:00,21:26:00,2927988,14,1
7954176,,,2927989,15,0
7954176,,,2927990,16,0
7954176,,,2927991,17,0
7954176,,,2927992,18,0
7954176,,,2927993,19,0
7954176,,,2928387,20,0
7954176,,,2928388,21,0
7954176,,,2928389,22,0
7954176,,,2928702,23,0
7954176,,,2928703,24,0
7954176,,,2928704,25,0
7954176,,,2928705,26,0
7954176,21:30:00,21:30:00,2759362,27,1
7954176,21:35:00,21:35:00,2928707,28,1
7954176,,,2928708,29,0
7954176,,,2928709,30,0
7954176,,,2928710,31,0
7954176,,,2928711,32,0
7954176,,,2928712,33,0
7954176,,,2928713,34,0
7954176,,,2928714,35,0
7954176,,,2928715,36,0
7954176,,,2928716,37,0
7954176,21:41:00,21:41:00,2933815,38,1
7954176,,,2933816,39,0
7954176,,,2933817,40,0
7954176,,,2933818,41,0
7954176,,,2933835,42,0
7954176,21:46:00,21:46:00,2933836,43,1
7954176,,,2933819,44,0
7954176,,,2933820,45,0
7954176,,,2933821,46,0
7954176,,,2933822,47,0
7954176,,,2933823,48,0
7954176,21:51:00,21:51:00,2933824,49,1
7954176,,,2933825,50,0
7954176,,,2933826,51,0
7954176,,,2933827,52,0
7954176,,,2933828,53,0
7954176,,,2933829,54,0
7954176,,,2933830,55,0
7954176,,,2933831,56,0
7954176,,,2933832,57,0
7954176,,,2933833,58,0
7954176,,,2933834,59,0
7954176,22:02:00,22:02:00,2759335,60,1
7954177,22:10:00,22:10:00,2759346,0,1
7954177,,,2927977,1,0
7954177,,,2927978,2,0
7954177,,,2927979,3,0
7954177,,,2927980,4,0
7954177,,,2927981,5,0
7954177,,,2927982,6,0
7954177,22:15:00,22:15:00,2933837,7,1
7954177,,,2927983,8,0
7954177,,,2927984,9,0
7954177,,,2927985,10,0
7954177,,,2927986,11,0
7954177,22:21:00,22:21:00,2933838,12,1
7954177,,,2927987,13,0
7954177,22:26:00,22:26:00,2927988,14,1
7954177,,,2927989,15,0
7954177,,,2927990,16,0
7954177,,,2927991,17,0
7954177,,,2927992,18,0
7954177,,,2927993,19,0
7954177,,,2928387,20,0
7954177,,,2928388,21,0
7954177,,,2928389,22,0
7954177,,,2928702,23,0
7954177,,,2928703,24,0
7954177,,,2928704,25,0
7954177,,,2928705,26,0
7954177,22:30:00,22:30:00,2759362,27,1
7954177,22:35:00,22:35:00,2928707,28,1
7954177,,,2928708,29,0
7954177,,,2928709,30,0
7954177,,,2928710,31,0
7954177,,,2928711,32,0
7954177,,,2928712,33,0
7954177,,,2928713,34,0
7954177,,,2928714,35,0
7954177,,,2928715,36,0
7954177,,,2928716,37,0
7954177,22:41:00,22:41:00,2933815,38,1
7954177,,,2933816,39,0
7954177,,,2933817,40,0
7954177,,,2933818,41,0
7954177,,,2933835,42,0
7954177,22:46:00,22:46:00,2933836,43,1
7954177,,,2933819,44,0
7954177,,,2933820,45,0
7954177,,,2933821,46,0
7954177,,,2933822,47,0
7954177,,,2933823,48,0
7954177,22:51:00,22:51:00,2933824,49,1
7954177,,,2933825,50,0
7954177,,,2933826,51,0
7954177,,,2933827,52,0
7954177,,,2933828,53,0
7954177,,,2933829,54,0
7954177,,,2933830,55,0
7954177,,,2933831,56,0
7954177,,,2933832,57,0
7954177,,,2933833,58,0
7954177,,,2933834,59,0
7954177,23:02:00,23:02:00,2759335,60,1
7998314,07:00:00,07:00:00,2949505,0,1
7998314,,,2949506,1,0
7998314,,,2949507,2,0
7998314,,,2949508,3,0
7998314,,,2952403,4,0
7998314,07:03:00,07:03:00,2952405,5,1
7998314,,,2952399,6,0
7998314,,,2952400,7,0
7998314,,,2952401,8,0
7998314,,,2952423,9,0
7998314,,,2949523,10,0
7998314,,,2952424,11,0
7998314,,,2949524,12,0
7998314,,,2949525,13,0
7998314,,,2940594,14,0
7998314,07:07:00,07:07:00,2911892,15,1
7998314,,,2947000,16,0
7998314,,,2947001,17,0
7998314,,,2947002,18,0
7998314,07:10:00,07:10:00,2947003,19,1
7998314,,,2947004,20,0
7998314,,,2947005,21,0
7998314,07:13:00,07:13:00,2947050,22,1
7998314,,,2947051,23,0
7998314,,,2947052,24,0
7998314,,,2952425,25,0
7998314,07:17:00,07:17:00,2952426,26,1
7998314,,,2940570,27,0
7998314,,,2952410,28,0
7998314,,,2952411,29,0
7998314,,,2952412,30,0
7998314,,,2952407,31,0
7998314,,,2952406,32,0
7998314,07:22:00,07:22:00,2952404,33,1
7998314,,,2952402,34,0
7998314,,,2949509,35,0
7998314,,,2952408,36,0
7998314,,,2952409,37,0
7998314,07:35:00,07:35:00,2949505,38,1
7998315,07:35:00,07:35:00,2949505,0,1
7998315,,,2949506,1,0
7998315,,,2949507,2,0
7998315,,,2949508,3,0
7998315,,,2952403,4,0
7998315,07:38:00,07:38:00,2952405,5,1
7998315,,,2952399,6,0
7998315,,,2952400,7,0
7998315,,,2952401,8,0
7998315,,,2952423,9,0
7998315,,,2949523,10,0
7998315,,,2952424,11,0
7998315,,,2949524,12,0
7998315,,,2949525,13,0
7998315,,,2940594,14,0
7998315,07:42:00,07:42:00,2911892,15,1
7998315,,,2947000,16,0
7998315,,,2947001,17,0
7998315,,,2947002,18,0
7998315,07:45:00,07:45:00,2947003,19,1
7998315,,,2947004,20,0
7998315,,,2947005,21,0
7998315,07:48:00,07:48:00,2947050,22,1
7998315,,,2947051,23,0
7998315,,,2947052,24,0
7998315,,,2952425,25,0
7998315,07:52:00,07:52:00,2952426,26,1
7998315,,,2940570,27,0
7998315,,,2952410,28,0
7998315,,,2952411,29,0
7998315,,,2952412,30,0
7998315,,,2952407,31,0
7998315,,,2952406,32,0
7998315,07:57:00,07:57:00,2952404,33,1
7998315,,,2952402,34,0
7998315,,,2949509,35,0
7998315,,,2952408,36,0
7998315,,,2952409,37,0
7998315,08:10:00,08:10:00,2949505,38,1
7998316,08:10:00,08:10:00,2949505,0,1
7998316,,,2949506,1,0
7998316,,,2949507,2,0
7998316,,,2949508,3,0
7998316,,,2952403,4,0
7998316,08:13:00,08:13:00,2952405,5,1
7998316,,,2952399,6,0
7998316,,,2952400,7,0
7998316,,,2952401,8,0
7998316,,,2952423,9,0
7998316,,,2949523,10,0
7998316,,,2952424,11,0
7998316,,,2949524,12,0
7998316,,,2949525,13,0
7998316,,,2940594,14,0
7998316,08:17:00,08:17:00,2911892,15,1
7998316,,,2947000,16,0
7998316,,,2947001,17,0
7998316,,,2947002,18,0
7998316,08:20:00,08:20:00,2947003,19,1
7998316,,,2947004,20,0
7998316,,,2947005,21,0
7998316,08:23:00,08:23:00,2947050,22,1
7998316,,,2947051,23,0
7998316,,,2947052,24,0
7998316,,,2952425,25,0
7998316,08:27:00,08:27:00,2952426,26,1
7998316,,,2940570,27,0
7998316,,,2952410,28,0
7998316,,,2952411,29,0
7998316,,,2952412,30,0
7998316,,,2952407,31,0
7998316,,,2952406,32,0
7998316,08:32:00,08:32:00,2952404,33,1
7998316,,,2952402,34,0
7998316,,,2949509,35,0
7998316,,,2952408,36,0
7998316,,,2952409,37,0
7998316,08:45:00,08:45:00,2949505,38,1
7998317,08:45:00,08:45:00,2949505,0,1
7998317,,,2949506,1,0
7998317,,,2949507,2,0
7998317,,,2949508,3,0
7998317,,,2952403,4,0
7998317,08:48:00,08:48:00,2952405,5,1
7998317,,,2952399,6,0
7998317,,,2952400,7,0
7998317,,,2952401,8,0
7998317,,,2952423,9,0
7998317,,,2949523,10,0
7998317,,,2952424,11,0
7998317,,,2949524,12,0
7998317,,,2949525,13,0
7998317,,,2940594,14,0
7998317,08:52:00,08:52:00,2911892,15,1
7998317,,,2947000,16,0
7998317,,,2947001,17,0
7998317,,,2947002,18,0
7998317,08:55:00,08:55:00,2947003,19,1
7998317,,,2947004,20,0
7998317,,,2947005,21,0
7998317,08:58:00,08:58:00,2947050,22,1
7998317,,,2947051,23,0
7998317,,,2947052,24,0
7998317,,,2952425,25,0
7998317,09:02:00,09:02:00,2952426,26,1
7998317,,,2940570,27,0
7998317,,,2952410,28,0
7998317,,,2952411,29,0
7998317,,,2952412,30,0
7998317,,,2952407,31,0
7998317,,,2952406,32,0
7998317,09:07:00,09:07:00,2952404,33,1
7998317,,,2952402,34,0
7998317,,,2949509,35,0
7998317,,,2952408,36,0
7998317,,,2952409,37,0
7998317,09:20:00,09:20:00,2949505,38,1
7998318,09:20:00,09:20:00,2949505,0,1
7998318,,,2949506,1,0
7998318,,,2949507,2,0
7998318,,,2949508,3,0
7998318,,,2952403,4,0
7998318,09:23:00,09:23:00,2952405,5,1
7998318,,,2952399,6,0
7998318,,,2952400,7,0
7998318,,,2952401,8,0
7998318,,,2952423,9,0
7998318,,,2949523,10,0
7998318,,,2952424,11,0
7998318,,,2949524,12,0
7998318,,,2949525,13,0
7998318,,,2940594,14,0
7998318,09:27:00,09:27:00,2911892,15,1
7998318,,,2947000,16,0
7998318,,,2947001,17,0
7998318,,,2947002,18,0
7998318,09:30:00,09:30:00,2947003,19,1
7998318,,,2947004,20,0
7998318,,,2947005,21,0
7998318,09:33:00,09:33:00,2947050,22,1
7998318,,,2947051,23,0
7998318,,,2947052,24,0
7998318,,,2952425,25,0
7998318,09:37:00,09:37:00,2952426,26,1
7998318,,,2940570,27,0
7998318,,,2952410,28,0
7998318,,,2952411,29,0
7998318,,,2952412,30,0
7998318,,,2952407,31,0
7998318,,,2952406,32,0
7998318,09:42:00,09:42:00,2952404,33,1
7998318,,,2952402,34,0
7998318,,,2949509,35,0
7998318,,,2952408,36,0
7998318,,,2952409,37,0
7998318,09:55:00,09:55:00,2949505,38,1
7998319,09:55:00,09:55:00,2949505,0,1
7998319,,,2949506,1,0
7998319,,,2949507,2,0
7998319,,,2949508,3,0
7998319,,,2952403,4,0
7998319,09:58:00,09:58:00,2952405,5,1
7998319,,,2952399,6,0
7998319,,,2952400,7,0
7998319,,,2952401,8,0
7998319,,,2952423,9,0
7998319,,,2949523,10,0
7998319,,,2952424,11,0
7998319,,,2949524,12,0
7998319,,,2949525,13,0
7998319,,,2940594,14,0
7998319,10:02:00,10:02:00,2911892,15,1
7998319,,,2947000,16,0
7998319,,,2947001,17,0
7998319,,,2947002,18,0
7998319,10:05:00,10:05:00,2947003,19,1
7998319,,,2947004,20,0
7998319,,,2947005,21,0
7998319,10:08:00,10:08:00,2947050,22,1
7998319,,,2947051,23,0
7998319,,,2947052,24,0
7998319,,,2952425,25,0
7998319,10:12:00,10:12:00,2952426,26,1
7998319,,,2940570,27,0
7998319,,,2952410,28,0
7998319,,,2952411,29,0
7998319,,,2952412,30,0
7998319,,,2952407,31,0
7998319,,,2952406,32,0
7998319,10:17:00,10:17:00,2952404,33,1
7998319,,,2952402,34,0
7998319,,,2949509,35,0
7998319,,,2952408,36,0
7998319,,,2952409,37,0
7998319,10:30:00,10:30:00,2949505,38,1
7998320,10:30:00,10:30:00,2949505,0,1
7998320,,,2949506,1,0
7998320,,,2949507,2,0
7998320,,,2949508,3,0
7998320,,,2952403,4,0
7998320,10:33:00,10:33:00,2952405,5,1
7998320,,,2952399,6,0
7998320,,,2952400,7,0
7998320,,,2952401,8,0
7998320,,,2952423,9,0
7998320,,,2949523,10,0
7998320,,,2952424,11,0
7998320,,,2949524,12,0
7998320,,,2949525,13,0
7998320,,,2940594,14,0
7998320,10:37:00,10:37:00,2911892,15,1
7998320,,,2947000,16,0
7998320,,,2947001,17,0
7998320,,,2947002,18,0
7998320,10:40:00,10:40:00,2947003,19,1
7998320,,,2947004,20,0
7998320,,,2947005,21,0
7998320,10:43:00,10:43:00,2947050,22,1
7998320,,,2947051,23,0
7998320,,,2947052,24,0
7998320,,,2952425,25,0
7998320,10:47:00,10:47:00,2952426,26,1
7998320,,,2940570,27,0
7998320,,,2952410,28,0
7998320,,,2952411,29,0
7998320,,,2952412,30,0
7998320,,,2952407,31,0
7998320,,,2952406,32,0
7998320,10:52:00,10:52:00,2952404,33,1
7998320,,,2952402,34,0
7998320,,,2949509,35,0
7998320,,,2952408,36,0
7998320,,,2952409,37,0
7998320,11:05:00,11:05:00,2949505,38,1
7998321,11:05:00,11:05:00,2949505,0,1
7998321,,,2949506,1,0
7998321,,,2949507,2,0
7998321,,,2949508,3,0
7998321,,,2952403,4,0
7998321,11:08:00,11:08:00,2952405,5,1
7998321,,,2952399,6,0
7998321,,,2952400,7,0
7998321,,,2952401,8,0
7998321,,,2952423,9,0
7998321,,,2949523,10,0
7998321,,,2952424,11,0
7998321,,,2949524,12,0
7998321,,,2949525,13,0
7998321,,,2940594,14,0
7998321,11:12:00,11:12:00,2911892,15,1
7998321,,,2947000,16,0
7998321,,,2947001,17,0
7998321,,,2947002,18,0
7998321,11:15:00,11:15:00,2947003,19,1
7998321,,,2947004,20,0
7998321,,,2947005,21,0
7998321,11:18:00,11:18:00,2947050,22,1
7998321,,,2947051,23,0
7998321,,,2947052,24,0
7998321,,,2952425,25,0
7998321,11:22:00,11:22:00,2952426,26,1
7998321,,,2940570,27,0
7998321,,,2952410,28,0
7998321,,,2952411,29,0
7998321,,,2952412,30,0
7998321,,,2952407,31,0
7998321,,,2952406,32,0
7998321,11:27:00,11:27:00,2952404,33,1
7998321,,,2952402,34,0
7998321,,,2949509,35,0
7998321,,,2952408,36,0
7998321,,,2952409,37,0
7998321,11:40:00,11:40:00,2949505,38,1
7998322,11:40:00,11:40:00,2949505,0,1
7998322,,,2949506,1,0
7998322,,,2949507,2,0
7998322,,,2949508,3,0
7998322,,,2952403,4,0
7998322,11:43:00,11:43:00,2952405,5,1
7998322,,,2952399,6,0
7998322,,,2952400,7,0
7998322,,,2952401,8,0
7998322,,,2952423,9,0
7998322,,,2949523,10,0
7998322,,,2952424,11,0
7998322,,,2949524,12,0
7998322,,,2949525,13,0
7998322,,,2940594,14,0
7998322,11:47:00,11:47:00,2911892,15,1
7998322,,,2947000,16,0
7998322,,,2947001,17,0
7998322,,,2947002,18,0
7998322,11:50:00,11:50:00,2947003,19,1
7998322,,,2947004,20,0
7998322,,,2947005,21,0
7998322,11:53:00,11:53:00,2947050,22,1
7998322,,,2947051,23,0
7998322,,,2947052,24,0
7998322,,,2952425,25,0
7998322,11:57:00,11:57:00,2952426,26,1
7998322,,,2940570,27,0
7998322,,,2952410,28,0
7998322,,,2952411,29,0
7998322,,,2952412,30,0
7998322,,,2952407,31,0
7998322,,,2952406,32,0
7998322,12:02:00,12:02:00,2952404,33,1
7998322,,,2952402,34,0
7998322,,,2949509,35,0
7998322,,,2952408,36,0
7998322,,,2952409,37,0
7998322,12:15:00,12:15:00,2949505,38,1
7998323,12:20:00,12:20:00,2949505,0,1
7998323,,,2949506,1,0
7998323,,,2949507,2,0
7998323,,,2949508,3,0
7998323,,,2952403,4,0
7998323,12:23:00,12:23:00,2952405,5,1
7998323,,,2952399,6,0
7998323,,,2952400,7,0
7998323,,,2952401,8,0
7998323,,,2952423,9,0
7998323,,,2949523,10,0
7998323,,,2952424,11,0
7998323,,,2949524,12,0
7998323,,,2949525,13,0
7998323,,,2940594,14,0
7998323,12:27:00,12:27:00,2911892,15,1
7998323,,,2947000,16,0
7998323,,,2947001,17,0
7998323,,,2947002,18,0
7998323,12:30:00,12:30:00,2947003,19,1
7998323,,,2947004,20,0
7998323,,,2947005,21,0
7998323,12:33:00,12:33:00,2947050,22,1
7998323,,,2947051,23,0
7998323,,,2947052,24,0
7998323,,,2952425,25,0
7998323,12:37:00,12:37:00,2952426,26,1
7998323,,,2940570,27,0
7998323,,,2952410,28,0
7998323,,,2952411,29,0
7998323,,,2952412,30,0
7998323,,,2952407,31,0
7998323,,,2952406,32,0
7998323,12:42:00,12:42:00,2952404,33,1
7998323,,,2952402,34,0
7998323,,,2949509,35,0
7998323,,,2952408,36,0
7998323,,,2952409,37,0
7998323,12:55:00,12:55:00,2949505,38,1
7998324,13:00:00,13:00:00,2949505,0,1
7998324,,,2949506,1,0
7998324,,,2949507,2,0
7998324,,,2949508,3,0
7998324,,,2952403,4,0
7998324,13:03:00,13:03:00,2952405,5,1
7998324,,,2952399,6,0
7998324,,,2952400,7,0
7998324,,,2952401,8,0
7998324,,,2952423,9,0
7998324,,,2949523,10,0
7998324,,,2952424,11,0
7998324,,,2949524,12,0
7998324,,,2949525,13,0
7998324,,,2940594,14,0
7998324,13:07:00,13:07:00,2911892,15,1
7998324,,,2947000,16,0
7998324,,,2947001,17,0
7998324,,,2947002,18,0
7998324,13:10:00,13:10:00,2947003,19,1
7998324,,,2947004,20,0
7998324,,,2947005,21,0
7998324,13:13:00,13:13:00,2947050,22,1
7998324,,,2947051,23,0
7998324,,,2947052,24,0
7998324,,,2952425,25,0
7998324,13:17:00,13:17:00,2952426,26,1
7998324,,,2940570,27,0
7998324,,,2952410,28,0
7998324,,,2952411,29,0
7998324,,,2952412,30,0
7998324,,,2952407,31,0
7998324,,,2952406,32,0
7998324,13:22:00,13:22:00,2952404,33,1
7998324,,,2952402,34,0
7998324,,,2949509,35,0
7998324,,,2952408,36,0
7998324,,,2952409,37,0
7998324,13:35:00,13:35:00,2949505,38,1
7998325,13:40:00,13:40:00,2949505,0,1
7998325,,,2949506,1,0
7998325,,,2949507,2,0
7998325,,,2949508,3,0
7998325,,,2952403,4,0
7998325,13:43:00,13:43:00,2952405,5,1
7998325,,,2952399,6,0
7998325,,,2952400,7,0
7998325,,,2952401,8,0
7998325,,,2952423,9,0
7998325,,,2949523,10,0
7998325,,,2952424,11,0
7998325,,,2949524,12,0
7998325,,,2949525,13,0
7998325,,,2940594,14,0
7998325,13:47:00,13:47:00,2911892,15,1
7998325,,,2947000,16,0
7998325,,,2947001,17,0
7998325,,,2947002,18,0
7998325,13:50:00,13:50:00,2947003,19,1
7998325,,,2947004,20,0
7998325,,,2947005,21,0
7998325,13:53:00,13:53:00,2947050,22,1
7998325,,,2947051,23,0
7998325,,,2947052,24,0
7998325,,,2952425,25,0
7998325,13:57:00,13:57:00,2952426,26,1
7998325,,,2940570,27,0
7998325,,,2952410,28,0
7998325,,,2952411,29,0
7998325,,,2952412,30,0
7998325,,,2952407,31,0
7998325,,,2952406,32,0
7998325,14:02:00,14:02:00,2952404,33,1
7998325,,,2952402,34,0
7998325,,,2949509,35,0
7998325,,,2952408,36,0
7998325,,,2952409,37,0
7998325,14:15:00,14:15:00,2949505,38,1
7998326,14:20:00,14:20:00,2949505,0,1
7998326,,,2949506,1,0
7998326,,,2949507,2,0
7998326,,,2949508,3,0
7998326,,,2952403,4,0
7998326,14:23:00,14:23:00,2952405,5,1
7998326,,,2952399,6,0
7998326,,,2952400,7,0
7998326,,,2952401,8,0
7998326,,,2952423,9,0
7998326,,,2949523,10,0
7998326,,,2952424,11,0
7998326,,,2949524,12,0
7998326,,,2949525,13,0
7998326,,,2940594,14,0
7998326,14:27:00,14:27:00,2911892,15,1
7998326,,,2947000,16,0
7998326,,,2947001,17,0
7998326,,,2947002,18,0
7998326,14:30:00,14:30:00,2947003,19,1
7998326,,,2947004,20,0
7998326,,,2947005,21,0
7998326,14:33:00,14:33:00,2947050,22,1
7998326,,,2947051,23,0
7998326,,,2947052,24,0
7998326,,,2952425,25,0
7998326,14:37:00,14:37:00,2952426,26,1
7998326,,,2940570,27,0
7998326,,,2952410,28,0
7998326,,,2952411,29,0
7998326,,,2952412,30,0
7998326,,,2952407,31,0
7998326,,,2952406,32,0
7998326,14:42:00,14:42:00,2952404,33,1
7998326,,,2952402,34,0
7998326,,,2949509,35,0
7998326,,,2952408,36,0
7998326,,,2952409,37,0
7998326,14:55:00,14:55:00,2949505,38,1
7998327,15:00:00,15:00:00,2949505,0,1
7998327,,,2949506,1,0
7998327,,,2949507,2,0
7998327,,,2949508,3,0
7998327,,,2952403,4,0
7998327,15:03:00,15:03:00,2952405,5,1
7998327,,,2952399,6,0
7998327,,,2952400,7,0
7998327,,,2952401,8,0
7998327,,,2952423,9,0
7998327,,,2949523,10,0
7998327,,,2952424,11,0
7998327,,,2949524,12,0
7998327,,,2949525,13,0
7998327,,,2940594,14,0
7998327,15:07:00,15:07:00,2911892,15,1
7998327,,,2947000,16,0
7998327,,,2947001,17,0
7998327,,,2947002,18,0
7998327,15:10:00,15:10:00,2947003,19,1
7998327,,,2947004,20,0
7998327,,,2947005,21,0
7998327,15:13:00,15:13:00,2947050,22,1
7998327,,,2947051,23,0
7998327,,,2947052,24,0
7998327,,,2952425,25,0
7998327,15:17:00,15:17:00,2952426,26,1
7998327,,,2940570,27,0
7998327,,,2952410,28,0
7998327,,,2952411,29,0
7998327,,,2952412,30,0
7998327,,,2952407,31,0
7998327,,,2952406,32,0
7998327,15:22:00,15:22:00,2952404,33,1
7998327,,,2952402,34,0
7998327,,,2949509,35,0
7998327,,,2952408,36,0
7998327,,,2952409,37,0
7998327,15:35:00,15:35:00,2949505,38,1
7998328,15:40:00,15:40:00,2949505,0,1
7998328,,,2949506,1,0
7998328,,,2949507,2,0
7998328,,,2949508,3,0
7998328,,,2952403,4,0
7998328,15:43:00,15:43:00,2952405,5,1
7998328,,,2952399,6,0
7998328,,,2952400,7,0
7998328,,,2952401,8,0
7998328,,,2952423,9,0
7998328,,,2949523,10,0
7998328,,,2952424,11,0
7998328,,,2949524,12,0
7998328,,,2949525,13,0
7998328,,,2940594,14,0
7998328,15:47:00,15:47:00,2911892,15,1
7998328,,,2947000,16,0
7998328,,,2947001,17,0
7998328,,,2947002,18,0
7998328,15:50:00,15:50:00,2947003,19,1
7998328,,,2947004,20,0
7998328,,,2947005,21,0
7998328,15:53:00,15:53:00,2947050,22,1
7998328,,,2947051,23,0
7998328,,,2947052,24,0
7998328,,,2952425,25,0
7998328,15:57:00,15:57:00,2952426,26,1
7998328,,,2940570,27,0
7998328,,,2952410,28,0
7998328,,,2952411,29,0
7998328,,,2952412,30,0
7998328,,,2952407,31,0
7998328,,,2952406,32,0
7998328,16:02:00,16:02:00,2952404,33,1
7998328,,,2952402,34,0
7998328,,,2949509,35,0
7998328,,,2952408,36,0
7998328,,,2952409,37,0
7998328,16:15:00,16:15:00,2949505,38,1
7998329,16:20:00,16:20:00,2949505,0,1
7998329,,,2949506,1,0
7998329,,,2949507,2,0
7998329,,,2949508,3,0
7998329,,,2952403,4,0
7998329,16:23:00,16:23:00,2952405,5,1
7998329,,,2952399,6,0
7998329,,,2952400,7,0
7998329,,,2952401,8,0
7998329,,,2952423,9,0
7998329,,,2949523,10,0
7998329,,,2952424,11,0
7998329,,,2949524,12,0
7998329,,,2949525,13,0
7998329,,,2940594,14,0
7998329,16:27:00,16:27:00,2911892,15,1
7998329,,,2947000,16,0
7998329,,,2947001,17,0
7998329,,,2947002,18,0
7998329,16:30:00,16:30:00,2947003,19,1
7998329,,,2947004,20,0
7998329,,,2947005,21,0
7998329,16:33:00,16:33:00,2947050,22,1
7998329,,,2947051,23,0
7998329,,,2947052,24,0
7998329,,,2952425,25,0
7998329,16:37:00,16:37:00,2952426,26,1
7998329,,,2940570,27,0
7998329,,,2952410,28,0
7998329,,,2952411,29,0
7998329,,,2952412,30,0
7998329,,,2952407,31,0
7998329,,,2952406,32,0
7998329,16:42:00,16:42:00,2952404,33,1
7998329,,,2952402,34,0
7998329,,,2949509,35,0
7998329,,,2952408,36,0
7998329,,,2952409,37,0
7998329,16:55:00,16:55:00,2949505,38,1
7998330,17:00:00,17:00:00,2949505,0,1
7998330,,,2949506,1,0
7998330,,,2949507,2,0
7998330,,,2949508,3,0
7998330,,,2952403,4,0
7998330,17:03:00,17:03:00,2952405,5,1
7998330,,,2952399,6,0
7998330,,,2952400,7,0
7998330,,,2952401,8,0
7998330,,,2952423,9,0
7998330,,,2949523,10,0
7998330,,,2952424,11,0
7998330,,,2949524,12,0
7998330,,,2949525,13,0
7998330,,,2940594,14,0
7998330,17:07:00,17:07:00,2911892,15,1
7998330,,,2947000,16,0
7998330,,,2947001,17,0
7998330,,,2947002,18,0
7998330,17:10:00,17:10:00,2947003,19,1
7998330,,,2947004,20,0
7998330,,,2947005,21,0
7998330,17:13:00,17:13:00,2947050,22,1
7998330,,,2947051,23,0
7998330,,,2947052,24,0
7998330,,,2952425,25,0
7998330,17:17:00,17:17:00,2952426,26,1
7998330,,,2940570,27,0
7998330,,,2952410,28,0
7998330,,,2952411,29,0
7998330,,,2952412,30,0
7998330,,,2952407,31,0
7998330,,,2952406,32,0
7998330,17:22:00,17:22:00,2952404,33,1
7998330,,,2952402,34,0
7998330,,,2949509,35,0
7998330,,,2952408,36,0
7998330,,,2952409,37,0
7998330,17:35:00,17:35:00,2949505,38,1
7998331,17:40:00,17:40:00,2949505,0,1
7998331,,,2949506,1,0
7998331,,,2949507,2,0
7998331,,,2949508,3,0
7998331,,,2952403,4,0
7998331,17:43:00,17:43:00,2952405,5,1
7998331,,,2952399,6,0
7998331,,,2952400,7,0
7998331,,,2952401,8,0
7998331,,,2952423,9,0
7998331,,,2949523,10,0
7998331,,,2952424,11,0
7998331,,,2949524,12,0
7998331,,,2949525,13,0
7998331,,,2940594,14,0
7998331,17:47:00,17:47:00,2911892,15,1
7998331,,,2947000,16,0
7998331,,,2947001,17,0
7998331,,,2947002,18,0
7998331,17:50:00,17:50:00,2947003,19,1
7998331,,,2947004,20,0
7998331,,,2947005,21,0
7998331,17:53:00,17:53:00,2947050,22,1
7998331,,,2947051,23,0
7998331,,,2947052,24,0
7998331,,,2952425,25,0
7998331,17:57:00,17:57:00,2952426,26,1
7998331,,,2940570,27,0
7998331,,,2952410,28,0
7998331,,,2952411,29,0
7998331,,,2952412,30,0
7998331,,,2952407,31,0
7998331,,,2952406,32,0
7998331,18:02:00,18:02:00,2952404,33,1
7998331,,,2952402,34,0
7998331,,,2949509,35,0
7998331,,,2952408,36,0
7998331,,,2952409,37,0
7998331,18:15:00,18:15:00,2949505,38,1
7998332,18:20:00,18:20:00,2949505,0,1
7998332,,,2949506,1,0
7998332,,,2949507,2,0
7998332,,,2949508,3,0
7998332,,,2952403,4,0
7998332,18:23:00,18:23:00,2952405,5,1
7998332,,,2952399,6,0
7998332,,,2952400,7,0
7998332,,,2952401,8,0
7998332,,,2952423,9,0
7998332,,,2949523,10,0
7998332,,,2952424,11,0
7998332,,,2949524,12,0
7998332,,,2949525,13,0
7998332,,,2940594,14,0
7998332,18:27:00,18:27:00,2911892,15,1
7998332,,,2947000,16,0
7998332,,,2947001,17,0
7998332,,,2947002,18,0
7998332,18:30:00,18:30:00,2947003,19,1
7998332,,,2947004,20,0
7998332,,,2947005,21,0
7998332,18:33:00,18:33:00,2947050,22,1
7998332,,,2947051,23,0
7998332,,,2947052,24,0
7998332,,,2952425,25,0
7998332,18:37:00,18:37:00,2952426,26,1
7998332,,,2940570,27,0
7998332,,,2952410,28,0
7998332,,,2952411,29,0
7998332,,,2952412,30,0
7998332,,,2952407,31,0
7998332,,,2952406,32,0
7998332,18:42:00,18:42:00,2952404,33,1
7998332,,,2952402,34,0
7998332,,,2949509,35,0
7998332,,,2952408,36,0
7998332,,,2952409,37,0
7998332,18:55:00,18:55:00,2949505,38,1
7998333,19:00:00,19:00:00,2949505,0,1
7998333,,,2949506,1,0
7998333,,,2949507,2,0
7998333,,,2949508,3,0
7998333,,,2952403,4,0
7998333,19:03:00,19:03:00,2952405,5,1
7998333,,,2952399,6,0
7998333,,,2952400,7,0
7998333,,,2952401,8,0
7998333,,,2952423,9,0
7998333,,,2949523,10,0
7998333,,,2952424,11,0
7998333,,,2949524,12,0
7998333,,,2949525,13,0
7998333,,,2940594,14,0
7998333,19:07:00,19:07:00,2911892,15,1
7998333,,,2947000,16,0
7998333,,,2947001,17,0
7998333,,,2947002,18,0
7998333,19:10:00,19:10:00,2947003,19,1
7998333,,,2947004,20,0
7998333,,,2947005,21,0
7998333,19:13:00,19:13:00,2947050,22,1
7998333,,,2947051,23,0
7998333,,,2947052,24,0
7998333,,,2952425,25,0
7998333,19:17:00,19:17:00,2952426,26,1
7998333,,,2940570,27,0
7998333,,,2952410,28,0
7998333,,,2952411,29,0
7998333,,,2952412,30,0
7998333,,,2952407,31,0
7998333,,,2952406,32,0
7998333,19:22:00,19:22:00,2952404,33,1
7998333,,,2952402,34,0
7998333,,,2949509,35,0
7998333,,,2952408,36,0
7998333,,,2952409,37,0
7998333,19:35:00,19:35:00,2949505,38,1
7998334,19:40:00,19:40:00,2949505,0,1
7998334,,,2949506,1,0
7998334,,,2949507,2,0
7998334,,,2949508,3,0
7998334,,,2952403,4,0
7998334,19:43:00,19:43:00,2952405,5,1
7998334,,,2952399,6,0
7998334,,,2952400,7,0
7998334,,,2952401,8,0
7998334,,,2952423,9,0
7998334,,,2949523,10,0
7998334,,,2952424,11,0
7998334,,,2949524,12,0
7998334,,,2949525,13,0
7998334,,,2940594,14,0
7998334,19:47:00,19:47:00,2911892,15,1
7998334,,,2947000,16,0
7998334,,,2947001,17,0
7998334,,,2947002,18,0
7998334,19:50:00,19:50:00,2947003,19,1
7998334,,,2947004,20,0
7998334,,,2947005,21,0
7998334,19:53:00,19:53:00,2947050,22,1
7998334,,,2947051,23,0
7998334,,,2947052,24,0
7998334,,,2952425,25,0
7998334,19:57:00,19:57:00,2952426,26,1
7998334,,,2940570,27,0
7998334,,,2952410,28,0
7998334,,,2952411,29,0
7998334,,,2952412,30,0
7998334,,,2952407,31,0
7998334,,,2952406,32,0
7998334,20:02:00,20:02:00,2952404,33,1
7998334,,,2952402,34,0
7998334,,,2949509,35,0
7998334,,,2952408,36,0
7998334,,,2952409,37,0
7998334,20:15:00,20:15:00,2949505,38,1
7998335,20:20:00,20:20:00,2949505,0,1
7998335,,,2949506,1,0
7998335,,,2949507,2,0
7998335,,,2949508,3,0
7998335,,,2952403,4,0
7998335,20:23:00,20:23:00,2952405,5,1
7998335,,,2952399,6,0
7998335,,,2952400,7,0
7998335,,,2952401,8,0
7998335,,,2952423,9,0
7998335,,,2949523,10,0
7998335,,,2952424,11,0
7998335,,,2949524,12,0
7998335,,,2949525,13,0
7998335,,,2940594,14,0
7998335,20:27:00,20:27:00,2911892,15,1
7998335,,,2947000,16,0
7998335,,,2947001,17,0
7998335,,,2947002,18,0
7998335,20:30:00,20:30:00,2947003,19,1
7998335,,,2947004,20,0
7998335,,,2947005,21,0
7998335,20:33:00,20:33:00,2947050,22,1
7998335,,,2947051,23,0
7998335,,,2947052,24,0
7998335,,,2952425,25,0
7998335,20:37:00,20:37:00,2952426,26,1
7998335,,,2940570,27,0
7998335,,,2952410,28,0
7998335,,,2952411,29,0
7998335,,,2952412,30,0
7998335,,,2952407,31,0
7998335,,,2952406,32,0
7998335,20:42:00,20:42:00,2952404,33,1
7998335,,,2952402,34,0
7998335,,,2949509,35,0
7998335,,,2952408,36,0
7998335,,,2952409,37,0
7998335,20:55:00,20:55:00,2949505,38,1
7998336,21:00:00,21:00:00,2949505,0,1
7998336,,,2949506,1,0
7998336,,,2949507,2,0
7998336,,,2949508,3,0
7998336,,,2952403,4,0
7998336,21:03:00,21:03:00,2952405,5,1
7998336,,,2952399,6,0
7998336,,,2952400,7,0
7998336,,,2952401,8,0
7998336,,,2952423,9,0
7998336,,,2949523,10,0
7998336,,,2952424,11,0
7998336,,,2949524,12,0
7998336,,,2949525,13,0
7998336,,,2940594,14,0
7998336,21:07:00,21:07:00,2911892,15,1
7998336,,,2947000,16,0
7998336,,,2947001,17,0
7998336,,,2947002,18,0
7998336,21:10:00,21:10:00,2947003,19,1
7998336,,,2947004,20,0
7998336,,,2947005,21,0
7998336,21:13:00,21:13:00,2947050,22,1
7998336,,,2947051,23,0
7998336,,,2947052,24,0
7998336,,,2952425,25,0
7998336,21:17:00,21:17:00,2952426,26,1
7998336,,,2940570,27,0
7998336,,,2952410,28,0
7998336,,,2952411,29,0
7998336,,,2952412,30,0
7998336,,,2952407,31,0
7998336,,,2952406,32,0
7998336,21:22:00,21:22:00,2952404,33,1
7998336,,,2952402,34,0
7998336,,,2949509,35,0
7998336,,,2952408,36,0
7998336,,,2952409,37,0
7998336,21:35:00,21:35:00,2949505,38,1
7975501,06:40:00,06:40:00,2759346,0,0
7975501,,,2940569,1,0
7975501,,,2940570,2,0
7975501,06:44:00,06:44:00,2940571,3,0
7975501,,,2940572,4,0
7975501,06:46:00,06:46:00,2940573,5,0
7975501,,,2940574,6,0
7975501,,,2940575,7,0
7975501,,,2940576,8,0
7975501,,,2940577,9,0
7975501,,,2940578,10,0
7975501,,,2940579,11,0
7975501,06:51:00,06:51:00,2940580,12,0
7975501,,,2940581,13,0
7975501,,,2940582,14,0
7975501,,,2940583,15,0
7975501,,,2940584,16,0
7975501,06:53:00,06:53:00,2940585,17,0
7975501,,,2940586,18,0
7975501,,,2940587,19,0
7975501,,,2940588,20,0
7975501,06:56:00,06:56:00,2940589,21,0
7975501,,,2940590,22,0
7975501,,,2940591,23,0
7975501,06:58:00,06:58:00,2940592,24,0
7975501,,,2940593,25,0
7975501,,,2940594,26,0
7975501,07:04:00,07:04:00,2759335,27,0
7975502,07:10:00,07:10:00,2759346,0,0
7975502,,,2940569,1,0
7975502,,,2940570,2,0
7975502,07:14:00,07:14:00,2940571,3,0
7975502,,,2940572,4,0
7975502,07:16:00,07:16:00,2940573,5,0
7975502,,,2940574,6,0
7975502,,,2940575,7,0
7975502,,,2940576,8,0
7975502,,,2940577,9,0
7975502,,,2940578,10,0
7975502,,,2940579,11,0
7975502,07:21:00,07:21:00,2940580,12,0
7975502,,,2940581,13,0
7975502,,,2940582,14,0
7975502,,,2940583,15,0
7975502,,,2940584,16,0
7975502,07:23:00,07:23:00,2940585,17,0
7975502,,,2940586,18,0
7975502,,,2940587,19,0
7975502,,,2940588,20,0
7975502,07:26:00,07:26:00,2940589,21,0
7975502,,,2940590,22,0
7975502,,,2940591,23,0
7975502,07:28:00,07:28:00,2940592,24,0
7975502,,,2940593,25,0
7975502,,,2940594,26,0
7975502,07:34:00,07:34:00,2759335,27,0
7975503,07:40:00,07:40:00,2759346,0,0
7975503,,,2940569,1,0
7975503,,,2940570,2,0
7975503,07:44:00,07:44:00,2940571,3,0
7975503,,,2940572,4,0
7975503,07:46:00,07:46:00,2940573,5,0
7975503,,,2940574,6,0
7975503,,,2940575,7,0
7975503,,,2940576,8,0
7975503,,,2940577,9,0
7975503,,,2940578,10,0
7975503,,,2940579,11,0
7975503,07:51:00,07:51:00,2940580,12,0
7975503,,,2940581,13,0
7975503,,,2940582,14,0
7975503,,,2940583,15,0
7975503,,,2940584,16,0
7975503,07:53:00,07:53:00,2940585,17,0
7975503,,,2940586,18,0
7975503,,,2940587,19,0
7975503,,,2940588,20,0
7975503,07:56:00,07:56:00,2940589,21,0
7975503,,,2940590,22,0
7975503,,,2940591,23,0
7975503,07:58:00,07:58:00,2940592,24,0
7975503,,,2940593,25,0
7975503,,,2940594,26,0
7975503,08:04:00,08:04:00,2759335,27,0
7975504,08:10:00,08:10:00,2759346,0,0
7975504,,,2940569,1,0
7975504,,,2940570,2,0
7975504,08:14:00,08:14:00,2940571,3,0
7975504,,,2940572,4,0
7975504,08:16:00,08:16:00,2940573,5,0
7975504,,,2940574,6,0
7975504,,,2940575,7,0
7975504,,,2940576,8,0
7975504,,,2940577,9,0
7975504,,,2940578,10,0
7975504,,,2940579,11,0
7975504,08:21:00,08:21:00,2940580,12,0
7975504,,,2940581,13,0
7975504,,,2940582,14,0
7975504,,,2940583,15,0
7975504,,,2940584,16,0
7975504,08:23:00,08:23:00,2940585,17,0
7975504,,,2940586,18,0
7975504,,,2940587,19,0
7975504,,,2940588,20,0
7975504,08:26:00,08:26:00,2940589,21,0
7975504,,,2940590,22,0
7975504,,,2940591,23,0
7975504,08:28:00,08:28:00,2940592,24,0
7975504,,,2940593,25,0
7975504,,,2940594,26,0
7975504,08:34:00,08:34:00,2759335,27,0
7975505,08:40:00,08:40:00,2759346,0,0
7975505,,,2940569,1,0
7975505,,,2940570,2,0
7975505,08:44:00,08:44:00,2940571,3,0
7975505,,,2940572,4,0
7975505,08:46:00,08:46:00,2940573,5,0
7975505,,,2940574,6,0
7975505,,,2940575,7,0
7975505,,,2940576,8,0
7975505,,,2940577,9,0
7975505,,,2940578,10,0
7975505,,,2940579,11,0
7975505,08:51:00,08:51:00,2940580,12,0
7975505,,,2940581,13,0
7975505,,,2940582,14,0
7975505,,,2940583,15,0
7975505,,,2940584,16,0
7975505,08:53:00,08:53:00,2940585,17,0
7975505,,,2940586,18,0
7975505,,,2940587,19,0
7975505,,,2940588,20,0
7975505,08:56:00,08:56:00,2940589,21,0
7975505,,,2940590,22,0
7975505,,,2940591,23,0
7975505,08:58:00,08:58:00,2940592,24,0
7975505,,,2940593,25,0
7975505,,,2940594,26,0
7975505,09:04:00,09:04:00,2759335,27,0
7975506,09:10:00,09:10:00,2759346,0,0
7975506,,,2940569,1,0
7975506,,,2940570,2,0
7975506,09:14:00,09:14:00,2940571,3,0
7975506,,,2940572,4,0
7975506,09:16:00,09:16:00,2940573,5,0
7975506,,,2940574,6,0
7975506,,,2940575,7,0
7975506,,,2940576,8,0
7975506,,,2940577,9,0
7975506,,,2940578,10,0
7975506,,,2940579,11,0
7975506,09:21:00,09:21:00,2940580,12,0
7975506,,,2940581,13,0
7975506,,,2940582,14,0
7975506,,,2940583,15,0
7975506,,,2940584,16,0
7975506,09:23:00,09:23:00,2940585,17,0
7975506,,,2940586,18,0
7975506,,,2940587,19,0
7975506,,,2940588,20,0
7975506,09:26:00,09:26:00,2940589,21,0
7975506,,,2940590,22,0
7975506,,,2940591,23,0
7975506,09:28:00,09:28:00,2940592,24,0
7975506,,,2940593,25,0
7975506,,,2940594,26,0
7975506,09:34:00,09:34:00,2759335,27,0
7975507,09:40:00,09:40:00,2759346,0,0
7975507,,,2940569,1,0
7975507,,,2940570,2,0
7975507,09:44:00,09:44:00,2940571,3,0
7975507,,,2940572,4,0
7975507,09:46:00,09:46:00,2940573,5,0
7975507,,,2940574,6,0
7975507,,,2940575,7,0
7975507,,,2940576,8,0
7975507,,,2940577,9,0
7975507,,,2940578,10,0
7975507,,,2940579,11,0
7975507,09:51:00,09:51:00,2940580,12,0
7975507,,,2940581,13,0
7975507,,,2940582,14,0
7975507,,,2940583,15,0
7975507,,,2940584,16,0
7975507,09:53:00,09:53:00,2940585,17,0
7975507,,,2940586,18,0
7975507,,,2940587,19,0
7975507,,,2940588,20,0
7975507,09:56:00,09:56:00,2940589,21,0
7975507,,,2940590,22,0
7975507,,,2940591,23,0
7975507,09:58:00,09:58:00,2940592,24,0
7975507,,,2940593,25,0
7975507,,,2940594,26,0
7975507,10:04:00,10:04:00,2759335,27,0
7975508,10:10:00,10:10:00,2759346,0,0
7975508,,,2940569,1,0
7975508,,,2940570,2,0
7975508,10:14:00,10:14:00,2940571,3,0
7975508,,,2940572,4,0
7975508,10:16:00,10:16:00,2940573,5,0
7975508,,,2940574,6,0
7975508,,,2940575,7,0
7975508,,,2940576,8,0
7975508,,,2940577,9,0
7975508,,,2940578,10,0
7975508,,,2940579,11,0
7975508,10:21:00,10:21:00,2940580,12,0
7975508,,,2940581,13,0
7975508,,,2940582,14,0
7975508,,,2940583,15,0
7975508,,,2940584,16,0
7975508,10:23:00,10:23:00,2940585,17,0
7975508,,,2940586,18,0
7975508,,,2940587,19,0
7975508,,,2940588,20,0
7975508,10:26:00,10:26:00,2940589,21,0
7975508,,,2940590,22,0
7975508,,,2940591,23,0
7975508,10:28:00,10:28:00,2940592,24,0
7975508,,,2940593,25,0
7975508,,,2940594,26,0
7975508,10:34:00,10:34:00,2759335,27,0
7975509,10:40:00,10:40:00,2759346,0,0
7975509,,,2940569,1,0
7975509,,,2940570,2,0
7975509,10:44:00,10:44:00,2940571,3,0
7975509,,,2940572,4,0
7975509,10:46:00,10:46:00,2940573,5,0
7975509,,,2940574,6,0
7975509,,,2940575,7,0
7975509,,,2940576,8,0
7975509,,,2940577,9,0
7975509,,,2940578,10,0
7975509,,,2940579,11,0
7975509,10:51:00,10:51:00,2940580,12,0
7975509,,,2940581,13,0
7975509,,,2940582,14,0
7975509,,,2940583,15,0
7975509,,,2940584,16,0
7975509,10:53:00,10:53:00,2940585,17,0
7975509,,,2940586,18,0
7975509,,,2940587,19,0
7975509,,,2940588,20,0
7975509,10:56:00,10:56:00,2940589,21,0
7975509,,,2940590,22,0
7975509,,,2940591,23,0
7975509,10:58:00,10:58:00,2940592,24,0
7975509,,,2940593,25,0
7975509,,,2940594,26,0
7975509,11:04:00,11:04:00,2759335,27,0
7975510,11:10:00,11:10:00,2759346,0,0
7975510,,,2940569,1,0
7975510,,,2940570,2,0
7975510,11:14:00,11:14:00,2940571,3,0
7975510,,,2940572,4,0
7975510,11:16:00,11:16:00,2940573,5,0
7975510,,,2940574,6,0
7975510,,,2940575,7,0
7975510,,,2940576,8,0
7975510,,,2940577,9,0
7975510,,,2940578,10,0
7975510,,,2940579,11,0
7975510,11:21:00,11:21:00,2940580,12,0
7975510,,,2940581,13,0
7975510,,,2940582,14,0
7975510,,,2940583,15,0
7975510,,,2940584,16,0
7975510,11:23:00,11:23:00,2940585,17,0
7975510,,,2940586,18,0
7975510,,,2940587,19,0
7975510,,,2940588,20,0
7975510,11:26:00,11:26:00,2940589,21,0
7975510,,,2940590,22,0
7975510,,,2940591,23,0
7975510,11:28:00,11:28:00,2940592,24,0
7975510,,,2940593,25,0
7975510,,,2940594,26,0
7975510,11:34:00,11:34:00,2759335,27,0
7975511,11:40:00,11:40:00,2759346,0,0
7975511,,,2940569,1,0
7975511,,,2940570,2,0
7975511,11:44:00,11:44:00,2940571,3,0
7975511,,,2940572,4,0
7975511,11:46:00,11:46:00,2940573,5,0
7975511,,,2940574,6,0
7975511,,,2940575,7,0
7975511,,,2940576,8,0
7975511,,,2940577,9,0
7975511,,,2940578,10,0
7975511,,,2940579,11,0
7975511,11:51:00,11:51:00,2940580,12,0
7975511,,,2940581,13,0
7975511,,,2940582,14,0
7975511,,,2940583,15,0
7975511,,,2940584,16,0
7975511,11:53:00,11:53:00,2940585,17,0
7975511,,,2940586,18,0
7975511,,,2940587,19,0
7975511,,,2940588,20,0
7975511,11:56:00,11:56:00,2940589,21,0
7975511,,,2940590,22,0
7975511,,,2940591,23,0
7975511,11:58:00,11:58:00,2940592,24,0
7975511,,,2940593,25,0
7975511,,,2940594,26,0
7975511,12:04:00,12:04:00,2759335,27,0
7975512,12:10:00,12:10:00,2759346,0,0
7975512,,,2940569,1,0
7975512,,,2940570,2,0
7975512,12:14:00,12:14:00,2940571,3,0
7975512,,,2940572,4,0
7975512,12:16:00,12:16:00,2940573,5,0
7975512,,,2940574,6,0
7975512,,,2940575,7,0
7975512,,,2940576,8,0
7975512,,,2940577,9,0
7975512,,,2940578,10,0
7975512,,,2940579,11,0
7975512,12:21:00,12:21:00,2940580,12,0
7975512,,,2940581,13,0
7975512,,,2940582,14,0
7975512,,,2940583,15,0
7975512,,,2940584,16,0
7975512,12:23:00,12:23:00,2940585,17,0
7975512,,,2940586,18,0
7975512,,,2940587,19,0
7975512,,,2940588,20,0
7975512,12:26:00,12:26:00,2940589,21,0
7975512,,,2940590,22,0
7975512,,,2940591,23,0
7975512,12:28:00,12:28:00,2940592,24,0
7975512,,,2940593,25,0
7975512,,,2940594,26,0
7975512,12:34:00,12:34:00,2759335,27,0
7975513,12:40:00,12:40:00,2759346,0,0
7975513,,,2940569,1,0
7975513,,,2940570,2,0
7975513,12:44:00,12:44:00,2940571,3,0
7975513,,,2940572,4,0
7975513,12:46:00,12:46:00,2940573,5,0
7975513,,,2940574,6,0
7975513,,,2940575,7,0
7975513,,,2940576,8,0
7975513,,,2940577,9,0
7975513,,,2940578,10,0
7975513,,,2940579,11,0
7975513,12:51:00,12:51:00,2940580,12,0
7975513,,,2940581,13,0
7975513,,,2940582,14,0
7975513,,,2940583,15,0
7975513,,,2940584,16,0
7975513,12:53:00,12:53:00,2940585,17,0
7975513,,,2940586,18,0
7975513,,,2940587,19,0
7975513,,,2940588,20,0
7975513,12:56:00,12:56:00,2940589,21,0
7975513,,,2940590,22,0
7975513,,,2940591,23,0
7975513,12:58:00,12:58:00,2940592,24,0
7975513,,,2940593,25,0
7975513,,,2940594,26,0
7975513,13:04:00,13:04:00,2759335,27,0
7975514,13:10:00,13:10:00,2759346,0,0
7975514,,,2940569,1,0
7975514,,,2940570,2,0
7975514,13:14:00,13:14:00,2940571,3,0
7975514,,,2940572,4,0
7975514,13:16:00,13:16:00,2940573,5,0
7975514,,,2940574,6,0
7975514,,,2940575,7,0
7975514,,,2940576,8,0
7975514,,,2940577,9,0
7975514,,,2940578,10,0
7975514,,,2940579,11,0
7975514,13:21:00,13:21:00,2940580,12,0
7975514,,,2940581,13,0
7975514,,,2940582,14,0
7975514,,,2940583,15,0
7975514,,,2940584,16,0
7975514,13:23:00,13:23:00,2940585,17,0
7975514,,,2940586,18,0
7975514,,,2940587,19,0
7975514,,,2940588,20,0
7975514,13:26:00,13:26:00,2940589,21,0
7975514,,,2940590,22,0
7975514,,,2940591,23,0
7975514,13:28:00,13:28:00,2940592,24,0
7975514,,,2940593,25,0
7975514,,,2940594,26,0
7975514,13:34:00,13:34:00,2759335,27,0
7975515,13:40:00,13:40:00,2759346,0,0
7975515,,,2940569,1,0
7975515,,,2940570,2,0
7975515,13:44:00,13:44:00,2940571,3,0
7975515,,,2940572,4,0
7975515,13:46:00,13:46:00,2940573,5,0
7975515,,,2940574,6,0
7975515,,,2940575,7,0
7975515,,,2940576,8,0
7975515,,,2940577,9,0
7975515,,,2940578,10,0
7975515,,,2940579,11,0
7975515,13:51:00,13:51:00,2940580,12,0
7975515,,,2940581,13,0
7975515,,,2940582,14,0
7975515,,,2940583,15,0
7975515,,,2940584,16,0
7975515,13:53:00,13:53:00,2940585,17,0
7975515,,,2940586,18,0
7975515,,,2940587,19,0
7975515,,,2940588,20,0
7975515,13:56:00,13:56:00,2940589,21,0
7975515,,,2940590,22,0
7975515,,,2940591,23,0
7975515,13:58:00,13:58:00,2940592,24,0
7975515,,,2940593,25,0
7975515,,,2940594,26,0
7975515,14:04:00,14:04:00,2759335,27,0
7975516,14:10:00,14:10:00,2759346,0,0
7975516,,,2940569,1,0
7975516,,,2940570,2,0
7975516,14:14:00,14:14:00,2940571,3,0
7975516,,,2940572,4,0
7975516,14:16:00,14:16:00,2940573,5,0
7975516,,,2940574,6,0
7975516,,,2940575,7,0
7975516,,,2940576,8,0
7975516,,,2940577,9,0
7975516,,,2940578,10,0
7975516,,,2940579,11,0
7975516,14:21:00,14:21:00,2940580,12,0
7975516,,,2940581,13,0
7975516,,,2940582,14,0
7975516,,,2940583,15,0
7975516,,,2940584,16,0
7975516,14:23:00,14:23:00,2940585,17,0
7975516,,,2940586,18,0
7975516,,,2940587,19,0
7975516,,,2940588,20,0
7975516,14:26:00,14:26:00,2940589,21,0
7975516,,,2940590,22,0
7975516,,,2940591,23,0
7975516,14:28:00,14:28:00,2940592,24,0
7975516,,,2940593,25,0
7975516,,,2940594,26,0
7975516,14:34:00,14:34:00,2759335,27,0
7975517,14:40:00,14:40:00,2759346,0,0
7975517,,,2940569,1,0
7975517,,,2940570,2,0
7975517,14:44:00,14:44:00,2940571,3,0
7975517,,,2940572,4,0
7975517,14:46:00,14:46:00,2940573,5,0
7975517,,,2940574,6,0
7975517,,,2940575,7,0
7975517,,,2940576,8,0
7975517,,,2940577,9,0
7975517,,,2940578,10,0
7975517,,,2940579,11,0
7975517,14:51:00,14:51:00,2940580,12,0
7975517,,,2940581,13,0
7975517,,,2940582,14,0
7975517,,,2940583,15,0
7975517,,,2940584,16,0
7975517,14:53:00,14:53:00,2940585,17,0
7975517,,,2940586,18,0
7975517,,,2940587,19,0
7975517,,,2940588,20,0
7975517,14:56:00,14:56:00,2940589,21,0
7975517,,,2940590,22,0
7975517,,,2940591,23,0
7975517,14:58:00,14:58:00,2940592,24,0
7975517,,,2940593,25,0
7975517,,,2940594,26,0
7975517,15:04:00,15:04:00,2759335,27,0
7975518,15:10:00,15:10:00,2759346,0,0
7975518,,,2940569,1,0
7975518,,,2940570,2,0
7975518,15:14:00,15:14:00,2940571,3,0
7975518,,,2940572,4,0
7975518,15:16:00,15:16:00,2940573,5,0
7975518,,,2940574,6,0
7975518,,,2940575,7,0
7975518,,,2940576,8,0
7975518,,,2940577,9,0
7975518,,,2940578,10,0
7975518,,,2940579,11,0
7975518,15:21:00,15:21:00,2940580,12,0
7975518,,,2940581,13,0
7975518,,,2940582,14,0
7975518,,,2940583,15,0
7975518,,,2940584,16,0
7975518,15:23:00,15:23:00,2940585,17,0
7975518,,,2940586,18,0
7975518,,,2940587,19,0
7975518,,,2940588,20,0
7975518,15:26:00,15:26:00,2940589,21,0
7975518,,,2940590,22,0
7975518,,,2940591,23,0
7975518,15:28:00,15:28:00,2940592,24,0
7975518,,,2940593,25,0
7975518,,,2940594,26,0
7975518,15:34:00,15:34:00,2759335,27,0
7975519,15:40:00,15:40:00,2759346,0,0
7975519,,,2940569,1,0
7975519,,,2940570,2,0
7975519,15:44:00,15:44:00,2940571,3,0
7975519,,,2940572,4,0
7975519,15:46:00,15:46:00,2940573,5,0
7975519,,,2940574,6,0
7975519,,,2940575,7,0
7975519,,,2940576,8,0
7975519,,,2940577,9,0
7975519,,,2940578,10,0
7975519,,,2940579,11,0
7975519,15:51:00,15:51:00,2940580,12,0
7975519,,,2940581,13,0
7975519,,,2940582,14,0
7975519,,,2940583,15,0
7975519,,,2940584,16,0
7975519,15:53:00,15:53:00,2940585,17,0
7975519,,,2940586,18,0
7975519,,,2940587,19,0
7975519,,,2940588,20,0
7975519,15:56:00,15:56:00,2940589,21,0
7975519,,,2940590,22,0
7975519,,,2940591,23,0
7975519,15:58:00,15:58:00,2940592,24,0
7975519,,,2940593,25,0
7975519,,,2940594,26,0
7975519,16:04:00,16:04:00,2759335,27,0
7975520,16:10:00,16:10:00,2759346,0,0
7975520,,,2940569,1,0
7975520,,,2940570,2,0
7975520,16:14:00,16:14:00,2940571,3,0
7975520,,,2940572,4,0
7975520,16:16:00,16:16:00,2940573,5,0
7975520,,,2940574,6,0
7975520,,,2940575,7,0
7975520,,,2940576,8,0
7975520,,,2940577,9,0
7975520,,,2940578,10,0
7975520,,,2940579,11,0
7975520,16:21:00,16:21:00,2940580,12,0
7975520,,,2940581,13,0
7975520,,,2940582,14,0
7975520,,,2940583,15,0
7975520,,,2940584,16,0
7975520,16:23:00,16:23:00,2940585,17,0
7975520,,,2940586,18,0
7975520,,,2940587,19,0
7975520,,,2940588,20,0
7975520,16:26:00,16:26:00,2940589,21,0
7975520,,,2940590,22,0
7975520,,,2940591,23,0
7975520,16:28:00,16:28:00,2940592,24,0
7975520,,,2940593,25,0
7975520,,,2940594,26,0
7975520,16:34:00,16:34:00,2759335,27,0
7975521,16:40:00,16:40:00,2759346,0,0
7975521,,,2940569,1,0
7975521,,,2940570,2,0
7975521,16:44:00,16:44:00,2940571,3,0
7975521,,,2940572,4,0
7975521,16:46:00,16:46:00,2940573,5,0
7975521,,,2940574,6,0
7975521,,,2940575,7,0
7975521,,,2940576,8,0
7975521,,,2940577,9,0
7975521,,,2940578,10,0
7975521,,,2940579,11,0
7975521,16:51:00,16:51:00,2940580,12,0
7975521,,,2940581,13,0
7975521,,,2940582,14,0
7975521,,,2940583,15,0
7975521,,,2940584,16,0
7975521,16:53:00,16:53:00,2940585,17,0
7975521,,,2940586,18,0
7975521,,,2940587,19,0
7975521,,,2940588,20,0
7975521,16:56:00,16:56:00,2940589,21,0
7975521,,,2940590,22,0
7975521,,,2940591,23,0
7975521,16:58:00,16:58:00,2940592,24,0
7975521,,,2940593,25,0
7975521,,,2940594,26,0
7975521,17:04:00,17:04:00,2759335,27,0
7975522,17:10:00,17:10:00,2759346,0,0
7975522,,,2940569,1,0
7975522,,,2940570,2,0
7975522,17:14:00,17:14:00,2940571,3,0
7975522,,,2940572,4,0
7975522,17:16:00,17:16:00,2940573,5,0
7975522,,,2940574,6,0
7975522,,,2940575,7,0
7975522,,,2940576,8,0
7975522,,,2940577,9,0
7975522,,,2940578,10,0
7975522,,,2940579,11,0
7975522,17:21:00,17:21:00,2940580,12,0
7975522,,,2940581,13,0
7975522,,,2940582,14,0
7975522,,,2940583,15,0
7975522,,,2940584,16,0
7975522,17:23:00,17:23:00,2940585,17,0
7975522,,,2940586,18,0
7975522,,,2940587,19,0
7975522,,,2940588,20,0
7975522,17:26:00,17:26:00,2940589,21,0
7975522,,,2940590,22,0
7975522,,,2940591,23,0
7975522,17:28:00,17:28:00,2940592,24,0
7975522,,,2940593,25,0
7975522,,,2940594,26,0
7975522,17:34:00,17:34:00,2759335,27,0
7975523,17:40:00,17:40:00,2759346,0,0
7975523,,,2940569,1,0
7975523,,,2940570,2,0
7975523,17:44:00,17:44:00,2940571,3,0
7975523,,,2940572,4,0
7975523,17:46:00,17:46:00,2940573,5,0
7975523,,,2940574,6,0
7975523,,,2940575,7,0
7975523,,,2940576,8,0
7975523,,,2940577,9,0
7975523,,,2940578,10,0
7975523,,,2940579,11,0
7975523,17:51:00,17:51:00,2940580,12,0
7975523,,,2940581,13,0
7975523,,,2940582,14,0
7975523,,,2940583,15,0
7975523,,,2940584,16,0
7975523,17:53:00,17:53:00,2940585,17,0
7975523,,,2940586,18,0
7975523,,,2940587,19,0
7975523,,,2940588,20,0
7975523,17:56:00,17:56:00,2940589,21,0
7975523,,,2940590,22,0
7975523,,,2940591,23,0
7975523,17:58:00,17:58:00,2940592,24,0
7975523,,,2940593,25,0
7975523,,,2940594,26,0
7975523,18:04:00,18:04:00,2759335,27,0
7975524,18:10:00,18:10:00,2759346,0,0
7975524,,,2940569,1,0
7975524,,,2940570,2,0
7975524,18:14:00,18:14:00,2940571,3,0
7975524,,,2940572,4,0
7975524,18:16:00,18:16:00,2940573,5,0
7975524,,,2940574,6,0
7975524,,,2940575,7,0
7975524,,,2940576,8,0
7975524,,,2940577,9,0
7975524,,,2940578,10,0
7975524,,,2940579,11,0
7975524,18:21:00,18:21:00,2940580,12,0
7975524,,,2940581,13,0
7975524,,,2940582,14,0
7975524,,,2940583,15,0
7975524,,,2940584,16,0
7975524,18:23:00,18:23:00,2940585,17,0
7975524,,,2940586,18,0
7975524,,,2940587,19,0
7975524,,,2940588,20,0
7975524,18:26:00,18:26:00,2940589,21,0
7975524,,,2940590,22,0
7975524,,,2940591,23,0
7975524,18:28:00,18:28:00,2940592,24,0
7975524,,,2940593,25,0
7975524,,,2940594,26,0
7975524,18:34:00,18:34:00,2759335,27,0
7975525,18:40:00,18:40:00,2759346,0,0
7975525,,,2940569,1,0
7975525,,,2940570,2,0
7975525,18:44:00,18:44:00,2940571,3,0
7975525,,,2940572,4,0
7975525,18:46:00,18:46:00,2940573,5,0
7975525,,,2940574,6,0
7975525,,,2940575,7,0
7975525,,,2940576,8,0
7975525,,,2940577,9,0
7975525,,,2940578,10,0
7975525,,,2940579,11,0
7975525,18:51:00,18:51:00,2940580,12,0
7975525,,,2940581,13,0
7975525,,,2940582,14,0
7975525,,,2940583,15,0
7975525,,,2940584,16,0
7975525,18:53:00,18:53:00,2940585,17,0
7975525,,,2940586,18,0
7975525,,,2940587,19,0
7975525,,,2940588,20,0
7975525,18:56:00,18:56:00,2940589,21,0
7975525,,,2940590,22,0
7975525,,,2940591,23,0
7975525,18:58:00,18:58:00,2940592,24,0
7975525,,,2940593,25,0
7975525,,,2940594,26,0
7975525,19:04:00,19:04:00,2759335,27,0
7998221,06:45:00,06:45:00,2952387,0,1
7998221,,,2952388,1,0
7998221,,,2952389,2,0
7998221,,,2952390,3,0
7998221,,,2952391,4,0
7998221,,,2952382,5,0
7998221,06:48:00,06:48:00,2952392,6,1
7998221,,,2952393,7,0
7998221,06:52:00,06:52:00,2949779,8,1
7998221,06:54:00,06:54:00,2951177,9,1
7998221,,,2951178,10,0
7998221,,,2951179,11,0
7998221,,,2952394,12,0
7998221,,,2952395,13,0
7998221,,,2952396,14,0
7998221,06:58:00,06:58:00,2947050,15,1
7998221,,,2947051,16,0
7998221,,,2947052,17,0
7998221,,,2947053,18,0
7998221,07:01:00,07:01:00,2947054,19,1
7998221,,,2927980,20,0
7998221,,,2927981,21,0
7998221,,,2927982,22,0
7998221,07:05:00,07:05:00,2949775,23,1
7998221,,,2949776,24,0
7998221,,,2949777,25,0
7998221,07:07:00,07:07:00,2949778,26,1
7998221,07:09:00,07:09:00,2949779,27,1
7998221,,,2949780,28,0
7998221,,,2952397,29,0
7998221,,,2952357,30,0
7998221,,,2952358,31,0
7998221,07:15:00,07:15:00,2952398,32,1
7998221,07:25:00,07:25:00,2952387,33,1
7998222,07:00:00,07:00:00,2952387,0,1
7998222,,,2952388,1,0
7998222,,,2952389,2,0
7998222,,,2952390,3,0
7998222,,,2952391,4,0
7998222,,,2952382,5,0
7998222,07:03:00,07:03:00,2952392,6,1
7998222,,,2952393,7,0
7998222,07:07:00,07:07:00,2949779,8,1
7998222,07:09:00,07:09:00,2951177,9,1
7998222,,,2951178,10,0
7998222,,,2951179,11,0
7998222,,,2952394,12,0
7998222,,,2952395,13,0
7998222,,,2952396,14,0
7998222,07:13:00,07:13:00,2947050,15,1
7998222,,,2947051,16,0
7998222,,,2947052,17,0
7998222,,,2947053,18,0
7998222,07:16:00,07:16:00,2947054,19,1
7998222,,,2927980,20,0
7998222,,,2927981,21,0
7998222,,,2927982,22,0
7998222,07:20:00,07:20:00,2949775,23,1
7998222,,,2949776,24,0
7998222,,,2949777,25,0
7998222,07:22:00,07:22:00,2949778,26,1
7998222,07:24:00,07:24:00,2949779,27,1
7998222,,,2949780,28,0
7998222,,,2952397,29,0
7998222,,,2952357,30,0
7998222,,,2952358,31,0
7998222,07:30:00,07:30:00,2952398,32,1
7998222,07:40:00,07:40:00,2952387,33,1
7998223,07:15:00,07:15:00,2952387,0,1
7998223,,,2952388,1,0
7998223,,,2952389,2,0
7998223,,,2952390,3,0
7998223,,,2952391,4,0
7998223,,,2952382,5,0
7998223,07:18:00,07:18:00,2952392,6,1
7998223,,,2952393,7,0
7998223,07:22:00,07:22:00,2949779,8,1
7998223,07:24:00,07:24:00,2951177,9,1
7998223,,,2951178,10,0
7998223,,,2951179,11,0
7998223,,,2952394,12,0
7998223,,,2952395,13,0
7998223,,,2952396,14,0
7998223,07:28:00,07:28:00,2947050,15,1
7998223,,,2947051,16,0
7998223,,,2947052,17,0
7998223,,,2947053,18,0
7998223,07:31:00,07:31:00,2947054,19,1
7998223,,,2927980,20,0
7998223,,,2927981,21,0
7998223,,,2927982,22,0
7998223,07:35:00,07:35:00,2949775,23,1
7998223,,,2949776,24,0
7998223,,,2949777,25,0
7998223,07:37:00,07:37:00,2949778,26,1
7998223,07:39:00,07:39:00,2949779,27,1
7998223,,,2949780,28,0
7998223,,,2952397,29,0
7998223,,,2952357,30,0
7998223,,,2952358,31,0
7998223,07:45:00,07:45:00,2952398,32,1
7998223,07:55:00,07:55:00,2952387,33,1
7998224,07:30:00,07:30:00,2952387,0,1
7998224,,,2952388,1,0
7998224,,,2952389,2,0
7998224,,,2952390,3,0
7998224,,,2952391,4,0
7998224,,,2952382,5,0
7998224,07:33:00,07:33:00,2952392,6,1
7998224,,,2952393,7,0
7998224,07:37:00,07:37:00,2949779,8,1
7998224,07:39:00,07:39:00,2951177,9,1
7998224,,,2951178,10,0
7998224,,,2951179,11,0
7998224,,,2952394,12,0
7998224,,,2952395,13,0
7998224,,,2952396,14,0
7998224,07:43:00,07:43:00,2947050,15,1
7998224,,,2947051,16,0
7998224,,,2947052,17,0
7998224,,,2947053,18,0
7998224,07:46:00,07:46:00,2947054,19,1
7998224,,,2927980,20,0
7998224,,,2927981,21,0
7998224,,,2927982,22,0
7998224,07:50:00,07:50:00,2949775,23,1
7998224,,,2949776,24,0
7998224,,,2949777,25,0
7998224,07:52:00,07:52:00,2949778,26,1
7998224,07:54:00,07:54:00,2949779,27,1
7998224,,,2949780,28,0
7998224,,,2952397,29,0
7998224,,,2952357,30,0
7998224,,,2952358,31,0
7998224,08:00:00,08:00:00,2952398,32,1
7998224,08:10:00,08:10:00,2952387,33,1
7998225,07:45:00,07:45:00,2952387,0,1
7998225,,,2952388,1,0
7998225,,,2952389,2,0
7998225,,,2952390,3,0
7998225,,,2952391,4,0
7998225,,,2952382,5,0
7998225,07:48:00,07:48:00,2952392,6,1
7998225,,,2952393,7,0
7998225,07:52:00,07:52:00,2949779,8,1
7998225,07:54:00,07:54:00,2951177,9,1
7998225,,,2951178,10,0
7998225,,,2951179,11,0
7998225,,,2952394,12,0
7998225,,,2952395,13,0
7998225,,,2952396,14,0
7998225,07:58:00,07:58:00,2947050,15,1
7998225,,,2947051,16,0
7998225,,,2947052,17,0
7998225,,,2947053,18,0
7998225,08:01:00,08:01:00,2947054,19,1
7998225,,,2927980,20,0
7998225,,,2927981,21,0
7998225,,,2927982,22,0
7998225,08:05:00,08:05:00,2949775,23,1
7998225,,,2949776,24,0
7998225,,,2949777,25,0
7998225,08:07:00,08:07:00,2949778,26,1
7998225,08:09:00,08:09:00,2949779,27,1
7998225,,,2949780,28,0
7998225,,,2952397,29,0
7998225,,,2952357,30,0
7998225,,,2952358,31,0
7998225,08:15:00,08:15:00,2952398,32,1
7998225,08:25:00,08:25:00,2952387,33,1
7998226,08:00:00,08:00:00,2952387,0,1
7998226,,,2952388,1,0
7998226,,,2952389,2,0
7998226,,,2952390,3,0
7998226,,,2952391,4,0
7998226,,,2952382,5,0
7998226,08:03:00,08:03:00,2952392,6,1
7998226,,,2952393,7,0
7998226,08:07:00,08:07:00,2949779,8,1
7998226,08:09:00,08:09:00,2951177,9,1
7998226,,,2951178,10,0
7998226,,,2951179,11,0
7998226,,,2952394,12,0
7998226,,,2952395,13,0
7998226,,,2952396,14,0
7998226,08:13:00,08:13:00,2947050,15,1
7998226,,,2947051,16,0
7998226,,,2947052,17,0
7998226,,,2947053,18,0
7998226,08:16:00,08:16:00,2947054,19,1
7998226,,,2927980,20,0
7998226,,,2927981,21,0
7998226,,,2927982,22,0
7998226,08:20:00,08:20:00,2949775,23,1
7998226,,,2949776,24,0
7998226,,,2949777,25,0
7998226,08:22:00,08:22:00,2949778,26,1
7998226,08:24:00,08:24:00,2949779,27,1
7998226,,,2949780,28,0
7998226,,,2952397,29,0
7998226,,,2952357,30,0
7998226,,,2952358,31,0
7998226,08:30:00,08:30:00,2952398,32,1
7998226,08:40:00,08:40:00,2952387,33,1
7998227,08:15:00,08:15:00,2952387,0,1
7998227,,,2952388,1,0
7998227,,,2952389,2,0
7998227,,,2952390,3,0
7998227,,,2952391,4,0
7998227,,,2952382,5,0
7998227,08:18:00,08:18:00,2952392,6,1
7998227,,,2952393,7,0
7998227,08:22:00,08:22:00,2949779,8,1
7998227,08:24:00,08:24:00,2951177,9,1
7998227,,,2951178,10,0
7998227,,,2951179,11,0
7998227,,,2952394,12,0
7998227,,,2952395,13,0
7998227,,,2952396,14,0
7998227,08:28:00,08:28:00,2947050,15,1
7998227,,,2947051,16,0
7998227,,,2947052,17,0
7998227,,,2947053,18,0
7998227,08:31:00,08:31:00,2947054,19,1
7998227,,,2927980,20,0
7998227,,,2927981,21,0
7998227,,,2927982,22,0
7998227,08:35:00,08:35:00,2949775,23,1
7998227,,,2949776,24,0
7998227,,,2949777,25,0
7998227,08:37:00,08:37:00,2949778,26,1
7998227,08:39:00,08:39:00,2949779,27,1
7998227,,,2949780,28,0
7998227,,,2952397,29,0
7998227,,,2952357,30,0
7998227,,,2952358,31,0
7998227,08:45:00,08:45:00,2952398,32,1
7998227,08:55:00,08:55:00,2952387,33,1
7998228,08:30:00,08:30:00,2952387,0,1
7998228,,,2952388,1,0
7998228,,,2952389,2,0
7998228,,,2952390,3,0
7998228,,,2952391,4,0
7998228,,,2952382,5,0
7998228,08:33:00,08:33:00,2952392,6,1
7998228,,,2952393,7,0
7998228,08:37:00,08:37:00,2949779,8,1
7998228,08:39:00,08:39:00,2951177,9,1
7998228,,,2951178,10,0
7998228,,,2951179,11,0
7998228,,,2952394,12,0
7998228,,,2952395,13,0
7998228,,,2952396,14,0
7998228,08:43:00,08:43:00,2947050,15,1
7998228,,,2947051,16,0
7998228,,,2947052,17,0
7998228,,,2947053,18,0
7998228,08:46:00,08:46:00,2947054,19,1
7998228,,,2927980,20,0
7998228,,,2927981,21,0
7998228,,,2927982,22,0
7998228,08:50:00,08:50:00,2949775,23,1
7998228,,,2949776,24,0
7998228,,,2949777,25,0
7998228,08:52:00,08:52:00,2949778,26,1
7998228,08:54:00,08:54:00,2949779,27,1
7998228,,,2949780,28,0
7998228,,,2952397,29,0
7998228,,,2952357,30,0
7998228,,,2952358,31,0
7998228,09:00:00,09:00:00,2952398,32,1
7998228,09:10:00,09:10:00,2952387,33,1
7998229,08:45:00,08:45:00,2952387,0,1
7998229,,,2952388,1,0
7998229,,,2952389,2,0
7998229,,,2952390,3,0
7998229,,,2952391,4,0
7998229,,,2952382,5,0
7998229,08:48:00,08:48:00,2952392,6,1
7998229,,,2952393,7,0
7998229,08:52:00,08:52:00,2949779,8,1
7998229,08:54:00,08:54:00,2951177,9,1
7998229,,,2951178,10,0
7998229,,,2951179,11,0
7998229,,,2952394,12,0
7998229,,,2952395,13,0
7998229,,,2952396,14,0
7998229,08:58:00,08:58:00,2947050,15,1
7998229,,,2947051,16,0
7998229,,,2947052,17,0
7998229,,,2947053,18,0
7998229,09:01:00,09:01:00,2947054,19,1
7998229,,,2927980,20,0
7998229,,,2927981,21,0
7998229,,,2927982,22,0
7998229,09:05:00,09:05:00,2949775,23,1
7998229,,,2949776,24,0
7998229,,,2949777,25,0
7998229,09:07:00,09:07:00,2949778,26,1
7998229,09:09:00,09:09:00,2949779,27,1
7998229,,,2949780,28,0
7998229,,,2952397,29,0
7998229,,,2952357,30,0
7998229,,,2952358,31,0
7998229,09:15:00,09:15:00,2952398,32,1
7998229,09:25:00,09:25:00,2952387,33,1
7998230,09:00:00,09:00:00,2952387,0,1
7998230,,,2952388,1,0
7998230,,,2952389,2,0
7998230,,,2952390,3,0
7998230,,,2952391,4,0
7998230,,,2952382,5,0
7998230,09:03:00,09:03:00,2952392,6,1
7998230,,,2952393,7,0
7998230,09:07:00,09:07:00,2949779,8,1
7998230,09:09:00,09:09:00,2951177,9,1
7998230,,,2951178,10,0
7998230,,,2951179,11,0
7998230,,,2952394,12,0
7998230,,,2952395,13,0
7998230,,,2952396,14,0
7998230,09:13:00,09:13:00,2947050,15,1
7998230,,,2947051,16,0
7998230,,,2947052,17,0
7998230,,,2947053,18,0
7998230,09:16:00,09:16:00,2947054,19,1
7998230,,,2927980,20,0
7998230,,,2927981,21,0
7998230,,,2927982,22,0
7998230,09:20:00,09:20:00,2949775,23,1
7998230,,,2949776,24,0
7998230,,,2949777,25,0
7998230,09:22:00,09:22:00,2949778,26,1
7998230,09:24:00,09:24:00,2949779,27,1
7998230,,,2949780,28,0
7998230,,,2952397,29,0
7998230,,,2952357,30,0
7998230,,,2952358,31,0
7998230,09:30:00,09:30:00,2952398,32,1
7998230,09:40:00,09:40:00,2952387,33,1
7998231,09:15:00,09:15:00,2952387,0,1
7998231,,,2952388,1,0
7998231,,,2952389,2,0
7998231,,,2952390,3,0
7998231,,,2952391,4,0
7998231,,,2952382,5,0
7998231,09:18:00,09:18:00,2952392,6,1
7998231,,,2952393,7,0
7998231,09:22:00,09:22:00,2949779,8,1
7998231,09:24:00,09:24:00,2951177,9,1
7998231,,,2951178,10,0
7998231,,,2951179,11,0
7998231,,,2952394,12,0
7998231,,,2952395,13,0
7998231,,,2952396,14,0
7998231,09:28:00,09:28:00,2947050,15,1
7998231,,,2947051,16,0
7998231,,,2947052,17,0
7998231,,,2947053,18,0
7998231,09:31:00,09:31:00,2947054,19,1
7998231,,,2927980,20,0
7998231,,,2927981,21,0
7998231,,,2927982,22,0
7998231,09:35:00,09:35:00,2949775,23,1
7998231,,,2949776,24,0
7998231,,,2949777,25,0
7998231,09:37:00,09:37:00,2949778,26,1
7998231,09:39:00,09:39:00,2949779,27,1
7998231,,,2949780,28,0
7998231,,,2952397,29,0
7998231,,,2952357,30,0
7998231,,,2952358,31,0
7998231,09:45:00,09:45:00,2952398,32,1
7998231,09:55:00,09:55:00,2952387,33,1
7998232,09:30:00,09:30:00,2952387,0,1
7998232,,,2952388,1,0
7998232,,,2952389,2,0
7998232,,,2952390,3,0
7998232,,,2952391,4,0
7998232,,,2952382,5,0
7998232,09:33:00,09:33:00,2952392,6,1
7998232,,,2952393,7,0
7998232,09:37:00,09:37:00,2949779,8,1
7998232,09:39:00,09:39:00,2951177,9,1
7998232,,,2951178,10,0
7998232,,,2951179,11,0
7998232,,,2952394,12,0
7998232,,,2952395,13,0
7998232,,,2952396,14,0
7998232,09:43:00,09:43:00,2947050,15,1
7998232,,,2947051,16,0
7998232,,,2947052,17,0
7998232,,,2947053,18,0
7998232,09:46:00,09:46:00,2947054,19,1
7998232,,,2927980,20,0
7998232,,,2927981,21,0
7998232,,,2927982,22,0
7998232,09:50:00,09:50:00,2949775,23,1
7998232,,,2949776,24,0
7998232,,,2949777,25,0
7998232,09:52:00,09:52:00,2949778,26,1
7998232,09:54:00,09:54:00,2949779,27,1
7998232,,,2949780,28,0
7998232,,,2952397,29,0
7998232,,,2952357,30,0
7998232,,,2952358,31,0
7998232,10:00:00,10:00:00,2952398,32,1
7998232,10:10:00,10:10:00,2952387,33,1
7998233,09:45:00,09:45:00,2952387,0,1
7998233,,,2952388,1,0
7998233,,,2952389,2,0
7998233,,,2952390,3,0
7998233,,,2952391,4,0
7998233,,,2952382,5,0
7998233,09:48:00,09:48:00,2952392,6,1
7998233,,,2952393,7,0
7998233,09:52:00,09:52:00,2949779,8,1
7998233,09:54:00,09:54:00,2951177,9,1
7998233,,,2951178,10,0
7998233,,,2951179,11,0
7998233,,,2952394,12,0
7998233,,,2952395,13,0
7998233,,,2952396,14,0
7998233,09:58:00,09:58:00,2947050,15,1
7998233,,,2947051,16,0
7998233,,,2947052,17,0
7998233,,,2947053,18,0
7998233,10:01:00,10:01:00,2947054,19,1
7998233,,,2927980,20,0
7998233,,,2927981,21,0
7998233,,,2927982,22,0
7998233,10:05:00,10:05:00,2949775,23,1
7998233,,,2949776,24,0
7998233,,,2949777,25,0
7998233,10:07:00,10:07:00,2949778,26,1
7998233,10:09:00,10:09:00,2949779,27,1
7998233,,,2949780,28,0
7998233,,,2952397,29,0
7998233,,,2952357,30,0
7998233,,,2952358,31,0
7998233,10:15:00,10:15:00,2952398,32,1
7998233,10:25:00,10:25:00,2952387,33,1
7998234,10:00:00,10:00:00,2952387,0,1
7998234,,,2952388,1,0
7998234,,,2952389,2,0
7998234,,,2952390,3,0
7998234,,,2952391,4,0
7998234,,,2952382,5,0
7998234,10:03:00,10:03:00,2952392,6,1
7998234,,,2952393,7,0
7998234,10:07:00,10:07:00,2949779,8,1
7998234,10:09:00,10:09:00,2951177,9,1
7998234,,,2951178,10,0
7998234,,,2951179,11,0
7998234,,,2952394,12,0
7998234,,,2952395,13,0
7998234,,,2952396,14,0
7998234,10:13:00,10:13:00,2947050,15,1
7998234,,,2947051,16,0
7998234,,,2947052,17,0
7998234,,,2947053,18,0
7998234,10:16:00,10:16:00,2947054,19,1
7998234,,,2927980,20,0
7998234,,,2927981,21,0
7998234,,,2927982,22,0
7998234,10:20:00,10:20:00,2949775,23,1
7998234,,,2949776,24,0
7998234,,,2949777,25,0
7998234,10:22:00,10:22:00,2949778,26,1
7998234,10:24:00,10:24:00,2949779,27,1
7998234,,,2949780,28,0
7998234,,,2952397,29,0
7998234,,,2952357,30,0
7998234,,,2952358,31,0
7998234,10:30:00,10:30:00,2952398,32,1
7998234,10:40:00,10:40:00,2952387,33,1
7998235,10:15:00,10:15:00,2952387,0,1
7998235,,,2952388,1,0
7998235,,,2952389,2,0
7998235,,,2952390,3,0
7998235,,,2952391,4,0
7998235,,,2952382,5,0
7998235,10:18:00,10:18:00,2952392,6,1
7998235,,,2952393,7,0
7998235,10:22:00,10:22:00,2949779,8,1
7998235,10:24:00,10:24:00,2951177,9,1
7998235,,,2951178,10,0
7998235,,,2951179,11,0
7998235,,,2952394,12,0
7998235,,,2952395,13,0
7998235,,,2952396,14,0
7998235,10:28:00,10:28:00,2947050,15,1
7998235,,,2947051,16,0
7998235,,,2947052,17,0
7998235,,,2947053,18,0
7998235,10:31:00,10:31:00,2947054,19,1
7998235,,,2927980,20,0
7998235,,,2927981,21,0
7998235,,,2927982,22,0
7998235,10:35:00,10:35:00,2949775,23,1
7998235,,,2949776,24,0
7998235,,,2949777,25,0
7998235,10:37:00,10:37:00,2949778,26,1
7998235,10:39:00,10:39:00,2949779,27,1
7998235,,,2949780,28,0
7998235,,,2952397,29,0
7998235,,,2952357,30,0
7998235,,,2952358,31,0
7998235,10:45:00,10:45:00,2952398,32,1
7998235,10:55:00,10:55:00,2952387,33,1
7998236,10:30:00,10:30:00,2952387,0,1
7998236,,,2952388,1,0
7998236,,,2952389,2,0
7998236,,,2952390,3,0
7998236,,,2952391,4,0
7998236,,,2952382,5,0
7998236,10:33:00,10:33:00,2952392,6,1
7998236,,,2952393,7,0
7998236,10:37:00,10:37:00,2949779,8,1
7998236,10:39:00,10:39:00,2951177,9,1
7998236,,,2951178,10,0
7998236,,,2951179,11,0
7998236,,,2952394,12,0
7998236,,,2952395,13,0
7998236,,,2952396,14,0
7998236,10:43:00,10:43:00,2947050,15,1
7998236,,,2947051,16,0
7998236,,,2947052,17,0
7998236,,,2947053,18,0
7998236,10:46:00,10:46:00,2947054,19,1
7998236,,,2927980,20,0
7998236,,,2927981,21,0
7998236,,,2927982,22,0
7998236,10:50:00,10:50:00,2949775,23,1
7998236,,,2949776,24,0
7998236,,,2949777,25,0
7998236,10:52:00,10:52:00,2949778,26,1
7998236,10:54:00,10:54:00,2949779,27,1
7998236,,,2949780,28,0
7998236,,,2952397,29,0
7998236,,,2952357,30,0
7998236,,,2952358,31,0
7998236,11:00:00,11:00:00,2952398,32,1
7998236,11:10:00,11:10:00,2952387,33,1
7998237,10:45:00,10:45:00,2952387,0,1
7998237,,,2952388,1,0
7998237,,,2952389,2,0
7998237,,,2952390,3,0
7998237,,,2952391,4,0
7998237,,,2952382,5,0
7998237,10:48:00,10:48:00,2952392,6,1
7998237,,,2952393,7,0
7998237,10:52:00,10:52:00,2949779,8,1
7998237,10:54:00,10:54:00,2951177,9,1
7998237,,,2951178,10,0
7998237,,,2951179,11,0
7998237,,,2952394,12,0
7998237,,,2952395,13,0
7998237,,,2952396,14,0
7998237,10:58:00,10:58:00,2947050,15,1
7998237,,,2947051,16,0
7998237,,,2947052,17,0
7998237,,,2947053,18,0
7998237,11:01:00,11:01:00,2947054,19,1
7998237,,,2927980,20,0
7998237,,,2927981,21,0
7998237,,,2927982,22,0
7998237,11:05:00,11:05:00,2949775,23,1
7998237,,,2949776,24,0
7998237,,,2949777,25,0
7998237,11:07:00,11:07:00,2949778,26,1
7998237,11:09:00,11:09:00,2949779,27,1
7998237,,,2949780,28,0
7998237,,,2952397,29,0
7998237,,,2952357,30,0
7998237,,,2952358,31,0
7998237,11:15:00,11:15:00,2952398,32,1
7998237,11:25:00,11:25:00,2952387,33,1
7998238,11:00:00,11:00:00,2952387,0,1
7998238,,,2952388,1,0
7998238,,,2952389,2,0
7998238,,,2952390,3,0
7998238,,,2952391,4,0
7998238,,,2952382,5,0
7998238,11:03:00,11:03:00,2952392,6,1
7998238,,,2952393,7,0
7998238,11:07:00,11:07:00,2949779,8,1
7998238,11:09:00,11:09:00,2951177,9,1
7998238,,,2951178,10,0
7998238,,,2951179,11,0
7998238,,,2952394,12,0
7998238,,,2952395,13,0
7998238,,,2952396,14,0
7998238,11:13:00,11:13:00,2947050,15,1
7998238,,,2947051,16,0
7998238,,,2947052,17,0
7998238,,,2947053,18,0
7998238,11:16:00,11:16:00,2947054,19,1
7998238,,,2927980,20,0
7998238,,,2927981,21,0
7998238,,,2927982,22,0
7998238,11:20:00,11:20:00,2949775,23,1
7998238,,,2949776,24,0
7998238,,,2949777,25,0
7998238,11:22:00,11:22:00,2949778,26,1
7998238,11:24:00,11:24:00,2949779,27,1
7998238,,,2949780,28,0
7998238,,,2952397,29,0
7998238,,,2952357,30,0
7998238,,,2952358,31,0
7998238,11:30:00,11:30:00,2952398,32,1
7998238,11:40:00,11:40:00,2952387,33,1
7998239,11:15:00,11:15:00,2952387,0,1
7998239,,,2952388,1,0
7998239,,,2952389,2,0
7998239,,,2952390,3,0
7998239,,,2952391,4,0
7998239,,,2952382,5,0
7998239,11:18:00,11:18:00,2952392,6,1
7998239,,,2952393,7,0
7998239,11:22:00,11:22:00,2949779,8,1
7998239,11:24:00,11:24:00,2951177,9,1
7998239,,,2951178,10,0
7998239,,,2951179,11,0
7998239,,,2952394,12,0
7998239,,,2952395,13,0
7998239,,,2952396,14,0
7998239,11:28:00,11:28:00,2947050,15,1
7998239,,,2947051,16,0
7998239,,,2947052,17,0
7998239,,,2947053,18,0
7998239,11:31:00,11:31:00,2947054,19,1
7998239,,,2927980,20,0
7998239,,,2927981,21,0
7998239,,,2927982,22,0
7998239,11:35:00,11:35:00,2949775,23,1
7998239,,,2949776,24,0
7998239,,,2949777,25,0
7998239,11:37:00,11:37:00,2949778,26,1
7998239,11:39:00,11:39:00,2949779,27,1
7998239,,,2949780,28,0
7998239,,,2952397,29,0
7998239,,,2952357,30,0
7998239,,,2952358,31,0
7998239,11:45:00,11:45:00,2952398,32,1
7998239,11:55:00,11:55:00,2952387,33,1
7998240,11:30:00,11:30:00,2952387,0,1
7998240,,,2952388,1,0
7998240,,,2952389,2,0
7998240,,,2952390,3,0
7998240,,,2952391,4,0
7998240,,,2952382,5,0
7998240,11:33:00,11:33:00,2952392,6,1
7998240,,,2952393,7,0
7998240,11:37:00,11:37:00,2949779,8,1
7998240,11:39:00,11:39:00,2951177,9,1
7998240,,,2951178,10,0
7998240,,,2951179,11,0
7998240,,,2952394,12,0
7998240,,,2952395,13,0
7998240,,,2952396,14,0
7998240,11:43:00,11:43:00,2947050,15,1
7998240,,,2947051,16,0
7998240,,,2947052,17,0
7998240,,,2947053,18,0
7998240,11:46:00,11:46:00,2947054,19,1
7998240,,,2927980,20,0
7998240,,,2927981,21,0
7998240,,,2927982,22,0
7998240,11:50:00,11:50:00,2949775,23,1
7998240,,,2949776,24,0
7998240,,,2949777,25,0
7998240,11:52:00,11:52:00,2949778,26,1
7998240,11:54:00,11:54:00,2949779,27,1
7998240,,,2949780,28,0
7998240,,,2952397,29,0
7998240,,,2952357,30,0
7998240,,,2952358,31,0
7998240,12:00:00,12:00:00,2952398,32,1
7998240,12:10:00,12:10:00,2952387,33,1
7998241,11:45:00,11:45:00,2952387,0,1
7998241,,,2952388,1,0
7998241,,,2952389,2,0
7998241,,,2952390,3,0
7998241,,,2952391,4,0
7998241,,,2952382,5,0
7998241,11:48:00,11:48:00,2952392,6,1
7998241,,,2952393,7,0
7998241,11:52:00,11:52:00,2949779,8,1
7998241,11:54:00,11:54:00,2951177,9,1
7998241,,,2951178,10,0
7998241,,,2951179,11,0
7998241,,,2952394,12,0
7998241,,,2952395,13,0
7998241,,,2952396,14,0
7998241,11:58:00,11:58:00,2947050,15,1
7998241,,,2947051,16,0
7998241,,,2947052,17,0
7998241,,,2947053,18,0
7998241,12:01:00,12:01:00,2947054,19,1
7998241,,,2927980,20,0
7998241,,,2927981,21,0
7998241,,,2927982,22,0
7998241,12:05:00,12:05:00,2949775,23,1
7998241,,,2949776,24,0
7998241,,,2949777,25,0
7998241,12:07:00,12:07:00,2949778,26,1
7998241,12:09:00,12:09:00,2949779,27,1
7998241,,,2949780,28,0
7998241,,,2952397,29,0
7998241,,,2952357,30,0
7998241,,,2952358,31,0
7998241,12:15:00,12:15:00,2952398,32,1
7998241,12:25:00,12:25:00,2952387,33,1
7998242,12:00:00,12:00:00,2952387,0,1
7998242,,,2952388,1,0
7998242,,,2952389,2,0
7998242,,,2952390,3,0
7998242,,,2952391,4,0
7998242,,,2952382,5,0
7998242,12:03:00,12:03:00,2952392,6,1
7998242,,,2952393,7,0
7998242,12:07:00,12:07:00,2949779,8,1
7998242,12:09:00,12:09:00,2951177,9,1
7998242,,,2951178,10,0
7998242,,,2951179,11,0
7998242,,,2952394,12,0
7998242,,,2952395,13,0
7998242,,,2952396,14,0
7998242,12:13:00,12:13:00,2947050,15,1
7998242,,,2947051,16,0
7998242,,,2947052,17,0
7998242,,,2947053,18,0
7998242,12:16:00,12:16:00,2947054,19,1
7998242,,,2927980,20,0
7998242,,,2927981,21,0
7998242,,,2927982,22,0
7998242,12:20:00,12:20:00,2949775,23,1
7998242,,,2949776,24,0
7998242,,,2949777,25,0
7998242,12:22:00,12:22:00,2949778,26,1
7998242,12:24:00,12:24:00,2949779,27,1
7998242,,,2949780,28,0
7998242,,,2952397,29,0
7998242,,,2952357,30,0
7998242,,,2952358,31,0
7998242,12:30:00,12:30:00,2952398,32,1
7998242,12:40:00,12:40:00,2952387,33,1
7998243,12:15:00,12:15:00,2952387,0,1
7998243,,,2952388,1,0
7998243,,,2952389,2,0
7998243,,,2952390,3,0
7998243,,,2952391,4,0
7998243,,,2952382,5,0
7998243,12:18:00,12:18:00,2952392,6,1
7998243,,,2952393,7,0
7998243,12:22:00,12:22:00,2949779,8,1
7998243,12:24:00,12:24:00,2951177,9,1
7998243,,,2951178,10,0
7998243,,,2951179,11,0
7998243,,,2952394,12,0
7998243,,,2952395,13,0
7998243,,,2952396,14,0
7998243,12:28:00,12:28:00,2947050,15,1
7998243,,,2947051,16,0
7998243,,,2947052,17,0
7998243,,,2947053,18,0
7998243,12:31:00,12:31:00,2947054,19,1
7998243,,,2927980,20,0
7998243,,,2927981,21,0
7998243,,,2927982,22,0
7998243,12:35:00,12:35:00,2949775,23,1
7998243,,,2949776,24,0
7998243,,,2949777,25,0
7998243,12:37:00,12:37:00,2949778,26,1
7998243,12:39:00,12:39:00,2949779,27,1
7998243,,,2949780,28,0
7998243,,,2952397,29,0
7998243,,,2952357,30,0
7998243,,,2952358,31,0
7998243,12:45:00,12:45:00,2952398,32,1
7998243,12:55:00,12:55:00,2952387,33,1
7998244,12:30:00,12:30:00,2952387,0,1
7998244,,,2952388,1,0
7998244,,,2952389,2,0
7998244,,,2952390,3,0
7998244,,,2952391,4,0
7998244,,,2952382,5,0
7998244,12:33:00,12:33:00,2952392,6,1
7998244,,,2952393,7,0
7998244,12:37:00,12:37:00,2949779,8,1
7998244,12:39:00,12:39:00,2951177,9,1
7998244,,,2951178,10,0
7998244,,,2951179,11,0
7998244,,,2952394,12,0
7998244,,,2952395,13,0
7998244,,,2952396,14,0
7998244,12:43:00,12:43:00,2947050,15,1
7998244,,,2947051,16,0
7998244,,,2947052,17,0
7998244,,,2947053,18,0
7998244,12:46:00,12:46:00,2947054,19,1
7998244,,,2927980,20,0
7998244,,,2927981,21,0
7998244,,,2927982,22,0
7998244,12:50:00,12:50:00,2949775,23,1
7998244,,,2949776,24,0
7998244,,,2949777,25,0
7998244,12:52:00,12:52:00,2949778,26,1
7998244,12:54:00,12:54:00,2949779,27,1
7998244,,,2949780,28,0
7998244,,,2952397,29,0
7998244,,,2952357,30,0
7998244,,,2952358,31,0
7998244,13:00:00,13:00:00,2952398,32,1
7998244,13:10:00,13:10:00,2952387,33,1
7998245,12:45:00,12:45:00,2952387,0,1
7998245,,,2952388,1,0
7998245,,,2952389,2,0
7998245,,,2952390,3,0
7998245,,,2952391,4,0
7998245,,,2952382,5,0
7998245,12:48:00,12:48:00,2952392,6,1
7998245,,,2952393,7,0
7998245,12:52:00,12:52:00,2949779,8,1
7998245,12:54:00,12:54:00,2951177,9,1
7998245,,,2951178,10,0
7998245,,,2951179,11,0
7998245,,,2952394,12,0
7998245,,,2952395,13,0
7998245,,,2952396,14,0
7998245,12:58:00,12:58:00,2947050,15,1
7998245,,,2947051,16,0
7998245,,,2947052,17,0
7998245,,,2947053,18,0
7998245,13:01:00,13:01:00,2947054,19,1
7998245,,,2927980,20,0
7998245,,,2927981,21,0
7998245,,,2927982,22,0
7998245,13:05:00,13:05:00,2949775,23,1
7998245,,,2949776,24,0
7998245,,,2949777,25,0
7998245,13:07:00,13:07:00,2949778,26,1
7998245,13:09:00,13:09:00,2949779,27,1
7998245,,,2949780,28,0
7998245,,,2952397,29,0
7998245,,,2952357,30,0
7998245,,,2952358,31,0
7998245,13:15:00,13:15:00,2952398,32,1
7998245,13:25:00,13:25:00,2952387,33,1
7998246,13:00:00,13:00:00,2952387,0,1
7998246,,,2952388,1,0
7998246,,,2952389,2,0
7998246,,,2952390,3,0
7998246,,,2952391,4,0
7998246,,,2952382,5,0
7998246,13:03:00,13:03:00,2952392,6,1
7998246,,,2952393,7,0
7998246,13:07:00,13:07:00,2949779,8,1
7998246,13:09:00,13:09:00,2951177,9,1
7998246,,,2951178,10,0
7998246,,,2951179,11,0
7998246,,,2952394,12,0
7998246,,,2952395,13,0
7998246,,,2952396,14,0
7998246,13:13:00,13:13:00,2947050,15,1
7998246,,,2947051,16,0
7998246,,,2947052,17,0
7998246,,,2947053,18,0
7998246,13:16:00,13:16:00,2947054,19,1
7998246,,,2927980,20,0
7998246,,,2927981,21,0
7998246,,,2927982,22,0
7998246,13:20:00,13:20:00,2949775,23,1
7998246,,,2949776,24,0
7998246,,,2949777,25,0
7998246,13:22:00,13:22:00,2949778,26,1
7998246,13:24:00,13:24:00,2949779,27,1
7998246,,,2949780,28,0
7998246,,,2952397,29,0
7998246,,,2952357,30,0
7998246,,,2952358,31,0
7998246,13:30:00,13:30:00,2952398,32,1
7998246,13:40:00,13:40:00,2952387,33,1
7998247,13:15:00,13:15:00,2952387,0,1
7998247,,,2952388,1,0
7998247,,,2952389,2,0
7998247,,,2952390,3,0
7998247,,,2952391,4,0
7998247,,,2952382,5,0
7998247,13:18:00,13:18:00,2952392,6,1
7998247,,,2952393,7,0
7998247,13:22:00,13:22:00,2949779,8,1
7998247,13:24:00,13:24:00,2951177,9,1
7998247,,,2951178,10,0
7998247,,,2951179,11,0
7998247,,,2952394,12,0
7998247,,,2952395,13,0
7998247,,,2952396,14,0
7998247,13:28:00,13:28:00,2947050,15,1
7998247,,,2947051,16,0
7998247,,,2947052,17,0
7998247,,,2947053,18,0
7998247,13:31:00,13:31:00,2947054,19,1
7998247,,,2927980,20,0
7998247,,,2927981,21,0
7998247,,,2927982,22,0
7998247,13:35:00,13:35:00,2949775,23,1
7998247,,,2949776,24,0
7998247,,,2949777,25,0
7998247,13:37:00,13:37:00,2949778,26,1
7998247,13:39:00,13:39:00,2949779,27,1
7998247,,,2949780,28,0
7998247,,,2952397,29,0
7998247,,,2952357,30,0
7998247,,,2952358,31,0
7998247,13:45:00,13:45:00,2952398,32,1
7998247,13:55:00,13:55:00,2952387,33,1
7998248,13:30:00,13:30:00,2952387,0,1
7998248,,,2952388,1,0
7998248,,,2952389,2,0
7998248,,,2952390,3,0
7998248,,,2952391,4,0
7998248,,,2952382,5,0
7998248,13:33:00,13:33:00,2952392,6,1
7998248,,,2952393,7,0
7998248,13:37:00,13:37:00,2949779,8,1
7998248,13:39:00,13:39:00,2951177,9,1
7998248,,,2951178,10,0
7998248,,,2951179,11,0
7998248,,,2952394,12,0
7998248,,,2952395,13,0
7998248,,,2952396,14,0
7998248,13:43:00,13:43:00,2947050,15,1
7998248,,,2947051,16,0
7998248,,,2947052,17,0
7998248,,,2947053,18,0
7998248,13:46:00,13:46:00,2947054,19,1
7998248,,,2927980,20,0
7998248,,,2927981,21,0
7998248,,,2927982,22,0
7998248,13:50:00,13:50:00,2949775,23,1
7998248,,,2949776,24,0
7998248,,,2949777,25,0
7998248,13:52:00,13:52:00,2949778,26,1
7998248,13:54:00,13:54:00,2949779,27,1
7998248,,,2949780,28,0
7998248,,,2952397,29,0
7998248,,,2952357,30,0
7998248,,,2952358,31,0
7998248,14:00:00,14:00:00,2952398,32,1
7998248,14:10:00,14:10:00,2952387,33,1
7998249,13:45:00,13:45:00,2952387,0,1
7998249,,,2952388,1,0
7998249,,,2952389,2,0
7998249,,,2952390,3,0
7998249,,,2952391,4,0
7998249,,,2952382,5,0
7998249,13:48:00,13:48:00,2952392,6,1
7998249,,,2952393,7,0
7998249,13:52:00,13:52:00,2949779,8,1
7998249,13:54:00,13:54:00,2951177,9,1
7998249,,,2951178,10,0
7998249,,,2951179,11,0
7998249,,,2952394,12,0
7998249,,,2952395,13,0
7998249,,,2952396,14,0
7998249,13:58:00,13:58:00,2947050,15,1
7998249,,,2947051,16,0
7998249,,,2947052,17,0
7998249,,,2947053,18,0
7998249,14:01:00,14:01:00,2947054,19,1
7998249,,,2927980,20,0
7998249,,,2927981,21,0
7998249,,,2927982,22,0
7998249,14:05:00,14:05:00,2949775,23,1
7998249,,,2949776,24,0
7998249,,,2949777,25,0
7998249,14:07:00,14:07:00,2949778,26,1
7998249,14:09:00,14:09:00,2949779,27,1
7998249,,,2949780,28,0
7998249,,,2952397,29,0
7998249,,,2952357,30,0
7998249,,,2952358,31,0
7998249,14:15:00,14:15:00,2952398,32,1
7998249,14:25:00,14:25:00,2952387,33,1
7998250,14:00:00,14:00:00,2952387,0,1
7998250,,,2952388,1,0
7998250,,,2952389,2,0
7998250,,,2952390,3,0
7998250,,,2952391,4,0
7998250,,,2952382,5,0
7998250,14:03:00,14:03:00,2952392,6,1
7998250,,,2952393,7,0
7998250,14:07:00,14:07:00,2949779,8,1
7998250,14:09:00,14:09:00,2951177,9,1
7998250,,,2951178,10,0
7998250,,,2951179,11,0
7998250,,,2952394,12,0
7998250,,,2952395,13,0
7998250,,,2952396,14,0
7998250,14:13:00,14:13:00,2947050,15,1
7998250,,,2947051,16,0
7998250,,,2947052,17,0
7998250,,,2947053,18,0
7998250,14:16:00,14:16:00,2947054,19,1
7998250,,,2927980,20,0
7998250,,,2927981,21,0
7998250,,,2927982,22,0
7998250,14:20:00,14:20:00,2949775,23,1
7998250,,,2949776,24,0
7998250,,,2949777,25,0
7998250,14:22:00,14:22:00,2949778,26,1
7998250,14:24:00,14:24:00,2949779,27,1
7998250,,,2949780,28,0
7998250,,,2952397,29,0
7998250,,,2952357,30,0
7998250,,,2952358,31,0
7998250,14:30:00,14:30:00,2952398,32,1
7998250,14:40:00,14:40:00,2952387,33,1
7998251,14:15:00,14:15:00,2952387,0,1
7998251,,,2952388,1,0
7998251,,,2952389,2,0
7998251,,,2952390,3,0
7998251,,,2952391,4,0
7998251,,,2952382,5,0
7998251,14:18:00,14:18:00,2952392,6,1
7998251,,,2952393,7,0
7998251,14:22:00,14:22:00,2949779,8,1
7998251,14:24:00,14:24:00,2951177,9,1
7998251,,,2951178,10,0
7998251,,,2951179,11,0
7998251,,,2952394,12,0
7998251,,,2952395,13,0
7998251,,,2952396,14,0
7998251,14:28:00,14:28:00,2947050,15,1
7998251,,,2947051,16,0
7998251,,,2947052,17,0
7998251,,,2947053,18,0
7998251,14:31:00,14:31:00,2947054,19,1
7998251,,,2927980,20,0
7998251,,,2927981,21,0
7998251,,,2927982,22,0
7998251,14:35:00,14:35:00,2949775,23,1
7998251,,,2949776,24,0
7998251,,,2949777,25,0
7998251,14:37:00,14:37:00,2949778,26,1
7998251,14:39:00,14:39:00,2949779,27,1
7998251,,,2949780,28,0
7998251,,,2952397,29,0
7998251,,,2952357,30,0
7998251,,,2952358,31,0
7998251,14:45:00,14:45:00,2952398,32,1
7998251,14:55:00,14:55:00,2952387,33,1
7998252,14:30:00,14:30:00,2952387,0,1
7998252,,,2952388,1,0
7998252,,,2952389,2,0
7998252,,,2952390,3,0
7998252,,,2952391,4,0
7998252,,,2952382,5,0
7998252,14:33:00,14:33:00,2952392,6,1
7998252,,,2952393,7,0
7998252,14:37:00,14:37:00,2949779,8,1
7998252,14:39:00,14:39:00,2951177,9,1
7998252,,,2951178,10,0
7998252,,,2951179,11,0
7998252,,,2952394,12,0
7998252,,,2952395,13,0
7998252,,,2952396,14,0
7998252,14:43:00,14:43:00,2947050,15,1
7998252,,,2947051,16,0
7998252,,,2947052,17,0
7998252,,,2947053,18,0
7998252,14:46:00,14:46:00,2947054,19,1
7998252,,,2927980,20,0
7998252,,,2927981,21,0
7998252,,,2927982,22,0
7998252,14:50:00,14:50:00,2949775,23,1
7998252,,,2949776,24,0
7998252,,,2949777,25,0
7998252,14:52:00,14:52:00,2949778,26,1
7998252,14:54:00,14:54:00,2949779,27,1
7998252,,,2949780,28,0
7998252,,,2952397,29,0
7998252,,,2952357,30,0
7998252,,,2952358,31,0
7998252,15:00:00,15:00:00,2952398,32,1
7998252,15:10:00,15:10:00,2952387,33,1
7998253,14:45:00,14:45:00,2952387,0,1
7998253,,,2952388,1,0
7998253,,,2952389,2,0
7998253,,,2952390,3,0
7998253,,,2952391,4,0
7998253,,,2952382,5,0
7998253,14:48:00,14:48:00,2952392,6,1
7998253,,,2952393,7,0
7998253,14:52:00,14:52:00,2949779,8,1
7998253,14:54:00,14:54:00,2951177,9,1
7998253,,,2951178,10,0
7998253,,,2951179,11,0
7998253,,,2952394,12,0
7998253,,,2952395,13,0
7998253,,,2952396,14,0
7998253,14:58:00,14:58:00,2947050,15,1
7998253,,,2947051,16,0
7998253,,,2947052,17,0
7998253,,,2947053,18,0
7998253,15:01:00,15:01:00,2947054,19,1
7998253,,,2927980,20,0
7998253,,,2927981,21,0
7998253,,,2927982,22,0
7998253,15:05:00,15:05:00,2949775,23,1
7998253,,,2949776,24,0
7998253,,,2949777,25,0
7998253,15:07:00,15:07:00,2949778,26,1
7998253,15:09:00,15:09:00,2949779,27,1
7998253,,,2949780,28,0
7998253,,,2952397,29,0
7998253,,,2952357,30,0
7998253,,,2952358,31,0
7998253,15:15:00,15:15:00,2952398,32,1
7998253,15:25:00,15:25:00,2952387,33,1
7998254,15:00:00,15:00:00,2952387,0,1
7998254,,,2952388,1,0
7998254,,,2952389,2,0
7998254,,,2952390,3,0
7998254,,,2952391,4,0
7998254,,,2952382,5,0
7998254,15:03:00,15:03:00,2952392,6,1
7998254,,,2952393,7,0
7998254,15:07:00,15:07:00,2949779,8,1
7998254,15:09:00,15:09:00,2951177,9,1
7998254,,,2951178,10,0
7998254,,,2951179,11,0
7998254,,,2952394,12,0
7998254,,,2952395,13,0
7998254,,,2952396,14,0
7998254,15:13:00,15:13:00,2947050,15,1
7998254,,,2947051,16,0
7998254,,,2947052,17,0
7998254,,,2947053,18,0
7998254,15:16:00,15:16:00,2947054,19,1
7998254,,,2927980,20,0
7998254,,,2927981,21,0
7998254,,,2927982,22,0
7998254,15:20:00,15:20:00,2949775,23,1
7998254,,,2949776,24,0
7998254,,,2949777,25,0
7998254,15:22:00,15:22:00,2949778,26,1
7998254,15:24:00,15:24:00,2949779,27,1
7998254,,,2949780,28,0
7998254,,,2952397,29,0
7998254,,,2952357,30,0
7998254,,,2952358,31,0
7998254,15:30:00,15:30:00,2952398,32,1
7998254,15:40:00,15:40:00,2952387,33,1
7998255,15:15:00,15:15:00,2952387,0,1
7998255,,,2952388,1,0
7998255,,,2952389,2,0
7998255,,,2952390,3,0
7998255,,,2952391,4,0
7998255,,,2952382,5,0
7998255,15:18:00,15:18:00,2952392,6,1
7998255,,,2952393,7,0
7998255,15:22:00,15:22:00,2949779,8,1
7998255,15:24:00,15:24:00,2951177,9,1
7998255,,,2951178,10,0
7998255,,,2951179,11,0
7998255,,,2952394,12,0
7998255,,,2952395,13,0
7998255,,,2952396,14,0
7998255,15:28:00,15:28:00,2947050,15,1
7998255,,,2947051,16,0
7998255,,,2947052,17,0
7998255,,,2947053,18,0
7998255,15:31:00,15:31:00,2947054,19,1
7998255,,,2927980,20,0
7998255,,,2927981,21,0
7998255,,,2927982,22,0
7998255,15:35:00,15:35:00,2949775,23,1
7998255,,,2949776,24,0
7998255,,,2949777,25,0
7998255,15:37:00,15:37:00,2949778,26,1
7998255,15:39:00,15:39:00,2949779,27,1
7998255,,,2949780,28,0
7998255,,,2952397,29,0
7998255,,,2952357,30,0
7998255,,,2952358,31,0
7998255,15:45:00,15:45:00,2952398,32,1
7998255,15:55:00,15:55:00,2952387,33,1
7998256,15:30:00,15:30:00,2952387,0,1
7998256,,,2952388,1,0
7998256,,,2952389,2,0
7998256,,,2952390,3,0
7998256,,,2952391,4,0
7998256,,,2952382,5,0
7998256,15:33:00,15:33:00,2952392,6,1
7998256,,,2952393,7,0
7998256,15:37:00,15:37:00,2949779,8,1
7998256,15:39:00,15:39:00,2951177,9,1
7998256,,,2951178,10,0
7998256,,,2951179,11,0
7998256,,,2952394,12,0
7998256,,,2952395,13,0
7998256,,,2952396,14,0
7998256,15:43:00,15:43:00,2947050,15,1
7998256,,,2947051,16,0
7998256,,,2947052,17,0
7998256,,,2947053,18,0
7998256,15:46:00,15:46:00,2947054,19,1
7998256,,,2927980,20,0
7998256,,,2927981,21,0
7998256,,,2927982,22,0
7998256,15:50:00,15:50:00,2949775,23,1
7998256,,,2949776,24,0
7998256,,,2949777,25,0
7998256,15:52:00,15:52:00,2949778,26,1
7998256,15:54:00,15:54:00,2949779,27,1
7998256,,,2949780,28,0
7998256,,,2952397,29,0
7998256,,,2952357,30,0
7998256,,,2952358,31,0
7998256,16:00:00,16:00:00,2952398,32,1
7998256,16:10:00,16:10:00,2952387,33,1
7998257,15:45:00,15:45:00,2952387,0,1
7998257,,,2952388,1,0
7998257,,,2952389,2,0
7998257,,,2952390,3,0
7998257,,,2952391,4,0
7998257,,,2952382,5,0
7998257,15:48:00,15:48:00,2952392,6,1
7998257,,,2952393,7,0
7998257,15:52:00,15:52:00,2949779,8,1
7998257,15:54:00,15:54:00,2951177,9,1
7998257,,,2951178,10,0
7998257,,,2951179,11,0
7998257,,,2952394,12,0
7998257,,,2952395,13,0
7998257,,,2952396,14,0
7998257,15:58:00,15:58:00,2947050,15,1
7998257,,,2947051,16,0
7998257,,,2947052,17,0
7998257,,,2947053,18,0
7998257,16:01:00,16:01:00,2947054,19,1
7998257,,,2927980,20,0
7998257,,,2927981,21,0
7998257,,,2927982,22,0
7998257,16:05:00,16:05:00,2949775,23,1
7998257,,,2949776,24,0
7998257,,,2949777,25,0
7998257,16:07:00,16:07:00,2949778,26,1
7998257,16:09:00,16:09:00,2949779,27,1
7998257,,,2949780,28,0
7998257,,,2952397,29,0
7998257,,,2952357,30,0
7998257,,,2952358,31,0
7998257,16:15:00,16:15:00,2952398,32,1
7998257,16:25:00,16:25:00,2952387,33,1
7998258,16:00:00,16:00:00,2952387,0,1
7998258,,,2952388,1,0
7998258,,,2952389,2,0
7998258,,,2952390,3,0
7998258,,,2952391,4,0
7998258,,,2952382,5,0
7998258,16:03:00,16:03:00,2952392,6,1
7998258,,,2952393,7,0
7998258,16:07:00,16:07:00,2949779,8,1
7998258,16:09:00,16:09:00,2951177,9,1
7998258,,,2951178,10,0
7998258,,,2951179,11,0
7998258,,,2952394,12,0
7998258,,,2952395,13,0
7998258,,,2952396,14,0
7998258,16:13:00,16:13:00,2947050,15,1
7998258,,,2947051,16,0
7998258,,,2947052,17,0
7998258,,,2947053,18,0
7998258,16:16:00,16:16:00,2947054,19,1
7998258,,,2927980,20,0
7998258,,,2927981,21,0
7998258,,,2927982,22,0
7998258,16:20:00,16:20:00,2949775,23,1
7998258,,,2949776,24,0
7998258,,,2949777,25,0
7998258,16:22:00,16:22:00,2949778,26,1
7998258,16:24:00,16:24:00,2949779,27,1
7998258,,,2949780,28,0
7998258,,,2952397,29,0
7998258,,,2952357,30,0
7998258,,,2952358,31,0
7998258,16:30:00,16:30:00,2952398,32,1
7998258,16:40:00,16:40:00,2952387,33,1
7998259,16:15:00,16:15:00,2952387,0,1
7998259,,,2952388,1,0
7998259,,,2952389,2,0
7998259,,,2952390,3,0
7998259,,,2952391,4,0
7998259,,,2952382,5,0
7998259,16:18:00,16:18:00,2952392,6,1
7998259,,,2952393,7,0
7998259,16:22:00,16:22:00,2949779,8,1
7998259,16:24:00,16:24:00,2951177,9,1
7998259,,,2951178,10,0
7998259,,,2951179,11,0
7998259,,,2952394,12,0
7998259,,,2952395,13,0
7998259,,,2952396,14,0
7998259,16:28:00,16:28:00,2947050,15,1
7998259,,,2947051,16,0
7998259,,,2947052,17,0
7998259,,,2947053,18,0
7998259,16:31:00,16:31:00,2947054,19,1
7998259,,,2927980,20,0
7998259,,,2927981,21,0
7998259,,,2927982,22,0
7998259,16:35:00,16:35:00,2949775,23,1
7998259,,,2949776,24,0
7998259,,,2949777,25,0
7998259,16:37:00,16:37:00,2949778,26,1
7998259,16:39:00,16:39:00,2949779,27,1
7998259,,,2949780,28,0
7998259,,,2952397,29,0
7998259,,,2952357,30,0
7998259,,,2952358,31,0
7998259,16:45:00,16:45:00,2952398,32,1
7998259,16:55:00,16:55:00,2952387,33,1
7998260,16:30:00,16:30:00,2952387,0,1
7998260,,,2952388,1,0
7998260,,,2952389,2,0
7998260,,,2952390,3,0
7998260,,,2952391,4,0
7998260,,,2952382,5,0
7998260,16:33:00,16:33:00,2952392,6,1
7998260,,,2952393,7,0
7998260,16:37:00,16:37:00,2949779,8,1
7998260,16:39:00,16:39:00,2951177,9,1
7998260,,,2951178,10,0
7998260,,,2951179,11,0
7998260,,,2952394,12,0
7998260,,,2952395,13,0
7998260,,,2952396,14,0
7998260,16:43:00,16:43:00,2947050,15,1
7998260,,,2947051,16,0
7998260,,,2947052,17,0
7998260,,,2947053,18,0
7998260,16:46:00,16:46:00,2947054,19,1
7998260,,,2927980,20,0
7998260,,,2927981,21,0
7998260,,,2927982,22,0
7998260,16:50:00,16:50:00,2949775,23,1
7998260,,,2949776,24,0
7998260,,,2949777,25,0
7998260,16:52:00,16:52:00,2949778,26,1
7998260,16:54:00,16:54:00,2949779,27,1
7998260,,,2949780,28,0
7998260,,,2952397,29,0
7998260,,,2952357,30,0
7998260,,,2952358,31,0
7998260,17:00:00,17:00:00,2952398,32,1
7998260,17:10:00,17:10:00,2952387,33,1
7998261,16:45:00,16:45:00,2952387,0,1
7998261,,,2952388,1,0
7998261,,,2952389,2,0
7998261,,,2952390,3,0
7998261,,,2952391,4,0
7998261,,,2952382,5,0
7998261,16:48:00,16:48:00,2952392,6,1
7998261,,,2952393,7,0
7998261,16:52:00,16:52:00,2949779,8,1
7998261,16:54:00,16:54:00,2951177,9,1
7998261,,,2951178,10,0
7998261,,,2951179,11,0
7998261,,,2952394,12,0
7998261,,,2952395,13,0
7998261,,,2952396,14,0
7998261,16:58:00,16:58:00,2947050,15,1
7998261,,,2947051,16,0
7998261,,,2947052,17,0
7998261,,,2947053,18,0
7998261,17:01:00,17:01:00,2947054,19,1
7998261,,,2927980,20,0
7998261,,,2927981,21,0
7998261,,,2927982,22,0
7998261,17:05:00,17:05:00,2949775,23,1
7998261,,,2949776,24,0
7998261,,,2949777,25,0
7998261,17:07:00,17:07:00,2949778,26,1
7998261,17:09:00,17:09:00,2949779,27,1
7998261,,,2949780,28,0
7998261,,,2952397,29,0
7998261,,,2952357,30,0
7998261,,,2952358,31,0
7998261,17:15:00,17:15:00,2952398,32,1
7998261,17:25:00,17:25:00,2952387,33,1
7998262,17:00:00,17:00:00,2952387,0,1
7998262,,,2952388,1,0
7998262,,,2952389,2,0
7998262,,,2952390,3,0
7998262,,,2952391,4,0
7998262,,,2952382,5,0
7998262,17:03:00,17:03:00,2952392,6,1
7998262,,,2952393,7,0
7998262,17:07:00,17:07:00,2949779,8,1
7998262,17:09:00,17:09:00,2951177,9,1
7998262,,,2951178,10,0
7998262,,,2951179,11,0
7998262,,,2952394,12,0
7998262,,,2952395,13,0
7998262,,,2952396,14,0
7998262,17:13:00,17:13:00,2947050,15,1
7998262,,,2947051,16,0
7998262,,,2947052,17,0
7998262,,,2947053,18,0
7998262,17:16:00,17:16:00,2947054,19,1
7998262,,,2927980,20,0
7998262,,,2927981,21,0
7998262,,,2927982,22,0
7998262,17:20:00,17:20:00,2949775,23,1
7998262,,,2949776,24,0
7998262,,,2949777,25,0
7998262,17:22:00,17:22:00,2949778,26,1
7998262,17:24:00,17:24:00,2949779,27,1
7998262,,,2949780,28,0
7998262,,,2952397,29,0
7998262,,,2952357,30,0
7998262,,,2952358,31,0
7998262,17:30:00,17:30:00,2952398,32,1
7998262,17:40:00,17:40:00,2952387,33,1
7998263,17:15:00,17:15:00,2952387,0,1
7998263,,,2952388,1,0
7998263,,,2952389,2,0
7998263,,,2952390,3,0
7998263,,,2952391,4,0
7998263,,,2952382,5,0
7998263,17:18:00,17:18:00,2952392,6,1
7998263,,,2952393,7,0
7998263,17:22:00,17:22:00,2949779,8,1
7998263,17:24:00,17:24:00,2951177,9,1
7998263,,,2951178,10,0
7998263,,,2951179,11,0
7998263,,,2952394,12,0
7998263,,,2952395,13,0
7998263,,,2952396,14,0
7998263,17:28:00,17:28:00,2947050,15,1
7998263,,,2947051,16,0
7998263,,,2947052,17,0
7998263,,,2947053,18,0
7998263,17:31:00,17:31:00,2947054,19,1
7998263,,,2927980,20,0
7998263,,,2927981,21,0
7998263,,,2927982,22,0
7998263,17:35:00,17:35:00,2949775,23,1
7998263,,,2949776,24,0
7998263,,,2949777,25,0
7998263,17:37:00,17:37:00,2949778,26,1
7998263,17:39:00,17:39:00,2949779,27,1
7998263,,,2949780,28,0
7998263,,,2952397,29,0
7998263,,,2952357,30,0
7998263,,,2952358,31,0
7998263,17:45:00,17:45:00,2952398,32,1
7998263,17:55:00,17:55:00,2952387,33,1
7998264,17:30:00,17:30:00,2952387,0,1
7998264,,,2952388,1,0
7998264,,,2952389,2,0
7998264,,,2952390,3,0
7998264,,,2952391,4,0
7998264,,,2952382,5,0
7998264,17:33:00,17:33:00,2952392,6,1
7998264,,,2952393,7,0
7998264,17:37:00,17:37:00,2949779,8,1
7998264,17:39:00,17:39:00,2951177,9,1
7998264,,,2951178,10,0
7998264,,,2951179,11,0
7998264,,,2952394,12,0
7998264,,,2952395,13,0
7998264,,,2952396,14,0
7998264,17:43:00,17:43:00,2947050,15,1
7998264,,,2947051,16,0
7998264,,,2947052,17,0
7998264,,,2947053,18,0
7998264,17:46:00,17:46:00,2947054,19,1
7998264,,,2927980,20,0
7998264,,,2927981,21,0
7998264,,,2927982,22,0
7998264,17:50:00,17:50:00,2949775,23,1
7998264,,,2949776,24,0
7998264,,,2949777,25,0
7998264,17:52:00,17:52:00,2949778,26,1
7998264,17:54:00,17:54:00,2949779,27,1
7998264,,,2949780,28,0
7998264,,,2952397,29,0
7998264,,,2952357,30,0
7998264,,,2952358,31,0
7998264,18:00:00,18:00:00,2952398,32,1
7998264,18:10:00,18:10:00,2952387,33,1
7998265,17:45:00,17:45:00,2952387,0,1
7998265,,,2952388,1,0
7998265,,,2952389,2,0
7998265,,,2952390,3,0
7998265,,,2952391,4,0
7998265,,,2952382,5,0
7998265,17:48:00,17:48:00,2952392,6,1
7998265,,,2952393,7,0
7998265,17:52:00,17:52:00,2949779,8,1
7998265,17:54:00,17:54:00,2951177,9,1
7998265,,,2951178,10,0
7998265,,,2951179,11,0
7998265,,,2952394,12,0
7998265,,,2952395,13,0
7998265,,,2952396,14,0
7998265,17:58:00,17:58:00,2947050,15,1
7998265,,,2947051,16,0
7998265,,,2947052,17,0
7998265,,,2947053,18,0
7998265,18:01:00,18:01:00,2947054,19,1
7998265,,,2927980,20,0
7998265,,,2927981,21,0
7998265,,,2927982,22,0
7998265,18:05:00,18:05:00,2949775,23,1
7998265,,,2949776,24,0
7998265,,,2949777,25,0
7998265,18:07:00,18:07:00,2949778,26,1
7998265,18:09:00,18:09:00,2949779,27,1
7998265,,,2949780,28,0
7998265,,,2952397,29,0
7998265,,,2952357,30,0
7998265,,,2952358,31,0
7998265,18:15:00,18:15:00,2952398,32,1
7998265,18:25:00,18:25:00,2952387,33,1
7998266,18:00:00,18:00:00,2952387,0,1
7998266,,,2952388,1,0
7998266,,,2952389,2,0
7998266,,,2952390,3,0
7998266,,,2952391,4,0
7998266,,,2952382,5,0
7998266,18:03:00,18:03:00,2952392,6,1
7998266,,,2952393,7,0
7998266,18:07:00,18:07:00,2949779,8,1
7998266,18:09:00,18:09:00,2951177,9,1
7998266,,,2951178,10,0
7998266,,,2951179,11,0
7998266,,,2952394,12,0
7998266,,,2952395,13,0
7998266,,,2952396,14,0
7998266,18:13:00,18:13:00,2947050,15,1
7998266,,,2947051,16,0
7998266,,,2947052,17,0
7998266,,,2947053,18,0
7998266,18:16:00,18:16:00,2947054,19,1
7998266,,,2927980,20,0
7998266,,,2927981,21,0
7998266,,,2927982,22,0
7998266,18:20:00,18:20:00,2949775,23,1
7998266,,,2949776,24,0
7998266,,,2949777,25,0
7998266,18:22:00,18:22:00,2949778,26,1
7998266,18:24:00,18:24:00,2949779,27,1
7998266,,,2949780,28,0
7998266,,,2952397,29,0
7998266,,,2952357,30,0
7998266,,,2952358,31,0
7998266,18:30:00,18:30:00,2952398,32,1
7998266,18:40:00,18:40:00,2952387,33,1
7998267,18:15:00,18:15:00,2952387,0,1
7998267,,,2952388,1,0
7998267,,,2952389,2,0
7998267,,,2952390,3,0
7998267,,,2952391,4,0
7998267,,,2952382,5,0
7998267,18:18:00,18:18:00,2952392,6,1
7998267,,,2952393,7,0
7998267,18:22:00,18:22:00,2949779,8,1
7998267,18:24:00,18:24:00,2951177,9,1
7998267,,,2951178,10,0
7998267,,,2951179,11,0
7998267,,,2952394,12,0
7998267,,,2952395,13,0
7998267,,,2952396,14,0
7998267,18:28:00,18:28:00,2947050,15,1
7998267,,,2947051,16,0
7998267,,,2947052,17,0
7998267,,,2947053,18,0
7998267,18:31:00,18:31:00,2947054,19,1
7998267,,,2927980,20,0
7998267,,,2927981,21,0
7998267,,,2927982,22,0
7998267,18:35:00,18:35:00,2949775,23,1
7998267,,,2949776,24,0
7998267,,,2949777,25,0
7998267,18:37:00,18:37:00,2949778,26,1
7998267,18:39:00,18:39:00,2949779,27,1
7998267,,,2949780,28,0
7998267,,,2952397,29,0
7998267,,,2952357,30,0
7998267,,,2952358,31,0
7998267,18:45:00,18:45:00,2952398,32,1
7998267,18:55:00,18:55:00,2952387,33,1
7998268,18:30:00,18:30:00,2952387,0,1
7998268,,,2952388,1,0
7998268,,,2952389,2,0
7998268,,,2952390,3,0
7998268,,,2952391,4,0
7998268,,,2952382,5,0
7998268,18:33:00,18:33:00,2952392,6,1
7998268,,,2952393,7,0
7998268,18:37:00,18:37:00,2949779,8,1
7998268,18:39:00,18:39:00,2951177,9,1
7998268,,,2951178,10,0
7998268,,,2951179,11,0
7998268,,,2952394,12,0
7998268,,,2952395,13,0
7998268,,,2952396,14,0
7998268,18:43:00,18:43:00,2947050,15,1
7998268,,,2947051,16,0
7998268,,,2947052,17,0
7998268,,,2947053,18,0
7998268,18:46:00,18:46:00,2947054,19,1
7998268,,,2927980,20,0
7998268,,,2927981,21,0
7998268,,,2927982,22,0
7998268,18:50:00,18:50:00,2949775,23,1
7998268,,,2949776,24,0
7998268,,,2949777,25,0
7998268,18:52:00,18:52:00,2949778,26,1
7998268,18:54:00,18:54:00,2949779,27,1
7998268,,,2949780,28,0
7998268,,,2952397,29,0
7998268,,,2952357,30,0
7998268,,,2952358,31,0
7998268,19:00:00,19:00:00,2952398,32,1
7998268,19:10:00,19:10:00,2952387,33,1
7998269,18:45:00,18:45:00,2952387,0,1
7998269,,,2952388,1,0
7998269,,,2952389,2,0
7998269,,,2952390,3,0
7998269,,,2952391,4,0
7998269,,,2952382,5,0
7998269,18:48:00,18:48:00,2952392,6,1
7998269,,,2952393,7,0
7998269,18:52:00,18:52:00,2949779,8,1
7998269,18:54:00,18:54:00,2951177,9,1
7998269,,,2951178,10,0
7998269,,,2951179,11,0
7998269,,,2952394,12,0
7998269,,,2952395,13,0
7998269,,,2952396,14,0
7998269,18:58:00,18:58:00,2947050,15,1
7998269,,,2947051,16,0
7998269,,,2947052,17,0
7998269,,,2947053,18,0
7998269,19:01:00,19:01:00,2947054,19,1
7998269,,,2927980,20,0
7998269,,,2927981,21,0
7998269,,,2927982,22,0
7998269,19:05:00,19:05:00,2949775,23,1
7998269,,,2949776,24,0
7998269,,,2949777,25,0
7998269,19:07:00,19:07:00,2949778,26,1
7998269,19:09:00,19:09:00,2949779,27,1
7998269,,,2949780,28,0
7998269,,,2952397,29,0
7998269,,,2952357,30,0
7998269,,,2952358,31,0
7998269,19:15:00,19:15:00,2952398,32,1
7998269,19:25:00,19:25:00,2952387,33,1
7998270,19:00:00,19:00:00,2952387,0,1
7998270,,,2952388,1,0
7998270,,,2952389,2,0
7998270,,,2952390,3,0
7998270,,,2952391,4,0
7998270,,,2952382,5,0
7998270,19:03:00,19:03:00,2952392,6,1
7998270,,,2952393,7,0
7998270,19:07:00,19:07:00,2949779,8,1
7998270,19:09:00,19:09:00,2951177,9,1
7998270,,,2951178,10,0
7998270,,,2951179,11,0
7998270,,,2952394,12,0
7998270,,,2952395,13,0
7998270,,,2952396,14,0
7998270,19:13:00,19:13:00,2947050,15,1
7998270,,,2947051,16,0
7998270,,,2947052,17,0
7998270,,,2947053,18,0
7998270,19:16:00,19:16:00,2947054,19,1
7998270,,,2927980,20,0
7998270,,,2927981,21,0
7998270,,,2927982,22,0
7998270,19:20:00,19:20:00,2949775,23,1
7998270,,,2949776,24,0
7998270,,,2949777,25,0
7998270,19:22:00,19:22:00,2949778,26,1
7998270,19:24:00,19:24:00,2949779,27,1
7998270,,,2949780,28,0
7998270,,,2952397,29,0
7998270,,,2952357,30,0
7998270,,,2952358,31,0
7998270,19:30:00,19:30:00,2952398,32,1
7998270,19:40:00,19:40:00,2952387,33,1
7998271,19:15:00,19:15:00,2952387,0,1
7998271,,,2952388,1,0
7998271,,,2952389,2,0
7998271,,,2952390,3,0
7998271,,,2952391,4,0
7998271,,,2952382,5,0
7998271,19:18:00,19:18:00,2952392,6,1
7998271,,,2952393,7,0
7998271,19:22:00,19:22:00,2949779,8,1
7998271,19:24:00,19:24:00,2951177,9,1
7998271,,,2951178,10,0
7998271,,,2951179,11,0
7998271,,,2952394,12,0
7998271,,,2952395,13,0
7998271,,,2952396,14,0
7998271,19:28:00,19:28:00,2947050,15,1
7998271,,,2947051,16,0
7998271,,,2947052,17,0
7998271,,,2947053,18,0
7998271,19:31:00,19:31:00,2947054,19,1
7998271,,,2927980,20,0
7998271,,,2927981,21,0
7998271,,,2927982,22,0
7998271,19:35:00,19:35:00,2949775,23,1
7998271,,,2949776,24,0
7998271,,,2949777,25,0
7998271,19:37:00,19:37:00,2949778,26,1
7998271,19:39:00,19:39:00,2949779,27,1
7998271,,,2949780,28,0
7998271,,,2952397,29,0
7998271,,,2952357,30,0
7998271,,,2952358,31,0
7998271,19:45:00,19:45:00,2952398,32,1
7998271,19:55:00,19:55:00,2952387,33,1
7998272,19:30:00,19:30:00,2952387,0,1
7998272,,,2952388,1,0
7998272,,,2952389,2,0
7998272,,,2952390,3,0
7998272,,,2952391,4,0
7998272,,,2952382,5,0
7998272,19:33:00,19:33:00,2952392,6,1
7998272,,,2952393,7,0
7998272,19:37:00,19:37:00,2949779,8,1
7998272,19:39:00,19:39:00,2951177,9,1
7998272,,,2951178,10,0
7998272,,,2951179,11,0
7998272,,,2952394,12,0
7998272,,,2952395,13,0
7998272,,,2952396,14,0
7998272,19:43:00,19:43:00,2947050,15,1
7998272,,,2947051,16,0
7998272,,,2947052,17,0
7998272,,,2947053,18,0
7998272,19:46:00,19:46:00,2947054,19,1
7998272,,,2927980,20,0
7998272,,,2927981,21,0
7998272,,,2927982,22,0
7998272,19:50:00,19:50:00,2949775,23,1
7998272,,,2949776,24,0
7998272,,,2949777,25,0
7998272,19:52:00,19:52:00,2949778,26,1
7998272,19:54:00,19:54:00,2949779,27,1
7998272,,,2949780,28,0
7998272,,,2952397,29,0
7998272,,,2952357,30,0
7998272,,,2952358,31,0
7998272,20:00:00,20:00:00,2952398,32,1
7998272,20:10:00,20:10:00,2952387,33,1
7998273,19:45:00,19:45:00,2952387,0,1
7998273,,,2952388,1,0
7998273,,,2952389,2,0
7998273,,,2952390,3,0
7998273,,,2952391,4,0
7998273,,,2952382,5,0
7998273,19:48:00,19:48:00,2952392,6,1
7998273,,,2952393,7,0
7998273,19:52:00,19:52:00,2949779,8,1
7998273,19:54:00,19:54:00,2951177,9,1
7998273,,,2951178,10,0
7998273,,,2951179,11,0
7998273,,,2952394,12,0
7998273,,,2952395,13,0
7998273,,,2952396,14,0
7998273,19:58:00,19:58:00,2947050,15,1
7998273,,,2947051,16,0
7998273,,,2947052,17,0
7998273,,,2947053,18,0
7998273,20:01:00,20:01:00,2947054,19,1
7998273,,,2927980,20,0
7998273,,,2927981,21,0
7998273,,,2927982,22,0
7998273,20:05:00,20:05:00,2949775,23,1
7998273,,,2949776,24,0
7998273,,,2949777,25,0
7998273,20:07:00,20:07:00,2949778,26,1
7998273,20:09:00,20:09:00,2949779,27,1
7998273,,,2949780,28,0
7998273,,,2952397,29,0
7998273,,,2952357,30,0
7998273,,,2952358,31,0
7998273,20:15:00,20:15:00,2952398,32,1
7998273,20:25:00,20:25:00,2952387,33,1
7998274,20:00:00,20:00:00,2952387,0,1
7998274,,,2952388,1,0
7998274,,,2952389,2,0
7998274,,,2952390,3,0
7998274,,,2952391,4,0
7998274,,,2952382,5,0
7998274,20:03:00,20:03:00,2952392,6,1
7998274,,,2952393,7,0
7998274,20:07:00,20:07:00,2949779,8,1
7998274,20:09:00,20:09:00,2951177,9,1
7998274,,,2951178,10,0
7998274,,,2951179,11,0
7998274,,,2952394,12,0
7998274,,,2952395,13,0
7998274,,,2952396,14,0
7998274,20:13:00,20:13:00,2947050,15,1
7998274,,,2947051,16,0
7998274,,,2947052,17,0
7998274,,,2947053,18,0
7998274,20:16:00,20:16:00,2947054,19,1
7998274,,,2927980,20,0
7998274,,,2927981,21,0
7998274,,,2927982,22,0
7998274,20:20:00,20:20:00,2949775,23,1
7998274,,,2949776,24,0
7998274,,,2949777,25,0
7998274,20:22:00,20:22:00,2949778,26,1
7998274,20:24:00,20:24:00,2949779,27,1
7998274,,,2949780,28,0
7998274,,,2952397,29,0
7998274,,,2952357,30,0
7998274,,,2952358,31,0
7998274,20:30:00,20:30:00,2952398,32,1
7998274,20:40:00,20:40:00,2952387,33,1
7998275,20:15:00,20:15:00,2952387,0,1
7998275,,,2952388,1,0
7998275,,,2952389,2,0
7998275,,,2952390,3,0
7998275,,,2952391,4,0
7998275,,,2952382,5,0
7998275,20:18:00,20:18:00,2952392,6,1
7998275,,,2952393,7,0
7998275,20:22:00,20:22:00,2949779,8,1
7998275,20:24:00,20:24:00,2951177,9,1
7998275,,,2951178,10,0
7998275,,,2951179,11,0
7998275,,,2952394,12,0
7998275,,,2952395,13,0
7998275,,,2952396,14,0
7998275,20:28:00,20:28:00,2947050,15,1
7998275,,,2947051,16,0
7998275,,,2947052,17,0
7998275,,,2947053,18,0
7998275,20:31:00,20:31:00,2947054,19,1
7998275,,,2927980,20,0
7998275,,,2927981,21,0
7998275,,,2927982,22,0
7998275,20:35:00,20:35:00,2949775,23,1
7998275,,,2949776,24,0
7998275,,,2949777,25,0
7998275,20:37:00,20:37:00,2949778,26,1
7998275,20:39:00,20:39:00,2949779,27,1
7998275,,,2949780,28,0
7998275,,,2952397,29,0
7998275,,,2952357,30,0
7998275,,,2952358,31,0
7998275,20:45:00,20:45:00,2952398,32,1
7998275,20:55:00,20:55:00,2952387,33,1
7998276,20:30:00,20:30:00,2952387,0,1
7998276,,,2952388,1,0
7998276,,,2952389,2,0
7998276,,,2952390,3,0
7998276,,,2952391,4,0
7998276,,,2952382,5,0
7998276,20:33:00,20:33:00,2952392,6,1
7998276,,,2952393,7,0
7998276,20:37:00,20:37:00,2949779,8,1
7998276,20:39:00,20:39:00,2951177,9,1
7998276,,,2951178,10,0
7998276,,,2951179,11,0
7998276,,,2952394,12,0
7998276,,,2952395,13,0
7998276,,,2952396,14,0
7998276,20:43:00,20:43:00,2947050,15,1
7998276,,,2947051,16,0
7998276,,,2947052,17,0
7998276,,,2947053,18,0
7998276,20:46:00,20:46:00,2947054,19,1
7998276,,,2927980,20,0
7998276,,,2927981,21,0
7998276,,,2927982,22,0
7998276,20:50:00,20:50:00,2949775,23,1
7998276,,,2949776,24,0
7998276,,,2949777,25,0
7998276,20:52:00,20:52:00,2949778,26,1
7998276,20:54:00,20:54:00,2949779,27,1
7998276,,,2949780,28,0
7998276,,,2952397,29,0
7998276,,,2952357,30,0
7998276,,,2952358,31,0
7998276,21:00:00,21:00:00,2952398,32,1
7998276,21:10:00,21:10:00,2952387,33,1
7998277,20:45:00,20:45:00,2952387,0,1
7998277,,,2952388,1,0
7998277,,,2952389,2,0
7998277,,,2952390,3,0
7998277,,,2952391,4,0
7998277,,,2952382,5,0
7998277,20:48:00,20:48:00,2952392,6,1
7998277,,,2952393,7,0
7998277,20:52:00,20:52:00,2949779,8,1
7998277,20:54:00,20:54:00,2951177,9,1
7998277,,,2951178,10,0
7998277,,,2951179,11,0
7998277,,,2952394,12,0
7998277,,,2952395,13,0
7998277,,,2952396,14,0
7998277,20:58:00,20:58:00,2947050,15,1
7998277,,,2947051,16,0
7998277,,,2947052,17,0
7998277,,,2947053,18,0
7998277,21:01:00,21:01:00,2947054,19,1
7998277,,,2927980,20,0
7998277,,,2927981,21,0
7998277,,,2927982,22,0
7998277,21:05:00,21:05:00,2949775,23,1
7998277,,,2949776,24,0
7998277,,,2949777,25,0
7998277,21:07:00,21:07:00,2949778,26,1
7998277,21:09:00,21:09:00,2949779,27,1
7998277,,,2949780,28,0
7998277,,,2952397,29,0
7998277,,,2952357,30,0
7998277,,,2952358,31,0
7998277,21:15:00,21:15:00,2952398,32,1
7998277,21:25:00,21:25:00,2952387,33,1
7998278,21:00:00,21:00:00,2952387,0,1
7998278,,,2952388,1,0
7998278,,,2952389,2,0
7998278,,,2952390,3,0
7998278,,,2952391,4,0
7998278,,,2952382,5,0
7998278,21:03:00,21:03:00,2952392,6,1
7998278,,,2952393,7,0
7998278,21:07:00,21:07:00,2949779,8,1
7998278,21:09:00,21:09:00,2951177,9,1
7998278,,,2951178,10,0
7998278,,,2951179,11,0
7998278,,,2952394,12,0
7998278,,,2952395,13,0
7998278,,,2952396,14,0
7998278,21:13:00,21:13:00,2947050,15,1
7998278,,,2947051,16,0
7998278,,,2947052,17,0
7998278,,,2947053,18,0
7998278,21:16:00,21:16:00,2947054,19,1
7998278,,,2927980,20,0
7998278,,,2927981,21,0
7998278,,,2927982,22,0
7998278,21:20:00,21:20:00,2949775,23,1
7998278,,,2949776,24,0
7998278,,,2949777,25,0
7998278,21:22:00,21:22:00,2949778,26,1
7998278,21:24:00,21:24:00,2949779,27,1
7998278,,,2949780,28,0
7998278,,,2952397,29,0
7998278,,,2952357,30,0
7998278,,,2952358,31,0
7998278,21:30:00,21:30:00,2952398,32,1
7998278,21:40:00,21:40:00,2952387,33,1
7998279,21:15:00,21:15:00,2952387,0,1
7998279,,,2952388,1,0
7998279,,,2952389,2,0
7998279,,,2952390,3,0
7998279,,,2952391,4,0
7998279,,,2952382,5,0
7998279,21:18:00,21:18:00,2952392,6,1
7998279,,,2952393,7,0
7998279,21:22:00,21:22:00,2949779,8,1
7998279,21:24:00,21:24:00,2951177,9,1
7998279,,,2951178,10,0
7998279,,,2951179,11,0
7998279,,,2952394,12,0
7998279,,,2952395,13,0
7998279,,,2952396,14,0
7998279,21:28:00,21:28:00,2947050,15,1
7998279,,,2947051,16,0
7998279,,,2947052,17,0
7998279,,,2947053,18,0
7998279,21:31:00,21:31:00,2947054,19,1
7998279,,,2927980,20,0
7998279,,,2927981,21,0
7998279,,,2927982,22,0
7998279,21:35:00,21:35:00,2949775,23,1
7998279,,,2949776,24,0
7998279,,,2949777,25,0
7998279,21:37:00,21:37:00,2949778,26,1
7998279,21:39:00,21:39:00,2949779,27,1
7998279,,,2949780,28,0
7998279,,,2952397,29,0
7998279,,,2952357,30,0
7998279,,,2952358,31,0
7998279,21:45:00,21:45:00,2952398,32,1
7998279,21:55:00,21:55:00,2952387,33,1
7998280,21:30:00,21:30:00,2952387,0,1
7998280,,,2952388,1,0
7998280,,,2952389,2,0
7998280,,,2952390,3,0
7998280,,,2952391,4,0
7998280,,,2952382,5,0
7998280,21:33:00,21:33:00,2952392,6,1
7998280,,,2952393,7,0
7998280,21:37:00,21:37:00,2949779,8,1
7998280,21:39:00,21:39:00,2951177,9,1
7998280,,,2951178,10,0
7998280,,,2951179,11,0
7998280,,,2952394,12,0
7998280,,,2952395,13,0
7998280,,,2952396,14,0
7998280,21:43:00,21:43:00,2947050,15,1
7998280,,,2947051,16,0
7998280,,,2947052,17,0
7998280,,,2947053,18,0
7998280,21:46:00,21:46:00,2947054,19,1
7998280,,,2927980,20,0
7998280,,,2927981,21,0
7998280,,,2927982,22,0
7998280,21:50:00,21:50:00,2949775,23,1
7998280,,,2949776,24,0
7998280,,,2949777,25,0
7998280,21:52:00,21:52:00,2949778,26,1
7998280,21:54:00,21:54:00,2949779,27,1
7998280,,,2949780,28,0
7998280,,,2952397,29,0
7998280,,,2952357,30,0
7998280,,,2952358,31,0
7998280,22:00:00,22:00:00,2952398,32,1
7998280,22:10:00,22:10:00,2952387,33,1
7998281,21:45:00,21:45:00,2952387,0,1
7998281,,,2952388,1,0
7998281,,,2952389,2,0
7998281,,,2952390,3,0
7998281,,,2952391,4,0
7998281,,,2952382,5,0
7998281,21:48:00,21:48:00,2952392,6,1
7998281,,,2952393,7,0
7998281,21:52:00,21:52:00,2949779,8,1
7998281,21:54:00,21:54:00,2951177,9,1
7998281,,,2951178,10,0
7998281,,,2951179,11,0
7998281,,,2952394,12,0
7998281,,,2952395,13,0
7998281,,,2952396,14,0
7998281,21:58:00,21:58:00,2947050,15,1
7998281,,,2947051,16,0
7998281,,,2947052,17,0
7998281,,,2947053,18,0
7998281,22:01:00,22:01:00,2947054,19,1
7998281,,,2927980,20,0
7998281,,,2927981,21,0
7998281,,,2927982,22,0
7998281,22:05:00,22:05:00,2949775,23,1
7998281,,,2949776,24,0
7998281,,,2949777,25,0
7998281,22:07:00,22:07:00,2949778,26,1
7998281,22:09:00,22:09:00,2949779,27,1
7998281,,,2949780,28,0
7998281,,,2952397,29,0
7998281,,,2952357,30,0
7998281,,,2952358,31,0
7998281,22:15:00,22:15:00,2952398,32,1
7998281,22:25:00,22:25:00,2952387,33,1
7998282,09:30:00,09:30:00,2952387,0,1
7998282,,,2952388,1,0
7998282,,,2952389,2,0
7998282,,,2952390,3,0
7998282,,,2952391,4,0
7998282,,,2952382,5,0
7998282,09:33:00,09:33:00,2952392,6,1
7998282,,,2952393,7,0
7998282,09:37:00,09:37:00,2949779,8,1
7998282,09:39:00,09:39:00,2951177,9,1
7998282,,,2951178,10,0
7998282,,,2951179,11,0
7998282,,,2952394,12,0
7998282,,,2952395,13,0
7998282,,,2952396,14,0
7998282,09:43:00,09:43:00,2947050,15,1
7998282,,,2947051,16,0
7998282,,,2947052,17,0
7998282,,,2947053,18,0
7998282,09:46:00,09:46:00,2947054,19,1
7998282,,,2927980,20,0
7998282,,,2927981,21,0
7998282,,,2927982,22,0
7998282,09:50:00,09:50:00,2949775,23,1
7998282,,,2949776,24,0
7998282,,,2949777,25,0
7998282,09:52:00,09:52:00,2949778,26,1
7998282,09:54:00,09:54:00,2949779,27,1
7998282,,,2949780,28,0
7998282,,,2952397,29,0
7998282,,,2952357,30,0
7998282,,,2952358,31,0
7998282,09:58:00,09:58:00,2952398,32,1
7998282,10:10:00,10:10:00,2952387,33,1
7998283,10:20:00,10:20:00,2952387,0,1
7998283,,,2952388,1,0
7998283,,,2952389,2,0
7998283,,,2952390,3,0
7998283,,,2952391,4,0
7998283,,,2952382,5,0
7998283,10:23:00,10:23:00,2952392,6,1
7998283,,,2952393,7,0
7998283,10:27:00,10:27:00,2949779,8,1
7998283,10:29:00,10:29:00,2951177,9,1
7998283,,,2951178,10,0
7998283,,,2951179,11,0
7998283,,,2952394,12,0
7998283,,,2952395,13,0
7998283,,,2952396,14,0
7998283,10:33:00,10:33:00,2947050,15,1
7998283,,,2947051,16,0
7998283,,,2947052,17,0
7998283,,,2947053,18,0
7998283,10:36:00,10:36:00,2947054,19,1
7998283,,,2927980,20,0
7998283,,,2927981,21,0
7998283,,,2927982,22,0
7998283,10:40:00,10:40:00,2949775,23,1
7998283,,,2949776,24,0
7998283,,,2949777,25,0
7998283,10:42:00,10:42:00,2949778,26,1
7998283,10:44:00,10:44:00,2949779,27,1
7998283,,,2949780,28,0
7998283,,,2952397,29,0
7998283,,,2952357,30,0
7998283,,,2952358,31,0
7998283,10:48:00,10:48:00,2952398,32,1
7998283,11:00:00,11:00:00,2952387,33,1
7998284,11:10:00,11:10:00,2952387,0,1
7998284,,,2952388,1,0
7998284,,,2952389,2,0
7998284,,,2952390,3,0
7998284,,,2952391,4,0
7998284,,,2952382,5,0
7998284,11:13:00,11:13:00,2952392,6,1
7998284,,,2952393,7,0
7998284,11:17:00,11:17:00,2949779,8,1
7998284,11:19:00,11:19:00,2951177,9,1
7998284,,,2951178,10,0
7998284,,,2951179,11,0
7998284,,,2952394,12,0
7998284,,,2952395,13,0
7998284,,,2952396,14,0
7998284,11:23:00,11:23:00,2947050,15,1
7998284,,,2947051,16,0
7998284,,,2947052,17,0
7998284,,,2947053,18,0
7998284,11:26:00,11:26:00,2947054,19,1
7998284,,,2927980,20,0
7998284,,,2927981,21,0
7998284,,,2927982,22,0
7998284,11:30:00,11:30:00,2949775,23,1
7998284,,,2949776,24,0
7998284,,,2949777,25,0
7998284,11:32:00,11:32:00,2949778,26,1
7998284,11:34:00,11:34:00,2949779,27,1
7998284,,,2949780,28,0
7998284,,,2952397,29,0
7998284,,,2952357,30,0
7998284,,,2952358,31,0
7998284,11:38:00,11:38:00,2952398,32,1
7998284,11:50:00,11:50:00,2952387,33,1
7998285,12:00:00,12:00:00,2952387,0,1
7998285,,,2952388,1,0
7998285,,,2952389,2,0
7998285,,,2952390,3,0
7998285,,,2952391,4,0
7998285,,,2952382,5,0
7998285,12:03:00,12:03:00,2952392,6,1
7998285,,,2952393,7,0
7998285,12:07:00,12:07:00,2949779,8,1
7998285,12:09:00,12:09:00,2951177,9,1
7998285,,,2951178,10,0
7998285,,,2951179,11,0
7998285,,,2952394,12,0
7998285,,,2952395,13,0
7998285,,,2952396,14,0
7998285,12:13:00,12:13:00,2947050,15,1
7998285,,,2947051,16,0
7998285,,,2947052,17,0
7998285,,,2947053,18,0
7998285,12:16:00,12:16:00,2947054,19,1
7998285,,,2927980,20,0
7998285,,,2927981,21,0
7998285,,,2927982,22,0
7998285,12:20:00,12:20:00,2949775,23,1
7998285,,,2949776,24,0
7998285,,,2949777,25,0
7998285,12:22:00,12:22:00,2949778,26,1
7998285,12:24:00,12:24:00,2949779,27,1
7998285,,,2949780,28,0
7998285,,,2952397,29,0
7998285,,,2952357,30,0
7998285,,,2952358,31,0
7998285,12:28:00,12:28:00,2952398,32,1
7998285,12:40:00,12:40:00,2952387,33,1
7998286,12:50:00,12:50:00,2952387,0,1
7998286,,,2952388,1,0
7998286,,,2952389,2,0
7998286,,,2952390,3,0
7998286,,,2952391,4,0
7998286,,,2952382,5,0
7998286,12:53:00,12:53:00,2952392,6,1
7998286,,,2952393,7,0
7998286,12:57:00,12:57:00,2949779,8,1
7998286,12:59:00,12:59:00,2951177,9,1
7998286,,,2951178,10,0
7998286,,,2951179,11,0
7998286,,,2952394,12,0
7998286,,,2952395,13,0
7998286,,,2952396,14,0
7998286,13:03:00,13:03:00,2947050,15,1
7998286,,,2947051,16,0
7998286,,,2947052,17,0
7998286,,,2947053,18,0
7998286,13:06:00,13:06:00,2947054,19,1
7998286,,,2927980,20,0
7998286,,,2927981,21,0
7998286,,,2927982,22,0
7998286,13:10:00,13:10:00,2949775,23,1
7998286,,,2949776,24,0
7998286,,,2949777,25,0
7998286,13:12:00,13:12:00,2949778,26,1
7998286,13:14:00,13:14:00,2949779,27,1
7998286,,,2949780,28,0
7998286,,,2952397,29,0
7998286,,,2952357,30,0
7998286,,,2952358,31,0
7998286,13:18:00,13:18:00,2952398,32,1
7998286,13:30:00,13:30:00,2952387,33,1
7998293,13:15:00,13:15:00,2952387,0,1
7998293,,,2952388,1,0
7998293,,,2952389,2,0
7998293,,,2952390,3,0
7998293,,,2952391,4,0
7998293,,,2952382,5,0
7998293,13:18:00,13:18:00,2952392,6,1
7998293,,,2952393,7,0
7998293,13:22:00,13:22:00,2949779,8,1
7998293,13:24:00,13:24:00,2951177,9,1
7998293,,,2951178,10,0
7998293,,,2951179,11,0
7998293,,,2952394,12,0
7998293,,,2952395,13,0
7998293,,,2952396,14,0
7998293,13:28:00,13:28:00,2947050,15,1
7998293,,,2947051,16,0
7998293,,,2947052,17,0
7998293,,,2947053,18,0
7998293,13:31:00,13:31:00,2947054,19,1
7998293,,,2927980,20,0
7998293,,,2927981,21,0
7998293,,,2927982,22,0
7998293,13:35:00,13:35:00,2949775,23,1
7998293,,,2949776,24,0
7998293,,,2949777,25,0
7998293,13:37:00,13:37:00,2949778,26,1
7998293,13:39:00,13:39:00,2949779,27,1
7998293,,,2949780,28,0
7998293,,,2952397,29,0
7998293,,,2952357,30,0
7998293,,,2952358,31,0
7998293,13:43:00,13:43:00,2952398,32,1
7998293,13:55:00,13:55:00,2952387,33,1
7998287,13:40:00,13:40:00,2952387,0,1
7998287,,,2952388,1,0
7998287,,,2952389,2,0
7998287,,,2952390,3,0
7998287,,,2952391,4,0
7998287,,,2952382,5,0
7998287,13:43:00,13:43:00,2952392,6,1
7998287,,,2952393,7,0
7998287,13:47:00,13:47:00,2949779,8,1
7998287,13:49:00,13:49:00,2951177,9,1
7998287,,,2951178,10,0
7998287,,,2951179,11,0
7998287,,,2952394,12,0
7998287,,,2952395,13,0
7998287,,,2952396,14,0
7998287,13:53:00,13:53:00,2947050,15,1
7998287,,,2947051,16,0
7998287,,,2947052,17,0
7998287,,,2947053,18,0
7998287,13:56:00,13:56:00,2947054,19,1
7998287,,,2927980,20,0
7998287,,,2927981,21,0
7998287,,,2927982,22,0
7998287,14:00:00,14:00:00,2949775,23,1
7998287,,,2949776,24,0
7998287,,,2949777,25,0
7998287,14:02:00,14:02:00,2949778,26,1
7998287,14:04:00,14:04:00,2949779,27,1
7998287,,,2949780,28,0
7998287,,,2952397,29,0
7998287,,,2952357,30,0
7998287,,,2952358,31,0
7998287,14:08:00,14:08:00,2952398,32,1
7998287,14:20:00,14:20:00,2952387,33,1
7998294,14:05:00,14:05:00,2952387,0,1
7998294,,,2952388,1,0
7998294,,,2952389,2,0
7998294,,,2952390,3,0
7998294,,,2952391,4,0
7998294,,,2952382,5,0
7998294,14:08:00,14:08:00,2952392,6,1
7998294,,,2952393,7,0
7998294,14:12:00,14:12:00,2949779,8,1
7998294,14:14:00,14:14:00,2951177,9,1
7998294,,,2951178,10,0
7998294,,,2951179,11,0
7998294,,,2952394,12,0
7998294,,,2952395,13,0
7998294,,,2952396,14,0
7998294,14:18:00,14:18:00,2947050,15,1
7998294,,,2947051,16,0
7998294,,,2947052,17,0
7998294,,,2947053,18,0
7998294,14:21:00,14:21:00,2947054,19,1
7998294,,,2927980,20,0
7998294,,,2927981,21,0
7998294,,,2927982,22,0
7998294,14:25:00,14:25:00,2949775,23,1
7998294,,,2949776,24,0
7998294,,,2949777,25,0
7998294,14:27:00,14:27:00,2949778,26,1
7998294,14:29:00,14:29:00,2949779,27,1
7998294,,,2949780,28,0
7998294,,,2952397,29,0
7998294,,,2952357,30,0
7998294,,,2952358,31,0
7998294,14:33:00,14:33:00,2952398,32,1
7998294,14:45:00,14:45:00,2952387,33,1
7998288,14:30:00,14:30:00,2952387,0,1
7998288,,,2952388,1,0
7998288,,,2952389,2,0
7998288,,,2952390,3,0
7998288,,,2952391,4,0
7998288,,,2952382,5,0
7998288,14:33:00,14:33:00,2952392,6,1
7998288,,,2952393,7,0
7998288,14:37:00,14:37:00,2949779,8,1
7998288,14:39:00,14:39:00,2951177,9,1
7998288,,,2951178,10,0
7998288,,,2951179,11,0
7998288,,,2952394,12,0
7998288,,,2952395,13,0
7998288,,,2952396,14,0
7998288,14:43:00,14:43:00,2947050,15,1
7998288,,,2947051,16,0
7998288,,,2947052,17,0
7998288,,,2947053,18,0
7998288,14:46:00,14:46:00,2947054,19,1
7998288,,,2927980,20,0
7998288,,,2927981,21,0
7998288,,,2927982,22,0
7998288,14:50:00,14:50:00,2949775,23,1
7998288,,,2949776,24,0
7998288,,,2949777,25,0
7998288,14:52:00,14:52:00,2949778,26,1
7998288,14:54:00,14:54:00,2949779,27,1
7998288,,,2949780,28,0
7998288,,,2952397,29,0
7998288,,,2952357,30,0
7998288,,,2952358,31,0
7998288,14:58:00,14:58:00,2952398,32,1
7998288,15:10:00,15:10:00,2952387,33,1
7998295,14:55:00,14:55:00,2952387,0,1
7998295,,,2952388,1,0
7998295,,,2952389,2,0
7998295,,,2952390,3,0
7998295,,,2952391,4,0
7998295,,,2952382,5,0
7998295,14:58:00,14:58:00,2952392,6,1
7998295,,,2952393,7,0
7998295,15:02:00,15:02:00,2949779,8,1
7998295,15:04:00,15:04:00,2951177,9,1
7998295,,,2951178,10,0
7998295,,,2951179,11,0
7998295,,,2952394,12,0
7998295,,,2952395,13,0
7998295,,,2952396,14,0
7998295,15:08:00,15:08:00,2947050,15,1
7998295,,,2947051,16,0
7998295,,,2947052,17,0
7998295,,,2947053,18,0
7998295,15:11:00,15:11:00,2947054,19,1
7998295,,,2927980,20,0
7998295,,,2927981,21,0
7998295,,,2927982,22,0
7998295,15:15:00,15:15:00,2949775,23,1
7998295,,,2949776,24,0
7998295,,,2949777,25,0
7998295,15:17:00,15:17:00,2949778,26,1
7998295,15:19:00,15:19:00,2949779,27,1
7998295,,,2949780,28,0
7998295,,,2952397,29,0
7998295,,,2952357,30,0
7998295,,,2952358,31,0
7998295,15:23:00,15:23:00,2952398,32,1
7998295,15:35:00,15:35:00,2952387,33,1
7998289,15:20:00,15:20:00,2952387,0,1
7998289,,,2952388,1,0
7998289,,,2952389,2,0
7998289,,,2952390,3,0
7998289,,,2952391,4,0
7998289,,,2952382,5,0
7998289,15:23:00,15:23:00,2952392,6,1
7998289,,,2952393,7,0
7998289,15:27:00,15:27:00,2949779,8,1
7998289,15:29:00,15:29:00,2951177,9,1
7998289,,,2951178,10,0
7998289,,,2951179,11,0
7998289,,,2952394,12,0
7998289,,,2952395,13,0
7998289,,,2952396,14,0
7998289,15:33:00,15:33:00,2947050,15,1
7998289,,,2947051,16,0
7998289,,,2947052,17,0
7998289,,,2947053,18,0
7998289,15:36:00,15:36:00,2947054,19,1
7998289,,,2927980,20,0
7998289,,,2927981,21,0
7998289,,,2927982,22,0
7998289,15:40:00,15:40:00,2949775,23,1
7998289,,,2949776,24,0
7998289,,,2949777,25,0
7998289,15:42:00,15:42:00,2949778,26,1
7998289,15:44:00,15:44:00,2949779,27,1
7998289,,,2949780,28,0
7998289,,,2952397,29,0
7998289,,,2952357,30,0
7998289,,,2952358,31,0
7998289,15:48:00,15:48:00,2952398,32,1
7998289,16:00:00,16:00:00,2952387,33,1
7998296,15:45:00,15:45:00,2952387,0,1
7998296,,,2952388,1,0
7998296,,,2952389,2,0
7998296,,,2952390,3,0
7998296,,,2952391,4,0
7998296,,,2952382,5,0
7998296,15:48:00,15:48:00,2952392,6,1
7998296,,,2952393,7,0
7998296,15:52:00,15:52:00,2949779,8,1
7998296,15:54:00,15:54:00,2951177,9,1
7998296,,,2951178,10,0
7998296,,,2951179,11,0
7998296,,,2952394,12,0
7998296,,,2952395,13,0
7998296,,,2952396,14,0
7998296,15:58:00,15:58:00,2947050,15,1
7998296,,,2947051,16,0
7998296,,,2947052,17,0
7998296,,,2947053,18,0
7998296,16:01:00,16:01:00,2947054,19,1
7998296,,,2927980,20,0
7998296,,,2927981,21,0
7998296,,,2927982,22,0
7998296,16:05:00,16:05:00,2949775,23,1
7998296,,,2949776,24,0
7998296,,,2949777,25,0
7998296,16:07:00,16:07:00,2949778,26,1
7998296,16:09:00,16:09:00,2949779,27,1
7998296,,,2949780,28,0
7998296,,,2952397,29,0
7998296,,,2952357,30,0
7998296,,,2952358,31,0
7998296,16:13:00,16:13:00,2952398,32,1
7998296,16:25:00,16:25:00,2952387,33,1
7998290,16:10:00,16:10:00,2952387,0,1
7998290,,,2952388,1,0
7998290,,,2952389,2,0
7998290,,,2952390,3,0
7998290,,,2952391,4,0
7998290,,,2952382,5,0
7998290,16:13:00,16:13:00,2952392,6,1
7998290,,,2952393,7,0
7998290,16:17:00,16:17:00,2949779,8,1
7998290,16:19:00,16:19:00,2951177,9,1
7998290,,,2951178,10,0
7998290,,,2951179,11,0
7998290,,,2952394,12,0
7998290,,,2952395,13,0
7998290,,,2952396,14,0
7998290,16:23:00,16:23:00,2947050,15,1
7998290,,,2947051,16,0
7998290,,,2947052,17,0
7998290,,,2947053,18,0
7998290,16:26:00,16:26:00,2947054,19,1
7998290,,,2927980,20,0
7998290,,,2927981,21,0
7998290,,,2927982,22,0
7998290,16:30:00,16:30:00,2949775,23,1
7998290,,,2949776,24,0
7998290,,,2949777,25,0
7998290,16:32:00,16:32:00,2949778,26,1
7998290,16:34:00,16:34:00,2949779,27,1
7998290,,,2949780,28,0
7998290,,,2952397,29,0
7998290,,,2952357,30,0
7998290,,,2952358,31,0
7998290,16:38:00,16:38:00,2952398,32,1
7998290,16:50:00,16:50:00,2952387,33,1
7998297,16:35:00,16:35:00,2952387,0,1
7998297,,,2952388,1,0
7998297,,,2952389,2,0
7998297,,,2952390,3,0
7998297,,,2952391,4,0
7998297,,,2952382,5,0
7998297,16:38:00,16:38:00,2952392,6,1
7998297,,,2952393,7,0
7998297,16:42:00,16:42:00,2949779,8,1
7998297,16:44:00,16:44:00,2951177,9,1
7998297,,,2951178,10,0
7998297,,,2951179,11,0
7998297,,,2952394,12,0
7998297,,,2952395,13,0
7998297,,,2952396,14,0
7998297,16:48:00,16:48:00,2947050,15,1
7998297,,,2947051,16,0
7998297,,,2947052,17,0
7998297,,,2947053,18,0
7998297,16:51:00,16:51:00,2947054,19,1
7998297,,,2927980,20,0
7998297,,,2927981,21,0
7998297,,,2927982,22,0
7998297,16:55:00,16:55:00,2949775,23,1
7998297,,,2949776,24,0
7998297,,,2949777,25,0
7998297,16:57:00,16:57:00,2949778,26,1
7998297,16:59:00,16:59:00,2949779,27,1
7998297,,,2949780,28,0
7998297,,,2952397,29,0
7998297,,,2952357,30,0
7998297,,,2952358,31,0
7998297,17:03:00,17:03:00,2952398,32,1
7998297,17:15:00,17:15:00,2952387,33,1
7998291,17:00:00,17:00:00,2952387,0,1
7998291,,,2952388,1,0
7998291,,,2952389,2,0
7998291,,,2952390,3,0
7998291,,,2952391,4,0
7998291,,,2952382,5,0
7998291,17:03:00,17:03:00,2952392,6,1
7998291,,,2952393,7,0
7998291,17:07:00,17:07:00,2949779,8,1
7998291,17:09:00,17:09:00,2951177,9,1
7998291,,,2951178,10,0
7998291,,,2951179,11,0
7998291,,,2952394,12,0
7998291,,,2952395,13,0
7998291,,,2952396,14,0
7998291,17:13:00,17:13:00,2947050,15,1
7998291,,,2947051,16,0
7998291,,,2947052,17,0
7998291,,,2947053,18,0
7998291,17:16:00,17:16:00,2947054,19,1
7998291,,,2927980,20,0
7998291,,,2927981,21,0
7998291,,,2927982,22,0
7998291,17:20:00,17:20:00,2949775,23,1
7998291,,,2949776,24,0
7998291,,,2949777,25,0
7998291,17:22:00,17:22:00,2949778,26,1
7998291,17:24:00,17:24:00,2949779,27,1
7998291,,,2949780,28,0
7998291,,,2952397,29,0
7998291,,,2952357,30,0
7998291,,,2952358,31,0
7998291,17:28:00,17:28:00,2952398,32,1
7998291,17:40:00,17:40:00,2952387,33,1
7998298,17:25:00,17:25:00,2952387,0,1
7998298,,,2952388,1,0
7998298,,,2952389,2,0
7998298,,,2952390,3,0
7998298,,,2952391,4,0
7998298,,,2952382,5,0
7998298,17:28:00,17:28:00,2952392,6,1
7998298,,,2952393,7,0
7998298,17:32:00,17:32:00,2949779,8,1
7998298,17:34:00,17:34:00,2951177,9,1
7998298,,,2951178,10,0
7998298,,,2951179,11,0
7998298,,,2952394,12,0
7998298,,,2952395,13,0
7998298,,,2952396,14,0
7998298,17:38:00,17:38:00,2947050,15,1
7998298,,,2947051,16,0
7998298,,,2947052,17,0
7998298,,,2947053,18,0
7998298,17:41:00,17:41:00,2947054,19,1
7998298,,,2927980,20,0
7998298,,,2927981,21,0
7998298,,,2927982,22,0
7998298,17:45:00,17:45:00,2949775,23,1
7998298,,,2949776,24,0
7998298,,,2949777,25,0
7998298,17:47:00,17:47:00,2949778,26,1
7998298,17:49:00,17:49:00,2949779,27,1
7998298,,,2949780,28,0
7998298,,,2952397,29,0
7998298,,,2952357,30,0
7998298,,,2952358,31,0
7998298,17:53:00,17:53:00,2952398,32,1
7998298,18:05:00,18:05:00,2952387,33,1
7998292,17:50:00,17:50:00,2952387,0,1
7998292,,,2952388,1,0
7998292,,,2952389,2,0
7998292,,,2952390,3,0
7998292,,,2952391,4,0
7998292,,,2952382,5,0
7998292,17:53:00,17:53:00,2952392,6,1
7998292,,,2952393,7,0
7998292,17:57:00,17:57:00,2949779,8,1
7998292,17:59:00,17:59:00,2951177,9,1
7998292,,,2951178,10,0
7998292,,,2951179,11,0
7998292,,,2952394,12,0
7998292,,,2952395,13,0
7998292,,,2952396,14,0
7998292,18:03:00,18:03:00,2947050,15,1
7998292,,,2947051,16,0
7998292,,,2947052,17,0
7998292,,,2947053,18,0
7998292,18:06:00,18:06:00,2947054,19,1
7998292,,,2927980,20,0
7998292,,,2927981,21,0
7998292,,,2927982,22,0
7998292,18:10:00,18:10:00,2949775,23,1
7998292,,,2949776,24,0
7998292,,,2949777,25,0
7998292,18:12:00,18:12:00,2949778,26,1
7998292,18:14:00,18:14:00,2949779,27,1
7998292,,,2949780,28,0
7998292,,,2952397,29,0
7998292,,,2952357,30,0
7998292,,,2952358,31,0
7998292,18:18:00,18:18:00,2952398,32,1
7998292,18:30:00,18:30:00,2952387,33,1
7998299,18:15:00,18:15:00,2952387,0,1
7998299,,,2952388,1,0
7998299,,,2952389,2,0
7998299,,,2952390,3,0
7998299,,,2952391,4,0
7998299,,,2952382,5,0
7998299,18:18:00,18:18:00,2952392,6,1
7998299,,,2952393,7,0
7998299,18:22:00,18:22:00,2949779,8,1
7998299,18:24:00,18:24:00,2951177,9,1
7998299,,,2951178,10,0
7998299,,,2951179,11,0
7998299,,,2952394,12,0
7998299,,,2952395,13,0
7998299,,,2952396,14,0
7998299,18:28:00,18:28:00,2947050,15,1
7998299,,,2947051,16,0
7998299,,,2947052,17,0
7998299,,,2947053,18,0
7998299,18:31:00,18:31:00,2947054,19,1
7998299,,,2927980,20,0
7998299,,,2927981,21,0
7998299,,,2927982,22,0
7998299,18:35:00,18:35:00,2949775,23,1
7998299,,,2949776,24,0
7998299,,,2949777,25,0
7998299,18:37:00,18:37:00,2949778,26,1
7998299,18:39:00,18:39:00,2949779,27,1
7998299,,,2949780,28,0
7998299,,,2952397,29,0
7998299,,,2952357,30,0
7998299,,,2952358,31,0
7998299,18:43:00,18:43:00,2952398,32,1
7998299,18:55:00,18:55:00,2952387,33,1
7998300,19:05:00,19:05:00,2952387,0,1
7998300,,,2952388,1,0
7998300,,,2952389,2,0
7998300,,,2952390,3,0
7998300,,,2952391,4,0
7998300,,,2952382,5,0
7998300,19:08:00,19:08:00,2952392,6,1
7998300,,,2952393,7,0
7998300,19:12:00,19:12:00,2949779,8,1
7998300,19:14:00,19:14:00,2951177,9,1
7998300,,,2951178,10,0
7998300,,,2951179,11,0
7998300,,,2952394,12,0
7998300,,,2952395,13,0
7998300,,,2952396,14,0
7998300,19:18:00,19:18:00,2947050,15,1
7998300,,,2947051,16,0
7998300,,,2947052,17,0
7998300,,,2947053,18,0
7998300,19:21:00,19:21:00,2947054,19,1
7998300,,,2927980,20,0
7998300,,,2927981,21,0
7998300,,,2927982,22,0
7998300,19:25:00,19:25:00,2949775,23,1
7998300,,,2949776,24,0
7998300,,,2949777,25,0
7998300,19:27:00,19:27:00,2949778,26,1
7998300,19:29:00,19:29:00,2949779,27,1
7998300,,,2949780,28,0
7998300,,,2952397,29,0
7998300,,,2952357,30,0
7998300,,,2952358,31,0
7998300,19:33:00,19:33:00,2952398,32,1
7998300,19:45:00,19:45:00,2952387,33,1
7998301,19:55:00,19:55:00,2952387,0,1
7998301,,,2952388,1,0
7998301,,,2952389,2,0
7998301,,,2952390,3,0
7998301,,,2952391,4,0
7998301,,,2952382,5,0
7998301,19:58:00,19:58:00,2952392,6,1
7998301,,,2952393,7,0
7998301,20:02:00,20:02:00,2949779,8,1
7998301,20:04:00,20:04:00,2951177,9,1
7998301,,,2951178,10,0
7998301,,,2951179,11,0
7998301,,,2952394,12,0
7998301,,,2952395,13,0
7998301,,,2952396,14,0
7998301,20:08:00,20:08:00,2947050,15,1
7998301,,,2947051,16,0
7998301,,,2947052,17,0
7998301,,,2947053,18,0
7998301,20:11:00,20:11:00,2947054,19,1
7998301,,,2927980,20,0
7998301,,,2927981,21,0
7998301,,,2927982,22,0
7998301,20:15:00,20:15:00,2949775,23,1
7998301,,,2949776,24,0
7998301,,,2949777,25,0
7998301,20:17:00,20:17:00,2949778,26,1
7998301,20:19:00,20:19:00,2949779,27,1
7998301,,,2949780,28,0
7998301,,,2952397,29,0
7998301,,,2952357,30,0
7998301,,,2952358,31,0
7998301,20:23:00,20:23:00,2952398,32,1
7998301,20:35:00,20:35:00,2952387,33,1
7998302,20:45:00,20:45:00,2952387,0,1
7998302,,,2952388,1,0
7998302,,,2952389,2,0
7998302,,,2952390,3,0
7998302,,,2952391,4,0
7998302,,,2952382,5,0
7998302,20:48:00,20:48:00,2952392,6,1
7998302,,,2952393,7,0
7998302,20:52:00,20:52:00,2949779,8,1
7998302,20:54:00,20:54:00,2951177,9,1
7998302,,,2951178,10,0
7998302,,,2951179,11,0
7998302,,,2952394,12,0
7998302,,,2952395,13,0
7998302,,,2952396,14,0
7998302,20:58:00,20:58:00,2947050,15,1
7998302,,,2947051,16,0
7998302,,,2947052,17,0
7998302,,,2947053,18,0
7998302,21:01:00,21:01:00,2947054,19,1
7998302,,,2927980,20,0
7998302,,,2927981,21,0
7998302,,,2927982,22,0
7998302,21:05:00,21:05:00,2949775,23,1
7998302,,,2949776,24,0
7998302,,,2949777,25,0
7998302,21:07:00,21:07:00,2949778,26,1
7998302,21:09:00,21:09:00,2949779,27,1
7998302,,,2949780,28,0
7998302,,,2952397,29,0
7998302,,,2952357,30,0
7998302,,,2952358,31,0
7998302,21:13:00,21:13:00,2952398,32,1
7998302,21:25:00,21:25:00,2952387,33,1
7998303,10:30:00,10:30:00,2952387,0,1
7998303,,,2952388,1,0
7998303,,,2952389,2,0
7998303,,,2952390,3,0
7998303,,,2952391,4,0
7998303,,,2952382,5,0
7998303,10:33:00,10:33:00,2952392,6,1
7998303,,,2952393,7,0
7998303,10:37:00,10:37:00,2949779,8,1
7998303,10:39:00,10:39:00,2951177,9,1
7998303,,,2951178,10,0
7998303,,,2951179,11,0
7998303,,,2952394,12,0
7998303,,,2952395,13,0
7998303,,,2952396,14,0
7998303,10:43:00,10:43:00,2947050,15,1
7998303,,,2947051,16,0
7998303,,,2947052,17,0
7998303,,,2947053,18,0
7998303,10:46:00,10:46:00,2947054,19,1
7998303,,,2927980,20,0
7998303,,,2927981,21,0
7998303,,,2927982,22,0
7998303,10:50:00,10:50:00,2949775,23,1
7998303,,,2949776,24,0
7998303,,,2949777,25,0
7998303,10:52:00,10:52:00,2949778,26,1
7998303,10:54:00,10:54:00,2949779,27,1
7998303,,,2949780,28,0
7998303,,,2952397,29,0
7998303,,,2952357,30,0
7998303,,,2952358,31,0
7998303,10:58:00,10:58:00,2952398,32,1
7998303,11:00:00,11:00:00,2952387,33,1
7998304,11:20:00,11:20:00,2952387,0,1
7998304,,,2952388,1,0
7998304,,,2952389,2,0
7998304,,,2952390,3,0
7998304,,,2952391,4,0
7998304,,,2952382,5,0
7998304,11:23:00,11:23:00,2952392,6,1
7998304,,,2952393,7,0
7998304,11:27:00,11:27:00,2949779,8,1
7998304,11:29:00,11:29:00,2951177,9,1
7998304,,,2951178,10,0
7998304,,,2951179,11,0
7998304,,,2952394,12,0
7998304,,,2952395,13,0
7998304,,,2952396,14,0
7998304,11:33:00,11:33:00,2947050,15,1
7998304,,,2947051,16,0
7998304,,,2947052,17,0
7998304,,,2947053,18,0
7998304,11:36:00,11:36:00,2947054,19,1
7998304,,,2927980,20,0
7998304,,,2927981,21,0
7998304,,,2927982,22,0
7998304,11:40:00,11:40:00,2949775,23,1
7998304,,,2949776,24,0
7998304,,,2949777,25,0
7998304,11:42:00,11:42:00,2949778,26,1
7998304,11:44:00,11:44:00,2949779,27,1
7998304,,,2949780,28,0
7998304,,,2952397,29,0
7998304,,,2952357,30,0
7998304,,,2952358,31,0
7998304,11:48:00,11:48:00,2952398,32,1
7998304,11:50:00,11:50:00,2952387,33,1
7998305,12:10:00,12:10:00,2952387,0,1
7998305,,,2952388,1,0
7998305,,,2952389,2,0
7998305,,,2952390,3,0
7998305,,,2952391,4,0
7998305,,,2952382,5,0
7998305,12:13:00,12:13:00,2952392,6,1
7998305,,,2952393,7,0
7998305,12:17:00,12:17:00,2949779,8,1
7998305,12:19:00,12:19:00,2951177,9,1
7998305,,,2951178,10,0
7998305,,,2951179,11,0
7998305,,,2952394,12,0
7998305,,,2952395,13,0
7998305,,,2952396,14,0
7998305,12:23:00,12:23:00,2947050,15,1
7998305,,,2947051,16,0
7998305,,,2947052,17,0
7998305,,,2947053,18,0
7998305,12:26:00,12:26:00,2947054,19,1
7998305,,,2927980,20,0
7998305,,,2927981,21,0
7998305,,,2927982,22,0
7998305,12:30:00,12:30:00,2949775,23,1
7998305,,,2949776,24,0
7998305,,,2949777,25,0
7998305,12:32:00,12:32:00,2949778,26,1
7998305,12:34:00,12:34:00,2949779,27,1
7998305,,,2949780,28,0
7998305,,,2952397,29,0
7998305,,,2952357,30,0
7998305,,,2952358,31,0
7998305,12:38:00,12:38:00,2952398,32,1
7998305,12:40:00,12:40:00,2952387,33,1
7998306,13:00:00,13:00:00,2952387,0,1
7998306,,,2952388,1,0
7998306,,,2952389,2,0
7998306,,,2952390,3,0
7998306,,,2952391,4,0
7998306,,,2952382,5,0
7998306,13:03:00,13:03:00,2952392,6,1
7998306,,,2952393,7,0
7998306,13:07:00,13:07:00,2949779,8,1
7998306,13:09:00,13:09:00,2951177,9,1
7998306,,,2951178,10,0
7998306,,,2951179,11,0
7998306,,,2952394,12,0
7998306,,,2952395,13,0
7998306,,,2952396,14,0
7998306,13:13:00,13:13:00,2947050,15,1
7998306,,,2947051,16,0
7998306,,,2947052,17,0
7998306,,,2947053,18,0
7998306,13:16:00,13:16:00,2947054,19,1
7998306,,,2927980,20,0
7998306,,,2927981,21,0
7998306,,,2927982,22,0
7998306,13:20:00,13:20:00,2949775,23,1
7998306,,,2949776,24,0
7998306,,,2949777,25,0
7998306,13:22:00,13:22:00,2949778,26,1
7998306,13:24:00,13:24:00,2949779,27,1
7998306,,,2949780,28,0
7998306,,,2952397,29,0
7998306,,,2952357,30,0
7998306,,,2952358,31,0
7998306,13:28:00,13:28:00,2952398,32,1
7998306,13:30:00,13:30:00,2952387,33,1
7998307,13:50:00,13:50:00,2952387,0,1
7998307,,,2952388,1,0
7998307,,,2952389,2,0
7998307,,,2952390,3,0
7998307,,,2952391,4,0
7998307,,,2952382,5,0
7998307,13:53:00,13:53:00,2952392,6,1
7998307,,,2952393,7,0
7998307,13:57:00,13:57:00,2949779,8,1
7998307,13:59:00,13:59:00,2951177,9,1
7998307,,,2951178,10,0
7998307,,,2951179,11,0
7998307,,,2952394,12,0
7998307,,,2952395,13,0
7998307,,,2952396,14,0
7998307,14:03:00,14:03:00,2947050,15,1
7998307,,,2947051,16,0
7998307,,,2947052,17,0
7998307,,,2947053,18,0
7998307,14:06:00,14:06:00,2947054,19,1
7998307,,,2927980,20,0
7998307,,,2927981,21,0
7998307,,,2927982,22,0
7998307,14:10:00,14:10:00,2949775,23,1
7998307,,,2949776,24,0
7998307,,,2949777,25,0
7998307,14:12:00,14:12:00,2949778,26,1
7998307,14:14:00,14:14:00,2949779,27,1
7998307,,,2949780,28,0
7998307,,,2952397,29,0
7998307,,,2952357,30,0
7998307,,,2952358,31,0
7998307,14:18:00,14:18:00,2952398,32,1
7998307,14:20:00,14:20:00,2952387,33,1
7998308,14:40:00,14:40:00,2952387,0,1
7998308,,,2952388,1,0
7998308,,,2952389,2,0
7998308,,,2952390,3,0
7998308,,,2952391,4,0
7998308,,,2952382,5,0
7998308,14:43:00,14:43:00,2952392,6,1
7998308,,,2952393,7,0
7998308,14:47:00,14:47:00,2949779,8,1
7998308,14:49:00,14:49:00,2951177,9,1
7998308,,,2951178,10,0
7998308,,,2951179,11,0
7998308,,,2952394,12,0
7998308,,,2952395,13,0
7998308,,,2952396,14,0
7998308,14:53:00,14:53:00,2947050,15,1
7998308,,,2947051,16,0
7998308,,,2947052,17,0
7998308,,,2947053,18,0
7998308,14:56:00,14:56:00,2947054,19,1
7998308,,,2927980,20,0
7998308,,,2927981,21,0
7998308,,,2927982,22,0
7998308,15:00:00,15:00:00,2949775,23,1
7998308,,,2949776,24,0
7998308,,,2949777,25,0
7998308,15:02:00,15:02:00,2949778,26,1
7998308,15:04:00,15:04:00,2949779,27,1
7998308,,,2949780,28,0
7998308,,,2952397,29,0
7998308,,,2952357,30,0
7998308,,,2952358,31,0
7998308,15:08:00,15:08:00,2952398,32,1
7998308,15:10:00,15:10:00,2952387,33,1
7998309,15:30:00,15:30:00,2952387,0,1
7998309,,,2952388,1,0
7998309,,,2952389,2,0
7998309,,,2952390,3,0
7998309,,,2952391,4,0
7998309,,,2952382,5,0
7998309,15:33:00,15:33:00,2952392,6,1
7998309,,,2952393,7,0
7998309,15:37:00,15:37:00,2949779,8,1
7998309,15:39:00,15:39:00,2951177,9,1
7998309,,,2951178,10,0
7998309,,,2951179,11,0
7998309,,,2952394,12,0
7998309,,,2952395,13,0
7998309,,,2952396,14,0
7998309,15:43:00,15:43:00,2947050,15,1
7998309,,,2947051,16,0
7998309,,,2947052,17,0
7998309,,,2947053,18,0
7998309,15:46:00,15:46:00,2947054,19,1
7998309,,,2927980,20,0
7998309,,,2927981,21,0
7998309,,,2927982,22,0
7998309,15:50:00,15:50:00,2949775,23,1
7998309,,,2949776,24,0
7998309,,,2949777,25,0
7998309,15:52:00,15:52:00,2949778,26,1
7998309,15:54:00,15:54:00,2949779,27,1
7998309,,,2949780,28,0
7998309,,,2952397,29,0
7998309,,,2952357,30,0
7998309,,,2952358,31,0
7998309,15:58:00,15:58:00,2952398,32,1
7998309,16:00:00,16:00:00,2952387,33,1
7998310,16:20:00,16:20:00,2952387,0,1
7998310,,,2952388,1,0
7998310,,,2952389,2,0
7998310,,,2952390,3,0
7998310,,,2952391,4,0
7998310,,,2952382,5,0
7998310,16:23:00,16:23:00,2952392,6,1
7998310,,,2952393,7,0
7998310,16:27:00,16:27:00,2949779,8,1
7998310,16:29:00,16:29:00,2951177,9,1
7998310,,,2951178,10,0
7998310,,,2951179,11,0
7998310,,,2952394,12,0
7998310,,,2952395,13,0
7998310,,,2952396,14,0
7998310,16:33:00,16:33:00,2947050,15,1
7998310,,,2947051,16,0
7998310,,,2947052,17,0
7998310,,,2947053,18,0
7998310,16:36:00,16:36:00,2947054,19,1
7998310,,,2927980,20,0
7998310,,,2927981,21,0
7998310,,,2927982,22,0
7998310,16:40:00,16:40:00,2949775,23,1
7998310,,,2949776,24,0
7998310,,,2949777,25,0
7998310,16:42:00,16:42:00,2949778,26,1
7998310,16:44:00,16:44:00,2949779,27,1
7998310,,,2949780,28,0
7998310,,,2952397,29,0
7998310,,,2952357,30,0
7998310,,,2952358,31,0
7998310,16:48:00,16:48:00,2952398,32,1
7998310,16:50:00,16:50:00,2952387,33,1
7998311,17:10:00,17:10:00,2952387,0,1
7998311,,,2952388,1,0
7998311,,,2952389,2,0
7998311,,,2952390,3,0
7998311,,,2952391,4,0
7998311,,,2952382,5,0
7998311,17:13:00,17:13:00,2952392,6,1
7998311,,,2952393,7,0
7998311,17:17:00,17:17:00,2949779,8,1
7998311,17:19:00,17:19:00,2951177,9,1
7998311,,,2951178,10,0
7998311,,,2951179,11,0
7998311,,,2952394,12,0
7998311,,,2952395,13,0
7998311,,,2952396,14,0
7998311,17:23:00,17:23:00,2947050,15,1
7998311,,,2947051,16,0
7998311,,,2947052,17,0
7998311,,,2947053,18,0
7998311,17:26:00,17:26:00,2947054,19,1
7998311,,,2927980,20,0
7998311,,,2927981,21,0
7998311,,,2927982,22,0
7998311,17:30:00,17:30:00,2949775,23,1
7998311,,,2949776,24,0
7998311,,,2949777,25,0
7998311,17:32:00,17:32:00,2949778,26,1
7998311,17:34:00,17:34:00,2949779,27,1
7998311,,,2949780,28,0
7998311,,,2952397,29,0
7998311,,,2952357,30,0
7998311,,,2952358,31,0
7998311,17:38:00,17:38:00,2952398,32,1
7998311,17:40:00,17:40:00,2952387,33,1
7998312,18:00:00,18:00:00,2952387,0,1
7998312,,,2952388,1,0
7998312,,,2952389,2,0
7998312,,,2952390,3,0
7998312,,,2952391,4,0
7998312,,,2952382,5,0
7998312,18:03:00,18:03:00,2952392,6,1
7998312,,,2952393,7,0
7998312,18:07:00,18:07:00,2949779,8,1
7998312,18:09:00,18:09:00,2951177,9,1
7998312,,,2951178,10,0
7998312,,,2951179,11,0
7998312,,,2952394,12,0
7998312,,,2952395,13,0
7998312,,,2952396,14,0
7998312,18:13:00,18:13:00,2947050,15,1
7998312,,,2947051,16,0
7998312,,,2947052,17,0
7998312,,,2947053,18,0
7998312,18:16:00,18:16:00,2947054,19,1
7998312,,,2927980,20,0
7998312,,,2927981,21,0
7998312,,,2927982,22,0
7998312,18:20:00,18:20:00,2949775,23,1
7998312,,,2949776,24,0
7998312,,,2949777,25,0
7998312,18:22:00,18:22:00,2949778,26,1
7998312,18:24:00,18:24:00,2949779,27,1
7998312,,,2949780,28,0
7998312,,,2952397,29,0
7998312,,,2952357,30,0
7998312,,,2952358,31,0
7998312,18:28:00,18:28:00,2952398,32,1
7998312,18:30:00,18:30:00,2952387,33,1
7998313,18:50:00,18:50:00,2952387,0,1
7998313,,,2952388,1,0
7998313,,,2952389,2,0
7998313,,,2952390,3,0
7998313,,,2952391,4,0
7998313,,,2952382,5,0
7998313,18:53:00,18:53:00,2952392,6,1
7998313,,,2952393,7,0
7998313,18:57:00,18:57:00,2949779,8,1
7998313,18:59:00,18:59:00,2951177,9,1
7998313,,,2951178,10,0
7998313,,,2951179,11,0
7998313,,,2952394,12,0
7998313,,,2952395,13,0
7998313,,,2952396,14,0
7998313,19:03:00,19:03:00,2947050,15,1
7998313,,,2947051,16,0
7998313,,,2947052,17,0
7998313,,,2947053,18,0
7998313,19:06:00,19:06:00,2947054,19,1
7998313,,,2927980,20,0
7998313,,,2927981,21,0
7998313,,,2927982,22,0
7998313,19:10:00,19:10:00,2949775,23,1
7998313,,,2949776,24,0
7998313,,,2949777,25,0
7998313,19:12:00,19:12:00,2949778,26,1
7998313,19:14:00,19:14:00,2949779,27,1
7998313,,,2949780,28,0
7998313,,,2952397,29,0
7998313,,,2952357,30,0
7998313,,,2952358,31,0
7998313,19:18:00,19:18:00,2952398,32,1
7998313,19:20:00,19:20:00,2952387,33,1
7985516,07:10:00,07:10:00,2759346,0,1
7985516,,,2946999,1,0
7985516,,,2946944,2,0
7985516,,,2946945,3,0
7985516,07:15:00,07:15:00,2946946,4,1
7985516,,,2946947,5,0
7985516,,,2946948,6,0
7985516,,,2946991,7,0
7985516,,,2946989,8,0
7985516,,,2946988,9,0
7985516,,,2946985,10,0
7985516,,,2946984,11,0
7985516,,,2946982,12,0
7985516,,,2946980,13,0
7985516,,,2946949,14,0
7985516,,,2946950,15,0
7985516,,,2946951,16,0
7985516,,,2946952,17,0
7985516,,,2946953,18,0
7985516,,,2946954,19,0
7985516,,,2946955,20,0
7985516,,,2946956,21,0
7985516,07:25:00,07:25:00,2946957,22,1
7985516,07:28:00,07:28:00,2946958,23,1
7985516,,,2946959,24,0
7985516,,,2946960,25,0
7985516,,,2946961,26,0
7985516,,,2946962,27,0
7985516,,,2946963,28,0
7985516,,,2946964,29,0
7985516,07:35:00,07:35:00,2946965,30,1
7985516,,,2946966,31,0
7985516,,,2946967,32,0
7985516,,,2946968,33,0
7985516,,,2946969,34,0
7985516,,,2946970,35,0
7985516,07:40:00,07:40:00,2946971,36,1
7985516,,,2946972,37,0
7985516,,,2946973,38,0
7985516,,,2946953,39,0
7985516,,,2946954,40,0
7985516,,,2946955,41,0
7985516,,,2946956,42,0
7985516,07:45:00,07:45:00,2946957,43,1
7985516,07:50:00,07:50:00,2946974,44,1
7985516,,,2946975,45,0
7985516,,,2946976,46,0
7985516,,,2946977,47,0
7985516,,,2946978,48,0
7985516,,,2946979,49,0
7985516,,,2946981,50,0
7985516,,,2946983,51,0
7985516,,,2946986,52,0
7985516,,,2946987,53,0
7985516,,,2946990,54,0
7985516,,,2946992,55,0
7985516,,,2946993,56,0
7985516,,,2946994,57,0
7985516,07:56:00,07:56:00,2946995,58,1
7985516,,,2946996,59,0
7985516,,,2946997,60,0
7985516,,,2946998,61,0
7985516,08:03:00,08:03:00,2759335,62,1
7985517,08:10:00,08:10:00,2759346,0,1
7985517,,,2946999,1,0
7985517,,,2946944,2,0
7985517,,,2946945,3,0
7985517,08:15:00,08:15:00,2946946,4,1
7985517,,,2946947,5,0
7985517,,,2946948,6,0
7985517,,,2946991,7,0
7985517,,,2946989,8,0
7985517,,,2946988,9,0
7985517,,,2946985,10,0
7985517,,,2946984,11,0
7985517,,,2946982,12,0
7985517,,,2946980,13,0
7985517,,,2946949,14,0
7985517,,,2946950,15,0
7985517,,,2946951,16,0
7985517,,,2946952,17,0
7985517,,,2946953,18,0
7985517,,,2946954,19,0
7985517,,,2946955,20,0
7985517,,,2946956,21,0
7985517,08:25:00,08:25:00,2946957,22,1
7985517,08:28:00,08:28:00,2946958,23,1
7985517,,,2946959,24,0
7985517,,,2946960,25,0
7985517,,,2946961,26,0
7985517,,,2946962,27,0
7985517,,,2946963,28,0
7985517,,,2946964,29,0
7985517,08:35:00,08:35:00,2946965,30,1
7985517,,,2946966,31,0
7985517,,,2946967,32,0
7985517,,,2946968,33,0
7985517,,,2946969,34,0
7985517,,,2946970,35,0
7985517,08:40:00,08:40:00,2946971,36,1
7985517,,,2946972,37,0
7985517,,,2946973,38,0
7985517,,,2946953,39,0
7985517,,,2946954,40,0
7985517,,,2946955,41,0
7985517,,,2946956,42,0
7985517,08:45:00,08:45:00,2946957,43,1
7985517,08:50:00,08:50:00,2946974,44,1
7985517,,,2946975,45,0
7985517,,,2946976,46,0
7985517,,,2946977,47,0
7985517,,,2946978,48,0
7985517,,,2946979,49,0
7985517,,,2946981,50,0
7985517,,,2946983,51,0
7985517,,,2946986,52,0
7985517,,,2946987,53,0
7985517,,,2946990,54,0
7985517,,,2946992,55,0
7985517,,,2946993,56,0
7985517,,,2946994,57,0
7985517,08:56:00,08:56:00,2946995,58,1
7985517,,,2946996,59,0
7985517,,,2946997,60,0
7985517,,,2946998,61,0
7985517,09:03:00,09:03:00,2759335,62,1
7985518,09:10:00,09:10:00,2759346,0,1
7985518,,,2946999,1,0
7985518,,,2946944,2,0
7985518,,,2946945,3,0
7985518,09:15:00,09:15:00,2946946,4,1
7985518,,,2946947,5,0
7985518,,,2946948,6,0
7985518,,,2946991,7,0
7985518,,,2946989,8,0
7985518,,,2946988,9,0
7985518,,,2946985,10,0
7985518,,,2946984,11,0
7985518,,,2946982,12,0
7985518,,,2946980,13,0
7985518,,,2946949,14,0
7985518,,,2946950,15,0
7985518,,,2946951,16,0
7985518,,,2946952,17,0
7985518,,,2946953,18,0
7985518,,,2946954,19,0
7985518,,,2946955,20,0
7985518,,,2946956,21,0
7985518,09:25:00,09:25:00,2946957,22,1
7985518,09:28:00,09:28:00,2946958,23,1
7985518,,,2946959,24,0
7985518,,,2946960,25,0
7985518,,,2946961,26,0
7985518,,,2946962,27,0
7985518,,,2946963,28,0
7985518,,,2946964,29,0
7985518,09:35:00,09:35:00,2946965,30,1
7985518,,,2946966,31,0
7985518,,,2946967,32,0
7985518,,,2946968,33,0
7985518,,,2946969,34,0
7985518,,,2946970,35,0
7985518,09:40:00,09:40:00,2946971,36,1
7985518,,,2946972,37,0
7985518,,,2946973,38,0
7985518,,,2946953,39,0
7985518,,,2946954,40,0
7985518,,,2946955,41,0
7985518,,,2946956,42,0
7985518,09:45:00,09:45:00,2946957,43,1
7985518,09:50:00,09:50:00,2946974,44,1
7985518,,,2946975,45,0
7985518,,,2946976,46,0
7985518,,,2946977,47,0
7985518,,,2946978,48,0
7985518,,,2946979,49,0
7985518,,,2946981,50,0
7985518,,,2946983,51,0
7985518,,,2946986,52,0
7985518,,,2946987,53,0
7985518,,,2946990,54,0
7985518,,,2946992,55,0
7985518,,,2946993,56,0
7985518,,,2946994,57,0
7985518,09:56:00,09:56:00,2946995,58,1
7985518,,,2946996,59,0
7985518,,,2946997,60,0
7985518,,,2946998,61,0
7985518,10:03:00,10:03:00,2759335,62,1
7985519,10:10:00,10:10:00,2759346,0,1
7985519,,,2946999,1,0
7985519,,,2946944,2,0
7985519,,,2946945,3,0
7985519,10:15:00,10:15:00,2946946,4,1
7985519,,,2946947,5,0
7985519,,,2946948,6,0
7985519,,,2946991,7,0
7985519,,,2946989,8,0
7985519,,,2946988,9,0
7985519,,,2946985,10,0
7985519,,,2946984,11,0
7985519,,,2946982,12,0
7985519,,,2946980,13,0
7985519,,,2946949,14,0
7985519,,,2946950,15,0
7985519,,,2946951,16,0
7985519,,,2946952,17,0
7985519,,,2946953,18,0
7985519,,,2946954,19,0
7985519,,,2946955,20,0
7985519,,,2946956,21,0
7985519,10:25:00,10:25:00,2946957,22,1
7985519,10:28:00,10:28:00,2946958,23,1
7985519,,,2946959,24,0
7985519,,,2946960,25,0
7985519,,,2946961,26,0
7985519,,,2946962,27,0
7985519,,,2946963,28,0
7985519,,,2946964,29,0
7985519,10:35:00,10:35:00,2946965,30,1
7985519,,,2946966,31,0
7985519,,,2946967,32,0
7985519,,,2946968,33,0
7985519,,,2946969,34,0
7985519,,,2946970,35,0
7985519,10:40:00,10:40:00,2946971,36,1
7985519,,,2946972,37,0
7985519,,,2946973,38,0
7985519,,,2946953,39,0
7985519,,,2946954,40,0
7985519,,,2946955,41,0
7985519,,,2946956,42,0
7985519,10:45:00,10:45:00,2946957,43,1
7985519,10:50:00,10:50:00,2946974,44,1
7985519,,,2946975,45,0
7985519,,,2946976,46,0
7985519,,,2946977,47,0
7985519,,,2946978,48,0
7985519,,,2946979,49,0
7985519,,,2946981,50,0
7985519,,,2946983,51,0
7985519,,,2946986,52,0
7985519,,,2946987,53,0
7985519,,,2946990,54,0
7985519,,,2946992,55,0
7985519,,,2946993,56,0
7985519,,,2946994,57,0
7985519,10:56:00,10:56:00,2946995,58,1
7985519,,,2946996,59,0
7985519,,,2946997,60,0
7985519,,,2946998,61,0
7985519,11:03:00,11:03:00,2759335,62,1
7985520,11:10:00,11:10:00,2759346,0,1
7985520,,,2946999,1,0
7985520,,,2946944,2,0
7985520,,,2946945,3,0
7985520,11:15:00,11:15:00,2946946,4,1
7985520,,,2946947,5,0
7985520,,,2946948,6,0
7985520,,,2946991,7,0
7985520,,,2946989,8,0
7985520,,,2946988,9,0
7985520,,,2946985,10,0
7985520,,,2946984,11,0
7985520,,,2946982,12,0
7985520,,,2946980,13,0
7985520,,,2946949,14,0
7985520,,,2946950,15,0
7985520,,,2946951,16,0
7985520,,,2946952,17,0
7985520,,,2946953,18,0
7985520,,,2946954,19,0
7985520,,,2946955,20,0
7985520,,,2946956,21,0
7985520,11:25:00,11:25:00,2946957,22,1
7985520,11:28:00,11:28:00,2946958,23,1
7985520,,,2946959,24,0
7985520,,,2946960,25,0
7985520,,,2946961,26,0
7985520,,,2946962,27,0
7985520,,,2946963,28,0
7985520,,,2946964,29,0
7985520,11:35:00,11:35:00,2946965,30,1
7985520,,,2946966,31,0
7985520,,,2946967,32,0
7985520,,,2946968,33,0
7985520,,,2946969,34,0
7985520,,,2946970,35,0
7985520,11:40:00,11:40:00,2946971,36,1
7985520,,,2946972,37,0
7985520,,,2946973,38,0
7985520,,,2946953,39,0
7985520,,,2946954,40,0
7985520,,,2946955,41,0
7985520,,,2946956,42,0
7985520,11:45:00,11:45:00,2946957,43,1
7985520,11:50:00,11:50:00,2946974,44,1
7985520,,,2946975,45,0
7985520,,,2946976,46,0
7985520,,,2946977,47,0
7985520,,,2946978,48,0
7985520,,,2946979,49,0
7985520,,,2946981,50,0
7985520,,,2946983,51,0
7985520,,,2946986,52,0
7985520,,,2946987,53,0
7985520,,,2946990,54,0
7985520,,,2946992,55,0
7985520,,,2946993,56,0
7985520,,,2946994,57,0
7985520,11:56:00,11:56:00,2946995,58,1
7985520,,,2946996,59,0
7985520,,,2946997,60,0
7985520,,,2946998,61,0
7985520,12:03:00,12:03:00,2759335,62,1
7985521,12:10:00,12:10:00,2759346,0,1
7985521,,,2946999,1,0
7985521,,,2946944,2,0
7985521,,,2946945,3,0
7985521,12:15:00,12:15:00,2946946,4,1
7985521,,,2946947,5,0
7985521,,,2946948,6,0
7985521,,,2946991,7,0
7985521,,,2946989,8,0
7985521,,,2946988,9,0
7985521,,,2946985,10,0
7985521,,,2946984,11,0
7985521,,,2946982,12,0
7985521,,,2946980,13,0
7985521,,,2946949,14,0
7985521,,,2946950,15,0
7985521,,,2946951,16,0
7985521,,,2946952,17,0
7985521,,,2946953,18,0
7985521,,,2946954,19,0
7985521,,,2946955,20,0
7985521,,,2946956,21,0
7985521,12:25:00,12:25:00,2946957,22,1
7985521,12:28:00,12:28:00,2946958,23,1
7985521,,,2946959,24,0
7985521,,,2946960,25,0
7985521,,,2946961,26,0
7985521,,,2946962,27,0
7985521,,,2946963,28,0
7985521,,,2946964,29,0
7985521,12:35:00,12:35:00,2946965,30,1
7985521,,,2946966,31,0
7985521,,,2946967,32,0
7985521,,,2946968,33,0
7985521,,,2946969,34,0
7985521,,,2946970,35,0
7985521,12:40:00,12:40:00,2946971,36,1
7985521,,,2946972,37,0
7985521,,,2946973,38,0
7985521,,,2946953,39,0
7985521,,,2946954,40,0
7985521,,,2946955,41,0
7985521,,,2946956,42,0
7985521,12:45:00,12:45:00,2946957,43,1
7985521,12:50:00,12:50:00,2946974,44,1
7985521,,,2946975,45,0
7985521,,,2946976,46,0
7985521,,,2946977,47,0
7985521,,,2946978,48,0
7985521,,,2946979,49,0
7985521,,,2946981,50,0
7985521,,,2946983,51,0
7985521,,,2946986,52,0
7985521,,,2946987,53,0
7985521,,,2946990,54,0
7985521,,,2946992,55,0
7985521,,,2946993,56,0
7985521,,,2946994,57,0
7985521,12:56:00,12:56:00,2946995,58,1
7985521,,,2946996,59,0
7985521,,,2946997,60,0
7985521,,,2946998,61,0
7985521,13:03:00,13:03:00,2759335,62,1
7985522,13:10:00,13:10:00,2759346,0,1
7985522,,,2946999,1,0
7985522,,,2946944,2,0
7985522,,,2946945,3,0
7985522,13:15:00,13:15:00,2946946,4,1
7985522,,,2946947,5,0
7985522,,,2946948,6,0
7985522,,,2946991,7,0
7985522,,,2946989,8,0
7985522,,,2946988,9,0
7985522,,,2946985,10,0
7985522,,,2946984,11,0
7985522,,,2946982,12,0
7985522,,,2946980,13,0
7985522,,,2946949,14,0
7985522,,,2946950,15,0
7985522,,,2946951,16,0
7985522,,,2946952,17,0
7985522,,,2946953,18,0
7985522,,,2946954,19,0
7985522,,,2946955,20,0
7985522,,,2946956,21,0
7985522,13:25:00,13:25:00,2946957,22,1
7985522,13:28:00,13:28:00,2946958,23,1
7985522,,,2946959,24,0
7985522,,,2946960,25,0
7985522,,,2946961,26,0
7985522,,,2946962,27,0
7985522,,,2946963,28,0
7985522,,,2946964,29,0
7985522,13:35:00,13:35:00,2946965,30,1
7985522,,,2946966,31,0
7985522,,,2946967,32,0
7985522,,,2946968,33,0
7985522,,,2946969,34,0
7985522,,,2946970,35,0
7985522,13:40:00,13:40:00,2946971,36,1
7985522,,,2946972,37,0
7985522,,,2946973,38,0
7985522,,,2946953,39,0
7985522,,,2946954,40,0
7985522,,,2946955,41,0
7985522,,,2946956,42,0
7985522,13:45:00,13:45:00,2946957,43,1
7985522,13:50:00,13:50:00,2946974,44,1
7985522,,,2946975,45,0
7985522,,,2946976,46,0
7985522,,,2946977,47,0
7985522,,,2946978,48,0
7985522,,,2946979,49,0
7985522,,,2946981,50,0
7985522,,,2946983,51,0
7985522,,,2946986,52,0
7985522,,,2946987,53,0
7985522,,,2946990,54,0
7985522,,,2946992,55,0
7985522,,,2946993,56,0
7985522,,,2946994,57,0
7985522,13:56:00,13:56:00,2946995,58,1
7985522,,,2946996,59,0
7985522,,,2946997,60,0
7985522,,,2946998,61,0
7985522,14:03:00,14:03:00,2759335,62,1
7985523,14:10:00,14:10:00,2759346,0,1
7985523,,,2946999,1,0
7985523,,,2946944,2,0
7985523,,,2946945,3,0
7985523,14:15:00,14:15:00,2946946,4,1
7985523,,,2946947,5,0
7985523,,,2946948,6,0
7985523,,,2946991,7,0
7985523,,,2946989,8,0
7985523,,,2946988,9,0
7985523,,,2946985,10,0
7985523,,,2946984,11,0
7985523,,,2946982,12,0
7985523,,,2946980,13,0
7985523,,,2946949,14,0
7985523,,,2946950,15,0
7985523,,,2946951,16,0
7985523,,,2946952,17,0
7985523,,,2946953,18,0
7985523,,,2946954,19,0
7985523,,,2946955,20,0
7985523,,,2946956,21,0
7985523,14:25:00,14:25:00,2946957,22,1
7985523,14:28:00,14:28:00,2946958,23,1
7985523,,,2946959,24,0
7985523,,,2946960,25,0
7985523,,,2946961,26,0
7985523,,,2946962,27,0
7985523,,,2946963,28,0
7985523,,,2946964,29,0
7985523,14:35:00,14:35:00,2946965,30,1
7985523,,,2946966,31,0
7985523,,,2946967,32,0
7985523,,,2946968,33,0
7985523,,,2946969,34,0
7985523,,,2946970,35,0
7985523,14:40:00,14:40:00,2946971,36,1
7985523,,,2946972,37,0
7985523,,,2946973,38,0
7985523,,,2946953,39,0
7985523,,,2946954,40,0
7985523,,,2946955,41,0
7985523,,,2946956,42,0
7985523,14:45:00,14:45:00,2946957,43,1
7985523,14:50:00,14:50:00,2946974,44,1
7985523,,,2946975,45,0
7985523,,,2946976,46,0
7985523,,,2946977,47,0
7985523,,,2946978,48,0
7985523,,,2946979,49,0
7985523,,,2946981,50,0
7985523,,,2946983,51,0
7985523,,,2946986,52,0
7985523,,,2946987,53,0
7985523,,,2946990,54,0
7985523,,,2946992,55,0
7985523,,,2946993,56,0
7985523,,,2946994,57,0
7985523,14:56:00,14:56:00,2946995,58,1
7985523,,,2946996,59,0
7985523,,,2946997,60,0
7985523,,,2946998,61,0
7985523,15:03:00,15:03:00,2759335,62,1
7985524,15:10:00,15:10:00,2759346,0,1
7985524,,,2946999,1,0
7985524,,,2946944,2,0
7985524,,,2946945,3,0
7985524,15:15:00,15:15:00,2946946,4,1
7985524,,,2946947,5,0
7985524,,,2946948,6,0
7985524,,,2946991,7,0
7985524,,,2946989,8,0
7985524,,,2946988,9,0
7985524,,,2946985,10,0
7985524,,,2946984,11,0
7985524,,,2946982,12,0
7985524,,,2946980,13,0
7985524,,,2946949,14,0
7985524,,,2946950,15,0
7985524,,,2946951,16,0
7985524,,,2946952,17,0
7985524,,,2946953,18,0
7985524,,,2946954,19,0
7985524,,,2946955,20,0
7985524,,,2946956,21,0
7985524,15:25:00,15:25:00,2946957,22,1
7985524,15:28:00,15:28:00,2946958,23,1
7985524,,,2946959,24,0
7985524,,,2946960,25,0
7985524,,,2946961,26,0
7985524,,,2946962,27,0
7985524,,,2946963,28,0
7985524,,,2946964,29,0
7985524,15:35:00,15:35:00,2946965,30,1
7985524,,,2946966,31,0
7985524,,,2946967,32,0
7985524,,,2946968,33,0
7985524,,,2946969,34,0
7985524,,,2946970,35,0
7985524,15:40:00,15:40:00,2946971,36,1
7985524,,,2946972,37,0
7985524,,,2946973,38,0
7985524,,,2946953,39,0
7985524,,,2946954,40,0
7985524,,,2946955,41,0
7985524,,,2946956,42,0
7985524,15:45:00,15:45:00,2946957,43,1
7985524,15:50:00,15:50:00,2946974,44,1
7985524,,,2946975,45,0
7985524,,,2946976,46,0
7985524,,,2946977,47,0
7985524,,,2946978,48,0
7985524,,,2946979,49,0
7985524,,,2946981,50,0
7985524,,,2946983,51,0
7985524,,,2946986,52,0
7985524,,,2946987,53,0
7985524,,,2946990,54,0
7985524,,,2946992,55,0
7985524,,,2946993,56,0
7985524,,,2946994,57,0
7985524,15:56:00,15:56:00,2946995,58,1
7985524,,,2946996,59,0
7985524,,,2946997,60,0
7985524,,,2946998,61,0
7985524,16:03:00,16:03:00,2759335,62,1
7985525,16:10:00,16:10:00,2759346,0,1
7985525,,,2946999,1,0
7985525,,,2946944,2,0
7985525,,,2946945,3,0
7985525,16:15:00,16:15:00,2946946,4,1
7985525,,,2946947,5,0
7985525,,,2946948,6,0
7985525,,,2946991,7,0
7985525,,,2946989,8,0
7985525,,,2946988,9,0
7985525,,,2946985,10,0
7985525,,,2946984,11,0
7985525,,,2946982,12,0
7985525,,,2946980,13,0
7985525,,,2946949,14,0
7985525,,,2946950,15,0
7985525,,,2946951,16,0
7985525,,,2946952,17,0
7985525,,,2946953,18,0
7985525,,,2946954,19,0
7985525,,,2946955,20,0
7985525,,,2946956,21,0
7985525,16:25:00,16:25:00,2946957,22,1
7985525,16:28:00,16:28:00,2946958,23,1
7985525,,,2946959,24,0
7985525,,,2946960,25,0
7985525,,,2946961,26,0
7985525,,,2946962,27,0
7985525,,,2946963,28,0
7985525,,,2946964,29,0
7985525,16:35:00,16:35:00,2946965,30,1
7985525,,,2946966,31,0
7985525,,,2946967,32,0
7985525,,,2946968,33,0
7985525,,,2946969,34,0
7985525,,,2946970,35,0
7985525,16:40:00,16:40:00,2946971,36,1
7985525,,,2946972,37,0
7985525,,,2946973,38,0
7985525,,,2946953,39,0
7985525,,,2946954,40,0
7985525,,,2946955,41,0
7985525,,,2946956,42,0
7985525,16:45:00,16:45:00,2946957,43,1
7985525,16:50:00,16:50:00,2946974,44,1
7985525,,,2946975,45,0
7985525,,,2946976,46,0
7985525,,,2946977,47,0
7985525,,,2946978,48,0
7985525,,,2946979,49,0
7985525,,,2946981,50,0
7985525,,,2946983,51,0
7985525,,,2946986,52,0
7985525,,,2946987,53,0
7985525,,,2946990,54,0
7985525,,,2946992,55,0
7985525,,,2946993,56,0
7985525,,,2946994,57,0
7985525,16:56:00,16:56:00,2946995,58,1
7985525,,,2946996,59,0
7985525,,,2946997,60,0
7985525,,,2946998,61,0
7985525,17:03:00,17:03:00,2759335,62,1
7985526,17:10:00,17:10:00,2759346,0,1
7985526,,,2946999,1,0
7985526,,,2946944,2,0
7985526,,,2946945,3,0
7985526,17:15:00,17:15:00,2946946,4,1
7985526,,,2946947,5,0
7985526,,,2946948,6,0
7985526,,,2946991,7,0
7985526,,,2946989,8,0
7985526,,,2946988,9,0
7985526,,,2946985,10,0
7985526,,,2946984,11,0
7985526,,,2946982,12,0
7985526,,,2946980,13,0
7985526,,,2946949,14,0
7985526,,,2946950,15,0
7985526,,,2946951,16,0
7985526,,,2946952,17,0
7985526,,,2946953,18,0
7985526,,,2946954,19,0
7985526,,,2946955,20,0
7985526,,,2946956,21,0
7985526,17:25:00,17:25:00,2946957,22,1
7985526,17:28:00,17:28:00,2946958,23,1
7985526,,,2946959,24,0
7985526,,,2946960,25,0
7985526,,,2946961,26,0
7985526,,,2946962,27,0
7985526,,,2946963,28,0
7985526,,,2946964,29,0
7985526,17:35:00,17:35:00,2946965,30,1
7985526,,,2946966,31,0
7985526,,,2946967,32,0
7985526,,,2946968,33,0
7985526,,,2946969,34,0
7985526,,,2946970,35,0
7985526,17:40:00,17:40:00,2946971,36,1
7985526,,,2946972,37,0
7985526,,,2946973,38,0
7985526,,,2946953,39,0
7985526,,,2946954,40,0
7985526,,,2946955,41,0
7985526,,,2946956,42,0
7985526,17:45:00,17:45:00,2946957,43,1
7985526,17:50:00,17:50:00,2946974,44,1
7985526,,,2946975,45,0
7985526,,,2946976,46,0
7985526,,,2946977,47,0
7985526,,,2946978,48,0
7985526,,,2946979,49,0
7985526,,,2946981,50,0
7985526,,,2946983,51,0
7985526,,,2946986,52,0
7985526,,,2946987,53,0
7985526,,,2946990,54,0
7985526,,,2946992,55,0
7985526,,,2946993,56,0
7985526,,,2946994,57,0
7985526,17:56:00,17:56:00,2946995,58,1
7985526,,,2946996,59,0
7985526,,,2946997,60,0
7985526,,,2946998,61,0
7985526,18:03:00,18:03:00,2759335,62,1
7985527,18:10:00,18:10:00,2759346,0,1
7985527,,,2946999,1,0
7985527,,,2946944,2,0
7985527,,,2946945,3,0
7985527,18:15:00,18:15:00,2946946,4,1
7985527,,,2946947,5,0
7985527,,,2946948,6,0
7985527,,,2946991,7,0
7985527,,,2946989,8,0
7985527,,,2946988,9,0
7985527,,,2946985,10,0
7985527,,,2946984,11,0
7985527,,,2946982,12,0
7985527,,,2946980,13,0
7985527,,,2946949,14,0
7985527,,,2946950,15,0
7985527,,,2946951,16,0
7985527,,,2946952,17,0
7985527,,,2946953,18,0
7985527,,,2946954,19,0
7985527,,,2946955,20,0
7985527,,,2946956,21,0
7985527,18:25:00,18:25:00,2946957,22,1
7985527,18:28:00,18:28:00,2946958,23,1
7985527,,,2946959,24,0
7985527,,,2946960,25,0
7985527,,,2946961,26,0
7985527,,,2946962,27,0
7985527,,,2946963,28,0
7985527,,,2946964,29,0
7985527,18:35:00,18:35:00,2946965,30,1
7985527,,,2946966,31,0
7985527,,,2946967,32,0
7985527,,,2946968,33,0
7985527,,,2946969,34,0
7985527,,,2946970,35,0
7985527,18:40:00,18:40:00,2946971,36,1
7985527,,,2946972,37,0
7985527,,,2946973,38,0
7985527,,,2946953,39,0
7985527,,,2946954,40,0
7985527,,,2946955,41,0
7985527,,,2946956,42,0
7985527,18:45:00,18:45:00,2946957,43,1
7985527,18:50:00,18:50:00,2946974,44,1
7985527,,,2946975,45,0
7985527,,,2946976,46,0
7985527,,,2946977,47,0
7985527,,,2946978,48,0
7985527,,,2946979,49,0
7985527,,,2946981,50,0
7985527,,,2946983,51,0
7985527,,,2946986,52,0
7985527,,,2946987,53,0
7985527,,,2946990,54,0
7985527,,,2946992,55,0
7985527,,,2946993,56,0
7985527,,,2946994,57,0
7985527,18:56:00,18:56:00,2946995,58,1
7985527,,,2946996,59,0
7985527,,,2946997,60,0
7985527,,,2946998,61,0
7985527,19:03:00,19:03:00,2759335,62,1
7975555,23:10:00,23:10:00,2759346,0,0
7975555,,,2947000,1,0
7975555,,,2947001,2,0
7975555,,,2947002,3,0
7975555,,,2947003,4,0
7975555,,,2947004,5,0
7975555,23:13:00,23:13:00,2947005,6,0
7975555,,,2947006,7,0
7975555,,,2947007,8,0
7975555,,,2947008,9,0
7975555,,,2947009,10,0
7975555,23:18:00,23:18:00,2947010,11,0
7975555,,,2947011,12,0
7975555,,,2947012,13,0
7975555,,,2947013,14,0
7975555,,,2947014,15,0
7975555,,,2947015,16,0
7975555,,,2947016,17,0
7975555,,,2947017,18,0
7975555,,,2947018,19,0
7975555,23:30:00,23:30:00,2947019,20,0
7975555,,,2947020,21,0
7975555,,,2947021,22,0
7975555,,,2947022,23,0
7975555,,,2947023,24,0
7975555,,,2947024,25,0
7975555,,,2947025,26,0
7975555,,,2947026,27,0
7975555,,,2947027,28,0
7975555,23:35:00,23:35:00,2947028,29,0
8034530,07:40:00,07:40:00,2759346,0,1
8034530,,,2927977,1,0
8034530,,,2927978,2,0
8034530,,,2927979,3,0
8034530,,,2977483,4,0
8034530,,,2947002,5,0
8034530,,,2947003,6,0
8034530,,,2947004,7,0
8034530,07:46:00,07:46:00,2947005,8,1
8034530,,,2947006,9,0
8034530,,,2947007,10,0
8034530,,,2947008,11,0
8034530,,,2947009,12,0
8034530,,,2947010,13,0
8034530,,,2947011,14,0
8034530,,,2947012,15,0
8034530,,,2977485,16,0
8034530,,,2977489,17,0
8034530,07:54:00,07:54:00,2977495,18,1
8034530,,,2977506,19,0
8034530,,,2977507,20,0
8034530,07:56:00,07:56:00,2977509,21,1
8034530,,,2952366,22,0
8034530,,,2952367,23,0
8034530,,,2952368,24,0
8034530,,,2952369,25,0
8034530,,,2952370,26,0
8034530,08:00:00,08:03:00,2952371,27,1
8034530,,,2952372,28,0
8034530,,,2952373,29,0
8034530,,,2952374,30,0
8034530,,,2952375,31,0
8034530,,,2952376,32,0
8034530,08:07:00,08:07:00,2952377,33,1
8034530,,,2977508,34,0
8034530,,,2977505,35,0
8034530,08:09:00,08:09:00,2977496,36,1
8034530,,,2977493,37,0
8034530,,,2977491,38,0
8034530,,,2977486,39,0
8034530,,,2947042,40,0
8034530,,,2947043,41,0
8034530,,,2947044,42,0
8034530,,,2947045,43,0
8034530,,,2947046,44,0
8034530,,,2947047,45,0
8034530,,,2947048,46,0
8034530,,,2947049,47,0
8034530,08:15:00,08:15:00,2947050,48,1
8034530,,,2947051,49,0
8034530,,,2947052,50,0
8034530,,,2947053,51,0
8034530,,,2947055,52,0
8034530,,,2933832,53,0
8034530,,,2933833,54,0
8034530,,,2933834,55,0
8034530,08:23:00,08:23:00,2759335,56,1
8034531,08:40:00,08:40:00,2759346,0,1
8034531,,,2927977,1,0
8034531,,,2927978,2,0
8034531,,,2927979,3,0
8034531,,,2977483,4,0
8034531,,,2947002,5,0
8034531,,,2947003,6,0
8034531,,,2947004,7,0
8034531,08:46:00,08:46:00,2947005,8,1
8034531,,,2947006,9,0
8034531,,,2947007,10,0
8034531,,,2947008,11,0
8034531,,,2947009,12,0
8034531,,,2947010,13,0
8034531,,,2947011,14,0
8034531,,,2947012,15,0
8034531,,,2977485,16,0
8034531,,,2977489,17,0
8034531,08:54:00,08:54:00,2977495,18,1
8034531,,,2977506,19,0
8034531,,,2977507,20,0
8034531,08:56:00,08:56:00,2977509,21,1
8034531,,,2952366,22,0
8034531,,,2952367,23,0
8034531,,,2952368,24,0
8034531,,,2952369,25,0
8034531,,,2952370,26,0
8034531,09:00:00,09:03:00,2952371,27,1
8034531,,,2952372,28,0
8034531,,,2952373,29,0
8034531,,,2952374,30,0
8034531,,,2952375,31,0
8034531,,,2952376,32,0
8034531,09:07:00,09:07:00,2952377,33,1
8034531,,,2977508,34,0
8034531,,,2977505,35,0
8034531,09:09:00,09:09:00,2977496,36,1
8034531,,,2977493,37,0
8034531,,,2977491,38,0
8034531,,,2977486,39,0
8034531,,,2947042,40,0
8034531,,,2947043,41,0
8034531,,,2947044,42,0
8034531,,,2947045,43,0
8034531,,,2947046,44,0
8034531,,,2947047,45,0
8034531,,,2947048,46,0
8034531,,,2947049,47,0
8034531,09:15:00,09:15:00,2947050,48,1
8034531,,,2947051,49,0
8034531,,,2947052,50,0
8034531,,,2947053,51,0
8034531,,,2947055,52,0
8034531,,,2933832,53,0
8034531,,,2933833,54,0
8034531,,,2933834,55,0
8034531,09:23:00,09:23:00,2759335,56,1
8034532,09:40:00,09:40:00,2759346,0,1
8034532,,,2927977,1,0
8034532,,,2927978,2,0
8034532,,,2927979,3,0
8034532,,,2977483,4,0
8034532,,,2947002,5,0
8034532,,,2947003,6,0
8034532,,,2947004,7,0
8034532,09:46:00,09:46:00,2947005,8,1
8034532,,,2947006,9,0
8034532,,,2947007,10,0
8034532,,,2947008,11,0
8034532,,,2947009,12,0
8034532,,,2947010,13,0
8034532,,,2947011,14,0
8034532,,,2947012,15,0
8034532,,,2977485,16,0
8034532,,,2977489,17,0
8034532,09:54:00,09:54:00,2977495,18,1
8034532,,,2977506,19,0
8034532,,,2977507,20,0
8034532,09:56:00,09:56:00,2977509,21,1
8034532,,,2952366,22,0
8034532,,,2952367,23,0
8034532,,,2952368,24,0
8034532,,,2952369,25,0
8034532,,,2952370,26,0
8034532,10:00:00,10:03:00,2952371,27,1
8034532,,,2952372,28,0
8034532,,,2952373,29,0
8034532,,,2952374,30,0
8034532,,,2952375,31,0
8034532,,,2952376,32,0
8034532,10:07:00,10:07:00,2952377,33,1
8034532,,,2977508,34,0
8034532,,,2977505,35,0
8034532,10:09:00,10:09:00,2977496,36,1
8034532,,,2977493,37,0
8034532,,,2977491,38,0
8034532,,,2977486,39,0
8034532,,,2947042,40,0
8034532,,,2947043,41,0
8034532,,,2947044,42,0
8034532,,,2947045,43,0
8034532,,,2947046,44,0
8034532,,,2947047,45,0
8034532,,,2947048,46,0
8034532,,,2947049,47,0
8034532,10:15:00,10:15:00,2947050,48,1
8034532,,,2947051,49,0
8034532,,,2947052,50,0
8034532,,,2947053,51,0
8034532,,,2947055,52,0
8034532,,,2933832,53,0
8034532,,,2933833,54,0
8034532,,,2933834,55,0
8034532,10:23:00,10:23:00,2759335,56,1
8034533,10:40:00,10:40:00,2759346,0,1
8034533,,,2927977,1,0
8034533,,,2927978,2,0
8034533,,,2927979,3,0
8034533,,,2977483,4,0
8034533,,,2947002,5,0
8034533,,,2947003,6,0
8034533,,,2947004,7,0
8034533,10:46:00,10:46:00,2947005,8,1
8034533,,,2947006,9,0
8034533,,,2947007,10,0
8034533,,,2947008,11,0
8034533,,,2947009,12,0
8034533,,,2947010,13,0
8034533,,,2947011,14,0
8034533,,,2947012,15,0
8034533,,,2977485,16,0
8034533,,,2977489,17,0
8034533,10:54:00,10:54:00,2977495,18,1
8034533,,,2977506,19,0
8034533,,,2977507,20,0
8034533,10:56:00,10:56:00,2977509,21,1
8034533,,,2952366,22,0
8034533,,,2952367,23,0
8034533,,,2952368,24,0
8034533,,,2952369,25,0
8034533,,,2952370,26,0
8034533,11:00:00,11:03:00,2952371,27,1
8034533,,,2952372,28,0
8034533,,,2952373,29,0
8034533,,,2952374,30,0
8034533,,,2952375,31,0
8034533,,,2952376,32,0
8034533,11:07:00,11:07:00,2952377,33,1
8034533,,,2977508,34,0
8034533,,,2977505,35,0
8034533,11:09:00,11:09:00,2977496,36,1
8034533,,,2977493,37,0
8034533,,,2977491,38,0
8034533,,,2977486,39,0
8034533,,,2947042,40,0
8034533,,,2947043,41,0
8034533,,,2947044,42,0
8034533,,,2947045,43,0
8034533,,,2947046,44,0
8034533,,,2947047,45,0
8034533,,,2947048,46,0
8034533,,,2947049,47,0
8034533,11:15:00,11:15:00,2947050,48,1
8034533,,,2947051,49,0
8034533,,,2947052,50,0
8034533,,,2947053,51,0
8034533,,,2947055,52,0
8034533,,,2933832,53,0
8034533,,,2933833,54,0
8034533,,,2933834,55,0
8034533,11:23:00,11:23:00,2759335,56,1
8034534,11:40:00,11:40:00,2759346,0,1
8034534,,,2927977,1,0
8034534,,,2927978,2,0
8034534,,,2927979,3,0
8034534,,,2977483,4,0
8034534,,,2947002,5,0
8034534,,,2947003,6,0
8034534,,,2947004,7,0
8034534,11:46:00,11:46:00,2947005,8,1
8034534,,,2947006,9,0
8034534,,,2947007,10,0
8034534,,,2947008,11,0
8034534,,,2947009,12,0
8034534,,,2947010,13,0
8034534,,,2947011,14,0
8034534,,,2947012,15,0
8034534,,,2977485,16,0
8034534,,,2977489,17,0
8034534,11:54:00,11:54:00,2977495,18,1
8034534,,,2977506,19,0
8034534,,,2977507,20,0
8034534,11:56:00,11:56:00,2977509,21,1
8034534,,,2952366,22,0
8034534,,,2952367,23,0
8034534,,,2952368,24,0
8034534,,,2952369,25,0
8034534,,,2952370,26,0
8034534,12:00:00,12:03:00,2952371,27,1
8034534,,,2952372,28,0
8034534,,,2952373,29,0
8034534,,,2952374,30,0
8034534,,,2952375,31,0
8034534,,,2952376,32,0
8034534,12:07:00,12:07:00,2952377,33,1
8034534,,,2977508,34,0
8034534,,,2977505,35,0
8034534,12:09:00,12:09:00,2977496,36,1
8034534,,,2977493,37,0
8034534,,,2977491,38,0
8034534,,,2977486,39,0
8034534,,,2947042,40,0
8034534,,,2947043,41,0
8034534,,,2947044,42,0
8034534,,,2947045,43,0
8034534,,,2947046,44,0
8034534,,,2947047,45,0
8034534,,,2947048,46,0
8034534,,,2947049,47,0
8034534,12:15:00,12:15:00,2947050,48,1
8034534,,,2947051,49,0
8034534,,,2947052,50,0
8034534,,,2947053,51,0
8034534,,,2947055,52,0
8034534,,,2933832,53,0
8034534,,,2933833,54,0
8034534,,,2933834,55,0
8034534,12:23:00,12:23:00,2759335,56,1
8034535,12:40:00,12:40:00,2759346,0,1
8034535,,,2927977,1,0
8034535,,,2927978,2,0
8034535,,,2927979,3,0
8034535,,,2977483,4,0
8034535,,,2947002,5,0
8034535,,,2947003,6,0
8034535,,,2947004,7,0
8034535,12:46:00,12:46:00,2947005,8,1
8034535,,,2947006,9,0
8034535,,,2947007,10,0
8034535,,,2947008,11,0
8034535,,,2947009,12,0
8034535,,,2947010,13,0
8034535,,,2947011,14,0
8034535,,,2947012,15,0
8034535,,,2977485,16,0
8034535,,,2977489,17,0
8034535,12:54:00,12:54:00,2977495,18,1
8034535,,,2977506,19,0
8034535,,,2977507,20,0
8034535,12:56:00,12:56:00,2977509,21,1
8034535,,,2952366,22,0
8034535,,,2952367,23,0
8034535,,,2952368,24,0
8034535,,,2952369,25,0
8034535,,,2952370,26,0
8034535,13:00:00,13:03:00,2952371,27,1
8034535,,,2952372,28,0
8034535,,,2952373,29,0
8034535,,,2952374,30,0
8034535,,,2952375,31,0
8034535,,,2952376,32,0
8034535,13:07:00,13:07:00,2952377,33,1
8034535,,,2977508,34,0
8034535,,,2977505,35,0
8034535,13:09:00,13:09:00,2977496,36,1
8034535,,,2977493,37,0
8034535,,,2977491,38,0
8034535,,,2977486,39,0
8034535,,,2947042,40,0
8034535,,,2947043,41,0
8034535,,,2947044,42,0
8034535,,,2947045,43,0
8034535,,,2947046,44,0
8034535,,,2947047,45,0
8034535,,,2947048,46,0
8034535,,,2947049,47,0
8034535,13:15:00,13:15:00,2947050,48,1
8034535,,,2947051,49,0
8034535,,,2947052,50,0
8034535,,,2947053,51,0
8034535,,,2947055,52,0
8034535,,,2933832,53,0
8034535,,,2933833,54,0
8034535,,,2933834,55,0
8034535,13:23:00,13:23:00,2759335,56,1
8034536,13:40:00,13:40:00,2759346,0,1
8034536,,,2927977,1,0
8034536,,,2927978,2,0
8034536,,,2927979,3,0
8034536,,,2977483,4,0
8034536,,,2947002,5,0
8034536,,,2947003,6,0
8034536,,,2947004,7,0
8034536,13:46:00,13:46:00,2947005,8,1
8034536,,,2947006,9,0
8034536,,,2947007,10,0
8034536,,,2947008,11,0
8034536,,,2947009,12,0
8034536,,,2947010,13,0
8034536,,,2947011,14,0
8034536,,,2947012,15,0
8034536,,,2977485,16,0
8034536,,,2977489,17,0
8034536,13:54:00,13:54:00,2977495,18,1
8034536,,,2977506,19,0
8034536,,,2977507,20,0
8034536,13:56:00,13:56:00,2977509,21,1
8034536,,,2952366,22,0
8034536,,,2952367,23,0
8034536,,,2952368,24,0
8034536,,,2952369,25,0
8034536,,,2952370,26,0
8034536,14:00:00,14:03:00,2952371,27,1
8034536,,,2952372,28,0
8034536,,,2952373,29,0
8034536,,,2952374,30,0
8034536,,,2952375,31,0
8034536,,,2952376,32,0
8034536,14:07:00,14:07:00,2952377,33,1
8034536,,,2977508,34,0
8034536,,,2977505,35,0
8034536,14:09:00,14:09:00,2977496,36,1
8034536,,,2977493,37,0
8034536,,,2977491,38,0
8034536,,,2977486,39,0
8034536,,,2947042,40,0
8034536,,,2947043,41,0
8034536,,,2947044,42,0
8034536,,,2947045,43,0
8034536,,,2947046,44,0
8034536,,,2947047,45,0
8034536,,,2947048,46,0
8034536,,,2947049,47,0
8034536,14:15:00,14:15:00,2947050,48,1
8034536,,,2947051,49,0
8034536,,,2947052,50,0
8034536,,,2947053,51,0
8034536,,,2947055,52,0
8034536,,,2933832,53,0
8034536,,,2933833,54,0
8034536,,,2933834,55,0
8034536,14:23:00,14:23:00,2759335,56,1
8034537,14:40:00,14:40:00,2759346,0,1
8034537,,,2927977,1,0
8034537,,,2927978,2,0
8034537,,,2927979,3,0
8034537,,,2977483,4,0
8034537,,,2947002,5,0
8034537,,,2947003,6,0
8034537,,,2947004,7,0
8034537,14:46:00,14:46:00,2947005,8,1
8034537,,,2947006,9,0
8034537,,,2947007,10,0
8034537,,,2947008,11,0
8034537,,,2947009,12,0
8034537,,,2947010,13,0
8034537,,,2947011,14,0
8034537,,,2947012,15,0
8034537,,,2977485,16,0
8034537,,,2977489,17,0
8034537,14:54:00,14:54:00,2977495,18,1
8034537,,,2977506,19,0
8034537,,,2977507,20,0
8034537,14:56:00,14:56:00,2977509,21,1
8034537,,,2952366,22,0
8034537,,,2952367,23,0
8034537,,,2952368,24,0
8034537,,,2952369,25,0
8034537,,,2952370,26,0
8034537,15:00:00,15:03:00,2952371,27,1
8034537,,,2952372,28,0
8034537,,,2952373,29,0
8034537,,,2952374,30,0
8034537,,,2952375,31,0
8034537,,,2952376,32,0
8034537,15:07:00,15:07:00,2952377,33,1
8034537,,,2977508,34,0
8034537,,,2977505,35,0
8034537,15:09:00,15:09:00,2977496,36,1
8034537,,,2977493,37,0
8034537,,,2977491,38,0
8034537,,,2977486,39,0
8034537,,,2947042,40,0
8034537,,,2947043,41,0
8034537,,,2947044,42,0
8034537,,,2947045,43,0
8034537,,,2947046,44,0
8034537,,,2947047,45,0
8034537,,,2947048,46,0
8034537,,,2947049,47,0
8034537,15:15:00,15:15:00,2947050,48,1
8034537,,,2947051,49,0
8034537,,,2947052,50,0
8034537,,,2947053,51,0
8034537,,,2947055,52,0
8034537,,,2933832,53,0
8034537,,,2933833,54,0
8034537,,,2933834,55,0
8034537,15:23:00,15:23:00,2759335,56,1
8034538,15:40:00,15:40:00,2759346,0,1
8034538,,,2927977,1,0
8034538,,,2927978,2,0
8034538,,,2927979,3,0
8034538,,,2977483,4,0
8034538,,,2947002,5,0
8034538,,,2947003,6,0
8034538,,,2947004,7,0
8034538,15:46:00,15:46:00,2947005,8,1
8034538,,,2947006,9,0
8034538,,,2947007,10,0
8034538,,,2947008,11,0
8034538,,,2947009,12,0
8034538,,,2947010,13,0
8034538,,,2947011,14,0
8034538,,,2947012,15,0
8034538,,,2977485,16,0
8034538,,,2977489,17,0
8034538,15:54:00,15:54:00,2977495,18,1
8034538,,,2977506,19,0
8034538,,,2977507,20,0
8034538,15:56:00,15:56:00,2977509,21,1
8034538,,,2952366,22,0
8034538,,,2952367,23,0
8034538,,,2952368,24,0
8034538,,,2952369,25,0
8034538,,,2952370,26,0
8034538,16:00:00,16:03:00,2952371,27,1
8034538,,,2952372,28,0
8034538,,,2952373,29,0
8034538,,,2952374,30,0
8034538,,,2952375,31,0
8034538,,,2952376,32,0
8034538,16:07:00,16:07:00,2952377,33,1
8034538,,,2977508,34,0
8034538,,,2977505,35,0
8034538,16:09:00,16:09:00,2977496,36,1
8034538,,,2977493,37,0
8034538,,,2977491,38,0
8034538,,,2977486,39,0
8034538,,,2947042,40,0
8034538,,,2947043,41,0
8034538,,,2947044,42,0
8034538,,,2947045,43,0
8034538,,,2947046,44,0
8034538,,,2947047,45,0
8034538,,,2947048,46,0
8034538,,,2947049,47,0
8034538,16:15:00,16:15:00,2947050,48,1
8034538,,,2947051,49,0
8034538,,,2947052,50,0
8034538,,,2947053,51,0
8034538,,,2947055,52,0
8034538,,,2933832,53,0
8034538,,,2933833,54,0
8034538,,,2933834,55,0
8034538,16:23:00,16:23:00,2759335,56,1
8034539,16:40:00,16:40:00,2759346,0,1
8034539,,,2927977,1,0
8034539,,,2927978,2,0
8034539,,,2927979,3,0
8034539,,,2977483,4,0
8034539,,,2947002,5,0
8034539,,,2947003,6,0
8034539,,,2947004,7,0
8034539,16:46:00,16:46:00,2947005,8,1
8034539,,,2947006,9,0
8034539,,,2947007,10,0
8034539,,,2947008,11,0
8034539,,,2947009,12,0
8034539,,,2947010,13,0
8034539,,,2947011,14,0
8034539,,,2947012,15,0
8034539,,,2977485,16,0
8034539,,,2977489,17,0
8034539,16:54:00,16:54:00,2977495,18,1
8034539,,,2977506,19,0
8034539,,,2977507,20,0
8034539,16:56:00,16:56:00,2977509,21,1
8034539,,,2952366,22,0
8034539,,,2952367,23,0
8034539,,,2952368,24,0
8034539,,,2952369,25,0
8034539,,,2952370,26,0
8034539,17:00:00,17:03:00,2952371,27,1
8034539,,,2952372,28,0
8034539,,,2952373,29,0
8034539,,,2952374,30,0
8034539,,,2952375,31,0
8034539,,,2952376,32,0
8034539,17:07:00,17:07:00,2952377,33,1
8034539,,,2977508,34,0
8034539,,,2977505,35,0
8034539,17:09:00,17:09:00,2977496,36,1
8034539,,,2977493,37,0
8034539,,,2977491,38,0
8034539,,,2977486,39,0
8034539,,,2947042,40,0
8034539,,,2947043,41,0
8034539,,,2947044,42,0
8034539,,,2947045,43,0
8034539,,,2947046,44,0
8034539,,,2947047,45,0
8034539,,,2947048,46,0
8034539,,,2947049,47,0
8034539,17:15:00,17:15:00,2947050,48,1
8034539,,,2947051,49,0
8034539,,,2947052,50,0
8034539,,,2947053,51,0
8034539,,,2947055,52,0
8034539,,,2933832,53,0
8034539,,,2933833,54,0
8034539,,,2933834,55,0
8034539,17:23:00,17:23:00,2759335,56,1
8034540,17:40:00,17:40:00,2759346,0,1
8034540,,,2927977,1,0
8034540,,,2927978,2,0
8034540,,,2927979,3,0
8034540,,,2977483,4,0
8034540,,,2947002,5,0
8034540,,,2947003,6,0
8034540,,,2947004,7,0
8034540,17:46:00,17:46:00,2947005,8,1
8034540,,,2947006,9,0
8034540,,,2947007,10,0
8034540,,,2947008,11,0
8034540,,,2947009,12,0
8034540,,,2947010,13,0
8034540,,,2947011,14,0
8034540,,,2947012,15,0
8034540,,,2977485,16,0
8034540,,,2977489,17,0
8034540,17:54:00,17:54:00,2977495,18,1
8034540,,,2977506,19,0
8034540,,,2977507,20,0
8034540,17:56:00,17:56:00,2977509,21,1
8034540,,,2952366,22,0
8034540,,,2952367,23,0
8034540,,,2952368,24,0
8034540,,,2952369,25,0
8034540,,,2952370,26,0
8034540,18:00:00,18:03:00,2952371,27,1
8034540,,,2952372,28,0
8034540,,,2952373,29,0
8034540,,,2952374,30,0
8034540,,,2952375,31,0
8034540,,,2952376,32,0
8034540,18:07:00,18:07:00,2952377,33,1
8034540,,,2977508,34,0
8034540,,,2977505,35,0
8034540,18:09:00,18:09:00,2977496,36,1
8034540,,,2977493,37,0
8034540,,,2977491,38,0
8034540,,,2977486,39,0
8034540,,,2947042,40,0
8034540,,,2947043,41,0
8034540,,,2947044,42,0
8034540,,,2947045,43,0
8034540,,,2947046,44,0
8034540,,,2947047,45,0
8034540,,,2947048,46,0
8034540,,,2947049,47,0
8034540,18:15:00,18:15:00,2947050,48,1
8034540,,,2947051,49,0
8034540,,,2947052,50,0
8034540,,,2947053,51,0
8034540,,,2947055,52,0
8034540,,,2933832,53,0
8034540,,,2933833,54,0
8034540,,,2933834,55,0
8034540,18:23:00,18:23:00,2759335,56,1
8034541,18:40:00,18:40:00,2759346,0,1
8034541,,,2927977,1,0
8034541,,,2927978,2,0
8034541,,,2927979,3,0
8034541,,,2977483,4,0
8034541,,,2947002,5,0
8034541,,,2947003,6,0
8034541,,,2947004,7,0
8034541,18:46:00,18:46:00,2947005,8,1
8034541,,,2947006,9,0
8034541,,,2947007,10,0
8034541,,,2947008,11,0
8034541,,,2947009,12,0
8034541,,,2947010,13,0
8034541,,,2947011,14,0
8034541,,,2947012,15,0
8034541,,,2977485,16,0
8034541,,,2977489,17,0
8034541,18:54:00,18:54:00,2977495,18,1
8034541,,,2977506,19,0
8034541,,,2977507,20,0
8034541,18:56:00,18:56:00,2977509,21,1
8034541,,,2952366,22,0
8034541,,,2952367,23,0
8034541,,,2952368,24,0
8034541,,,2952369,25,0
8034541,,,2952370,26,0
8034541,19:00:00,19:03:00,2952371,27,1
8034541,,,2952372,28,0
8034541,,,2952373,29,0
8034541,,,2952374,30,0
8034541,,,2952375,31,0
8034541,,,2952376,32,0
8034541,19:07:00,19:07:00,2952377,33,1
8034541,,,2977508,34,0
8034541,,,2977505,35,0
8034541,19:09:00,19:09:00,2977496,36,1
8034541,,,2977493,37,0
8034541,,,2977491,38,0
8034541,,,2977486,39,0
8034541,,,2947042,40,0
8034541,,,2947043,41,0
8034541,,,2947044,42,0
8034541,,,2947045,43,0
8034541,,,2947046,44,0
8034541,,,2947047,45,0
8034541,,,2947048,46,0
8034541,,,2947049,47,0
8034541,19:15:00,19:15:00,2947050,48,1
8034541,,,2947051,49,0
8034541,,,2947052,50,0
8034541,,,2947053,51,0
8034541,,,2947055,52,0
8034541,,,2933832,53,0
8034541,,,2933833,54,0
8034541,,,2933834,55,0
8034541,19:23:00,19:23:00,2759335,56,1
8034542,19:40:00,19:40:00,2759346,0,1
8034542,,,2927977,1,0
8034542,,,2927978,2,0
8034542,,,2927979,3,0
8034542,,,2977483,4,0
8034542,,,2947002,5,0
8034542,,,2947003,6,0
8034542,,,2947004,7,0
8034542,19:46:00,19:46:00,2947005,8,1
8034542,,,2947006,9,0
8034542,,,2947007,10,0
8034542,,,2947008,11,0
8034542,,,2947009,12,0
8034542,,,2947010,13,0
8034542,,,2947011,14,0
8034542,,,2947012,15,0
8034542,,,2977485,16,0
8034542,,,2977489,17,0
8034542,19:54:00,19:54:00,2977495,18,1
8034542,,,2977506,19,0
8034542,,,2977507,20,0
8034542,19:56:00,19:56:00,2977509,21,1
8034542,,,2952366,22,0
8034542,,,2952367,23,0
8034542,,,2952368,24,0
8034542,,,2952369,25,0
8034542,,,2952370,26,0
8034542,20:00:00,20:03:00,2952371,27,1
8034542,,,2952372,28,0
8034542,,,2952373,29,0
8034542,,,2952374,30,0
8034542,,,2952375,31,0
8034542,,,2952376,32,0
8034542,20:07:00,20:07:00,2952377,33,1
8034542,,,2977508,34,0
8034542,,,2977505,35,0
8034542,20:09:00,20:09:00,2977496,36,1
8034542,,,2977493,37,0
8034542,,,2977491,38,0
8034542,,,2977486,39,0
8034542,,,2947042,40,0
8034542,,,2947043,41,0
8034542,,,2947044,42,0
8034542,,,2947045,43,0
8034542,,,2947046,44,0
8034542,,,2947047,45,0
8034542,,,2947048,46,0
8034542,,,2947049,47,0
8034542,20:15:00,20:15:00,2947050,48,1
8034542,,,2947051,49,0
8034542,,,2947052,50,0
8034542,,,2947053,51,0
8034542,,,2947055,52,0
8034542,,,2933832,53,0
8034542,,,2933833,54,0
8034542,,,2933834,55,0
8034542,20:23:00,20:23:00,2759335,56,1
8034543,20:40:00,20:40:00,2759346,0,1
8034543,,,2927977,1,0
8034543,,,2927978,2,0
8034543,,,2927979,3,0
8034543,,,2977483,4,0
8034543,,,2947002,5,0
8034543,,,2947003,6,0
8034543,,,2947004,7,0
8034543,20:46:00,20:46:00,2947005,8,1
8034543,,,2947006,9,0
8034543,,,2947007,10,0
8034543,,,2947008,11,0
8034543,,,2947009,12,0
8034543,,,2947010,13,0
8034543,,,2947011,14,0
8034543,,,2947012,15,0
8034543,,,2977485,16,0
8034543,,,2977489,17,0
8034543,20:54:00,20:54:00,2977495,18,1
8034543,,,2977506,19,0
8034543,,,2977507,20,0
8034543,20:56:00,20:56:00,2977509,21,1
8034543,,,2952366,22,0
8034543,,,2952367,23,0
8034543,,,2952368,24,0
8034543,,,2952369,25,0
8034543,,,2952370,26,0
8034543,21:00:00,21:03:00,2952371,27,1
8034543,,,2952372,28,0
8034543,,,2952373,29,0
8034543,,,2952374,30,0
8034543,,,2952375,31,0
8034543,,,2952376,32,0
8034543,21:07:00,21:07:00,2952377,33,1
8034543,,,2977508,34,0
8034543,,,2977505,35,0
8034543,21:09:00,21:09:00,2977496,36,1
8034543,,,2977493,37,0
8034543,,,2977491,38,0
8034543,,,2977486,39,0
8034543,,,2947042,40,0
8034543,,,2947043,41,0
8034543,,,2947044,42,0
8034543,,,2947045,43,0
8034543,,,2947046,44,0
8034543,,,2947047,45,0
8034543,,,2947048,46,0
8034543,,,2947049,47,0
8034543,21:15:00,21:15:00,2947050,48,1
8034543,,,2947051,49,0
8034543,,,2947052,50,0
8034543,,,2947053,51,0
8034543,,,2947055,52,0
8034543,,,2933832,53,0
8034543,,,2933833,54,0
8034543,,,2933834,55,0
8034543,21:23:00,21:23:00,2759335,56,1
8034544,21:40:00,21:40:00,2759346,0,1
8034544,,,2927977,1,0
8034544,,,2927978,2,0
8034544,,,2927979,3,0
8034544,,,2977483,4,0
8034544,,,2947002,5,0
8034544,,,2947003,6,0
8034544,,,2947004,7,0
8034544,21:46:00,21:46:00,2947005,8,1
8034544,,,2947006,9,0
8034544,,,2947007,10,0
8034544,,,2947008,11,0
8034544,,,2947009,12,0
8034544,,,2947010,13,0
8034544,,,2947011,14,0
8034544,,,2947012,15,0
8034544,,,2977485,16,0
8034544,,,2977489,17,0
8034544,21:54:00,21:54:00,2977495,18,1
8034544,,,2977506,19,0
8034544,,,2977507,20,0
8034544,21:56:00,21:56:00,2977509,21,1
8034544,,,2952366,22,0
8034544,,,2952367,23,0
8034544,,,2952368,24,0
8034544,,,2952369,25,0
8034544,,,2952370,26,0
8034544,22:00:00,22:03:00,2952371,27,1
8034544,,,2952372,28,0
8034544,,,2952373,29,0
8034544,,,2952374,30,0
8034544,,,2952375,31,0
8034544,,,2952376,32,0
8034544,22:07:00,22:07:00,2952377,33,1
8034544,,,2977508,34,0
8034544,,,2977505,35,0
8034544,22:09:00,22:09:00,2977496,36,1
8034544,,,2977493,37,0
8034544,,,2977491,38,0
8034544,,,2977486,39,0
8034544,,,2947042,40,0
8034544,,,2947043,41,0
8034544,,,2947044,42,0
8034544,,,2947045,43,0
8034544,,,2947046,44,0
8034544,,,2947047,45,0
8034544,,,2947048,46,0
8034544,,,2947049,47,0
8034544,22:15:00,22:15:00,2947050,48,1
8034544,,,2947051,49,0
8034544,,,2947052,50,0
8034544,,,2947053,51,0
8034544,,,2947055,52,0
8034544,,,2933832,53,0
8034544,,,2933833,54,0
8034544,,,2933834,55,0
8034544,22:23:00,22:23:00,2759335,56,1
8034545,08:40:00,08:40:00,2759346,0,1
8034545,,,2927977,1,0
8034545,,,2927978,2,0
8034545,,,2927979,3,0
8034545,,,2977483,4,0
8034545,,,2947002,5,0
8034545,,,2947003,6,0
8034545,,,2947004,7,0
8034545,08:46:00,08:46:00,2947005,8,1
8034545,,,2947006,9,0
8034545,,,2947007,10,0
8034545,,,2947008,11,0
8034545,,,2947009,12,0
8034545,,,2947010,13,0
8034545,,,2947011,14,0
8034545,,,2947012,15,0
8034545,,,2977485,16,0
8034545,,,2977489,17,0
8034545,08:54:00,08:54:00,2977495,18,1
8034545,,,2977506,19,0
8034545,,,2977507,20,0
8034545,08:56:00,08:56:00,2977509,21,1
8034545,,,2952366,22,0
8034545,,,2952367,23,0
8034545,,,2952368,24,0
8034545,,,2952369,25,0
8034545,,,2952370,26,0
8034545,09:00:00,09:03:00,2952371,27,1
8034545,,,2952372,28,0
8034545,,,2952373,29,0
8034545,,,2952374,30,0
8034545,,,2952375,31,0
8034545,,,2952376,32,0
8034545,09:07:00,09:07:00,2952377,33,1
8034545,,,2977508,34,0
8034545,,,2977505,35,0
8034545,09:09:00,09:09:00,2977496,36,1
8034545,,,2977493,37,0
8034545,,,2977491,38,0
8034545,,,2977486,39,0
8034545,,,2947042,40,0
8034545,,,2947043,41,0
8034545,,,2947044,42,0
8034545,,,2947045,43,0
8034545,,,2947046,44,0
8034545,,,2947047,45,0
8034545,,,2947048,46,0
8034545,,,2947049,47,0
8034545,09:15:00,09:15:00,2947050,48,1
8034545,,,2947051,49,0
8034545,,,2947052,50,0
8034545,,,2947053,51,0
8034545,,,2947055,52,0
8034545,,,2933832,53,0
8034545,,,2933833,54,0
8034545,,,2933834,55,0
8034545,09:23:00,09:23:00,2759335,56,1
8034546,09:40:00,09:40:00,2759346,0,1
8034546,,,2927977,1,0
8034546,,,2927978,2,0
8034546,,,2927979,3,0
8034546,,,2977483,4,0
8034546,,,2947002,5,0
8034546,,,2947003,6,0
8034546,,,2947004,7,0
8034546,09:46:00,09:46:00,2947005,8,1
8034546,,,2947006,9,0
8034546,,,2947007,10,0
8034546,,,2947008,11,0
8034546,,,2947009,12,0
8034546,,,2947010,13,0
8034546,,,2947011,14,0
8034546,,,2947012,15,0
8034546,,,2977485,16,0
8034546,,,2977489,17,0
8034546,09:54:00,09:54:00,2977495,18,1
8034546,,,2977506,19,0
8034546,,,2977507,20,0
8034546,09:56:00,09:56:00,2977509,21,1
8034546,,,2952366,22,0
8034546,,,2952367,23,0
8034546,,,2952368,24,0
8034546,,,2952369,25,0
8034546,,,2952370,26,0
8034546,10:00:00,10:03:00,2952371,27,1
8034546,,,2952372,28,0
8034546,,,2952373,29,0
8034546,,,2952374,30,0
8034546,,,2952375,31,0
8034546,,,2952376,32,0
8034546,10:07:00,10:07:00,2952377,33,1
8034546,,,2977508,34,0
8034546,,,2977505,35,0
8034546,10:09:00,10:09:00,2977496,36,1
8034546,,,2977493,37,0
8034546,,,2977491,38,0
8034546,,,2977486,39,0
8034546,,,2947042,40,0
8034546,,,2947043,41,0
8034546,,,2947044,42,0
8034546,,,2947045,43,0
8034546,,,2947046,44,0
8034546,,,2947047,45,0
8034546,,,2947048,46,0
8034546,,,2947049,47,0
8034546,10:15:00,10:15:00,2947050,48,1
8034546,,,2947051,49,0
8034546,,,2947052,50,0
8034546,,,2947053,51,0
8034546,,,2947055,52,0
8034546,,,2933832,53,0
8034546,,,2933833,54,0
8034546,,,2933834,55,0
8034546,10:23:00,10:23:00,2759335,56,1
8034547,10:40:00,10:40:00,2759346,0,1
8034547,,,2927977,1,0
8034547,,,2927978,2,0
8034547,,,2927979,3,0
8034547,,,2977483,4,0
8034547,,,2947002,5,0
8034547,,,2947003,6,0
8034547,,,2947004,7,0
8034547,10:46:00,10:46:00,2947005,8,1
8034547,,,2947006,9,0
8034547,,,2947007,10,0
8034547,,,2947008,11,0
8034547,,,2947009,12,0
8034547,,,2947010,13,0
8034547,,,2947011,14,0
8034547,,,2947012,15,0
8034547,,,2977485,16,0
8034547,,,2977489,17,0
8034547,10:54:00,10:54:00,2977495,18,1
8034547,,,2977506,19,0
8034547,,,2977507,20,0
8034547,10:56:00,10:56:00,2977509,21,1
8034547,,,2952366,22,0
8034547,,,2952367,23,0
8034547,,,2952368,24,0
8034547,,,2952369,25,0
8034547,,,2952370,26,0
8034547,11:00:00,11:03:00,2952371,27,1
8034547,,,2952372,28,0
8034547,,,2952373,29,0
8034547,,,2952374,30,0
8034547,,,2952375,31,0
8034547,,,2952376,32,0
8034547,11:07:00,11:07:00,2952377,33,1
8034547,,,2977508,34,0
8034547,,,2977505,35,0
8034547,11:09:00,11:09:00,2977496,36,1
8034547,,,2977493,37,0
8034547,,,2977491,38,0
8034547,,,2977486,39,0
8034547,,,2947042,40,0
8034547,,,2947043,41,0
8034547,,,2947044,42,0
8034547,,,2947045,43,0
8034547,,,2947046,44,0
8034547,,,2947047,45,0
8034547,,,2947048,46,0
8034547,,,2947049,47,0
8034547,11:15:00,11:15:00,2947050,48,1
8034547,,,2947051,49,0
8034547,,,2947052,50,0
8034547,,,2947053,51,0
8034547,,,2947055,52,0
8034547,,,2933832,53,0
8034547,,,2933833,54,0
8034547,,,2933834,55,0
8034547,11:23:00,11:23:00,2759335,56,1
8034548,11:40:00,11:40:00,2759346,0,1
8034548,,,2927977,1,0
8034548,,,2927978,2,0
8034548,,,2927979,3,0
8034548,,,2977483,4,0
8034548,,,2947002,5,0
8034548,,,2947003,6,0
8034548,,,2947004,7,0
8034548,11:46:00,11:46:00,2947005,8,1
8034548,,,2947006,9,0
8034548,,,2947007,10,0
8034548,,,2947008,11,0
8034548,,,2947009,12,0
8034548,,,2947010,13,0
8034548,,,2947011,14,0
8034548,,,2947012,15,0
8034548,,,2977485,16,0
8034548,,,2977489,17,0
8034548,11:54:00,11:54:00,2977495,18,1
8034548,,,2977506,19,0
8034548,,,2977507,20,0
8034548,11:56:00,11:56:00,2977509,21,1
8034548,,,2952366,22,0
8034548,,,2952367,23,0
8034548,,,2952368,24,0
8034548,,,2952369,25,0
8034548,,,2952370,26,0
8034548,12:00:00,12:03:00,2952371,27,1
8034548,,,2952372,28,0
8034548,,,2952373,29,0
8034548,,,2952374,30,0
8034548,,,2952375,31,0
8034548,,,2952376,32,0
8034548,12:07:00,12:07:00,2952377,33,1
8034548,,,2977508,34,0
8034548,,,2977505,35,0
8034548,12:09:00,12:09:00,2977496,36,1
8034548,,,2977493,37,0
8034548,,,2977491,38,0
8034548,,,2977486,39,0
8034548,,,2947042,40,0
8034548,,,2947043,41,0
8034548,,,2947044,42,0
8034548,,,2947045,43,0
8034548,,,2947046,44,0
8034548,,,2947047,45,0
8034548,,,2947048,46,0
8034548,,,2947049,47,0
8034548,12:15:00,12:15:00,2947050,48,1
8034548,,,2947051,49,0
8034548,,,2947052,50,0
8034548,,,2947053,51,0
8034548,,,2947055,52,0
8034548,,,2933832,53,0
8034548,,,2933833,54,0
8034548,,,2933834,55,0
8034548,12:23:00,12:23:00,2759335,56,1
8034549,12:40:00,12:40:00,2759346,0,1
8034549,,,2927977,1,0
8034549,,,2927978,2,0
8034549,,,2927979,3,0
8034549,,,2977483,4,0
8034549,,,2947002,5,0
8034549,,,2947003,6,0
8034549,,,2947004,7,0
8034549,12:46:00,12:46:00,2947005,8,1
8034549,,,2947006,9,0
8034549,,,2947007,10,0
8034549,,,2947008,11,0
8034549,,,2947009,12,0
8034549,,,2947010,13,0
8034549,,,2947011,14,0
8034549,,,2947012,15,0
8034549,,,2977485,16,0
8034549,,,2977489,17,0
8034549,12:54:00,12:54:00,2977495,18,1
8034549,,,2977506,19,0
8034549,,,2977507,20,0
8034549,12:56:00,12:56:00,2977509,21,1
8034549,,,2952366,22,0
8034549,,,2952367,23,0
8034549,,,2952368,24,0
8034549,,,2952369,25,0
8034549,,,2952370,26,0
8034549,13:00:00,13:03:00,2952371,27,1
8034549,,,2952372,28,0
8034549,,,2952373,29,0
8034549,,,2952374,30,0
8034549,,,2952375,31,0
8034549,,,2952376,32,0
8034549,13:07:00,13:07:00,2952377,33,1
8034549,,,2977508,34,0
8034549,,,2977505,35,0
8034549,13:09:00,13:09:00,2977496,36,1
8034549,,,2977493,37,0
8034549,,,2977491,38,0
8034549,,,2977486,39,0
8034549,,,2947042,40,0
8034549,,,2947043,41,0
8034549,,,2947044,42,0
8034549,,,2947045,43,0
8034549,,,2947046,44,0
8034549,,,2947047,45,0
8034549,,,2947048,46,0
8034549,,,2947049,47,0
8034549,13:15:00,13:15:00,2947050,48,1
8034549,,,2947051,49,0
8034549,,,2947052,50,0
8034549,,,2947053,51,0
8034549,,,2947055,52,0
8034549,,,2933832,53,0
8034549,,,2933833,54,0
8034549,,,2933834,55,0
8034549,13:23:00,13:23:00,2759335,56,1
8034550,13:40:00,13:40:00,2759346,0,1
8034550,,,2927977,1,0
8034550,,,2927978,2,0
8034550,,,2927979,3,0
8034550,,,2977483,4,0
8034550,,,2947002,5,0
8034550,,,2947003,6,0
8034550,,,2947004,7,0
8034550,13:46:00,13:46:00,2947005,8,1
8034550,,,2947006,9,0
8034550,,,2947007,10,0
8034550,,,2947008,11,0
8034550,,,2947009,12,0
8034550,,,2947010,13,0
8034550,,,2947011,14,0
8034550,,,2947012,15,0
8034550,,,2977485,16,0
8034550,,,2977489,17,0
8034550,13:54:00,13:54:00,2977495,18,1
8034550,,,2977506,19,0
8034550,,,2977507,20,0
8034550,13:56:00,13:56:00,2977509,21,1
8034550,,,2952366,22,0
8034550,,,2952367,23,0
8034550,,,2952368,24,0
8034550,,,2952369,25,0
8034550,,,2952370,26,0
8034550,14:00:00,14:03:00,2952371,27,1
8034550,,,2952372,28,0
8034550,,,2952373,29,0
8034550,,,2952374,30,0
8034550,,,2952375,31,0
8034550,,,2952376,32,0
8034550,14:07:00,14:07:00,2952377,33,1
8034550,,,2977508,34,0
8034550,,,2977505,35,0
8034550,14:09:00,14:09:00,2977496,36,1
8034550,,,2977493,37,0
8034550,,,2977491,38,0
8034550,,,2977486,39,0
8034550,,,2947042,40,0
8034550,,,2947043,41,0
8034550,,,2947044,42,0
8034550,,,2947045,43,0
8034550,,,2947046,44,0
8034550,,,2947047,45,0
8034550,,,2947048,46,0
8034550,,,2947049,47,0
8034550,14:15:00,14:15:00,2947050,48,1
8034550,,,2947051,49,0
8034550,,,2947052,50,0
8034550,,,2947053,51,0
8034550,,,2947055,52,0
8034550,,,2933832,53,0
8034550,,,2933833,54,0
8034550,,,2933834,55,0
8034550,14:23:00,14:23:00,2759335,56,1
8034551,14:40:00,14:40:00,2759346,0,1
8034551,,,2927977,1,0
8034551,,,2927978,2,0
8034551,,,2927979,3,0
8034551,,,2977483,4,0
8034551,,,2947002,5,0
8034551,,,2947003,6,0
8034551,,,2947004,7,0
8034551,14:46:00,14:46:00,2947005,8,1
8034551,,,2947006,9,0
8034551,,,2947007,10,0
8034551,,,2947008,11,0
8034551,,,2947009,12,0
8034551,,,2947010,13,0
8034551,,,2947011,14,0
8034551,,,2947012,15,0
8034551,,,2977485,16,0
8034551,,,2977489,17,0
8034551,14:54:00,14:54:00,2977495,18,1
8034551,,,2977506,19,0
8034551,,,2977507,20,0
8034551,14:56:00,14:56:00,2977509,21,1
8034551,,,2952366,22,0
8034551,,,2952367,23,0
8034551,,,2952368,24,0
8034551,,,2952369,25,0
8034551,,,2952370,26,0
8034551,15:00:00,15:03:00,2952371,27,1
8034551,,,2952372,28,0
8034551,,,2952373,29,0
8034551,,,2952374,30,0
8034551,,,2952375,31,0
8034551,,,2952376,32,0
8034551,15:07:00,15:07:00,2952377,33,1
8034551,,,2977508,34,0
8034551,,,2977505,35,0
8034551,15:09:00,15:09:00,2977496,36,1
8034551,,,2977493,37,0
8034551,,,2977491,38,0
8034551,,,2977486,39,0
8034551,,,2947042,40,0
8034551,,,2947043,41,0
8034551,,,2947044,42,0
8034551,,,2947045,43,0
8034551,,,2947046,44,0
8034551,,,2947047,45,0
8034551,,,2947048,46,0
8034551,,,2947049,47,0
8034551,15:15:00,15:15:00,2947050,48,1
8034551,,,2947051,49,0
8034551,,,2947052,50,0
8034551,,,2947053,51,0
8034551,,,2947055,52,0
8034551,,,2933832,53,0
8034551,,,2933833,54,0
8034551,,,2933834,55,0
8034551,15:23:00,15:23:00,2759335,56,1
8034552,15:40:00,15:40:00,2759346,0,1
8034552,,,2927977,1,0
8034552,,,2927978,2,0
8034552,,,2927979,3,0
8034552,,,2977483,4,0
8034552,,,2947002,5,0
8034552,,,2947003,6,0
8034552,,,2947004,7,0
8034552,15:46:00,15:46:00,2947005,8,1
8034552,,,2947006,9,0
8034552,,,2947007,10,0
8034552,,,2947008,11,0
8034552,,,2947009,12,0
8034552,,,2947010,13,0
8034552,,,2947011,14,0
8034552,,,2947012,15,0
8034552,,,2977485,16,0
8034552,,,2977489,17,0
8034552,15:54:00,15:54:00,2977495,18,1
8034552,,,2977506,19,0
8034552,,,2977507,20,0
8034552,15:56:00,15:56:00,2977509,21,1
8034552,,,2952366,22,0
8034552,,,2952367,23,0
8034552,,,2952368,24,0
8034552,,,2952369,25,0
8034552,,,2952370,26,0
8034552,16:00:00,16:03:00,2952371,27,1
8034552,,,2952372,28,0
8034552,,,2952373,29,0
8034552,,,2952374,30,0
8034552,,,2952375,31,0
8034552,,,2952376,32,0
8034552,16:07:00,16:07:00,2952377,33,1
8034552,,,2977508,34,0
8034552,,,2977505,35,0
8034552,16:09:00,16:09:00,2977496,36,1
8034552,,,2977493,37,0
8034552,,,2977491,38,0
8034552,,,2977486,39,0
8034552,,,2947042,40,0
8034552,,,2947043,41,0
8034552,,,2947044,42,0
8034552,,,2947045,43,0
8034552,,,2947046,44,0
8034552,,,2947047,45,0
8034552,,,2947048,46,0
8034552,,,2947049,47,0
8034552,16:15:00,16:15:00,2947050,48,1
8034552,,,2947051,49,0
8034552,,,2947052,50,0
8034552,,,2947053,51,0
8034552,,,2947055,52,0
8034552,,,2933832,53,0
8034552,,,2933833,54,0
8034552,,,2933834,55,0
8034552,16:23:00,16:23:00,2759335,56,1
8034553,16:40:00,16:40:00,2759346,0,1
8034553,,,2927977,1,0
8034553,,,2927978,2,0
8034553,,,2927979,3,0
8034553,,,2977483,4,0
8034553,,,2947002,5,0
8034553,,,2947003,6,0
8034553,,,2947004,7,0
8034553,16:46:00,16:46:00,2947005,8,1
8034553,,,2947006,9,0
8034553,,,2947007,10,0
8034553,,,2947008,11,0
8034553,,,2947009,12,0
8034553,,,2947010,13,0
8034553,,,2947011,14,0
8034553,,,2947012,15,0
8034553,,,2977485,16,0
8034553,,,2977489,17,0
8034553,16:54:00,16:54:00,2977495,18,1
8034553,,,2977506,19,0
8034553,,,2977507,20,0
8034553,16:56:00,16:56:00,2977509,21,1
8034553,,,2952366,22,0
8034553,,,2952367,23,0
8034553,,,2952368,24,0
8034553,,,2952369,25,0
8034553,,,2952370,26,0
8034553,17:00:00,17:03:00,2952371,27,1
8034553,,,2952372,28,0
8034553,,,2952373,29,0
8034553,,,2952374,30,0
8034553,,,2952375,31,0
8034553,,,2952376,32,0
8034553,17:07:00,17:07:00,2952377,33,1
8034553,,,2977508,34,0
8034553,,,2977505,35,0
8034553,17:09:00,17:09:00,2977496,36,1
8034553,,,2977493,37,0
8034553,,,2977491,38,0
8034553,,,2977486,39,0
8034553,,,2947042,40,0
8034553,,,2947043,41,0
8034553,,,2947044,42,0
8034553,,,2947045,43,0
8034553,,,2947046,44,0
8034553,,,2947047,45,0
8034553,,,2947048,46,0
8034553,,,2947049,47,0
8034553,17:15:00,17:15:00,2947050,48,1
8034553,,,2947051,49,0
8034553,,,2947052,50,0
8034553,,,2947053,51,0
8034553,,,2947055,52,0
8034553,,,2933832,53,0
8034553,,,2933833,54,0
8034553,,,2933834,55,0
8034553,17:23:00,17:23:00,2759335,56,1
8034554,17:40:00,17:40:00,2759346,0,1
8034554,,,2927977,1,0
8034554,,,2927978,2,0
8034554,,,2927979,3,0
8034554,,,2977483,4,0
8034554,,,2947002,5,0
8034554,,,2947003,6,0
8034554,,,2947004,7,0
8034554,17:46:00,17:46:00,2947005,8,1
8034554,,,2947006,9,0
8034554,,,2947007,10,0
8034554,,,2947008,11,0
8034554,,,2947009,12,0
8034554,,,2947010,13,0
8034554,,,2947011,14,0
8034554,,,2947012,15,0
8034554,,,2977485,16,0
8034554,,,2977489,17,0
8034554,17:54:00,17:54:00,2977495,18,1
8034554,,,2977506,19,0
8034554,,,2977507,20,0
8034554,17:56:00,17:56:00,2977509,21,1
8034554,,,2952366,22,0
8034554,,,2952367,23,0
8034554,,,2952368,24,0
8034554,,,2952369,25,0
8034554,,,2952370,26,0
8034554,18:00:00,18:03:00,2952371,27,1
8034554,,,2952372,28,0
8034554,,,2952373,29,0
8034554,,,2952374,30,0
8034554,,,2952375,31,0
8034554,,,2952376,32,0
8034554,18:07:00,18:07:00,2952377,33,1
8034554,,,2977508,34,0
8034554,,,2977505,35,0
8034554,18:09:00,18:09:00,2977496,36,1
8034554,,,2977493,37,0
8034554,,,2977491,38,0
8034554,,,2977486,39,0
8034554,,,2947042,40,0
8034554,,,2947043,41,0
8034554,,,2947044,42,0
8034554,,,2947045,43,0
8034554,,,2947046,44,0
8034554,,,2947047,45,0
8034554,,,2947048,46,0
8034554,,,2947049,47,0
8034554,18:15:00,18:15:00,2947050,48,1
8034554,,,2947051,49,0
8034554,,,2947052,50,0
8034554,,,2947053,51,0
8034554,,,2947055,52,0
8034554,,,2933832,53,0
8034554,,,2933833,54,0
8034554,,,2933834,55,0
8034554,18:23:00,18:23:00,2759335,56,1
8034580,08:10:00,08:10:00,2759346,0,1
8034580,,,2940595,1,0
8034580,,,2940596,2,0
8034580,,,2940597,3,0
8034580,,,2940598,4,0
8034580,,,2940599,5,0
8034580,,,2940600,6,0
8034580,,,2940601,7,0
8034580,,,2940602,8,0
8034580,,,2940603,9,0
8034580,,,2940604,10,0
8034580,,,2940605,11,0
8034580,,,2940606,12,0
8034580,,,2940607,13,0
8034580,,,2940608,14,0
8034580,08:22:00,08:22:00,2940609,15,1
8034580,,,2940610,16,0
8034580,,,2940611,17,0
8034580,,,2940612,18,0
8034580,,,2940613,19,0
8034580,08:24:00,08:24:00,2940614,20,1
8034580,,,2940615,21,0
8034580,,,2940616,22,0
8034580,,,2940617,23,0
8034580,,,2940618,24,0
8034580,,,2940619,25,0
8034580,,,2940620,26,0
8034580,,,2940621,27,0
8034580,,,2940622,28,0
8034580,08:30:00,08:30:00,2976974,29,1
8034580,,,2976975,30,0
8034580,,,2976976,31,0
8034580,,,2976977,32,0
8034580,,,2976978,33,0
8034580,,,2976979,34,0
8034580,,,2976980,35,0
8034580,,,2976981,36,0
8034580,,,2976982,37,0
8034580,,,2976983,38,0
8034580,08:32:00,08:32:00,2946972,39,1
8034580,,,2976984,40,0
8034580,,,2976985,41,0
8034580,,,2976986,42,0
8034580,,,2976987,43,0
8034580,,,2976988,44,0
8034580,,,2976989,45,0
8034580,,,2976990,46,0
8034580,08:40:00,08:40:00,2976991,47,1
8034580,,,2976992,48,0
8034580,,,2976993,49,0
8034580,,,2977487,50,0
8034580,,,2977488,51,0
8034580,,,2977490,52,0
8034580,,,2977492,53,0
8034580,,,2977494,54,0
8034580,,,2977497,55,0
8034580,,,2977498,56,0
8034580,08:45:00,08:45:00,2977499,57,1
8034580,,,2977500,58,0
8034580,,,2977501,59,0
8034580,,,2977502,60,0
8034580,,,2977503,61,0
8034580,,,2977504,62,0
8034580,,,2977558,63,0
8034580,,,2977559,64,0
8034580,,,2977560,65,0
8034580,,,2977561,66,0
8034580,,,2977562,67,0
8034580,,,2977563,68,0
8034580,,,2977564,69,0
8034580,,,2977565,70,0
8034580,09:01:00,09:01:00,2759335,71,1
8034581,09:10:00,09:10:00,2759346,0,1
8034581,,,2940595,1,0
8034581,,,2940596,2,0
8034581,,,2940597,3,0
8034581,,,2940598,4,0
8034581,,,2940599,5,0
8034581,,,2940600,6,0
8034581,,,2940601,7,0
8034581,,,2940602,8,0
8034581,,,2940603,9,0
8034581,,,2940604,10,0
8034581,,,2940605,11,0
8034581,,,2940606,12,0
8034581,,,2940607,13,0
8034581,,,2940608,14,0
8034581,09:22:00,09:22:00,2940609,15,1
8034581,,,2940610,16,0
8034581,,,2940611,17,0
8034581,,,2940612,18,0
8034581,,,2940613,19,0
8034581,09:24:00,09:24:00,2940614,20,1
8034581,,,2940615,21,0
8034581,,,2940616,22,0
8034581,,,2940617,23,0
8034581,,,2940618,24,0
8034581,,,2940619,25,0
8034581,,,2940620,26,0
8034581,,,2940621,27,0
8034581,,,2940622,28,0
8034581,09:30:00,09:30:00,2976974,29,1
8034581,,,2976975,30,0
8034581,,,2976976,31,0
8034581,,,2976977,32,0
8034581,,,2976978,33,0
8034581,,,2976979,34,0
8034581,,,2976980,35,0
8034581,,,2976981,36,0
8034581,,,2976982,37,0
8034581,,,2976983,38,0
8034581,09:32:00,09:32:00,2946972,39,1
8034581,,,2976984,40,0
8034581,,,2976985,41,0
8034581,,,2976986,42,0
8034581,,,2976987,43,0
8034581,,,2976988,44,0
8034581,,,2976989,45,0
8034581,,,2976990,46,0
8034581,09:40:00,09:40:00,2976991,47,1
8034581,,,2976992,48,0
8034581,,,2976993,49,0
8034581,,,2977487,50,0
8034581,,,2977488,51,0
8034581,,,2977490,52,0
8034581,,,2977492,53,0
8034581,,,2977494,54,0
8034581,,,2977497,55,0
8034581,,,2977498,56,0
8034581,09:45:00,09:45:00,2977499,57,1
8034581,,,2977500,58,0
8034581,,,2977501,59,0
8034581,,,2977502,60,0
8034581,,,2977503,61,0
8034581,,,2977504,62,0
8034581,,,2977558,63,0
8034581,,,2977559,64,0
8034581,,,2977560,65,0
8034581,,,2977561,66,0
8034581,,,2977562,67,0
8034581,,,2977563,68,0
8034581,,,2977564,69,0
8034581,,,2977565,70,0
8034581,10:01:00,10:01:00,2759335,71,1
8034582,10:10:00,10:10:00,2759346,0,1
8034582,,,2940595,1,0
8034582,,,2940596,2,0
8034582,,,2940597,3,0
8034582,,,2940598,4,0
8034582,,,2940599,5,0
8034582,,,2940600,6,0
8034582,,,2940601,7,0
8034582,,,2940602,8,0
8034582,,,2940603,9,0
8034582,,,2940604,10,0
8034582,,,2940605,11,0
8034582,,,2940606,12,0
8034582,,,2940607,13,0
8034582,,,2940608,14,0
8034582,10:22:00,10:22:00,2940609,15,1
8034582,,,2940610,16,0
8034582,,,2940611,17,0
8034582,,,2940612,18,0
8034582,,,2940613,19,0
8034582,10:24:00,10:24:00,2940614,20,1
8034582,,,2940615,21,0
8034582,,,2940616,22,0
8034582,,,2940617,23,0
8034582,,,2940618,24,0
8034582,,,2940619,25,0
8034582,,,2940620,26,0
8034582,,,2940621,27,0
8034582,,,2940622,28,0
8034582,10:30:00,10:30:00,2976974,29,1
8034582,,,2976975,30,0
8034582,,,2976976,31,0
8034582,,,2976977,32,0
8034582,,,2976978,33,0
8034582,,,2976979,34,0
8034582,,,2976980,35,0
8034582,,,2976981,36,0
8034582,,,2976982,37,0
8034582,,,2976983,38,0
8034582,10:32:00,10:32:00,2946972,39,1
8034582,,,2976984,40,0
8034582,,,2976985,41,0
8034582,,,2976986,42,0
8034582,,,2976987,43,0
8034582,,,2976988,44,0
8034582,,,2976989,45,0
8034582,,,2976990,46,0
8034582,10:40:00,10:40:00,2976991,47,1
8034582,,,2976992,48,0
8034582,,,2976993,49,0
8034582,,,2977487,50,0
8034582,,,2977488,51,0
8034582,,,2977490,52,0
8034582,,,2977492,53,0
8034582,,,2977494,54,0
8034582,,,2977497,55,0
8034582,,,2977498,56,0
8034582,10:45:00,10:45:00,2977499,57,1
8034582,,,2977500,58,0
8034582,,,2977501,59,0
8034582,,,2977502,60,0
8034582,,,2977503,61,0
8034582,,,2977504,62,0
8034582,,,2977558,63,0
8034582,,,2977559,64,0
8034582,,,2977560,65,0
8034582,,,2977561,66,0
8034582,,,2977562,67,0
8034582,,,2977563,68,0
8034582,,,2977564,69,0
8034582,,,2977565,70,0
8034582,11:01:00,11:01:00,2759335,71,1
8034583,11:10:00,11:10:00,2759346,0,1
8034583,,,2940595,1,0
8034583,,,2940596,2,0
8034583,,,2940597,3,0
8034583,,,2940598,4,0
8034583,,,2940599,5,0
8034583,,,2940600,6,0
8034583,,,2940601,7,0
8034583,,,2940602,8,0
8034583,,,2940603,9,0
8034583,,,2940604,10,0
8034583,,,2940605,11,0
8034583,,,2940606,12,0
8034583,,,2940607,13,0
8034583,,,2940608,14,0
8034583,11:22:00,11:22:00,2940609,15,1
8034583,,,2940610,16,0
8034583,,,2940611,17,0
8034583,,,2940612,18,0
8034583,,,2940613,19,0
8034583,11:24:00,11:24:00,2940614,20,1
8034583,,,2940615,21,0
8034583,,,2940616,22,0
8034583,,,2940617,23,0
8034583,,,2940618,24,0
8034583,,,2940619,25,0
8034583,,,2940620,26,0
8034583,,,2940621,27,0
8034583,,,2940622,28,0
8034583,11:30:00,11:30:00,2976974,29,1
8034583,,,2976975,30,0
8034583,,,2976976,31,0
8034583,,,2976977,32,0
8034583,,,2976978,33,0
8034583,,,2976979,34,0
8034583,,,2976980,35,0
8034583,,,2976981,36,0
8034583,,,2976982,37,0
8034583,,,2976983,38,0
8034583,11:32:00,11:32:00,2946972,39,1
8034583,,,2976984,40,0
8034583,,,2976985,41,0
8034583,,,2976986,42,0
8034583,,,2976987,43,0
8034583,,,2976988,44,0
8034583,,,2976989,45,0
8034583,,,2976990,46,0
8034583,11:40:00,11:40:00,2976991,47,1
8034583,,,2976992,48,0
8034583,,,2976993,49,0
8034583,,,2977487,50,0
8034583,,,2977488,51,0
8034583,,,2977490,52,0
8034583,,,2977492,53,0
8034583,,,2977494,54,0
8034583,,,2977497,55,0
8034583,,,2977498,56,0
8034583,11:45:00,11:45:00,2977499,57,1
8034583,,,2977500,58,0
8034583,,,2977501,59,0
8034583,,,2977502,60,0
8034583,,,2977503,61,0
8034583,,,2977504,62,0
8034583,,,2977558,63,0
8034583,,,2977559,64,0
8034583,,,2977560,65,0
8034583,,,2977561,66,0
8034583,,,2977562,67,0
8034583,,,2977563,68,0
8034583,,,2977564,69,0
8034583,,,2977565,70,0
8034583,12:01:00,12:01:00,2759335,71,1
8034584,12:10:00,12:10:00,2759346,0,1
8034584,,,2940595,1,0
8034584,,,2940596,2,0
8034584,,,2940597,3,0
8034584,,,2940598,4,0
8034584,,,2940599,5,0
8034584,,,2940600,6,0
8034584,,,2940601,7,0
8034584,,,2940602,8,0
8034584,,,2940603,9,0
8034584,,,2940604,10,0
8034584,,,2940605,11,0
8034584,,,2940606,12,0
8034584,,,2940607,13,0
8034584,,,2940608,14,0
8034584,12:22:00,12:22:00,2940609,15,1
8034584,,,2940610,16,0
8034584,,,2940611,17,0
8034584,,,2940612,18,0
8034584,,,2940613,19,0
8034584,12:24:00,12:24:00,2940614,20,1
8034584,,,2940615,21,0
8034584,,,2940616,22,0
8034584,,,2940617,23,0
8034584,,,2940618,24,0
8034584,,,2940619,25,0
8034584,,,2940620,26,0
8034584,,,2940621,27,0
8034584,,,2940622,28,0
8034584,12:30:00,12:30:00,2976974,29,1
8034584,,,2976975,30,0
8034584,,,2976976,31,0
8034584,,,2976977,32,0
8034584,,,2976978,33,0
8034584,,,2976979,34,0
8034584,,,2976980,35,0
8034584,,,2976981,36,0
8034584,,,2976982,37,0
8034584,,,2976983,38,0
8034584,12:32:00,12:32:00,2946972,39,1
8034584,,,2976984,40,0
8034584,,,2976985,41,0
8034584,,,2976986,42,0
8034584,,,2976987,43,0
8034584,,,2976988,44,0
8034584,,,2976989,45,0
8034584,,,2976990,46,0
8034584,12:40:00,12:40:00,2976991,47,1
8034584,,,2976992,48,0
8034584,,,2976993,49,0
8034584,,,2977487,50,0
8034584,,,2977488,51,0
8034584,,,2977490,52,0
8034584,,,2977492,53,0
8034584,,,2977494,54,0
8034584,,,2977497,55,0
8034584,,,2977498,56,0
8034584,12:45:00,12:45:00,2977499,57,1
8034584,,,2977500,58,0
8034584,,,2977501,59,0
8034584,,,2977502,60,0
8034584,,,2977503,61,0
8034584,,,2977504,62,0
8034584,,,2977558,63,0
8034584,,,2977559,64,0
8034584,,,2977560,65,0
8034584,,,2977561,66,0
8034584,,,2977562,67,0
8034584,,,2977563,68,0
8034584,,,2977564,69,0
8034584,,,2977565,70,0
8034584,13:01:00,13:01:00,2759335,71,1
8034585,13:10:00,13:10:00,2759346,0,1
8034585,,,2940595,1,0
8034585,,,2940596,2,0
8034585,,,2940597,3,0
8034585,,,2940598,4,0
8034585,,,2940599,5,0
8034585,,,2940600,6,0
8034585,,,2940601,7,0
8034585,,,2940602,8,0
8034585,,,2940603,9,0
8034585,,,2940604,10,0
8034585,,,2940605,11,0
8034585,,,2940606,12,0
8034585,,,2940607,13,0
8034585,,,2940608,14,0
8034585,13:22:00,13:22:00,2940609,15,1
8034585,,,2940610,16,0
8034585,,,2940611,17,0
8034585,,,2940612,18,0
8034585,,,2940613,19,0
8034585,13:24:00,13:24:00,2940614,20,1
8034585,,,2940615,21,0
8034585,,,2940616,22,0
8034585,,,2940617,23,0
8034585,,,2940618,24,0
8034585,,,2940619,25,0
8034585,,,2940620,26,0
8034585,,,2940621,27,0
8034585,,,2940622,28,0
8034585,13:30:00,13:30:00,2976974,29,1
8034585,,,2976975,30,0
8034585,,,2976976,31,0
8034585,,,2976977,32,0
8034585,,,2976978,33,0
8034585,,,2976979,34,0
8034585,,,2976980,35,0
8034585,,,2976981,36,0
8034585,,,2976982,37,0
8034585,,,2976983,38,0
8034585,13:32:00,13:32:00,2946972,39,1
8034585,,,2976984,40,0
8034585,,,2976985,41,0
8034585,,,2976986,42,0
8034585,,,2976987,43,0
8034585,,,2976988,44,0
8034585,,,2976989,45,0
8034585,,,2976990,46,0
8034585,13:40:00,13:40:00,2976991,47,1
8034585,,,2976992,48,0
8034585,,,2976993,49,0
8034585,,,2977487,50,0
8034585,,,2977488,51,0
8034585,,,2977490,52,0
8034585,,,2977492,53,0
8034585,,,2977494,54,0
8034585,,,2977497,55,0
8034585,,,2977498,56,0
8034585,13:45:00,13:45:00,2977499,57,1
8034585,,,2977500,58,0
8034585,,,2977501,59,0
8034585,,,2977502,60,0
8034585,,,2977503,61,0
8034585,,,2977504,62,0
8034585,,,2977558,63,0
8034585,,,2977559,64,0
8034585,,,2977560,65,0
8034585,,,2977561,66,0
8034585,,,2977562,67,0
8034585,,,2977563,68,0
8034585,,,2977564,69,0
8034585,,,2977565,70,0
8034585,14:01:00,14:01:00,2759335,71,1
8034586,14:10:00,14:10:00,2759346,0,1
8034586,,,2940595,1,0
8034586,,,2940596,2,0
8034586,,,2940597,3,0
8034586,,,2940598,4,0
8034586,,,2940599,5,0
8034586,,,2940600,6,0
8034586,,,2940601,7,0
8034586,,,2940602,8,0
8034586,,,2940603,9,0
8034586,,,2940604,10,0
8034586,,,2940605,11,0
8034586,,,2940606,12,0
8034586,,,2940607,13,0
8034586,,,2940608,14,0
8034586,14:22:00,14:22:00,2940609,15,1
8034586,,,2940610,16,0
8034586,,,2940611,17,0
8034586,,,2940612,18,0
8034586,,,2940613,19,0
8034586,14:24:00,14:24:00,2940614,20,1
8034586,,,2940615,21,0
8034586,,,2940616,22,0
8034586,,,2940617,23,0
8034586,,,2940618,24,0
8034586,,,2940619,25,0
8034586,,,2940620,26,0
8034586,,,2940621,27,0
8034586,,,2940622,28,0
8034586,14:30:00,14:30:00,2976974,29,1
8034586,,,2976975,30,0
8034586,,,2976976,31,0
8034586,,,2976977,32,0
8034586,,,2976978,33,0
8034586,,,2976979,34,0
8034586,,,2976980,35,0
8034586,,,2976981,36,0
8034586,,,2976982,37,0
8034586,,,2976983,38,0
8034586,14:32:00,14:32:00,2946972,39,1
8034586,,,2976984,40,0
8034586,,,2976985,41,0
8034586,,,2976986,42,0
8034586,,,2976987,43,0
8034586,,,2976988,44,0
8034586,,,2976989,45,0
8034586,,,2976990,46,0
8034586,14:40:00,14:40:00,2976991,47,1
8034586,,,2976992,48,0
8034586,,,2976993,49,0
8034586,,,2977487,50,0
8034586,,,2977488,51,0
8034586,,,2977490,52,0
8034586,,,2977492,53,0
8034586,,,2977494,54,0
8034586,,,2977497,55,0
8034586,,,2977498,56,0
8034586,14:45:00,14:45:00,2977499,57,1
8034586,,,2977500,58,0
8034586,,,2977501,59,0
8034586,,,2977502,60,0
8034586,,,2977503,61,0
8034586,,,2977504,62,0
8034586,,,2977558,63,0
8034586,,,2977559,64,0
8034586,,,2977560,65,0
8034586,,,2977561,66,0
8034586,,,2977562,67,0
8034586,,,2977563,68,0
8034586,,,2977564,69,0
8034586,,,2977565,70,0
8034586,15:01:00,15:01:00,2759335,71,1
8034587,15:10:00,15:10:00,2759346,0,1
8034587,,,2940595,1,0
8034587,,,2940596,2,0
8034587,,,2940597,3,0
8034587,,,2940598,4,0
8034587,,,2940599,5,0
8034587,,,2940600,6,0
8034587,,,2940601,7,0
8034587,,,2940602,8,0
8034587,,,2940603,9,0
8034587,,,2940604,10,0
8034587,,,2940605,11,0
8034587,,,2940606,12,0
8034587,,,2940607,13,0
8034587,,,2940608,14,0
8034587,15:22:00,15:22:00,2940609,15,1
8034587,,,2940610,16,0
8034587,,,2940611,17,0
8034587,,,2940612,18,0
8034587,,,2940613,19,0
8034587,15:24:00,15:24:00,2940614,20,1
8034587,,,2940615,21,0
8034587,,,2940616,22,0
8034587,,,2940617,23,0
8034587,,,2940618,24,0
8034587,,,2940619,25,0
8034587,,,2940620,26,0
8034587,,,2940621,27,0
8034587,,,2940622,28,0
8034587,15:30:00,15:30:00,2976974,29,1
8034587,,,2976975,30,0
8034587,,,2976976,31,0
8034587,,,2976977,32,0
8034587,,,2976978,33,0
8034587,,,2976979,34,0
8034587,,,2976980,35,0
8034587,,,2976981,36,0
8034587,,,2976982,37,0
8034587,,,2976983,38,0
8034587,15:32:00,15:32:00,2946972,39,1
8034587,,,2976984,40,0
8034587,,,2976985,41,0
8034587,,,2976986,42,0
8034587,,,2976987,43,0
8034587,,,2976988,44,0
8034587,,,2976989,45,0
8034587,,,2976990,46,0
8034587,15:40:00,15:40:00,2976991,47,1
8034587,,,2976992,48,0
8034587,,,2976993,49,0
8034587,,,2977487,50,0
8034587,,,2977488,51,0
8034587,,,2977490,52,0
8034587,,,2977492,53,0
8034587,,,2977494,54,0
8034587,,,2977497,55,0
8034587,,,2977498,56,0
8034587,15:45:00,15:45:00,2977499,57,1
8034587,,,2977500,58,0
8034587,,,2977501,59,0
8034587,,,2977502,60,0
8034587,,,2977503,61,0
8034587,,,2977504,62,0
8034587,,,2977558,63,0
8034587,,,2977559,64,0
8034587,,,2977560,65,0
8034587,,,2977561,66,0
8034587,,,2977562,67,0
8034587,,,2977563,68,0
8034587,,,2977564,69,0
8034587,,,2977565,70,0
8034587,16:01:00,16:01:00,2759335,71,1
8034588,16:10:00,16:10:00,2759346,0,1
8034588,,,2940595,1,0
8034588,,,2940596,2,0
8034588,,,2940597,3,0
8034588,,,2940598,4,0
8034588,,,2940599,5,0
8034588,,,2940600,6,0
8034588,,,2940601,7,0
8034588,,,2940602,8,0
8034588,,,2940603,9,0
8034588,,,2940604,10,0
8034588,,,2940605,11,0
8034588,,,2940606,12,0
8034588,,,2940607,13,0
8034588,,,2940608,14,0
8034588,16:22:00,16:22:00,2940609,15,1
8034588,,,2940610,16,0
8034588,,,2940611,17,0
8034588,,,2940612,18,0
8034588,,,2940613,19,0
8034588,16:24:00,16:24:00,2940614,20,1
8034588,,,2940615,21,0
8034588,,,2940616,22,0
8034588,,,2940617,23,0
8034588,,,2940618,24,0
8034588,,,2940619,25,0
8034588,,,2940620,26,0
8034588,,,2940621,27,0
8034588,,,2940622,28,0
8034588,16:30:00,16:30:00,2976974,29,1
8034588,,,2976975,30,0
8034588,,,2976976,31,0
8034588,,,2976977,32,0
8034588,,,2976978,33,0
8034588,,,2976979,34,0
8034588,,,2976980,35,0
8034588,,,2976981,36,0
8034588,,,2976982,37,0
8034588,,,2976983,38,0
8034588,16:32:00,16:32:00,2946972,39,1
8034588,,,2976984,40,0
8034588,,,2976985,41,0
8034588,,,2976986,42,0
8034588,,,2976987,43,0
8034588,,,2976988,44,0
8034588,,,2976989,45,0
8034588,,,2976990,46,0
8034588,16:40:00,16:40:00,2976991,47,1
8034588,,,2976992,48,0
8034588,,,2976993,49,0
8034588,,,2977487,50,0
8034588,,,2977488,51,0
8034588,,,2977490,52,0
8034588,,,2977492,53,0
8034588,,,2977494,54,0
8034588,,,2977497,55,0
8034588,,,2977498,56,0
8034588,16:45:00,16:45:00,2977499,57,1
8034588,,,2977500,58,0
8034588,,,2977501,59,0
8034588,,,2977502,60,0
8034588,,,2977503,61,0
8034588,,,2977504,62,0
8034588,,,2977558,63,0
8034588,,,2977559,64,0
8034588,,,2977560,65,0
8034588,,,2977561,66,0
8034588,,,2977562,67,0
8034588,,,2977563,68,0
8034588,,,2977564,69,0
8034588,,,2977565,70,0
8034588,17:01:00,17:01:00,2759335,71,1
8034589,17:10:00,17:10:00,2759346,0,1
8034589,,,2940595,1,0
8034589,,,2940596,2,0
8034589,,,2940597,3,0
8034589,,,2940598,4,0
8034589,,,2940599,5,0
8034589,,,2940600,6,0
8034589,,,2940601,7,0
8034589,,,2940602,8,0
8034589,,,2940603,9,0
8034589,,,2940604,10,0
8034589,,,2940605,11,0
8034589,,,2940606,12,0
8034589,,,2940607,13,0
8034589,,,2940608,14,0
8034589,17:22:00,17:22:00,2940609,15,1
8034589,,,2940610,16,0
8034589,,,2940611,17,0
8034589,,,2940612,18,0
8034589,,,2940613,19,0
8034589,17:24:00,17:24:00,2940614,20,1
8034589,,,2940615,21,0
8034589,,,2940616,22,0
8034589,,,2940617,23,0
8034589,,,2940618,24,0
8034589,,,2940619,25,0
8034589,,,2940620,26,0
8034589,,,2940621,27,0
8034589,,,2940622,28,0
8034589,17:30:00,17:30:00,2976974,29,1
8034589,,,2976975,30,0
8034589,,,2976976,31,0
8034589,,,2976977,32,0
8034589,,,2976978,33,0
8034589,,,2976979,34,0
8034589,,,2976980,35,0
8034589,,,2976981,36,0
8034589,,,2976982,37,0
8034589,,,2976983,38,0
8034589,17:32:00,17:32:00,2946972,39,1
8034589,,,2976984,40,0
8034589,,,2976985,41,0
8034589,,,2976986,42,0
8034589,,,2976987,43,0
8034589,,,2976988,44,0
8034589,,,2976989,45,0
8034589,,,2976990,46,0
8034589,17:40:00,17:40:00,2976991,47,1
8034589,,,2976992,48,0
8034589,,,2976993,49,0
8034589,,,2977487,50,0
8034589,,,2977488,51,0
8034589,,,2977490,52,0
8034589,,,2977492,53,0
8034589,,,2977494,54,0
8034589,,,2977497,55,0
8034589,,,2977498,56,0
8034589,17:45:00,17:45:00,2977499,57,1
8034589,,,2977500,58,0
8034589,,,2977501,59,0
8034589,,,2977502,60,0
8034589,,,2977503,61,0
8034589,,,2977504,62,0
8034589,,,2977558,63,0
8034589,,,2977559,64,0
8034589,,,2977560,65,0
8034589,,,2977561,66,0
8034589,,,2977562,67,0
8034589,,,2977563,68,0
8034589,,,2977564,69,0
8034589,,,2977565,70,0
8034589,18:01:00,18:01:00,2759335,71,1
8034590,18:10:00,18:10:00,2759346,0,1
8034590,,,2940595,1,0
8034590,,,2940596,2,0
8034590,,,2940597,3,0
8034590,,,2940598,4,0
8034590,,,2940599,5,0
8034590,,,2940600,6,0
8034590,,,2940601,7,0
8034590,,,2940602,8,0
8034590,,,2940603,9,0
8034590,,,2940604,10,0
8034590,,,2940605,11,0
8034590,,,2940606,12,0
8034590,,,2940607,13,0
8034590,,,2940608,14,0
8034590,18:22:00,18:22:00,2940609,15,1
8034590,,,2940610,16,0
8034590,,,2940611,17,0
8034590,,,2940612,18,0
8034590,,,2940613,19,0
8034590,18:24:00,18:24:00,2940614,20,1
8034590,,,2940615,21,0
8034590,,,2940616,22,0
8034590,,,2940617,23,0
8034590,,,2940618,24,0
8034590,,,2940619,25,0
8034590,,,2940620,26,0
8034590,,,2940621,27,0
8034590,,,2940622,28,0
8034590,18:30:00,18:30:00,2976974,29,1
8034590,,,2976975,30,0
8034590,,,2976976,31,0
8034590,,,2976977,32,0
8034590,,,2976978,33,0
8034590,,,2976979,34,0
8034590,,,2976980,35,0
8034590,,,2976981,36,0
8034590,,,2976982,37,0
8034590,,,2976983,38,0
8034590,18:32:00,18:32:00,2946972,39,1
8034590,,,2976984,40,0
8034590,,,2976985,41,0
8034590,,,2976986,42,0
8034590,,,2976987,43,0
8034590,,,2976988,44,0
8034590,,,2976989,45,0
8034590,,,2976990,46,0
8034590,18:40:00,18:40:00,2976991,47,1
8034590,,,2976992,48,0
8034590,,,2976993,49,0
8034590,,,2977487,50,0
8034590,,,2977488,51,0
8034590,,,2977490,52,0
8034590,,,2977492,53,0
8034590,,,2977494,54,0
8034590,,,2977497,55,0
8034590,,,2977498,56,0
8034590,18:45:00,18:45:00,2977499,57,1
8034590,,,2977500,58,0
8034590,,,2977501,59,0
8034590,,,2977502,60,0
8034590,,,2977503,61,0
8034590,,,2977504,62,0
8034590,,,2977558,63,0
8034590,,,2977559,64,0
8034590,,,2977560,65,0
8034590,,,2977561,66,0
8034590,,,2977562,67,0
8034590,,,2977563,68,0
8034590,,,2977564,69,0
8034590,,,2977565,70,0
8034590,19:01:00,19:01:00,2759335,71,1
7953466,06:30:00,06:30:00,2759362,0,1
7953466,06:35:00,06:35:00,2928707,1,1
7953466,,,2928708,2,0
7953466,,,2928709,3,0
7953466,,,2928710,4,0
7953466,,,2928711,5,0
7953466,,,2928712,6,0
7953466,,,2928713,7,0
7953466,,,2928714,8,0
7953466,,,2928715,9,0
7953466,,,2928716,10,0
7953466,06:41:00,06:41:00,2933815,11,1
7953466,,,2933816,12,0
7953466,,,2933817,13,0
7953466,,,2933818,14,0
7953466,,,2933835,15,0
7953466,06:46:00,06:46:00,2933836,16,1
7953466,,,2933819,17,0
7953466,,,2933820,18,0
7953466,,,2933821,19,0
7953466,,,2933822,20,0
7953466,,,2933823,21,0
7953466,06:51:00,06:51:00,2933824,22,1
7953466,,,2933825,23,0
7953466,,,2933826,24,0
7953466,,,2933827,25,0
7953466,,,2933828,26,0
7953466,,,2933829,27,0
7953466,,,2933830,28,0
7953466,,,2933831,29,0
7953466,,,2933832,30,0
7953466,,,2933833,31,0
7953466,,,2933834,32,0
7953466,07:02:00,07:02:00,2759335,33,1
7954171,17:10:00,17:10:00,2759346,0,1
7954171,,,2927977,1,0
7954171,,,2927978,2,0
7954171,,,2927979,3,0
7954171,,,2927980,4,0
7954171,,,2927981,5,0
7954171,,,2927982,6,0
7954171,17:15:00,17:15:00,2933837,7,1
7954171,,,2927983,8,0
7954171,,,2927984,9,0
7954171,,,2927985,10,0
7954171,,,2927986,11,0
7954171,17:21:00,17:21:00,2933838,12,1
7954171,,,2927987,13,0
7954171,17:26:00,17:26:00,2927988,14,1
7954171,,,2927989,15,0
7954171,,,2927990,16,0
7954171,,,2927991,17,0
7954171,,,2927992,18,0
7954171,,,2927993,19,0
7954171,,,2928387,20,0
7954171,,,2928388,21,0
7954171,,,2928389,22,0
7954171,,,2928702,23,0
7954171,17:35:00,17:35:00,2928707,24,1
7954171,,,2928708,25,0
7954171,,,2928709,26,0
7954171,,,2928710,27,0
7954171,,,2928711,28,0
7954171,,,2928712,29,0
7954171,,,2928713,30,0
7954171,,,2928714,31,0
7954171,,,2928715,32,0
7954171,,,2928716,33,0
7954171,17:41:00,17:41:00,2933815,34,1
7954171,,,2933816,35,0
7954171,,,2933817,36,0
7954171,,,2933818,37,0
7954171,,,2933835,38,0
7954171,17:46:00,17:46:00,2933836,39,1
7954171,,,2933819,40,0
7954171,,,2933820,41,0
7954171,,,2933821,42,0
7954171,,,2933822,43,0
7954171,,,2933823,44,0
7954171,17:51:00,17:51:00,2933824,45,1
7954171,,,2933825,46,0
7954171,,,2933826,47,0
7954171,,,2933827,48,0
7954171,,,2933828,49,0
7954171,,,2933829,50,0
7954171,,,2933830,51,0
7954171,,,2933831,52,0
7954171,,,2933832,53,0
7954171,,,2933833,54,0
7954171,,,2933834,55,0
7954171,18:02:00,18:02:00,2759335,56,1
7954172,23:10:00,23:10:00,2759346,0,1
7954172,,,2927977,1,0
7954172,,,2927978,2,0
7954172,,,2927979,3,0
7954172,,,2927980,4,0
7954172,,,2927981,5,0
7954172,,,2927982,6,0
7954172,23:15:00,23:15:00,2933837,7,1
7954172,,,2927983,8,0
7954172,,,2927984,9,0
7954172,,,2927985,10,0
7954172,,,2927986,11,0
7954172,23:21:00,23:21:00,2933838,12,1
7954172,,,2927987,13,0
7954172,23:26:00,23:26:00,2927988,14,1
7954172,,,2927989,15,0
7954172,,,2927990,16,0
7954172,,,2927991,17,0
7954172,,,2927992,18,0
7954172,,,2927993,19,0
7954172,,,2928387,20,0
7954172,,,2928388,21,0
7954172,,,2928389,22,0
7954172,,,2928702,23,0
7954172,,,2928703,24,0
7954172,,,2928704,25,0
7954172,,,2928705,26,0
7954172,23:30:00,23:30:00,2759362,27,1
7954172,23:35:00,23:35:00,2928707,28,1
8055017,06:40:00,06:40:00,2759346,0,1
8055017,06:43:00,06:43:00,2937782,1,1
8055017,,,2937783,2,0
8055017,,,2940542,3,0
8055017,,,2940543,4,0
8055017,,,2940544,5,0
8055017,,,2940545,6,0
8055017,,,2940546,7,0
8055017,,,2940547,8,0
8055017,,,2940548,9,0
8055017,,,2940549,10,0
8055017,,,2940550,11,0
8055017,,,2940551,12,0
8055017,06:49:00,06:49:00,2940552,13,1
8055017,,,2940553,14,0
8055017,,,2940554,15,0
8055017,06:51:00,06:51:00,2940555,16,1
8055017,,,2940556,17,0
8055017,,,2940557,18,0
8055017,,,2940558,19,0
8055017,,,2940559,20,0
8055017,,,2940560,21,0
8055017,06:55:00,06:55:00,2940561,22,1
8055017,,,2940562,23,0
8055017,,,2940563,24,0
8055017,06:58:00,06:58:00,2933816,25,1
8055017,,,2933817,26,0
8055017,,,2940564,27,0
8055017,,,2940565,28,0
8055017,,,2940566,29,0
8055017,07:01:00,07:01:00,2940567,30,1
8055017,,,2940568,31,0
8055017,07:06:00,07:06:00,2759335,32,1
8055018,07:10:00,07:10:00,2759346,0,1
8055018,07:13:00,07:13:00,2937782,1,1
8055018,,,2937783,2,0
8055018,,,2940542,3,0
8055018,,,2940543,4,0
8055018,,,2940544,5,0
8055018,,,2940545,6,0
8055018,,,2940546,7,0
8055018,,,2940547,8,0
8055018,,,2940548,9,0
8055018,,,2940549,10,0
8055018,,,2940550,11,0
8055018,,,2940551,12,0
8055018,07:19:00,07:19:00,2940552,13,1
8055018,,,2940553,14,0
8055018,,,2940554,15,0
8055018,07:21:00,07:21:00,2940555,16,1
8055018,,,2940556,17,0
8055018,,,2940557,18,0
8055018,,,2940558,19,0
8055018,,,2940559,20,0
8055018,,,2940560,21,0
8055018,07:25:00,07:25:00,2940561,22,1
8055018,,,2940562,23,0
8055018,,,2940563,24,0
8055018,07:28:00,07:28:00,2933816,25,1
8055018,,,2933817,26,0
8055018,,,2940564,27,0
8055018,,,2940565,28,0
8055018,,,2940566,29,0
8055018,07:31:00,07:31:00,2940567,30,1
8055018,,,2940568,31,0
8055018,07:36:00,07:36:00,2759335,32,1
8055019,07:40:00,07:40:00,2759346,0,1
8055019,07:43:00,07:43:00,2937782,1,1
8055019,,,2937783,2,0
8055019,,,2940542,3,0
8055019,,,2940543,4,0
8055019,,,2940544,5,0
8055019,,,2940545,6,0
8055019,,,2940546,7,0
8055019,,,2940547,8,0
8055019,,,2940548,9,0
8055019,,,2940549,10,0
8055019,,,2940550,11,0
8055019,,,2940551,12,0
8055019,07:49:00,07:49:00,2940552,13,1
8055019,,,2940553,14,0
8055019,,,2940554,15,0
8055019,07:51:00,07:51:00,2940555,16,1
8055019,,,2940556,17,0
8055019,,,2940557,18,0
8055019,,,2940558,19,0
8055019,,,2940559,20,0
8055019,,,2940560,21,0
8055019,07:55:00,07:55:00,2940561,22,1
8055019,,,2940562,23,0
8055019,,,2940563,24,0
8055019,07:58:00,07:58:00,2933816,25,1
8055019,,,2933817,26,0
8055019,,,2940564,27,0
8055019,,,2940565,28,0
8055019,,,2940566,29,0
8055019,08:01:00,08:01:00,2940567,30,1
8055019,,,2940568,31,0
8055019,08:06:00,08:06:00,2759335,32,1
8055020,08:10:00,08:10:00,2759346,0,1
8055020,08:13:00,08:13:00,2937782,1,1
8055020,,,2937783,2,0
8055020,,,2940542,3,0
8055020,,,2940543,4,0
8055020,,,2940544,5,0
8055020,,,2940545,6,0
8055020,,,2940546,7,0
8055020,,,2940547,8,0
8055020,,,2940548,9,0
8055020,,,2940549,10,0
8055020,,,2940550,11,0
8055020,,,2940551,12,0
8055020,08:19:00,08:19:00,2940552,13,1
8055020,,,2940553,14,0
8055020,,,2940554,15,0
8055020,08:21:00,08:21:00,2940555,16,1
8055020,,,2940556,17,0
8055020,,,2940557,18,0
8055020,,,2940558,19,0
8055020,,,2940559,20,0
8055020,,,2940560,21,0
8055020,08:25:00,08:25:00,2940561,22,1
8055020,,,2940562,23,0
8055020,,,2940563,24,0
8055020,08:28:00,08:28:00,2933816,25,1
8055020,,,2933817,26,0
8055020,,,2940564,27,0
8055020,,,2940565,28,0
8055020,,,2940566,29,0
8055020,08:31:00,08:31:00,2940567,30,1
8055020,,,2940568,31,0
8055020,08:36:00,08:36:00,2759335,32,1
8055021,08:40:00,08:40:00,2759346,0,1
8055021,08:43:00,08:43:00,2937782,1,1
8055021,,,2937783,2,0
8055021,,,2940542,3,0
8055021,,,2940543,4,0
8055021,,,2940544,5,0
8055021,,,2940545,6,0
8055021,,,2940546,7,0
8055021,,,2940547,8,0
8055021,,,2940548,9,0
8055021,,,2940549,10,0
8055021,,,2940550,11,0
8055021,,,2940551,12,0
8055021,08:49:00,08:49:00,2940552,13,1
8055021,,,2940553,14,0
8055021,,,2940554,15,0
8055021,08:51:00,08:51:00,2940555,16,1
8055021,,,2940556,17,0
8055021,,,2940557,18,0
8055021,,,2940558,19,0
8055021,,,2940559,20,0
8055021,,,2940560,21,0
8055021,08:55:00,08:55:00,2940561,22,1
8055021,,,2940562,23,0
8055021,,,2940563,24,0
8055021,08:58:00,08:58:00,2933816,25,1
8055021,,,2933817,26,0
8055021,,,2940564,27,0
8055021,,,2940565,28,0
8055021,,,2940566,29,0
8055021,09:01:00,09:01:00,2940567,30,1
8055021,,,2940568,31,0
8055021,09:06:00,09:06:00,2759335,32,1
8055022,09:10:00,09:10:00,2759346,0,1
8055022,09:13:00,09:13:00,2937782,1,1
8055022,,,2937783,2,0
8055022,,,2940542,3,0
8055022,,,2940543,4,0
8055022,,,2940544,5,0
8055022,,,2940545,6,0
8055022,,,2940546,7,0
8055022,,,2940547,8,0
8055022,,,2940548,9,0
8055022,,,2940549,10,0
8055022,,,2940550,11,0
8055022,,,2940551,12,0
8055022,09:19:00,09:19:00,2940552,13,1
8055022,,,2940553,14,0
8055022,,,2940554,15,0
8055022,09:21:00,09:21:00,2940555,16,1
8055022,,,2940556,17,0
8055022,,,2940557,18,0
8055022,,,2940558,19,0
8055022,,,2940559,20,0
8055022,,,2940560,21,0
8055022,09:25:00,09:25:00,2940561,22,1
8055022,,,2940562,23,0
8055022,,,2940563,24,0
8055022,09:28:00,09:28:00,2933816,25,1
8055022,,,2933817,26,0
8055022,,,2940564,27,0
8055022,,,2940565,28,0
8055022,,,2940566,29,0
8055022,09:31:00,09:31:00,2940567,30,1
8055022,,,2940568,31,0
8055022,09:36:00,09:36:00,2759335,32,1
8055023,09:40:00,09:40:00,2759346,0,1
8055023,09:43:00,09:43:00,2937782,1,1
8055023,,,2937783,2,0
8055023,,,2940542,3,0
8055023,,,2940543,4,0
8055023,,,2940544,5,0
8055023,,,2940545,6,0
8055023,,,2940546,7,0
8055023,,,2940547,8,0
8055023,,,2940548,9,0
8055023,,,2940549,10,0
8055023,,,2940550,11,0
8055023,,,2940551,12,0
8055023,09:49:00,09:49:00,2940552,13,1
8055023,,,2940553,14,0
8055023,,,2940554,15,0
8055023,09:51:00,09:51:00,2940555,16,1
8055023,,,2940556,17,0
8055023,,,2940557,18,0
8055023,,,2940558,19,0
8055023,,,2940559,20,0
8055023,,,2940560,21,0
8055023,09:55:00,09:55:00,2940561,22,1
8055023,,,2940562,23,0
8055023,,,2940563,24,0
8055023,09:58:00,09:58:00,2933816,25,1
8055023,,,2933817,26,0
8055023,,,2940564,27,0
8055023,,,2940565,28,0
8055023,,,2940566,29,0
8055023,10:01:00,10:01:00,2940567,30,1
8055023,,,2940568,31,0
8055023,10:06:00,10:06:00,2759335,32,1
8055024,10:10:00,10:10:00,2759346,0,1
8055024,10:13:00,10:13:00,2937782,1,1
8055024,,,2937783,2,0
8055024,,,2940542,3,0
8055024,,,2940543,4,0
8055024,,,2940544,5,0
8055024,,,2940545,6,0
8055024,,,2940546,7,0
8055024,,,2940547,8,0
8055024,,,2940548,9,0
8055024,,,2940549,10,0
8055024,,,2940550,11,0
8055024,,,2940551,12,0
8055024,10:19:00,10:19:00,2940552,13,1
8055024,,,2940553,14,0
8055024,,,2940554,15,0
8055024,10:21:00,10:21:00,2940555,16,1
8055024,,,2940556,17,0
8055024,,,2940557,18,0
8055024,,,2940558,19,0
8055024,,,2940559,20,0
8055024,,,2940560,21,0
8055024,10:25:00,10:25:00,2940561,22,1
8055024,,,2940562,23,0
8055024,,,2940563,24,0
8055024,10:28:00,10:28:00,2933816,25,1
8055024,,,2933817,26,0
8055024,,,2940564,27,0
8055024,,,2940565,28,0
8055024,,,2940566,29,0
8055024,10:31:00,10:31:00,2940567,30,1
8055024,,,2940568,31,0
8055024,10:36:00,10:36:00,2759335,32,1
8055025,10:40:00,10:40:00,2759346,0,1
8055025,10:43:00,10:43:00,2937782,1,1
8055025,,,2937783,2,0
8055025,,,2940542,3,0
8055025,,,2940543,4,0
8055025,,,2940544,5,0
8055025,,,2940545,6,0
8055025,,,2940546,7,0
8055025,,,2940547,8,0
8055025,,,2940548,9,0
8055025,,,2940549,10,0
8055025,,,2940550,11,0
8055025,,,2940551,12,0
8055025,10:49:00,10:49:00,2940552,13,1
8055025,,,2940553,14,0
8055025,,,2940554,15,0
8055025,10:51:00,10:51:00,2940555,16,1
8055025,,,2940556,17,0
8055025,,,2940557,18,0
8055025,,,2940558,19,0
8055025,,,2940559,20,0
8055025,,,2940560,21,0
8055025,10:55:00,10:55:00,2940561,22,1
8055025,,,2940562,23,0
8055025,,,2940563,24,0
8055025,10:58:00,10:58:00,2933816,25,1
8055025,,,2933817,26,0
8055025,,,2940564,27,0
8055025,,,2940565,28,0
8055025,,,2940566,29,0
8055025,11:01:00,11:01:00,2940567,30,1
8055025,,,2940568,31,0
8055025,11:06:00,11:06:00,2759335,32,1
8055026,11:10:00,11:10:00,2759346,0,1
8055026,11:13:00,11:13:00,2937782,1,1
8055026,,,2937783,2,0
8055026,,,2940542,3,0
8055026,,,2940543,4,0
8055026,,,2940544,5,0
8055026,,,2940545,6,0
8055026,,,2940546,7,0
8055026,,,2940547,8,0
8055026,,,2940548,9,0
8055026,,,2940549,10,0
8055026,,,2940550,11,0
8055026,,,2940551,12,0
8055026,11:19:00,11:19:00,2940552,13,1
8055026,,,2940553,14,0
8055026,,,2940554,15,0
8055026,11:21:00,11:21:00,2940555,16,1
8055026,,,2940556,17,0
8055026,,,2940557,18,0
8055026,,,2940558,19,0
8055026,,,2940559,20,0
8055026,,,2940560,21,0
8055026,11:25:00,11:25:00,2940561,22,1
8055026,,,2940562,23,0
8055026,,,2940563,24,0
8055026,11:28:00,11:28:00,2933816,25,1
8055026,,,2933817,26,0
8055026,,,2940564,27,0
8055026,,,2940565,28,0
8055026,,,2940566,29,0
8055026,11:31:00,11:31:00,2940567,30,1
8055026,,,2940568,31,0
8055026,11:36:00,11:36:00,2759335,32,1
8055027,11:40:00,11:40:00,2759346,0,1
8055027,11:43:00,11:43:00,2937782,1,1
8055027,,,2937783,2,0
8055027,,,2940542,3,0
8055027,,,2940543,4,0
8055027,,,2940544,5,0
8055027,,,2940545,6,0
8055027,,,2940546,7,0
8055027,,,2940547,8,0
8055027,,,2940548,9,0
8055027,,,2940549,10,0
8055027,,,2940550,11,0
8055027,,,2940551,12,0
8055027,11:49:00,11:49:00,2940552,13,1
8055027,,,2940553,14,0
8055027,,,2940554,15,0
8055027,11:51:00,11:51:00,2940555,16,1
8055027,,,2940556,17,0
8055027,,,2940557,18,0
8055027,,,2940558,19,0
8055027,,,2940559,20,0
8055027,,,2940560,21,0
8055027,11:55:00,11:55:00,2940561,22,1
8055027,,,2940562,23,0
8055027,,,2940563,24,0
8055027,11:58:00,11:58:00,2933816,25,1
8055027,,,2933817,26,0
8055027,,,2940564,27,0
8055027,,,2940565,28,0
8055027,,,2940566,29,0
8055027,12:01:00,12:01:00,2940567,30,1
8055027,,,2940568,31,0
8055027,12:06:00,12:06:00,2759335,32,1
8055028,12:10:00,12:10:00,2759346,0,1
8055028,12:13:00,12:13:00,2937782,1,1
8055028,,,2937783,2,0
8055028,,,2940542,3,0
8055028,,,2940543,4,0
8055028,,,2940544,5,0
8055028,,,2940545,6,0
8055028,,,2940546,7,0
8055028,,,2940547,8,0
8055028,,,2940548,9,0
8055028,,,2940549,10,0
8055028,,,2940550,11,0
8055028,,,2940551,12,0
8055028,12:19:00,12:19:00,2940552,13,1
8055028,,,2940553,14,0
8055028,,,2940554,15,0
8055028,12:21:00,12:21:00,2940555,16,1
8055028,,,2940556,17,0
8055028,,,2940557,18,0
8055028,,,2940558,19,0
8055028,,,2940559,20,0
8055028,,,2940560,21,0
8055028,12:25:00,12:25:00,2940561,22,1
8055028,,,2940562,23,0
8055028,,,2940563,24,0
8055028,12:28:00,12:28:00,2933816,25,1
8055028,,,2933817,26,0
8055028,,,2940564,27,0
8055028,,,2940565,28,0
8055028,,,2940566,29,0
8055028,12:31:00,12:31:00,2940567,30,1
8055028,,,2940568,31,0
8055028,12:36:00,12:36:00,2759335,32,1
8055029,12:40:00,12:40:00,2759346,0,1
8055029,12:43:00,12:43:00,2937782,1,1
8055029,,,2937783,2,0
8055029,,,2940542,3,0
8055029,,,2940543,4,0
8055029,,,2940544,5,0
8055029,,,2940545,6,0
8055029,,,2940546,7,0
8055029,,,2940547,8,0
8055029,,,2940548,9,0
8055029,,,2940549,10,0
8055029,,,2940550,11,0
8055029,,,2940551,12,0
8055029,12:49:00,12:49:00,2940552,13,1
8055029,,,2940553,14,0
8055029,,,2940554,15,0
8055029,12:51:00,12:51:00,2940555,16,1
8055029,,,2940556,17,0
8055029,,,2940557,18,0
8055029,,,2940558,19,0
8055029,,,2940559,20,0
8055029,,,2940560,21,0
8055029,12:55:00,12:55:00,2940561,22,1
8055029,,,2940562,23,0
8055029,,,2940563,24,0
8055029,12:58:00,12:58:00,2933816,25,1
8055029,,,2933817,26,0
8055029,,,2940564,27,0
8055029,,,2940565,28,0
8055029,,,2940566,29,0
8055029,13:01:00,13:01:00,2940567,30,1
8055029,,,2940568,31,0
8055029,13:06:00,13:06:00,2759335,32,1
8055030,13:10:00,13:10:00,2759346,0,1
8055030,13:13:00,13:13:00,2937782,1,1
8055030,,,2937783,2,0
8055030,,,2940542,3,0
8055030,,,2940543,4,0
8055030,,,2940544,5,0
8055030,,,2940545,6,0
8055030,,,2940546,7,0
8055030,,,2940547,8,0
8055030,,,2940548,9,0
8055030,,,2940549,10,0
8055030,,,2940550,11,0
8055030,,,2940551,12,0
8055030,13:19:00,13:19:00,2940552,13,1
8055030,,,2940553,14,0
8055030,,,2940554,15,0
8055030,13:21:00,13:21:00,2940555,16,1
8055030,,,2940556,17,0
8055030,,,2940557,18,0
8055030,,,2940558,19,0
8055030,,,2940559,20,0
8055030,,,2940560,21,0
8055030,13:25:00,13:25:00,2940561,22,1
8055030,,,2940562,23,0
8055030,,,2940563,24,0
8055030,13:28:00,13:28:00,2933816,25,1
8055030,,,2933817,26,0
8055030,,,2940564,27,0
8055030,,,2940565,28,0
8055030,,,2940566,29,0
8055030,13:31:00,13:31:00,2940567,30,1
8055030,,,2940568,31,0
8055030,13:36:00,13:36:00,2759335,32,1
8055031,13:40:00,13:40:00,2759346,0,1
8055031,13:43:00,13:43:00,2937782,1,1
8055031,,,2937783,2,0
8055031,,,2940542,3,0
8055031,,,2940543,4,0
8055031,,,2940544,5,0
8055031,,,2940545,6,0
8055031,,,2940546,7,0
8055031,,,2940547,8,0
8055031,,,2940548,9,0
8055031,,,2940549,10,0
8055031,,,2940550,11,0
8055031,,,2940551,12,0
8055031,13:49:00,13:49:00,2940552,13,1
8055031,,,2940553,14,0
8055031,,,2940554,15,0
8055031,13:51:00,13:51:00,2940555,16,1
8055031,,,2940556,17,0
8055031,,,2940557,18,0
8055031,,,2940558,19,0
8055031,,,2940559,20,0
8055031,,,2940560,21,0
8055031,13:55:00,13:55:00,2940561,22,1
8055031,,,2940562,23,0
8055031,,,2940563,24,0
8055031,13:58:00,13:58:00,2933816,25,1
8055031,,,2933817,26,0
8055031,,,2940564,27,0
8055031,,,2940565,28,0
8055031,,,2940566,29,0
8055031,14:01:00,14:01:00,2940567,30,1
8055031,,,2940568,31,0
8055031,14:06:00,14:06:00,2759335,32,1
8055032,14:10:00,14:10:00,2759346,0,1
8055032,14:13:00,14:13:00,2937782,1,1
8055032,,,2937783,2,0
8055032,,,2940542,3,0
8055032,,,2940543,4,0
8055032,,,2940544,5,0
8055032,,,2940545,6,0
8055032,,,2940546,7,0
8055032,,,2940547,8,0
8055032,,,2940548,9,0
8055032,,,2940549,10,0
8055032,,,2940550,11,0
8055032,,,2940551,12,0
8055032,14:19:00,14:19:00,2940552,13,1
8055032,,,2940553,14,0
8055032,,,2940554,15,0
8055032,14:21:00,14:21:00,2940555,16,1
8055032,,,2940556,17,0
8055032,,,2940557,18,0
8055032,,,2940558,19,0
8055032,,,2940559,20,0
8055032,,,2940560,21,0
8055032,14:25:00,14:25:00,2940561,22,1
8055032,,,2940562,23,0
8055032,,,2940563,24,0
8055032,14:28:00,14:28:00,2933816,25,1
8055032,,,2933817,26,0
8055032,,,2940564,27,0
8055032,,,2940565,28,0
8055032,,,2940566,29,0
8055032,14:31:00,14:31:00,2940567,30,1
8055032,,,2940568,31,0
8055032,14:36:00,14:36:00,2759335,32,1
8055033,14:40:00,14:40:00,2759346,0,1
8055033,14:43:00,14:43:00,2937782,1,1
8055033,,,2937783,2,0
8055033,,,2940542,3,0
8055033,,,2940543,4,0
8055033,,,2940544,5,0
8055033,,,2940545,6,0
8055033,,,2940546,7,0
8055033,,,2940547,8,0
8055033,,,2940548,9,0
8055033,,,2940549,10,0
8055033,,,2940550,11,0
8055033,,,2940551,12,0
8055033,14:49:00,14:49:00,2940552,13,1
8055033,,,2940553,14,0
8055033,,,2940554,15,0
8055033,14:51:00,14:51:00,2940555,16,1
8055033,,,2940556,17,0
8055033,,,2940557,18,0
8055033,,,2940558,19,0
8055033,,,2940559,20,0
8055033,,,2940560,21,0
8055033,14:55:00,14:55:00,2940561,22,1
8055033,,,2940562,23,0
8055033,,,2940563,24,0
8055033,14:58:00,14:58:00,2933816,25,1
8055033,,,2933817,26,0
8055033,,,2940564,27,0
8055033,,,2940565,28,0
8055033,,,2940566,29,0
8055033,15:01:00,15:01:00,2940567,30,1
8055033,,,2940568,31,0
8055033,15:06:00,15:06:00,2759335,32,1
8055034,15:10:00,15:10:00,2759346,0,1
8055034,15:13:00,15:13:00,2937782,1,1
8055034,,,2937783,2,0
8055034,,,2940542,3,0
8055034,,,2940543,4,0
8055034,,,2940544,5,0
8055034,,,2940545,6,0
8055034,,,2940546,7,0
8055034,,,2940547,8,0
8055034,,,2940548,9,0
8055034,,,2940549,10,0
8055034,,,2940550,11,0
8055034,,,2940551,12,0
8055034,15:19:00,15:19:00,2940552,13,1
8055034,,,2940553,14,0
8055034,,,2940554,15,0
8055034,15:21:00,15:21:00,2940555,16,1
8055034,,,2940556,17,0
8055034,,,2940557,18,0
8055034,,,2940558,19,0
8055034,,,2940559,20,0
8055034,,,2940560,21,0
8055034,15:25:00,15:25:00,2940561,22,1
8055034,,,2940562,23,0
8055034,,,2940563,24,0
8055034,15:28:00,15:28:00,2933816,25,1
8055034,,,2933817,26,0
8055034,,,2940564,27,0
8055034,,,2940565,28,0
8055034,,,2940566,29,0
8055034,15:31:00,15:31:00,2940567,30,1
8055034,,,2940568,31,0
8055034,15:36:00,15:36:00,2759335,32,1
8055035,15:40:00,15:40:00,2759346,0,1
8055035,15:43:00,15:43:00,2937782,1,1
8055035,,,2937783,2,0
8055035,,,2940542,3,0
8055035,,,2940543,4,0
8055035,,,2940544,5,0
8055035,,,2940545,6,0
8055035,,,2940546,7,0
8055035,,,2940547,8,0
8055035,,,2940548,9,0
8055035,,,2940549,10,0
8055035,,,2940550,11,0
8055035,,,2940551,12,0
8055035,15:49:00,15:49:00,2940552,13,1
8055035,,,2940553,14,0
8055035,,,2940554,15,0
8055035,15:51:00,15:51:00,2940555,16,1
8055035,,,2940556,17,0
8055035,,,2940557,18,0
8055035,,,2940558,19,0
8055035,,,2940559,20,0
8055035,,,2940560,21,0
8055035,15:55:00,15:55:00,2940561,22,1
8055035,,,2940562,23,0
8055035,,,2940563,24,0
8055035,15:58:00,15:58:00,2933816,25,1
8055035,,,2933817,26,0
8055035,,,2940564,27,0
8055035,,,2940565,28,0
8055035,,,2940566,29,0
8055035,16:01:00,16:01:00,2940567,30,1
8055035,,,2940568,31,0
8055035,16:06:00,16:06:00,2759335,32,1
8055036,16:10:00,16:10:00,2759346,0,1
8055036,16:13:00,16:13:00,2937782,1,1
8055036,,,2937783,2,0
8055036,,,2940542,3,0
8055036,,,2940543,4,0
8055036,,,2940544,5,0
8055036,,,2940545,6,0
8055036,,,2940546,7,0
8055036,,,2940547,8,0
8055036,,,2940548,9,0
8055036,,,2940549,10,0
8055036,,,2940550,11,0
8055036,,,2940551,12,0
8055036,16:19:00,16:19:00,2940552,13,1
8055036,,,2940553,14,0
8055036,,,2940554,15,0
8055036,16:21:00,16:21:00,2940555,16,1
8055036,,,2940556,17,0
8055036,,,2940557,18,0
8055036,,,2940558,19,0
8055036,,,2940559,20,0
8055036,,,2940560,21,0
8055036,16:25:00,16:25:00,2940561,22,1
8055036,,,2940562,23,0
8055036,,,2940563,24,0
8055036,16:28:00,16:28:00,2933816,25,1
8055036,,,2933817,26,0
8055036,,,2940564,27,0
8055036,,,2940565,28,0
8055036,,,2940566,29,0
8055036,16:31:00,16:31:00,2940567,30,1
8055036,,,2940568,31,0
8055036,16:36:00,16:36:00,2759335,32,1
8055037,16:40:00,16:40:00,2759346,0,1
8055037,16:43:00,16:43:00,2937782,1,1
8055037,,,2937783,2,0
8055037,,,2940542,3,0
8055037,,,2940543,4,0
8055037,,,2940544,5,0
8055037,,,2940545,6,0
8055037,,,2940546,7,0
8055037,,,2940547,8,0
8055037,,,2940548,9,0
8055037,,,2940549,10,0
8055037,,,2940550,11,0
8055037,,,2940551,12,0
8055037,16:49:00,16:49:00,2940552,13,1
8055037,,,2940553,14,0
8055037,,,2940554,15,0
8055037,16:51:00,16:51:00,2940555,16,1
8055037,,,2940556,17,0
8055037,,,2940557,18,0
8055037,,,2940558,19,0
8055037,,,2940559,20,0
8055037,,,2940560,21,0
8055037,16:55:00,16:55:00,2940561,22,1
8055037,,,2940562,23,0
8055037,,,2940563,24,0
8055037,16:58:00,16:58:00,2933816,25,1
8055037,,,2933817,26,0
8055037,,,2940564,27,0
8055037,,,2940565,28,0
8055037,,,2940566,29,0
8055037,17:01:00,17:01:00,2940567,30,1
8055037,,,2940568,31,0
8055037,17:06:00,17:06:00,2759335,32,1
8055038,17:10:00,17:10:00,2759346,0,1
8055038,17:13:00,17:13:00,2937782,1,1
8055038,,,2937783,2,0
8055038,,,2940542,3,0
8055038,,,2940543,4,0
8055038,,,2940544,5,0
8055038,,,2940545,6,0
8055038,,,2940546,7,0
8055038,,,2940547,8,0
8055038,,,2940548,9,0
8055038,,,2940549,10,0
8055038,,,2940550,11,0
8055038,,,2940551,12,0
8055038,17:19:00,17:19:00,2940552,13,1
8055038,,,2940553,14,0
8055038,,,2940554,15,0
8055038,17:21:00,17:21:00,2940555,16,1
8055038,,,2940556,17,0
8055038,,,2940557,18,0
8055038,,,2940558,19,0
8055038,,,2940559,20,0
8055038,,,2940560,21,0
8055038,17:25:00,17:25:00,2940561,22,1
8055038,,,2940562,23,0
8055038,,,2940563,24,0
8055038,17:28:00,17:28:00,2933816,25,1
8055038,,,2933817,26,0
8055038,,,2940564,27,0
8055038,,,2940565,28,0
8055038,,,2940566,29,0
8055038,17:31:00,17:31:00,2940567,30,1
8055038,,,2940568,31,0
8055038,17:36:00,17:36:00,2759335,32,1
8055039,17:40:00,17:40:00,2759346,0,1
8055039,17:43:00,17:43:00,2937782,1,1
8055039,,,2937783,2,0
8055039,,,2940542,3,0
8055039,,,2940543,4,0
8055039,,,2940544,5,0
8055039,,,2940545,6,0
8055039,,,2940546,7,0
8055039,,,2940547,8,0
8055039,,,2940548,9,0
8055039,,,2940549,10,0
8055039,,,2940550,11,0
8055039,,,2940551,12,0
8055039,17:49:00,17:49:00,2940552,13,1
8055039,,,2940553,14,0
8055039,,,2940554,15,0
8055039,17:51:00,17:51:00,2940555,16,1
8055039,,,2940556,17,0
8055039,,,2940557,18,0
8055039,,,2940558,19,0
8055039,,,2940559,20,0
8055039,,,2940560,21,0
8055039,17:55:00,17:55:00,2940561,22,1
8055039,,,2940562,23,0
8055039,,,2940563,24,0
8055039,17:58:00,17:58:00,2933816,25,1
8055039,,,2933817,26,0
8055039,,,2940564,27,0
8055039,,,2940565,28,0
8055039,,,2940566,29,0
8055039,18:01:00,18:01:00,2940567,30,1
8055039,,,2940568,31,0
8055039,18:06:00,18:06:00,2759335,32,1
8055040,18:10:00,18:10:00,2759346,0,1
8055040,18:13:00,18:13:00,2937782,1,1
8055040,,,2937783,2,0
8055040,,,2940542,3,0
8055040,,,2940543,4,0
8055040,,,2940544,5,0
8055040,,,2940545,6,0
8055040,,,2940546,7,0
8055040,,,2940547,8,0
8055040,,,2940548,9,0
8055040,,,2940549,10,0
8055040,,,2940550,11,0
8055040,,,2940551,12,0
8055040,18:19:00,18:19:00,2940552,13,1
8055040,,,2940553,14,0
8055040,,,2940554,15,0
8055040,18:21:00,18:21:00,2940555,16,1
8055040,,,2940556,17,0
8055040,,,2940557,18,0
8055040,,,2940558,19,0
8055040,,,2940559,20,0
8055040,,,2940560,21,0
8055040,18:25:00,18:25:00,2940561,22,1
8055040,,,2940562,23,0
8055040,,,2940563,24,0
8055040,18:28:00,18:28:00,2933816,25,1
8055040,,,2933817,26,0
8055040,,,2940564,27,0
8055040,,,2940565,28,0
8055040,,,2940566,29,0
8055040,18:31:00,18:31:00,2940567,30,1
8055040,,,2940568,31,0
8055040,18:36:00,18:36:00,2759335,32,1
8055041,19:10:00,19:10:00,2759346,0,1
8055041,19:13:00,19:13:00,2937782,1,1
8055041,,,2937783,2,0
8055041,,,2940542,3,0
8055041,,,2940543,4,0
8055041,,,2940544,5,0
8055041,,,2940545,6,0
8055041,,,2940546,7,0
8055041,,,2940547,8,0
8055041,,,2940548,9,0
8055041,,,2940549,10,0
8055041,,,2940550,11,0
8055041,,,2940551,12,0
8055041,19:19:00,19:19:00,2940552,13,1
8055041,,,2940553,14,0
8055041,,,2940554,15,0
8055041,19:21:00,19:21:00,2940555,16,1
8055041,,,2940556,17,0
8055041,,,2940557,18,0
8055041,,,2940558,19,0
8055041,,,2940559,20,0
8055041,,,2940560,21,0
8055041,19:25:00,19:25:00,2940561,22,1
8055041,,,2940562,23,0
8055041,,,2940563,24,0
8055041,19:28:00,19:28:00,2933816,25,1
8055041,,,2933817,26,0
8055041,,,2940564,27,0
8055041,,,2940565,28,0
8055041,,,2940566,29,0
8055041,19:31:00,19:31:00,2940567,30,1
8055041,,,2940568,31,0
8055041,19:36:00,19:36:00,2759335,32,1
8055042,20:10:00,20:10:00,2759346,0,1
8055042,20:13:00,20:13:00,2937782,1,1
8055042,,,2937783,2,0
8055042,,,2940542,3,0
8055042,,,2940543,4,0
8055042,,,2940544,5,0
8055042,,,2940545,6,0
8055042,,,2940546,7,0
8055042,,,2940547,8,0
8055042,,,2940548,9,0
8055042,,,2940549,10,0
8055042,,,2940550,11,0
8055042,,,2940551,12,0
8055042,20:19:00,20:19:00,2940552,13,1
8055042,,,2940553,14,0
8055042,,,2940554,15,0
8055042,20:21:00,20:21:00,2940555,16,1
8055042,,,2940556,17,0
8055042,,,2940557,18,0
8055042,,,2940558,19,0
8055042,,,2940559,20,0
8055042,,,2940560,21,0
8055042,20:25:00,20:25:00,2940561,22,1
8055042,,,2940562,23,0
8055042,,,2940563,24,0
8055042,20:28:00,20:28:00,2933816,25,1
8055042,,,2933817,26,0
8055042,,,2940564,27,0
8055042,,,2940565,28,0
8055042,,,2940566,29,0
8055042,20:31:00,20:31:00,2940567,30,1
8055042,,,2940568,31,0
8055042,20:36:00,20:36:00,2759335,32,1
7991149,07:10:00,07:10:00,2759346,0,1
7991149,,,2947148,1,0
7991149,,,2947149,2,0
7991149,,,2947150,3,0
7991149,,,2947151,4,0
7991149,,,2947152,5,0
7991149,07:14:00,07:14:00,2947153,6,1
7991149,,,2947154,7,0
7991149,,,2947155,8,0
7991149,,,2947156,9,0
7991149,,,2947157,10,0
7991149,,,2947158,11,0
7991149,,,2947159,12,0
7991149,,,2947160,13,0
7991149,,,2947161,14,0
7991149,,,2947162,15,0
7991149,,,2947163,16,0
7991149,,,2947164,17,0
7991149,,,2949489,18,0
7991149,,,2949490,19,0
7991149,,,2949491,20,0
7991149,07:19:00,07:19:00,2949492,21,1
7991149,,,2949493,22,0
7991149,,,2949494,23,0
7991149,,,2949495,24,0
7991149,,,2949496,25,0
7991149,,,2949497,26,0
7991149,,,2949498,27,0
7991149,,,2949499,28,0
7991149,07:25:00,07:25:00,2949500,29,1
7991149,,,2949501,30,0
7991149,,,2949502,31,0
7991149,07:30:00,07:30:00,2949503,32,1
7991149,,,2949504,33,0
7991149,,,2947029,34,0
7991149,,,2949505,35,0
7991149,,,2949506,36,0
7991149,07:34:00,07:34:00,2949507,37,1
7991149,,,2949509,38,0
7991149,,,2949510,39,0
7991149,,,2949511,40,0
7991149,,,2949512,41,0
7991149,,,2949513,42,0
7991149,,,2949514,43,0
7991149,,,2949515,44,0
7991149,,,2949516,45,0
7991149,,,2949517,46,0
7991149,,,2949518,47,0
7991149,,,2949519,48,0
7991149,,,2949520,49,0
7991149,,,2949521,50,0
7991149,07:41:00,07:41:00,2949522,51,1
7991149,,,2949523,52,0
7991149,,,2949524,53,0
7991149,,,2949525,54,0
7991149,,,2940594,55,0
7991149,,,2911892,56,0
7991149,,,2947000,57,0
7991149,,,2947001,58,0
7991149,07:47:00,07:47:00,2947053,59,1
7991149,,,2947055,60,0
7991149,,,2933831,61,0
7991149,,,2933832,62,0
7991149,,,2933833,63,0
7991149,,,2933834,64,0
7991149,08:00:00,08:00:00,2759335,65,1
7991154,07:40:00,07:40:00,2759346,0,1
7991154,,,2947148,1,0
7991154,,,2947149,2,0
7991154,,,2947150,3,0
7991154,,,2947151,4,0
7991154,,,2947152,5,0
7991154,07:44:00,07:44:00,2947153,6,1
7991154,,,2947154,7,0
7991154,,,2947155,8,0
7991154,,,2947156,9,0
7991154,,,2947157,10,0
7991154,,,2947158,11,0
7991154,,,2947159,12,0
7991154,,,2947160,13,0
7991154,,,2947161,14,0
7991154,,,2947162,15,0
7991154,,,2947163,16,0
7991154,,,2947164,17,0
7991154,,,2949489,18,0
7991154,,,2949490,19,0
7991154,,,2949491,20,0
7991154,07:49:00,07:49:00,2949492,21,1
7991154,,,2949493,22,0
7991154,,,2949494,23,0
7991154,,,2949495,24,0
7991154,,,2949496,25,0
7991154,,,2949497,26,0
7991154,,,2949498,27,0
7991154,,,2949499,28,0
7991154,07:55:00,07:55:00,2949500,29,1
7991154,,,2949501,30,0
7991154,,,2949502,31,0
7991154,08:00:00,08:00:00,2949503,32,1
7991154,,,2949504,33,0
7991154,,,2947029,34,0
7991154,,,2949505,35,0
7991154,,,2949506,36,0
7991154,08:04:00,08:04:00,2949507,37,1
7991154,,,2949509,38,0
7991154,,,2949510,39,0
7991154,,,2949511,40,0
7991154,,,2949512,41,0
7991154,,,2949513,42,0
7991154,,,2949514,43,0
7991154,,,2949515,44,0
7991154,,,2949516,45,0
7991154,,,2949517,46,0
7991154,,,2949518,47,0
7991154,,,2949519,48,0
7991154,,,2949520,49,0
7991154,,,2949521,50,0
7991154,08:11:00,08:11:00,2949522,51,1
7991154,,,2949523,52,0
7991154,,,2949524,53,0
7991154,,,2949525,54,0
7991154,,,2940594,55,0
7991154,,,2911892,56,0
7991154,,,2947000,57,0
7991154,,,2947001,58,0
7991154,08:17:00,08:17:00,2947053,59,1
7991154,,,2947055,60,0
7991154,,,2933831,61,0
7991154,,,2933832,62,0
7991154,,,2933833,63,0
7991154,,,2933834,64,0
7991154,08:30:00,08:30:00,2759335,65,1
7991151,08:10:00,08:10:00,2759346,0,1
7991151,,,2947148,1,0
7991151,,,2947149,2,0
7991151,,,2947150,3,0
7991151,,,2947151,4,0
7991151,,,2947152,5,0
7991151,08:14:00,08:14:00,2947153,6,1
7991151,,,2947154,7,0
7991151,,,2947155,8,0
7991151,,,2947156,9,0
7991151,,,2947157,10,0
7991151,,,2947158,11,0
7991151,,,2947159,12,0
7991151,,,2947160,13,0
7991151,,,2947161,14,0
7991151,,,2947162,15,0
7991151,,,2947163,16,0
7991151,,,2947164,17,0
7991151,,,2949489,18,0
7991151,,,2949490,19,0
7991151,,,2949491,20,0
7991151,08:19:00,08:19:00,2949492,21,1
7991151,,,2949493,22,0
7991151,,,2949494,23,0
7991151,,,2949495,24,0
7991151,,,2949496,25,0
7991151,,,2949497,26,0
7991151,,,2949498,27,0
7991151,,,2949499,28,0
7991151,08:25:00,08:25:00,2949500,29,1
7991151,,,2949501,30,0
7991151,,,2949502,31,0
7991151,08:30:00,08:30:00,2949503,32,1
7991151,,,2949504,33,0
7991151,,,2947029,34,0
7991151,,,2949505,35,0
7991151,,,2949506,36,0
7991151,08:34:00,08:34:00,2949507,37,1
7991151,,,2949509,38,0
7991151,,,2949510,39,0
7991151,,,2949511,40,0
7991151,,,2949512,41,0
7991151,,,2949513,42,0
7991151,,,2949514,43,0
7991151,,,2949515,44,0
7991151,,,2949516,45,0
7991151,,,2949517,46,0
7991151,,,2949518,47,0
7991151,,,2949519,48,0
7991151,,,2949520,49,0
7991151,,,2949521,50,0
7991151,08:41:00,08:41:00,2949522,51,1
7991151,,,2949523,52,0
7991151,,,2949524,53,0
7991151,,,2949525,54,0
7991151,,,2940594,55,0
7991151,,,2911892,56,0
7991151,,,2947000,57,0
7991151,,,2947001,58,0
7991151,08:47:00,08:47:00,2947053,59,1
7991151,,,2947055,60,0
7991151,,,2933831,61,0
7991151,,,2933832,62,0
7991151,,,2933833,63,0
7991151,,,2933834,64,0
7991151,09:00:00,09:00:00,2759335,65,1
7991155,08:40:00,08:40:00,2759346,0,1
7991155,,,2947148,1,0
7991155,,,2947149,2,0
7991155,,,2947150,3,0
7991155,,,2947151,4,0
7991155,,,2947152,5,0
7991155,08:44:00,08:44:00,2947153,6,1
7991155,,,2947154,7,0
7991155,,,2947155,8,0
7991155,,,2947156,9,0
7991155,,,2947157,10,0
7991155,,,2947158,11,0
7991155,,,2947159,12,0
7991155,,,2947160,13,0
7991155,,,2947161,14,0
7991155,,,2947162,15,0
7991155,,,2947163,16,0
7991155,,,2947164,17,0
7991155,,,2949489,18,0
7991155,,,2949490,19,0
7991155,,,2949491,20,0
7991155,08:49:00,08:49:00,2949492,21,1
7991155,,,2949493,22,0
7991155,,,2949494,23,0
7991155,,,2949495,24,0
7991155,,,2949496,25,0
7991155,,,2949497,26,0
7991155,,,2949498,27,0
7991155,,,2949499,28,0
7991155,08:55:00,08:55:00,2949500,29,1
7991155,,,2949501,30,0
7991155,,,2949502,31,0
7991155,09:00:00,09:00:00,2949503,32,1
7991155,,,2949504,33,0
7991155,,,2947029,34,0
7991155,,,2949505,35,0
7991155,,,2949506,36,0
7991155,09:04:00,09:04:00,2949507,37,1
7991155,,,2949509,38,0
7991155,,,2949510,39,0
7991155,,,2949511,40,0
7991155,,,2949512,41,0
7991155,,,2949513,42,0
7991155,,,2949514,43,0
7991155,,,2949515,44,0
7991155,,,2949516,45,0
7991155,,,2949517,46,0
7991155,,,2949518,47,0
7991155,,,2949519,48,0
7991155,,,2949520,49,0
7991155,,,2949521,50,0
7991155,09:11:00,09:11:00,2949522,51,1
7991155,,,2949523,52,0
7991155,,,2949524,53,0
7991155,,,2949525,54,0
7991155,,,2940594,55,0
7991155,,,2911892,56,0
7991155,,,2947000,57,0
7991155,,,2947001,58,0
7991155,09:17:00,09:17:00,2947053,59,1
7991155,,,2947055,60,0
7991155,,,2933831,61,0
7991155,,,2933832,62,0
7991155,,,2933833,63,0
7991155,,,2933834,64,0
7991155,09:30:00,09:30:00,2759335,65,1
7991152,09:10:00,09:10:00,2759346,0,1
7991152,,,2947148,1,0
7991152,,,2947149,2,0
7991152,,,2947150,3,0
7991152,,,2947151,4,0
7991152,,,2947152,5,0
7991152,09:14:00,09:14:00,2947153,6,1
7991152,,,2947154,7,0
7991152,,,2947155,8,0
7991152,,,2947156,9,0
7991152,,,2947157,10,0
7991152,,,2947158,11,0
7991152,,,2947159,12,0
7991152,,,2947160,13,0
7991152,,,2947161,14,0
7991152,,,2947162,15,0
7991152,,,2947163,16,0
7991152,,,2947164,17,0
7991152,,,2949489,18,0
7991152,,,2949490,19,0
7991152,,,2949491,20,0
7991152,09:19:00,09:19:00,2949492,21,1
7991152,,,2949493,22,0
7991152,,,2949494,23,0
7991152,,,2949495,24,0
7991152,,,2949496,25,0
7991152,,,2949497,26,0
7991152,,,2949498,27,0
7991152,,,2949499,28,0
7991152,09:25:00,09:25:00,2949500,29,1
7991152,,,2949501,30,0
7991152,,,2949502,31,0
7991152,09:30:00,09:30:00,2949503,32,1
7991152,,,2949504,33,0
7991152,,,2947029,34,0
7991152,,,2949505,35,0
7991152,,,2949506,36,0
7991152,09:34:00,09:34:00,2949507,37,1
7991152,,,2949509,38,0
7991152,,,2949510,39,0
7991152,,,2949511,40,0
7991152,,,2949512,41,0
7991152,,,2949513,42,0
7991152,,,2949514,43,0
7991152,,,2949515,44,0
7991152,,,2949516,45,0
7991152,,,2949517,46,0
7991152,,,2949518,47,0
7991152,,,2949519,48,0
7991152,,,2949520,49,0
7991152,,,2949521,50,0
7991152,09:41:00,09:41:00,2949522,51,1
7991152,,,2949523,52,0
7991152,,,2949524,53,0
7991152,,,2949525,54,0
7991152,,,2940594,55,0
7991152,,,2911892,56,0
7991152,,,2947000,57,0
7991152,,,2947001,58,0
7991152,09:47:00,09:47:00,2947053,59,1
7991152,,,2947055,60,0
7991152,,,2933831,61,0
7991152,,,2933832,62,0
7991152,,,2933833,63,0
7991152,,,2933834,64,0
7991152,10:00:00,10:00:00,2759335,65,1
7991153,10:10:00,10:10:00,2759346,0,1
7991153,,,2947148,1,0
7991153,,,2947149,2,0
7991153,,,2947150,3,0
7991153,,,2947151,4,0
7991153,,,2947152,5,0
7991153,10:14:00,10:14:00,2947153,6,1
7991153,,,2947154,7,0
7991153,,,2947155,8,0
7991153,,,2947156,9,0
7991153,,,2947157,10,0
7991153,,,2947158,11,0
7991153,,,2947159,12,0
7991153,,,2947160,13,0
7991153,,,2947161,14,0
7991153,,,2947162,15,0
7991153,,,2947163,16,0
7991153,,,2947164,17,0
7991153,,,2949489,18,0
7991153,,,2949490,19,0
7991153,,,2949491,20,0
7991153,10:19:00,10:19:00,2949492,21,1
7991153,,,2949493,22,0
7991153,,,2949494,23,0
7991153,,,2949495,24,0
7991153,,,2949496,25,0
7991153,,,2949497,26,0
7991153,,,2949498,27,0
7991153,,,2949499,28,0
7991153,10:25:00,10:25:00,2949500,29,1
7991153,,,2949501,30,0
7991153,,,2949502,31,0
7991153,10:30:00,10:30:00,2949503,32,1
7991153,,,2949504,33,0
7991153,,,2947029,34,0
7991153,,,2949505,35,0
7991153,,,2949506,36,0
7991153,10:34:00,10:34:00,2949507,37,1
7991153,,,2949509,38,0
7991153,,,2949510,39,0
7991153,,,2949511,40,0
7991153,,,2949512,41,0
7991153,,,2949513,42,0
7991153,,,2949514,43,0
7991153,,,2949515,44,0
7991153,,,2949516,45,0
7991153,,,2949517,46,0
7991153,,,2949518,47,0
7991153,,,2949519,48,0
7991153,,,2949520,49,0
7991153,,,2949521,50,0
7991153,10:41:00,10:41:00,2949522,51,1
7991153,,,2949523,52,0
7991153,,,2949524,53,0
7991153,,,2949525,54,0
7991153,,,2940594,55,0
7991153,,,2911892,56,0
7991153,,,2947000,57,0
7991153,,,2947001,58,0
7991153,10:47:00,10:47:00,2947053,59,1
7991153,,,2947055,60,0
7991153,,,2933831,61,0
7991153,,,2933832,62,0
7991153,,,2933833,63,0
7991153,,,2933834,64,0
7991153,11:00:00,11:00:00,2759335,65,1
7991185,13:10:00,13:10:00,2759346,0,1
7991185,,,2947148,1,0
7991185,,,2947149,2,0
7991185,,,2947150,3,0
7991185,,,2947151,4,0
7991185,,,2947152,5,0
7991185,13:14:00,13:14:00,2947153,6,1
7991185,,,2947154,7,0
7991185,,,2947155,8,0
7991185,,,2947156,9,0
7991185,,,2947157,10,0
7991185,,,2947158,11,0
7991185,,,2947159,12,0
7991185,,,2947160,13,0
7991185,,,2947161,14,0
7991185,,,2947162,15,0
7991185,,,2947163,16,0
7991185,,,2947164,17,0
7991185,,,2949489,18,0
7991185,,,2949490,19,0
7991185,,,2949491,20,0
7991185,13:19:00,13:19:00,2949492,21,1
7991185,,,2949493,22,0
7991185,,,2949494,23,0
7991185,,,2949495,24,0
7991185,,,2949496,25,0
7991185,,,2949497,26,0
7991185,,,2949498,27,0
7991185,,,2949499,28,0
7991185,13:25:00,13:25:00,2949500,29,1
7991185,,,2949501,30,0
7991185,,,2949502,31,0
7991185,13:30:00,13:30:00,2949503,32,1
7991185,,,2949504,33,0
7991185,,,2947029,34,0
7991185,,,2949505,35,0
7991185,,,2949506,36,0
7991185,13:34:00,13:34:00,2949507,37,1
7991185,,,2949509,38,0
7991185,,,2949510,39,0
7991185,,,2949511,40,0
7991185,,,2949512,41,0
7991185,,,2949513,42,0
7991185,,,2949514,43,0
7991185,,,2949515,44,0
7991185,,,2949516,45,0
7991185,,,2949517,46,0
7991185,,,2949518,47,0
7991185,,,2949519,48,0
7991185,,,2949520,49,0
7991185,,,2949521,50,0
7991185,13:41:00,13:41:00,2949522,51,1
7991185,,,2949523,52,0
7991185,,,2949524,53,0
7991185,,,2949525,54,0
7991185,,,2940594,55,0
7991185,,,2911892,56,0
7991185,,,2947000,57,0
7991185,,,2947001,58,0
7991185,13:47:00,13:47:00,2947053,59,1
7991185,,,2947055,60,0
7991185,,,2933831,61,0
7991185,,,2933832,62,0
7991185,,,2933833,63,0
7991185,,,2933834,64,0
7991185,14:00:00,14:00:00,2759335,65,1
7991181,13:40:00,13:40:00,2759346,0,1
7991181,,,2947148,1,0
7991181,,,2947149,2,0
7991181,,,2947150,3,0
7991181,,,2947151,4,0
7991181,,,2947152,5,0
7991181,13:44:00,13:44:00,2947153,6,1
7991181,,,2947154,7,0
7991181,,,2947155,8,0
7991181,,,2947156,9,0
7991181,,,2947157,10,0
7991181,,,2947158,11,0
7991181,,,2947159,12,0
7991181,,,2947160,13,0
7991181,,,2947161,14,0
7991181,,,2947162,15,0
7991181,,,2947163,16,0
7991181,,,2947164,17,0
7991181,,,2949489,18,0
7991181,,,2949490,19,0
7991181,,,2949491,20,0
7991181,13:49:00,13:49:00,2949492,21,1
7991181,,,2949493,22,0
7991181,,,2949494,23,0
7991181,,,2949495,24,0
7991181,,,2949496,25,0
7991181,,,2949497,26,0
7991181,,,2949498,27,0
7991181,,,2949499,28,0
7991181,13:55:00,13:55:00,2949500,29,1
7991181,,,2949501,30,0
7991181,,,2949502,31,0
7991181,14:00:00,14:00:00,2949503,32,1
7991181,,,2949504,33,0
7991181,,,2947029,34,0
7991181,,,2949505,35,0
7991181,,,2949506,36,0
7991181,14:04:00,14:04:00,2949507,37,1
7991181,,,2949509,38,0
7991181,,,2949510,39,0
7991181,,,2949511,40,0
7991181,,,2949512,41,0
7991181,,,2949513,42,0
7991181,,,2949514,43,0
7991181,,,2949515,44,0
7991181,,,2949516,45,0
7991181,,,2949517,46,0
7991181,,,2949518,47,0
7991181,,,2949519,48,0
7991181,,,2949520,49,0
7991181,,,2949521,50,0
7991181,14:11:00,14:11:00,2949522,51,1
7991181,,,2949523,52,0
7991181,,,2949524,53,0
7991181,,,2949525,54,0
7991181,,,2940594,55,0
7991181,,,2911892,56,0
7991181,,,2947000,57,0
7991181,,,2947001,58,0
7991181,14:17:00,14:17:00,2947053,59,1
7991181,,,2947055,60,0
7991181,,,2933831,61,0
7991181,,,2933832,62,0
7991181,,,2933833,63,0
7991181,,,2933834,64,0
7991181,14:30:00,14:30:00,2759335,65,1
7991186,14:10:00,14:10:00,2759346,0,1
7991186,,,2947148,1,0
7991186,,,2947149,2,0
7991186,,,2947150,3,0
7991186,,,2947151,4,0
7991186,,,2947152,5,0
7991186,14:14:00,14:14:00,2947153,6,1
7991186,,,2947154,7,0
7991186,,,2947155,8,0
7991186,,,2947156,9,0
7991186,,,2947157,10,0
7991186,,,2947158,11,0
7991186,,,2947159,12,0
7991186,,,2947160,13,0
7991186,,,2947161,14,0
7991186,,,2947162,15,0
7991186,,,2947163,16,0
7991186,,,2947164,17,0
7991186,,,2949489,18,0
7991186,,,2949490,19,0
7991186,,,2949491,20,0
7991186,14:19:00,14:19:00,2949492,21,1
7991186,,,2949493,22,0
7991186,,,2949494,23,0
7991186,,,2949495,24,0
7991186,,,2949496,25,0
7991186,,,2949497,26,0
7991186,,,2949498,27,0
7991186,,,2949499,28,0
7991186,14:25:00,14:25:00,2949500,29,1
7991186,,,2949501,30,0
7991186,,,2949502,31,0
7991186,14:30:00,14:30:00,2949503,32,1
7991186,,,2949504,33,0
7991186,,,2947029,34,0
7991186,,,2949505,35,0
7991186,,,2949506,36,0
7991186,14:34:00,14:34:00,2949507,37,1
7991186,,,2949509,38,0
7991186,,,2949510,39,0
7991186,,,2949511,40,0
7991186,,,2949512,41,0
7991186,,,2949513,42,0
7991186,,,2949514,43,0
7991186,,,2949515,44,0
7991186,,,2949516,45,0
7991186,,,2949517,46,0
7991186,,,2949518,47,0
7991186,,,2949519,48,0
7991186,,,2949520,49,0
7991186,,,2949521,50,0
7991186,14:41:00,14:41:00,2949522,51,1
7991186,,,2949523,52,0
7991186,,,2949524,53,0
7991186,,,2949525,54,0
7991186,,,2940594,55,0
7991186,,,2911892,56,0
7991186,,,2947000,57,0
7991186,,,2947001,58,0
7991186,14:47:00,14:47:00,2947053,59,1
7991186,,,2947055,60,0
7991186,,,2933831,61,0
7991186,,,2933832,62,0
7991186,,,2933833,63,0
7991186,,,2933834,64,0
7991186,15:00:00,15:00:00,2759335,65,1
7991182,14:40:00,14:40:00,2759346,0,1
7991182,,,2947148,1,0
7991182,,,2947149,2,0
7991182,,,2947150,3,0
7991182,,,2947151,4,0
7991182,,,2947152,5,0
7991182,14:44:00,14:44:00,2947153,6,1
7991182,,,2947154,7,0
7991182,,,2947155,8,0
7991182,,,2947156,9,0
7991182,,,2947157,10,0
7991182,,,2947158,11,0
7991182,,,2947159,12,0
7991182,,,2947160,13,0
7991182,,,2947161,14,0
7991182,,,2947162,15,0
7991182,,,2947163,16,0
7991182,,,2947164,17,0
7991182,,,2949489,18,0
7991182,,,2949490,19,0
7991182,,,2949491,20,0
7991182,14:49:00,14:49:00,2949492,21,1
7991182,,,2949493,22,0
7991182,,,2949494,23,0
7991182,,,2949495,24,0
7991182,,,2949496,25,0
7991182,,,2949497,26,0
7991182,,,2949498,27,0
7991182,,,2949499,28,0
7991182,14:55:00,14:55:00,2949500,29,1
7991182,,,2949501,30,0
7991182,,,2949502,31,0
7991182,15:00:00,15:00:00,2949503,32,1
7991182,,,2949504,33,0
7991182,,,2947029,34,0
7991182,,,2949505,35,0
7991182,,,2949506,36,0
7991182,15:04:00,15:04:00,2949507,37,1
7991182,,,2949509,38,0
7991182,,,2949510,39,0
7991182,,,2949511,40,0
7991182,,,2949512,41,0
7991182,,,2949513,42,0
7991182,,,2949514,43,0
7991182,,,2949515,44,0
7991182,,,2949516,45,0
7991182,,,2949517,46,0
7991182,,,2949518,47,0
7991182,,,2949519,48,0
7991182,,,2949520,49,0
7991182,,,2949521,50,0
7991182,15:11:00,15:11:00,2949522,51,1
7991182,,,2949523,52,0
7991182,,,2949524,53,0
7991182,,,2949525,54,0
7991182,,,2940594,55,0
7991182,,,2911892,56,0
7991182,,,2947000,57,0
7991182,,,2947001,58,0
7991182,15:17:00,15:17:00,2947053,59,1
7991182,,,2947055,60,0
7991182,,,2933831,61,0
7991182,,,2933832,62,0
7991182,,,2933833,63,0
7991182,,,2933834,64,0
7991182,15:30:00,15:30:00,2759335,65,1
7991187,15:10:00,15:10:00,2759346,0,1
7991187,,,2947148,1,0
7991187,,,2947149,2,0
7991187,,,2947150,3,0
7991187,,,2947151,4,0
7991187,,,2947152,5,0
7991187,15:14:00,15:14:00,2947153,6,1
7991187,,,2947154,7,0
7991187,,,2947155,8,0
7991187,,,2947156,9,0
7991187,,,2947157,10,0
7991187,,,2947158,11,0
7991187,,,2947159,12,0
7991187,,,2947160,13,0
7991187,,,2947161,14,0
7991187,,,2947162,15,0
7991187,,,2947163,16,0
7991187,,,2947164,17,0
7991187,,,2949489,18,0
7991187,,,2949490,19,0
7991187,,,2949491,20,0
7991187,15:19:00,15:19:00,2949492,21,1
7991187,,,2949493,22,0
7991187,,,2949494,23,0
7991187,,,2949495,24,0
7991187,,,2949496,25,0
7991187,,,2949497,26,0
7991187,,,2949498,27,0
7991187,,,2949499,28,0
7991187,15:25:00,15:25:00,2949500,29,1
7991187,,,2949501,30,0
7991187,,,2949502,31,0
7991187,15:30:00,15:30:00,2949503,32,1
7991187,,,2949504,33,0
7991187,,,2947029,34,0
7991187,,,2949505,35,0
7991187,,,2949506,36,0
7991187,15:34:00,15:34:00,2949507,37,1
7991187,,,2949509,38,0
7991187,,,2949510,39,0
7991187,,,2949511,40,0
7991187,,,2949512,41,0
7991187,,,2949513,42,0
7991187,,,2949514,43,0
7991187,,,2949515,44,0
7991187,,,2949516,45,0
7991187,,,2949517,46,0
7991187,,,2949518,47,0
7991187,,,2949519,48,0
7991187,,,2949520,49,0
7991187,,,2949521,50,0
7991187,15:41:00,15:41:00,2949522,51,1
7991187,,,2949523,52,0
7991187,,,2949524,53,0
7991187,,,2949525,54,0
7991187,,,2940594,55,0
7991187,,,2911892,56,0
7991187,,,2947000,57,0
7991187,,,2947001,58,0
7991187,15:47:00,15:47:00,2947053,59,1
7991187,,,2947055,60,0
7991187,,,2933831,61,0
7991187,,,2933832,62,0
7991187,,,2933833,63,0
7991187,,,2933834,64,0
7991187,16:00:00,16:00:00,2759335,65,1
7991183,15:40:00,15:40:00,2759346,0,1
7991183,,,2947148,1,0
7991183,,,2947149,2,0
7991183,,,2947150,3,0
7991183,,,2947151,4,0
7991183,,,2947152,5,0
7991183,15:44:00,15:44:00,2947153,6,1
7991183,,,2947154,7,0
7991183,,,2947155,8,0
7991183,,,2947156,9,0
7991183,,,2947157,10,0
7991183,,,2947158,11,0
7991183,,,2947159,12,0
7991183,,,2947160,13,0
7991183,,,2947161,14,0
7991183,,,2947162,15,0
7991183,,,2947163,16,0
7991183,,,2947164,17,0
7991183,,,2949489,18,0
7991183,,,2949490,19,0
7991183,,,2949491,20,0
7991183,15:49:00,15:49:00,2949492,21,1
7991183,,,2949493,22,0
7991183,,,2949494,23,0
7991183,,,2949495,24,0
7991183,,,2949496,25,0
7991183,,,2949497,26,0
7991183,,,2949498,27,0
7991183,,,2949499,28,0
7991183,15:55:00,15:55:00,2949500,29,1
7991183,,,2949501,30,0
7991183,,,2949502,31,0
7991183,16:00:00,16:00:00,2949503,32,1
7991183,,,2949504,33,0
7991183,,,2947029,34,0
7991183,,,2949505,35,0
7991183,,,2949506,36,0
7991183,16:04:00,16:04:00,2949507,37,1
7991183,,,2949509,38,0
7991183,,,2949510,39,0
7991183,,,2949511,40,0
7991183,,,2949512,41,0
7991183,,,2949513,42,0
7991183,,,2949514,43,0
7991183,,,2949515,44,0
7991183,,,2949516,45,0
7991183,,,2949517,46,0
7991183,,,2949518,47,0
7991183,,,2949519,48,0
7991183,,,2949520,49,0
7991183,,,2949521,50,0
7991183,16:11:00,16:11:00,2949522,51,1
7991183,,,2949523,52,0
7991183,,,2949524,53,0
7991183,,,2949525,54,0
7991183,,,2940594,55,0
7991183,,,2911892,56,0
7991183,,,2947000,57,0
7991183,,,2947001,58,0
7991183,16:17:00,16:17:00,2947053,59,1
7991183,,,2947055,60,0
7991183,,,2933831,61,0
7991183,,,2933832,62,0
7991183,,,2933833,63,0
7991183,,,2933834,64,0
7991183,16:30:00,16:30:00,2759335,65,1
7991188,16:10:00,16:10:00,2759346,0,1
7991188,,,2947148,1,0
7991188,,,2947149,2,0
7991188,,,2947150,3,0
7991188,,,2947151,4,0
7991188,,,2947152,5,0
7991188,16:14:00,16:14:00,2947153,6,1
7991188,,,2947154,7,0
7991188,,,2947155,8,0
7991188,,,2947156,9,0
7991188,,,2947157,10,0
7991188,,,2947158,11,0
7991188,,,2947159,12,0
7991188,,,2947160,13,0
7991188,,,2947161,14,0
7991188,,,2947162,15,0
7991188,,,2947163,16,0
7991188,,,2947164,17,0
7991188,,,2949489,18,0
7991188,,,2949490,19,0
7991188,,,2949491,20,0
7991188,16:19:00,16:19:00,2949492,21,1
7991188,,,2949493,22,0
7991188,,,2949494,23,0
7991188,,,2949495,24,0
7991188,,,2949496,25,0
7991188,,,2949497,26,0
7991188,,,2949498,27,0
7991188,,,2949499,28,0
7991188,16:25:00,16:25:00,2949500,29,1
7991188,,,2949501,30,0
7991188,,,2949502,31,0
7991188,16:30:00,16:30:00,2949503,32,1
7991188,,,2949504,33,0
7991188,,,2947029,34,0
7991188,,,2949505,35,0
7991188,,,2949506,36,0
7991188,16:34:00,16:34:00,2949507,37,1
7991188,,,2949509,38,0
7991188,,,2949510,39,0
7991188,,,2949511,40,0
7991188,,,2949512,41,0
7991188,,,2949513,42,0
7991188,,,2949514,43,0
7991188,,,2949515,44,0
7991188,,,2949516,45,0
7991188,,,2949517,46,0
7991188,,,2949518,47,0
7991188,,,2949519,48,0
7991188,,,2949520,49,0
7991188,,,2949521,50,0
7991188,16:41:00,16:41:00,2949522,51,1
7991188,,,2949523,52,0
7991188,,,2949524,53,0
7991188,,,2949525,54,0
7991188,,,2940594,55,0
7991188,,,2911892,56,0
7991188,,,2947000,57,0
7991188,,,2947001,58,0
7991188,16:47:00,16:47:00,2947053,59,1
7991188,,,2947055,60,0
7991188,,,2933831,61,0
7991188,,,2933832,62,0
7991188,,,2933833,63,0
7991188,,,2933834,64,0
7991188,17:00:00,17:00:00,2759335,65,1
7991184,16:40:00,16:40:00,2759346,0,1
7991184,,,2947148,1,0
7991184,,,2947149,2,0
7991184,,,2947150,3,0
7991184,,,2947151,4,0
7991184,,,2947152,5,0
7991184,16:44:00,16:44:00,2947153,6,1
7991184,,,2947154,7,0
7991184,,,2947155,8,0
7991184,,,2947156,9,0
7991184,,,2947157,10,0
7991184,,,2947158,11,0
7991184,,,2947159,12,0
7991184,,,2947160,13,0
7991184,,,2947161,14,0
7991184,,,2947162,15,0
7991184,,,2947163,16,0
7991184,,,2947164,17,0
7991184,,,2949489,18,0
7991184,,,2949490,19,0
7991184,,,2949491,20,0
7991184,16:49:00,16:49:00,2949492,21,1
7991184,,,2949493,22,0
7991184,,,2949494,23,0
7991184,,,2949495,24,0
7991184,,,2949496,25,0
7991184,,,2949497,26,0
7991184,,,2949498,27,0
7991184,,,2949499,28,0
7991184,16:55:00,16:55:00,2949500,29,1
7991184,,,2949501,30,0
7991184,,,2949502,31,0
7991184,17:00:00,17:00:00,2949503,32,1
7991184,,,2949504,33,0
7991184,,,2947029,34,0
7991184,,,2949505,35,0
7991184,,,2949506,36,0
7991184,17:04:00,17:04:00,2949507,37,1
7991184,,,2949509,38,0
7991184,,,2949510,39,0
7991184,,,2949511,40,0
7991184,,,2949512,41,0
7991184,,,2949513,42,0
7991184,,,2949514,43,0
7991184,,,2949515,44,0
7991184,,,2949516,45,0
7991184,,,2949517,46,0
7991184,,,2949518,47,0
7991184,,,2949519,48,0
7991184,,,2949520,49,0
7991184,,,2949521,50,0
7991184,17:11:00,17:11:00,2949522,51,1
7991184,,,2949523,52,0
7991184,,,2949524,53,0
7991184,,,2949525,54,0
7991184,,,2940594,55,0
7991184,,,2911892,56,0
7991184,,,2947000,57,0
7991184,,,2947001,58,0
7991184,17:17:00,17:17:00,2947053,59,1
7991184,,,2947055,60,0
7991184,,,2933831,61,0
7991184,,,2933832,62,0
7991184,,,2933833,63,0
7991184,,,2933834,64,0
7991184,17:30:00,17:30:00,2759335,65,1
7991189,17:10:00,17:10:00,2759346,0,1
7991189,,,2947148,1,0
7991189,,,2947149,2,0
7991189,,,2947150,3,0
7991189,,,2947151,4,0
7991189,,,2947152,5,0
7991189,17:14:00,17:14:00,2947153,6,1
7991189,,,2947154,7,0
7991189,,,2947155,8,0
7991189,,,2947156,9,0
7991189,,,2947157,10,0
7991189,,,2947158,11,0
7991189,,,2947159,12,0
7991189,,,2947160,13,0
7991189,,,2947161,14,0
7991189,,,2947162,15,0
7991189,,,2947163,16,0
7991189,,,2947164,17,0
7991189,,,2949489,18,0
7991189,,,2949490,19,0
7991189,,,2949491,20,0
7991189,17:19:00,17:19:00,2949492,21,1
7991189,,,2949493,22,0
7991189,,,2949494,23,0
7991189,,,2949495,24,0
7991189,,,2949496,25,0
7991189,,,2949497,26,0
7991189,,,2949498,27,0
7991189,,,2949499,28,0
7991189,17:25:00,17:25:00,2949500,29,1
7991189,,,2949501,30,0
7991189,,,2949502,31,0
7991189,17:30:00,17:30:00,2949503,32,1
7991189,,,2949504,33,0
7991189,,,2947029,34,0
7991189,,,2949505,35,0
7991189,,,2949506,36,0
7991189,17:34:00,17:34:00,2949507,37,1
7991189,,,2949509,38,0
7991189,,,2949510,39,0
7991189,,,2949511,40,0
7991189,,,2949512,41,0
7991189,,,2949513,42,0
7991189,,,2949514,43,0
7991189,,,2949515,44,0
7991189,,,2949516,45,0
7991189,,,2949517,46,0
7991189,,,2949518,47,0
7991189,,,2949519,48,0
7991189,,,2949520,49,0
7991189,,,2949521,50,0
7991189,17:41:00,17:41:00,2949522,51,1
7991189,,,2949523,52,0
7991189,,,2949524,53,0
7991189,,,2949525,54,0
7991189,,,2940594,55,0
7991189,,,2911892,56,0
7991189,,,2947000,57,0
7991189,,,2947001,58,0
7991189,17:47:00,17:47:00,2947053,59,1
7991189,,,2947055,60,0
7991189,,,2933831,61,0
7991189,,,2933832,62,0
7991189,,,2933833,63,0
7991189,,,2933834,64,0
7991189,18:00:00,18:00:00,2759335,65,1
7991190,18:10:00,18:10:00,2759346,0,1
7991190,,,2947148,1,0
7991190,,,2947149,2,0
7991190,,,2947150,3,0
7991190,,,2947151,4,0
7991190,,,2947152,5,0
7991190,18:14:00,18:14:00,2947153,6,1
7991190,,,2947154,7,0
7991190,,,2947155,8,0
7991190,,,2947156,9,0
7991190,,,2947157,10,0
7991190,,,2947158,11,0
7991190,,,2947159,12,0
7991190,,,2947160,13,0
7991190,,,2947161,14,0
7991190,,,2947162,15,0
7991190,,,2947163,16,0
7991190,,,2947164,17,0
7991190,,,2949489,18,0
7991190,,,2949490,19,0
7991190,,,2949491,20,0
7991190,18:19:00,18:19:00,2949492,21,1
7991190,,,2949493,22,0
7991190,,,2949494,23,0
7991190,,,2949495,24,0
7991190,,,2949496,25,0
7991190,,,2949497,26,0
7991190,,,2949498,27,0
7991190,,,2949499,28,0
7991190,18:25:00,18:25:00,2949500,29,1
7991190,,,2949501,30,0
7991190,,,2949502,31,0
7991190,18:30:00,18:30:00,2949503,32,1
7991190,,,2949504,33,0
7991190,,,2947029,34,0
7991190,,,2949505,35,0
7991190,,,2949506,36,0
7991190,18:34:00,18:34:00,2949507,37,1
7991190,,,2949509,38,0
7991190,,,2949510,39,0
7991190,,,2949511,40,0
7991190,,,2949512,41,0
7991190,,,2949513,42,0
7991190,,,2949514,43,0
7991190,,,2949515,44,0
7991190,,,2949516,45,0
7991190,,,2949517,46,0
7991190,,,2949518,47,0
7991190,,,2949519,48,0
7991190,,,2949520,49,0
7991190,,,2949521,50,0
7991190,18:41:00,18:41:00,2949522,51,1
7991190,,,2949523,52,0
7991190,,,2949524,53,0
7991190,,,2949525,54,0
7991190,,,2940594,55,0
7991190,,,2911892,56,0
7991190,,,2947000,57,0
7991190,,,2947001,58,0
7991190,18:47:00,18:47:00,2947053,59,1
7991190,,,2947055,60,0
7991190,,,2933831,61,0
7991190,,,2933832,62,0
7991190,,,2933833,63,0
7991190,,,2933834,64,0
7991190,19:00:00,19:00:00,2759335,65,1
7991191,19:10:00,19:10:00,2759346,0,1
7991191,,,2947148,1,0
7991191,,,2947149,2,0
7991191,,,2947150,3,0
7991191,,,2947151,4,0
7991191,,,2947152,5,0
7991191,19:14:00,19:14:00,2947153,6,1
7991191,,,2947154,7,0
7991191,,,2947155,8,0
7991191,,,2947156,9,0
7991191,,,2947157,10,0
7991191,,,2947158,11,0
7991191,,,2947159,12,0
7991191,,,2947160,13,0
7991191,,,2947161,14,0
7991191,,,2947162,15,0
7991191,,,2947163,16,0
7991191,,,2947164,17,0
7991191,,,2949489,18,0
7991191,,,2949490,19,0
7991191,,,2949491,20,0
7991191,19:19:00,19:19:00,2949492,21,1
7991191,,,2949493,22,0
7991191,,,2949494,23,0
7991191,,,2949495,24,0
7991191,,,2949496,25,0
7991191,,,2949497,26,0
7991191,,,2949498,27,0
7991191,,,2949499,28,0
7991191,19:25:00,19:25:00,2949500,29,1
7991191,,,2949501,30,0
7991191,,,2949502,31,0
7991191,19:30:00,19:30:00,2949503,32,1
7991191,,,2949504,33,0
7991191,,,2947029,34,0
7991191,,,2949505,35,0
7991191,,,2949506,36,0
7991191,19:34:00,19:34:00,2949507,37,1
7991191,,,2949509,38,0
7991191,,,2949510,39,0
7991191,,,2949511,40,0
7991191,,,2949512,41,0
7991191,,,2949513,42,0
7991191,,,2949514,43,0
7991191,,,2949515,44,0
7991191,,,2949516,45,0
7991191,,,2949517,46,0
7991191,,,2949518,47,0
7991191,,,2949519,48,0
7991191,,,2949520,49,0
7991191,,,2949521,50,0
7991191,19:41:00,19:41:00,2949522,51,1
7991191,,,2949523,52,0
7991191,,,2949524,53,0
7991191,,,2949525,54,0
7991191,,,2940594,55,0
7991191,,,2911892,56,0
7991191,,,2947000,57,0
7991191,,,2947001,58,0
7991191,19:47:00,19:47:00,2947053,59,1
7991191,,,2947055,60,0
7991191,,,2933831,61,0
7991191,,,2933832,62,0
7991191,,,2933833,63,0
7991191,,,2933834,64,0
7991191,20:00:00,20:00:00,2759335,65,1
7991192,20:10:00,20:10:00,2759346,0,1
7991192,,,2947148,1,0
7991192,,,2947149,2,0
7991192,,,2947150,3,0
7991192,,,2947151,4,0
7991192,,,2947152,5,0
7991192,20:14:00,20:14:00,2947153,6,1
7991192,,,2947154,7,0
7991192,,,2947155,8,0
7991192,,,2947156,9,0
7991192,,,2947157,10,0
7991192,,,2947158,11,0
7991192,,,2947159,12,0
7991192,,,2947160,13,0
7991192,,,2947161,14,0
7991192,,,2947162,15,0
7991192,,,2947163,16,0
7991192,,,2947164,17,0
7991192,,,2949489,18,0
7991192,,,2949490,19,0
7991192,,,2949491,20,0
7991192,20:19:00,20:19:00,2949492,21,1
7991192,,,2949493,22,0
7991192,,,2949494,23,0
7991192,,,2949495,24,0
7991192,,,2949496,25,0
7991192,,,2949497,26,0
7991192,,,2949498,27,0
7991192,,,2949499,28,0
7991192,20:25:00,20:25:00,2949500,29,1
7991192,,,2949501,30,0
7991192,,,2949502,31,0
7991192,20:30:00,20:30:00,2949503,32,1
7991192,,,2949504,33,0
7991192,,,2947029,34,0
7991192,,,2949505,35,0
7991192,,,2949506,36,0
7991192,20:34:00,20:34:00,2949507,37,1
7991192,,,2949509,38,0
7991192,,,2949510,39,0
7991192,,,2949511,40,0
7991192,,,2949512,41,0
7991192,,,2949513,42,0
7991192,,,2949514,43,0
7991192,,,2949515,44,0
7991192,,,2949516,45,0
7991192,,,2949517,46,0
7991192,,,2949518,47,0
7991192,,,2949519,48,0
7991192,,,2949520,49,0
7991192,,,2949521,50,0
7991192,20:41:00,20:41:00,2949522,51,1
7991192,,,2949523,52,0
7991192,,,2949524,53,0
7991192,,,2949525,54,0
7991192,,,2940594,55,0
7991192,,,2911892,56,0
7991192,,,2947000,57,0
7991192,,,2947001,58,0
7991192,20:47:00,20:47:00,2947053,59,1
7991192,,,2947055,60,0
7991192,,,2933831,61,0
7991192,,,2933832,62,0
7991192,,,2933833,63,0
7991192,,,2933834,64,0
7991192,21:00:00,21:00:00,2759335,65,1
7991193,21:10:00,21:10:00,2759346,0,1
7991193,,,2947148,1,0
7991193,,,2947149,2,0
7991193,,,2947150,3,0
7991193,,,2947151,4,0
7991193,,,2947152,5,0
7991193,21:14:00,21:14:00,2947153,6,1
7991193,,,2947154,7,0
7991193,,,2947155,8,0
7991193,,,2947156,9,0
7991193,,,2947157,10,0
7991193,,,2947158,11,0
7991193,,,2947159,12,0
7991193,,,2947160,13,0
7991193,,,2947161,14,0
7991193,,,2947162,15,0
7991193,,,2947163,16,0
7991193,,,2947164,17,0
7991193,,,2949489,18,0
7991193,,,2949490,19,0
7991193,,,2949491,20,0
7991193,21:19:00,21:19:00,2949492,21,1
7991193,,,2949493,22,0
7991193,,,2949494,23,0
7991193,,,2949495,24,0
7991193,,,2949496,25,0
7991193,,,2949497,26,0
7991193,,,2949498,27,0
7991193,,,2949499,28,0
7991193,21:25:00,21:25:00,2949500,29,1
7991193,,,2949501,30,0
7991193,,,2949502,31,0
7991193,21:30:00,21:30:00,2949503,32,1
7991193,,,2949504,33,0
7991193,,,2947029,34,0
7991193,,,2949505,35,0
7991193,,,2949506,36,0
7991193,21:34:00,21:34:00,2949507,37,1
7991193,,,2949509,38,0
7991193,,,2949510,39,0
7991193,,,2949511,40,0
7991193,,,2949512,41,0
7991193,,,2949513,42,0
7991193,,,2949514,43,0
7991193,,,2949515,44,0
7991193,,,2949516,45,0
7991193,,,2949517,46,0
7991193,,,2949518,47,0
7991193,,,2949519,48,0
7991193,,,2949520,49,0
7991193,,,2949521,50,0
7991193,21:41:00,21:41:00,2949522,51,1
7991193,,,2949523,52,0
7991193,,,2949524,53,0
7991193,,,2949525,54,0
7991193,,,2940594,55,0
7991193,,,2911892,56,0
7991193,,,2947000,57,0
7991193,,,2947001,58,0
7991193,21:47:00,21:47:00,2947053,59,1
7991193,,,2947055,60,0
7991193,,,2933831,61,0
7991193,,,2933832,62,0
7991193,,,2933833,63,0
7991193,,,2933834,64,0
7991193,22:00:00,22:00:00,2759335,65,1
7991194,22:10:00,22:10:00,2759346,0,1
7991194,,,2947148,1,0
7991194,,,2947149,2,0
7991194,,,2947150,3,0
7991194,,,2947151,4,0
7991194,,,2947152,5,0
7991194,22:14:00,22:14:00,2947153,6,1
7991194,,,2947154,7,0
7991194,,,2947155,8,0
7991194,,,2947156,9,0
7991194,,,2947157,10,0
7991194,,,2947158,11,0
7991194,,,2947159,12,0
7991194,,,2947160,13,0
7991194,,,2947161,14,0
7991194,,,2947162,15,0
7991194,,,2947163,16,0
7991194,,,2947164,17,0
7991194,,,2949489,18,0
7991194,,,2949490,19,0
7991194,,,2949491,20,0
7991194,22:19:00,22:19:00,2949492,21,1
7991194,,,2949493,22,0
7991194,,,2949494,23,0
7991194,,,2949495,24,0
7991194,,,2949496,25,0
7991194,,,2949497,26,0
7991194,,,2949498,27,0
7991194,,,2949499,28,0
7991194,22:25:00,22:25:00,2949500,29,1
7991194,,,2949501,30,0
7991194,,,2949502,31,0
7991194,22:30:00,22:30:00,2949503,32,1
7991194,,,2949504,33,0
7991194,,,2947029,34,0
7991194,,,2949505,35,0
7991194,,,2949506,36,0
7991194,22:34:00,22:34:00,2949507,37,1
7991194,,,2949509,38,0
7991194,,,2949510,39,0
7991194,,,2949511,40,0
7991194,,,2949512,41,0
7991194,,,2949513,42,0
7991194,,,2949514,43,0
7991194,,,2949515,44,0
7991194,,,2949516,45,0
7991194,,,2949517,46,0
7991194,,,2949518,47,0
7991194,,,2949519,48,0
7991194,,,2949520,49,0
7991194,,,2949521,50,0
7991194,22:41:00,22:41:00,2949522,51,1
7991194,,,2949523,52,0
7991194,,,2949524,53,0
7991194,,,2949525,54,0
7991194,,,2940594,55,0
7991194,,,2911892,56,0
7991194,,,2947000,57,0
7991194,,,2947001,58,0
7991194,22:47:00,22:47:00,2947053,59,1
7991194,,,2947055,60,0
7991194,,,2933831,61,0
7991194,,,2933832,62,0
7991194,,,2933833,63,0
7991194,,,2933834,64,0
7991194,23:00:00,23:00:00,2759335,65,1
7961831,06:19:00,06:19:00,2940552,0,0
7961831,,,2940553,1,0
7961831,,,2940554,2,0
7961831,06:21:00,06:21:00,2940555,3,0
7961831,,,2940556,4,0
7961831,,,2940557,5,0
7961831,,,2940558,6,0
7961831,,,2940559,7,0
7961831,,,2940560,8,0
7961831,06:25:00,06:25:00,2940561,9,0
7961831,,,2940562,10,0
7961831,,,2940563,11,0
7961831,06:28:00,06:28:00,2933816,12,0
7961831,,,2933817,13,0
7961831,,,2940564,14,0
7961831,,,2940565,15,0
7961831,,,2940566,16,0
7961831,06:31:00,06:31:00,2940567,17,0
7961831,,,2940568,18,0
7961831,06:36:00,06:36:00,2759335,19,0
7975489,23:10:00,23:10:00,2759346,0,0
7975489,23:13:00,23:13:00,2937782,1,0
7975489,,,2937783,2,0
7975489,,,2940542,3,0
7975489,,,2940543,4,0
7975489,,,2940544,5,0
7975489,,,2940545,6,0
7975489,,,2940546,7,0
7975489,,,2940547,8,0
7975489,,,2940548,9,0
7975489,,,2940549,10,0
7975489,,,2940550,11,0
7975489,,,2940551,12,0
7975489,23:19:00,23:19:00,2940552,13,0
7975489,,,2940553,14,0
7975489,,,2940554,15,0
7975489,23:21:00,23:21:00,2940555,16,0
7975489,,,2940556,17,0
7975489,,,2940557,18,0
7975489,,,2940558,19,0
7975489,,,2940559,20,0
7975489,,,2940560,21,0
7975489,23:25:00,23:25:00,2940561,22,0
7975489,,,2940562,23,0
7975489,,,2940563,24,0
7975489,23:28:00,23:28:00,2933816,25,0
7975489,,,2933817,26,0
7975489,,,2940564,27,0
7975489,,,2940565,28,0
7975489,23:30:00,23:30:00,2940566,29,0
7975490,08:10:00,08:10:00,2759346,0,0
7975490,08:13:00,08:13:00,2937782,1,0
7975490,,,2937783,2,0
7975490,,,2940542,3,0
7975490,,,2940543,4,0
7975490,,,2940544,5,0
7975490,,,2940545,6,0
7975490,,,2940546,7,0
7975490,,,2940547,8,0
7975490,,,2940548,9,0
7975490,,,2940549,10,0
7975490,,,2940550,11,0
7975490,,,2940551,12,0
7975490,08:19:00,08:19:00,2940552,13,0
7975490,,,2940553,14,0
7975490,,,2940554,15,0
7975490,08:21:00,08:21:00,2940555,16,0
7975490,,,2940556,17,0
7975490,,,2940557,18,0
7975490,,,2940558,19,0
7975490,,,2940559,20,0
7975490,,,2940560,21,0
7975490,08:25:00,08:25:00,2940561,22,0
7975490,,,2940562,23,0
7975490,,,2940563,24,0
7975490,08:28:00,08:28:00,2933816,25,0
7975490,,,2933817,26,0
7975490,,,2940564,27,0
7975490,,,2940565,28,0
7975490,,,2940566,29,0
7975490,08:31:00,08:31:00,2940567,30,0
7975490,,,2940568,31,0
7975490,08:36:00,08:36:00,2759335,32,0
7975491,09:10:00,09:10:00,2759346,0,0
7975491,09:13:00,09:13:00,2937782,1,0
7975491,,,2937783,2,0
7975491,,,2940542,3,0
7975491,,,2940543,4,0
7975491,,,2940544,5,0
7975491,,,2940545,6,0
7975491,,,2940546,7,0
7975491,,,2940547,8,0
7975491,,,2940548,9,0
7975491,,,2940549,10,0
7975491,,,2940550,11,0
7975491,,,2940551,12,0
7975491,09:19:00,09:19:00,2940552,13,0
7975491,,,2940553,14,0
7975491,,,2940554,15,0
7975491,09:21:00,09:21:00,2940555,16,0
7975491,,,2940556,17,0
7975491,,,2940557,18,0
7975491,,,2940558,19,0
7975491,,,2940559,20,0
7975491,,,2940560,21,0
7975491,09:25:00,09:25:00,2940561,22,0
7975491,,,2940562,23,0
7975491,,,2940563,24,0
7975491,09:28:00,09:28:00,2933816,25,0
7975491,,,2933817,26,0
7975491,,,2940564,27,0
7975491,,,2940565,28,0
7975491,,,2940566,29,0
7975491,09:31:00,09:31:00,2940567,30,0
7975491,,,2940568,31,0
7975491,09:36:00,09:36:00,2759335,32,0
7975492,10:10:00,10:10:00,2759346,0,0
7975492,10:13:00,10:13:00,2937782,1,0
7975492,,,2937783,2,0
7975492,,,2940542,3,0
7975492,,,2940543,4,0
7975492,,,2940544,5,0
7975492,,,2940545,6,0
7975492,,,2940546,7,0
7975492,,,2940547,8,0
7975492,,,2940548,9,0
7975492,,,2940549,10,0
7975492,,,2940550,11,0
7975492,,,2940551,12,0
7975492,10:19:00,10:19:00,2940552,13,0
7975492,,,2940553,14,0
7975492,,,2940554,15,0
7975492,10:21:00,10:21:00,2940555,16,0
7975492,,,2940556,17,0
7975492,,,2940557,18,0
7975492,,,2940558,19,0
7975492,,,2940559,20,0
7975492,,,2940560,21,0
7975492,10:25:00,10:25:00,2940561,22,0
7975492,,,2940562,23,0
7975492,,,2940563,24,0
7975492,10:28:00,10:28:00,2933816,25,0
7975492,,,2933817,26,0
7975492,,,2940564,27,0
7975492,,,2940565,28,0
7975492,,,2940566,29,0
7975492,10:31:00,10:31:00,2940567,30,0
7975492,,,2940568,31,0
7975492,10:36:00,10:36:00,2759335,32,0
7975493,11:10:00,11:10:00,2759346,0,0
7975493,11:13:00,11:13:00,2937782,1,0
7975493,,,2937783,2,0
7975493,,,2940542,3,0
7975493,,,2940543,4,0
7975493,,,2940544,5,0
7975493,,,2940545,6,0
7975493,,,2940546,7,0
7975493,,,2940547,8,0
7975493,,,2940548,9,0
7975493,,,2940549,10,0
7975493,,,2940550,11,0
7975493,,,2940551,12,0
7975493,11:19:00,11:19:00,2940552,13,0
7975493,,,2940553,14,0
7975493,,,2940554,15,0
7975493,11:21:00,11:21:00,2940555,16,0
7975493,,,2940556,17,0
7975493,,,2940557,18,0
7975493,,,2940558,19,0
7975493,,,2940559,20,0
7975493,,,2940560,21,0
7975493,11:25:00,11:25:00,2940561,22,0
7975493,,,2940562,23,0
7975493,,,2940563,24,0
7975493,11:28:00,11:28:00,2933816,25,0
7975493,,,2933817,26,0
7975493,,,2940564,27,0
7975493,,,2940565,28,0
7975493,,,2940566,29,0
7975493,11:31:00,11:31:00,2940567,30,0
7975493,,,2940568,31,0
7975493,11:36:00,11:36:00,2759335,32,0
7975494,12:10:00,12:10:00,2759346,0,0
7975494,12:13:00,12:13:00,2937782,1,0
7975494,,,2937783,2,0
7975494,,,2940542,3,0
7975494,,,2940543,4,0
7975494,,,2940544,5,0
7975494,,,2940545,6,0
7975494,,,2940546,7,0
7975494,,,2940547,8,0
7975494,,,2940548,9,0
7975494,,,2940549,10,0
7975494,,,2940550,11,0
7975494,,,2940551,12,0
7975494,12:19:00,12:19:00,2940552,13,0
7975494,,,2940553,14,0
7975494,,,2940554,15,0
7975494,12:21:00,12:21:00,2940555,16,0
7975494,,,2940556,17,0
7975494,,,2940557,18,0
7975494,,,2940558,19,0
7975494,,,2940559,20,0
7975494,,,2940560,21,0
7975494,12:25:00,12:25:00,2940561,22,0
7975494,,,2940562,23,0
7975494,,,2940563,24,0
7975494,12:28:00,12:28:00,2933816,25,0
7975494,,,2933817,26,0
7975494,,,2940564,27,0
7975494,,,2940565,28,0
7975494,,,2940566,29,0
7975494,12:31:00,12:31:00,2940567,30,0
7975494,,,2940568,31,0
7975494,12:36:00,12:36:00,2759335,32,0
7975495,13:10:00,13:10:00,2759346,0,0
7975495,13:13:00,13:13:00,2937782,1,0
7975495,,,2937783,2,0
7975495,,,2940542,3,0
7975495,,,2940543,4,0
7975495,,,2940544,5,0
7975495,,,2940545,6,0
7975495,,,2940546,7,0
7975495,,,2940547,8,0
7975495,,,2940548,9,0
7975495,,,2940549,10,0
7975495,,,2940550,11,0
7975495,,,2940551,12,0
7975495,13:19:00,13:19:00,2940552,13,0
7975495,,,2940553,14,0
7975495,,,2940554,15,0
7975495,13:21:00,13:21:00,2940555,16,0
7975495,,,2940556,17,0
7975495,,,2940557,18,0
7975495,,,2940558,19,0
7975495,,,2940559,20,0
7975495,,,2940560,21,0
7975495,13:25:00,13:25:00,2940561,22,0
7975495,,,2940562,23,0
7975495,,,2940563,24,0
7975495,13:28:00,13:28:00,2933816,25,0
7975495,,,2933817,26,0
7975495,,,2940564,27,0
7975495,,,2940565,28,0
7975495,,,2940566,29,0
7975495,13:31:00,13:31:00,2940567,30,0
7975495,,,2940568,31,0
7975495,13:36:00,13:36:00,2759335,32,0
7975496,14:10:00,14:10:00,2759346,0,0
7975496,14:13:00,14:13:00,2937782,1,0
7975496,,,2937783,2,0
7975496,,,2940542,3,0
7975496,,,2940543,4,0
7975496,,,2940544,5,0
7975496,,,2940545,6,0
7975496,,,2940546,7,0
7975496,,,2940547,8,0
7975496,,,2940548,9,0
7975496,,,2940549,10,0
7975496,,,2940550,11,0
7975496,,,2940551,12,0
7975496,14:19:00,14:19:00,2940552,13,0
7975496,,,2940553,14,0
7975496,,,2940554,15,0
7975496,14:21:00,14:21:00,2940555,16,0
7975496,,,2940556,17,0
7975496,,,2940557,18,0
7975496,,,2940558,19,0
7975496,,,2940559,20,0
7975496,,,2940560,21,0
7975496,14:25:00,14:25:00,2940561,22,0
7975496,,,2940562,23,0
7975496,,,2940563,24,0
7975496,14:28:00,14:28:00,2933816,25,0
7975496,,,2933817,26,0
7975496,,,2940564,27,0
7975496,,,2940565,28,0
7975496,,,2940566,29,0
7975496,14:31:00,14:31:00,2940567,30,0
7975496,,,2940568,31,0
7975496,14:36:00,14:36:00,2759335,32,0
7975497,15:10:00,15:10:00,2759346,0,0
7975497,15:13:00,15:13:00,2937782,1,0
7975497,,,2937783,2,0
7975497,,,2940542,3,0
7975497,,,2940543,4,0
7975497,,,2940544,5,0
7975497,,,2940545,6,0
7975497,,,2940546,7,0
7975497,,,2940547,8,0
7975497,,,2940548,9,0
7975497,,,2940549,10,0
7975497,,,2940550,11,0
7975497,,,2940551,12,0
7975497,15:19:00,15:19:00,2940552,13,0
7975497,,,2940553,14,0
7975497,,,2940554,15,0
7975497,15:21:00,15:21:00,2940555,16,0
7975497,,,2940556,17,0
7975497,,,2940557,18,0
7975497,,,2940558,19,0
7975497,,,2940559,20,0
7975497,,,2940560,21,0
7975497,15:25:00,15:25:00,2940561,22,0
7975497,,,2940562,23,0
7975497,,,2940563,24,0
7975497,15:28:00,15:28:00,2933816,25,0
7975497,,,2933817,26,0
7975497,,,2940564,27,0
7975497,,,2940565,28,0
7975497,,,2940566,29,0
7975497,15:31:00,15:31:00,2940567,30,0
7975497,,,2940568,31,0
7975497,15:36:00,15:36:00,2759335,32,0
7975498,16:10:00,16:10:00,2759346,0,0
7975498,16:13:00,16:13:00,2937782,1,0
7975498,,,2937783,2,0
7975498,,,2940542,3,0
7975498,,,2940543,4,0
7975498,,,2940544,5,0
7975498,,,2940545,6,0
7975498,,,2940546,7,0
7975498,,,2940547,8,0
7975498,,,2940548,9,0
7975498,,,2940549,10,0
7975498,,,2940550,11,0
7975498,,,2940551,12,0
7975498,16:19:00,16:19:00,2940552,13,0
7975498,,,2940553,14,0
7975498,,,2940554,15,0
7975498,16:21:00,16:21:00,2940555,16,0
7975498,,,2940556,17,0
7975498,,,2940557,18,0
7975498,,,2940558,19,0
7975498,,,2940559,20,0
7975498,,,2940560,21,0
7975498,16:25:00,16:25:00,2940561,22,0
7975498,,,2940562,23,0
7975498,,,2940563,24,0
7975498,16:28:00,16:28:00,2933816,25,0
7975498,,,2933817,26,0
7975498,,,2940564,27,0
7975498,,,2940565,28,0
7975498,,,2940566,29,0
7975498,16:31:00,16:31:00,2940567,30,0
7975498,,,2940568,31,0
7975498,16:36:00,16:36:00,2759335,32,0
7975499,17:10:00,17:10:00,2759346,0,0
7975499,17:13:00,17:13:00,2937782,1,0
7975499,,,2937783,2,0
7975499,,,2940542,3,0
7975499,,,2940543,4,0
7975499,,,2940544,5,0
7975499,,,2940545,6,0
7975499,,,2940546,7,0
7975499,,,2940547,8,0
7975499,,,2940548,9,0
7975499,,,2940549,10,0
7975499,,,2940550,11,0
7975499,,,2940551,12,0
7975499,17:19:00,17:19:00,2940552,13,0
7975499,,,2940553,14,0
7975499,,,2940554,15,0
7975499,17:21:00,17:21:00,2940555,16,0
7975499,,,2940556,17,0
7975499,,,2940557,18,0
7975499,,,2940558,19,0
7975499,,,2940559,20,0
7975499,,,2940560,21,0
7975499,17:25:00,17:25:00,2940561,22,0
7975499,,,2940562,23,0
7975499,,,2940563,24,0
7975499,17:28:00,17:28:00,2933816,25,0
7975499,,,2933817,26,0
7975499,,,2940564,27,0
7975499,,,2940565,28,0
7975499,,,2940566,29,0
7975499,17:31:00,17:31:00,2940567,30,0
7975499,,,2940568,31,0
7975499,17:36:00,17:36:00,2759335,32,0
7975500,18:10:00,18:10:00,2759346,0,0
7975500,18:13:00,18:13:00,2937782,1,0
7975500,,,2937783,2,0
7975500,,,2940542,3,0
7975500,,,2940543,4,0
7975500,,,2940544,5,0
7975500,,,2940545,6,0
7975500,,,2940546,7,0
7975500,,,2940547,8,0
7975500,,,2940548,9,0
7975500,,,2940549,10,0
7975500,,,2940550,11,0
7975500,,,2940551,12,0
7975500,18:19:00,18:19:00,2940552,13,0
7975500,,,2940553,14,0
7975500,,,2940554,15,0
7975500,18:21:00,18:21:00,2940555,16,0
7975500,,,2940556,17,0
7975500,,,2940557,18,0
7975500,,,2940558,19,0
7975500,,,2940559,20,0
7975500,,,2940560,21,0
7975500,18:25:00,18:25:00,2940561,22,0
7975500,,,2940562,23,0
7975500,,,2940563,24,0
7975500,18:28:00,18:28:00,2933816,25,0
7975500,,,2933817,26,0
7975500,,,2940564,27,0
7975500,,,2940565,28,0
7975500,,,2940566,29,0
7975500,18:31:00,18:31:00,2940567,30,0
7975500,,,2940568,31,0
7975500,18:36:00,18:36:00,2759335,32,0
7975526,06:21:00,06:21:00,2940580,0,0
7975526,,,2940581,1,0
7975526,,,2940582,2,0
7975526,,,2940583,3,0
7975526,,,2940584,4,0
7975526,06:23:00,06:23:00,2940585,5,0
7975526,,,2940586,6,0
7975526,,,2940587,7,0
7975526,,,2940588,8,0
7975526,06:26:00,06:26:00,2940589,9,0
7975526,,,2940590,10,0
7975526,,,2940591,11,0
7975526,06:28:00,06:28:00,2940592,12,0
7975526,,,2940593,13,0
7975526,,,2940594,14,0
7975526,06:34:00,06:34:00,2759335,15,0
7975527,08:40:00,08:40:00,2759346,0,0
7975527,,,2940569,1,0
7975527,,,2940570,2,0
7975527,08:44:00,08:44:00,2940571,3,0
7975527,,,2940572,4,0
7975527,08:46:00,08:46:00,2940573,5,0
7975527,,,2940574,6,0
7975527,,,2940575,7,0
7975527,,,2940576,8,0
7975527,,,2940577,9,0
7975527,,,2940578,10,0
7975527,,,2940579,11,0
7975527,08:51:00,08:51:00,2940580,12,0
7975527,,,2940581,13,0
7975527,,,2940582,14,0
7975527,,,2940583,15,0
7975527,,,2940584,16,0
7975527,08:53:00,08:53:00,2940585,17,0
7975527,,,2940586,18,0
7975527,,,2940587,19,0
7975527,,,2940588,20,0
7975527,08:56:00,08:56:00,2940589,21,0
7975527,,,2940590,22,0
7975527,,,2940591,23,0
7975527,08:58:00,08:58:00,2940592,24,0
7975527,,,2940593,25,0
7975527,,,2940594,26,0
7975527,09:04:00,09:04:00,2759335,27,0
7975528,09:40:00,09:40:00,2759346,0,0
7975528,,,2940569,1,0
7975528,,,2940570,2,0
7975528,09:44:00,09:44:00,2940571,3,0
7975528,,,2940572,4,0
7975528,09:46:00,09:46:00,2940573,5,0
7975528,,,2940574,6,0
7975528,,,2940575,7,0
7975528,,,2940576,8,0
7975528,,,2940577,9,0
7975528,,,2940578,10,0
7975528,,,2940579,11,0
7975528,09:51:00,09:51:00,2940580,12,0
7975528,,,2940581,13,0
7975528,,,2940582,14,0
7975528,,,2940583,15,0
7975528,,,2940584,16,0
7975528,09:53:00,09:53:00,2940585,17,0
7975528,,,2940586,18,0
7975528,,,2940587,19,0
7975528,,,2940588,20,0
7975528,09:56:00,09:56:00,2940589,21,0
7975528,,,2940590,22,0
7975528,,,2940591,23,0
7975528,09:58:00,09:58:00,2940592,24,0
7975528,,,2940593,25,0
7975528,,,2940594,26,0
7975528,10:04:00,10:04:00,2759335,27,0
7975529,10:40:00,10:40:00,2759346,0,0
7975529,,,2940569,1,0
7975529,,,2940570,2,0
7975529,10:44:00,10:44:00,2940571,3,0
7975529,,,2940572,4,0
7975529,10:46:00,10:46:00,2940573,5,0
7975529,,,2940574,6,0
7975529,,,2940575,7,0
7975529,,,2940576,8,0
7975529,,,2940577,9,0
7975529,,,2940578,10,0
7975529,,,2940579,11,0
7975529,10:51:00,10:51:00,2940580,12,0
7975529,,,2940581,13,0
7975529,,,2940582,14,0
7975529,,,2940583,15,0
7975529,,,2940584,16,0
7975529,10:53:00,10:53:00,2940585,17,0
7975529,,,2940586,18,0
7975529,,,2940587,19,0
7975529,,,2940588,20,0
7975529,10:56:00,10:56:00,2940589,21,0
7975529,,,2940590,22,0
7975529,,,2940591,23,0
7975529,10:58:00,10:58:00,2940592,24,0
7975529,,,2940593,25,0
7975529,,,2940594,26,0
7975529,11:04:00,11:04:00,2759335,27,0
7975530,11:40:00,11:40:00,2759346,0,0
7975530,,,2940569,1,0
7975530,,,2940570,2,0
7975530,11:44:00,11:44:00,2940571,3,0
7975530,,,2940572,4,0
7975530,11:46:00,11:46:00,2940573,5,0
7975530,,,2940574,6,0
7975530,,,2940575,7,0
7975530,,,2940576,8,0
7975530,,,2940577,9,0
7975530,,,2940578,10,0
7975530,,,2940579,11,0
7975530,11:51:00,11:51:00,2940580,12,0
7975530,,,2940581,13,0
7975530,,,2940582,14,0
7975530,,,2940583,15,0
7975530,,,2940584,16,0
7975530,11:53:00,11:53:00,2940585,17,0
7975530,,,2940586,18,0
7975530,,,2940587,19,0
7975530,,,2940588,20,0
7975530,11:56:00,11:56:00,2940589,21,0
7975530,,,2940590,22,0
7975530,,,2940591,23,0
7975530,11:58:00,11:58:00,2940592,24,0
7975530,,,2940593,25,0
7975530,,,2940594,26,0
7975530,12:04:00,12:04:00,2759335,27,0
7975531,12:40:00,12:40:00,2759346,0,0
7975531,,,2940569,1,0
7975531,,,2940570,2,0
7975531,12:44:00,12:44:00,2940571,3,0
7975531,,,2940572,4,0
7975531,12:46:00,12:46:00,2940573,5,0
7975531,,,2940574,6,0
7975531,,,2940575,7,0
7975531,,,2940576,8,0
7975531,,,2940577,9,0
7975531,,,2940578,10,0
7975531,,,2940579,11,0
7975531,12:51:00,12:51:00,2940580,12,0
7975531,,,2940581,13,0
7975531,,,2940582,14,0
7975531,,,2940583,15,0
7975531,,,2940584,16,0
7975531,12:53:00,12:53:00,2940585,17,0
7975531,,,2940586,18,0
7975531,,,2940587,19,0
7975531,,,2940588,20,0
7975531,12:56:00,12:56:00,2940589,21,0
7975531,,,2940590,22,0
7975531,,,2940591,23,0
7975531,12:58:00,12:58:00,2940592,24,0
7975531,,,2940593,25,0
7975531,,,2940594,26,0
7975531,13:04:00,13:04:00,2759335,27,0
7975532,13:40:00,13:40:00,2759346,0,0
7975532,,,2940569,1,0
7975532,,,2940570,2,0
7975532,13:44:00,13:44:00,2940571,3,0
7975532,,,2940572,4,0
7975532,13:46:00,13:46:00,2940573,5,0
7975532,,,2940574,6,0
7975532,,,2940575,7,0
7975532,,,2940576,8,0
7975532,,,2940577,9,0
7975532,,,2940578,10,0
7975532,,,2940579,11,0
7975532,13:51:00,13:51:00,2940580,12,0
7975532,,,2940581,13,0
7975532,,,2940582,14,0
7975532,,,2940583,15,0
7975532,,,2940584,16,0
7975532,13:53:00,13:53:00,2940585,17,0
7975532,,,2940586,18,0
7975532,,,2940587,19,0
7975532,,,2940588,20,0
7975532,13:56:00,13:56:00,2940589,21,0
7975532,,,2940590,22,0
7975532,,,2940591,23,0
7975532,13:58:00,13:58:00,2940592,24,0
7975532,,,2940593,25,0
7975532,,,2940594,26,0
7975532,14:04:00,14:04:00,2759335,27,0
7975533,14:40:00,14:40:00,2759346,0,0
7975533,,,2940569,1,0
7975533,,,2940570,2,0
7975533,14:44:00,14:44:00,2940571,3,0
7975533,,,2940572,4,0
7975533,14:46:00,14:46:00,2940573,5,0
7975533,,,2940574,6,0
7975533,,,2940575,7,0
7975533,,,2940576,8,0
7975533,,,2940577,9,0
7975533,,,2940578,10,0
7975533,,,2940579,11,0
7975533,14:51:00,14:51:00,2940580,12,0
7975533,,,2940581,13,0
7975533,,,2940582,14,0
7975533,,,2940583,15,0
7975533,,,2940584,16,0
7975533,14:53:00,14:53:00,2940585,17,0
7975533,,,2940586,18,0
7975533,,,2940587,19,0
7975533,,,2940588,20,0
7975533,14:56:00,14:56:00,2940589,21,0
7975533,,,2940590,22,0
7975533,,,2940591,23,0
7975533,14:58:00,14:58:00,2940592,24,0
7975533,,,2940593,25,0
7975533,,,2940594,26,0
7975533,15:04:00,15:04:00,2759335,27,0
7975534,15:40:00,15:40:00,2759346,0,0
7975534,,,2940569,1,0
7975534,,,2940570,2,0
7975534,15:44:00,15:44:00,2940571,3,0
7975534,,,2940572,4,0
7975534,15:46:00,15:46:00,2940573,5,0
7975534,,,2940574,6,0
7975534,,,2940575,7,0
7975534,,,2940576,8,0
7975534,,,2940577,9,0
7975534,,,2940578,10,0
7975534,,,2940579,11,0
7975534,15:51:00,15:51:00,2940580,12,0
7975534,,,2940581,13,0
7975534,,,2940582,14,0
7975534,,,2940583,15,0
7975534,,,2940584,16,0
7975534,15:53:00,15:53:00,2940585,17,0
7975534,,,2940586,18,0
7975534,,,2940587,19,0
7975534,,,2940588,20,0
7975534,15:56:00,15:56:00,2940589,21,0
7975534,,,2940590,22,0
7975534,,,2940591,23,0
7975534,15:58:00,15:58:00,2940592,24,0
7975534,,,2940593,25,0
7975534,,,2940594,26,0
7975534,16:04:00,16:04:00,2759335,27,0
7975535,16:40:00,16:40:00,2759346,0,0
7975535,,,2940569,1,0
7975535,,,2940570,2,0
7975535,16:44:00,16:44:00,2940571,3,0
7975535,,,2940572,4,0
7975535,16:46:00,16:46:00,2940573,5,0
7975535,,,2940574,6,0
7975535,,,2940575,7,0
7975535,,,2940576,8,0
7975535,,,2940577,9,0
7975535,,,2940578,10,0
7975535,,,2940579,11,0
7975535,16:51:00,16:51:00,2940580,12,0
7975535,,,2940581,13,0
7975535,,,2940582,14,0
7975535,,,2940583,15,0
7975535,,,2940584,16,0
7975535,16:53:00,16:53:00,2940585,17,0
7975535,,,2940586,18,0
7975535,,,2940587,19,0
7975535,,,2940588,20,0
7975535,16:56:00,16:56:00,2940589,21,0
7975535,,,2940590,22,0
7975535,,,2940591,23,0
7975535,16:58:00,16:58:00,2940592,24,0
7975535,,,2940593,25,0
7975535,,,2940594,26,0
7975535,17:04:00,17:04:00,2759335,27,0
7975536,17:40:00,17:40:00,2759346,0,0
7975536,,,2940569,1,0
7975536,,,2940570,2,0
7975536,17:44:00,17:44:00,2940571,3,0
7975536,,,2940572,4,0
7975536,17:46:00,17:46:00,2940573,5,0
7975536,,,2940574,6,0
7975536,,,2940575,7,0
7975536,,,2940576,8,0
7975536,,,2940577,9,0
7975536,,,2940578,10,0
7975536,,,2940579,11,0
7975536,17:51:00,17:51:00,2940580,12,0
7975536,,,2940581,13,0
7975536,,,2940582,14,0
7975536,,,2940583,15,0
7975536,,,2940584,16,0
7975536,17:53:00,17:53:00,2940585,17,0
7975536,,,2940586,18,0
7975536,,,2940587,19,0
7975536,,,2940588,20,0
7975536,17:56:00,17:56:00,2940589,21,0
7975536,,,2940590,22,0
7975536,,,2940591,23,0
7975536,17:58:00,17:58:00,2940592,24,0
7975536,,,2940593,25,0
7975536,,,2940594,26,0
7975536,18:04:00,18:04:00,2759335,27,0
7975537,18:40:00,18:40:00,2759346,0,0
7975537,,,2940569,1,0
7975537,,,2940570,2,0
7975537,18:44:00,18:44:00,2940571,3,0
7975537,,,2940572,4,0
7975537,18:46:00,18:46:00,2940573,5,0
7975537,,,2940574,6,0
7975537,,,2940575,7,0
7975537,,,2940576,8,0
7975537,,,2940577,9,0
7975537,,,2940578,10,0
7975537,,,2940579,11,0
7975537,18:51:00,18:51:00,2940580,12,0
7975537,,,2940581,13,0
7975537,,,2940582,14,0
7975537,,,2940583,15,0
7975537,,,2940584,16,0
7975537,18:53:00,18:53:00,2940585,17,0
7975537,,,2940586,18,0
7975537,,,2940587,19,0
7975537,,,2940588,20,0
7975537,18:56:00,18:56:00,2940589,21,0
7975537,,,2940590,22,0
7975537,,,2940591,23,0
7975537,18:58:00,18:58:00,2940592,24,0
7975537,,,2940593,25,0
7975537,,,2940594,26,0
7975537,19:04:00,19:04:00,2759335,27,0
7975538,07:51:00,07:51:00,2940580,0,0
7975538,,,2940581,1,0
7975538,,,2940582,2,0
7975538,,,2940583,3,0
7975538,,,2940584,4,0
7975538,07:53:00,07:53:00,2940585,5,0
7975538,,,2940586,6,0
7975538,,,2940587,7,0
7975538,,,2940588,8,0
7975538,07:56:00,07:56:00,2940589,9,0
7975538,,,2940590,10,0
7975538,,,2940591,11,0
7975538,07:58:00,07:58:00,2940592,12,0
7975538,,,2940593,13,0
7975538,,,2940594,14,0
7975538,08:04:00,08:04:00,2759335,15,0
7975539,18:40:00,18:40:00,2759346,0,0
7975539,,,2940569,1,0
7975539,,,2940570,2,0
7975539,18:44:00,18:44:00,2940571,3,0
7975539,,,2940572,4,0
7975539,18:46:00,18:46:00,2940573,5,0
7975539,,,2940574,6,0
7975539,,,2940575,7,0
7975539,,,2940576,8,0
7975539,,,2940577,9,0
7975539,,,2940578,10,0
7975539,,,2940579,11,0
7975539,18:51:00,18:51:00,2940580,12,0
7975554,06:35:00,06:35:00,2947028,0,0
7975554,,,2947029,1,0
7975554,,,2947030,2,0
7975554,,,2947031,3,0
7975554,,,2947032,4,0
7975554,,,2947033,5,0
7975554,06:41:00,06:41:00,2947019,6,0
7975554,,,2947034,7,0
7975554,,,2947035,8,0
7975554,,,2947036,9,0
7975554,,,2947037,10,0
7975554,,,2947038,11,0
7975554,,,2947039,12,0
7975554,,,2947040,13,0
7975554,,,2947041,14,0
7975554,,,2947042,15,0
7975554,,,2947043,16,0
7975554,06:46:00,06:46:00,2947044,17,0
7975554,,,2947045,18,0
7975554,,,2947046,19,0
7975554,,,2947047,20,0
7975554,,,2947048,21,0
7975554,,,2947049,22,0
7975554,06:51:00,06:51:00,2947050,23,0
7975554,,,2947051,24,0
7975554,,,2947052,25,0
7975554,,,2947053,26,0
7975554,,,2947054,27,0
7975554,,,2947055,28,0
7975554,,,2933831,29,0
7975554,,,2933832,30,0
7975554,,,2933833,31,0
7975554,,,2933834,32,0
7975554,06:59:00,06:59:00,2759335,33,0
7975556,07:10:00,07:10:00,2759346,0,1
7975556,,,2947000,1,0
7975556,,,2947001,2,0
7975556,,,2947002,3,0
7975556,,,2947003,4,0
7975556,,,2947004,5,0
7975556,07:13:00,07:13:00,2947005,6,1
7975556,,,2947006,7,0
7975556,,,2947007,8,0
7975556,,,2947008,9,0
7975556,,,2947009,10,0
7975556,07:18:00,07:18:00,2947010,11,1
7975556,,,2947011,12,0
7975556,,,2947012,13,0
7975556,,,2947013,14,0
7975556,,,2947014,15,0
7975556,,,2947015,16,0
7975556,,,2947016,17,0
7975556,,,2947017,18,0
7975556,,,2947018,19,0
7975556,07:30:00,07:30:00,2947019,20,1
7975556,,,2947020,21,0
7975556,,,2947021,22,0
7975556,,,2947022,23,0
7975556,,,2947023,24,0
7975556,,,2947024,25,0
7975556,,,2947025,26,0
7975556,,,2947026,27,0
7975556,,,2947027,28,0
7975556,07:35:00,07:35:00,2947028,29,1
7975556,,,2947029,30,0
7975556,,,2947030,31,0
7975556,,,2947031,32,0
7975556,,,2947032,33,0
7975556,,,2947033,34,0
7975556,07:41:00,07:41:00,2947019,35,1
7975556,,,2947034,36,0
7975556,,,2947035,37,0
7975556,,,2947036,38,0
7975556,,,2947037,39,0
7975556,,,2947038,40,0
7975556,,,2947039,41,0
7975556,,,2947040,42,0
7975556,,,2947041,43,0
7975556,,,2947042,44,0
7975556,,,2947043,45,0
7975556,07:46:00,07:46:00,2947044,46,1
7975556,,,2947045,47,0
7975556,,,2947046,48,0
7975556,,,2947047,49,0
7975556,,,2947048,50,0
7975556,,,2947049,51,0
7975556,07:51:00,07:51:00,2947050,52,1
7975556,,,2947051,53,0
7975556,,,2947052,54,0
7975556,,,2947053,55,0
7975556,,,2947055,56,0
7975556,,,2933831,57,0
7975556,,,2933832,58,0
7975556,,,2933833,59,0
7975556,,,2933834,60,0
7975556,07:59:00,07:59:00,2759335,61,1
7975557,08:10:00,08:10:00,2759346,0,1
7975557,,,2947000,1,0
7975557,,,2947001,2,0
7975557,,,2947002,3,0
7975557,,,2947003,4,0
7975557,,,2947004,5,0
7975557,08:13:00,08:13:00,2947005,6,1
7975557,,,2947006,7,0
7975557,,,2947007,8,0
7975557,,,2947008,9,0
7975557,,,2947009,10,0
7975557,08:18:00,08:18:00,2947010,11,1
7975557,,,2947011,12,0
7975557,,,2947012,13,0
7975557,,,2947013,14,0
7975557,,,2947014,15,0
7975557,,,2947015,16,0
7975557,,,2947016,17,0
7975557,,,2947017,18,0
7975557,,,2947018,19,0
7975557,08:30:00,08:30:00,2947019,20,1
7975557,,,2947020,21,0
7975557,,,2947021,22,0
7975557,,,2947022,23,0
7975557,,,2947023,24,0
7975557,,,2947024,25,0
7975557,,,2947025,26,0
7975557,,,2947026,27,0
7975557,,,2947027,28,0
7975557,08:35:00,08:35:00,2947028,29,1
7975557,,,2947029,30,0
7975557,,,2947030,31,0
7975557,,,2947031,32,0
7975557,,,2947032,33,0
7975557,,,2947033,34,0
7975557,08:41:00,08:41:00,2947019,35,1
7975557,,,2947034,36,0
7975557,,,2947035,37,0
7975557,,,2947036,38,0
7975557,,,2947037,39,0
7975557,,,2947038,40,0
7975557,,,2947039,41,0
7975557,,,2947040,42,0
7975557,,,2947041,43,0
7975557,,,2947042,44,0
7975557,,,2947043,45,0
7975557,08:46:00,08:46:00,2947044,46,1
7975557,,,2947045,47,0
7975557,,,2947046,48,0
7975557,,,2947047,49,0
7975557,,,2947048,50,0
7975557,,,2947049,51,0
7975557,08:51:00,08:51:00,2947050,52,1
7975557,,,2947051,53,0
7975557,,,2947052,54,0
7975557,,,2947053,55,0
7975557,,,2947055,56,0
7975557,,,2933831,57,0
7975557,,,2933832,58,0
7975557,,,2933833,59,0
7975557,,,2933834,60,0
7975557,08:59:00,08:59:00,2759335,61,1
7975558,09:10:00,09:10:00,2759346,0,1
7975558,,,2947000,1,0
7975558,,,2947001,2,0
7975558,,,2947002,3,0
7975558,,,2947003,4,0
7975558,,,2947004,5,0
7975558,09:13:00,09:13:00,2947005,6,1
7975558,,,2947006,7,0
7975558,,,2947007,8,0
7975558,,,2947008,9,0
7975558,,,2947009,10,0
7975558,09:18:00,09:18:00,2947010,11,1
7975558,,,2947011,12,0
7975558,,,2947012,13,0
7975558,,,2947013,14,0
7975558,,,2947014,15,0
7975558,,,2947015,16,0
7975558,,,2947016,17,0
7975558,,,2947017,18,0
7975558,,,2947018,19,0
7975558,09:30:00,09:30:00,2947019,20,1
7975558,,,2947020,21,0
7975558,,,2947021,22,0
7975558,,,2947022,23,0
7975558,,,2947023,24,0
7975558,,,2947024,25,0
7975558,,,2947025,26,0
7975558,,,2947026,27,0
7975558,,,2947027,28,0
7975558,09:35:00,09:35:00,2947028,29,1
7975558,,,2947029,30,0
7975558,,,2947030,31,0
7975558,,,2947031,32,0
7975558,,,2947032,33,0
7975558,,,2947033,34,0
7975558,09:41:00,09:41:00,2947019,35,1
7975558,,,2947034,36,0
7975558,,,2947035,37,0
7975558,,,2947036,38,0
7975558,,,2947037,39,0
7975558,,,2947038,40,0
7975558,,,2947039,41,0
7975558,,,2947040,42,0
7975558,,,2947041,43,0
7975558,,,2947042,44,0
7975558,,,2947043,45,0
7975558,09:46:00,09:46:00,2947044,46,1
7975558,,,2947045,47,0
7975558,,,2947046,48,0
7975558,,,2947047,49,0
7975558,,,2947048,50,0
7975558,,,2947049,51,0
7975558,09:51:00,09:51:00,2947050,52,1
7975558,,,2947051,53,0
7975558,,,2947052,54,0
7975558,,,2947053,55,0
7975558,,,2947055,56,0
7975558,,,2933831,57,0
7975558,,,2933832,58,0
7975558,,,2933833,59,0
7975558,,,2933834,60,0
7975558,09:59:00,09:59:00,2759335,61,1
7975559,10:10:00,10:10:00,2759346,0,1
7975559,,,2947000,1,0
7975559,,,2947001,2,0
7975559,,,2947002,3,0
7975559,,,2947003,4,0
7975559,,,2947004,5,0
7975559,10:13:00,10:13:00,2947005,6,1
7975559,,,2947006,7,0
7975559,,,2947007,8,0
7975559,,,2947008,9,0
7975559,,,2947009,10,0
7975559,10:18:00,10:18:00,2947010,11,1
7975559,,,2947011,12,0
7975559,,,2947012,13,0
7975559,,,2947013,14,0
7975559,,,2947014,15,0
7975559,,,2947015,16,0
7975559,,,2947016,17,0
7975559,,,2947017,18,0
7975559,,,2947018,19,0
7975559,10:30:00,10:30:00,2947019,20,1
7975559,,,2947020,21,0
7975559,,,2947021,22,0
7975559,,,2947022,23,0
7975559,,,2947023,24,0
7975559,,,2947024,25,0
7975559,,,2947025,26,0
7975559,,,2947026,27,0
7975559,,,2947027,28,0
7975559,10:35:00,10:35:00,2947028,29,1
7975559,,,2947029,30,0
7975559,,,2947030,31,0
7975559,,,2947031,32,0
7975559,,,2947032,33,0
7975559,,,2947033,34,0
7975559,10:41:00,10:41:00,2947019,35,1
7975559,,,2947034,36,0
7975559,,,2947035,37,0
7975559,,,2947036,38,0
7975559,,,2947037,39,0
7975559,,,2947038,40,0
7975559,,,2947039,41,0
7975559,,,2947040,42,0
7975559,,,2947041,43,0
7975559,,,2947042,44,0
7975559,,,2947043,45,0
7975559,10:46:00,10:46:00,2947044,46,1
7975559,,,2947045,47,0
7975559,,,2947046,48,0
7975559,,,2947047,49,0
7975559,,,2947048,50,0
7975559,,,2947049,51,0
7975559,10:51:00,10:51:00,2947050,52,1
7975559,,,2947051,53,0
7975559,,,2947052,54,0
7975559,,,2947053,55,0
7975559,,,2947055,56,0
7975559,,,2933831,57,0
7975559,,,2933832,58,0
7975559,,,2933833,59,0
7975559,,,2933834,60,0
7975559,10:59:00,10:59:00,2759335,61,1
7975560,11:10:00,11:10:00,2759346,0,1
7975560,,,2947000,1,0
7975560,,,2947001,2,0
7975560,,,2947002,3,0
7975560,,,2947003,4,0
7975560,,,2947004,5,0
7975560,11:13:00,11:13:00,2947005,6,1
7975560,,,2947006,7,0
7975560,,,2947007,8,0
7975560,,,2947008,9,0
7975560,,,2947009,10,0
7975560,11:18:00,11:18:00,2947010,11,1
7975560,,,2947011,12,0
7975560,,,2947012,13,0
7975560,,,2947013,14,0
7975560,,,2947014,15,0
7975560,,,2947015,16,0
7975560,,,2947016,17,0
7975560,,,2947017,18,0
7975560,,,2947018,19,0
7975560,11:30:00,11:30:00,2947019,20,1
7975560,,,2947020,21,0
7975560,,,2947021,22,0
7975560,,,2947022,23,0
7975560,,,2947023,24,0
7975560,,,2947024,25,0
7975560,,,2947025,26,0
7975560,,,2947026,27,0
7975560,,,2947027,28,0
7975560,11:35:00,11:35:00,2947028,29,1
7975560,,,2947029,30,0
7975560,,,2947030,31,0
7975560,,,2947031,32,0
7975560,,,2947032,33,0
7975560,,,2947033,34,0
7975560,11:41:00,11:41:00,2947019,35,1
7975560,,,2947034,36,0
7975560,,,2947035,37,0
7975560,,,2947036,38,0
7975560,,,2947037,39,0
7975560,,,2947038,40,0
7975560,,,2947039,41,0
7975560,,,2947040,42,0
7975560,,,2947041,43,0
7975560,,,2947042,44,0
7975560,,,2947043,45,0
7975560,11:46:00,11:46:00,2947044,46,1
7975560,,,2947045,47,0
7975560,,,2947046,48,0
7975560,,,2947047,49,0
7975560,,,2947048,50,0
7975560,,,2947049,51,0
7975560,11:51:00,11:51:00,2947050,52,1
7975560,,,2947051,53,0
7975560,,,2947052,54,0
7975560,,,2947053,55,0
7975560,,,2947055,56,0
7975560,,,2933831,57,0
7975560,,,2933832,58,0
7975560,,,2933833,59,0
7975560,,,2933834,60,0
7975560,11:59:00,11:59:00,2759335,61,1
7975561,12:10:00,12:10:00,2759346,0,1
7975561,,,2947000,1,0
7975561,,,2947001,2,0
7975561,,,2947002,3,0
7975561,,,2947003,4,0
7975561,,,2947004,5,0
7975561,12:13:00,12:13:00,2947005,6,1
7975561,,,2947006,7,0
7975561,,,2947007,8,0
7975561,,,2947008,9,0
7975561,,,2947009,10,0
7975561,12:18:00,12:18:00,2947010,11,1
7975561,,,2947011,12,0
7975561,,,2947012,13,0
7975561,,,2947013,14,0
7975561,,,2947014,15,0
7975561,,,2947015,16,0
7975561,,,2947016,17,0
7975561,,,2947017,18,0
7975561,,,2947018,19,0
7975561,12:30:00,12:30:00,2947019,20,1
7975561,,,2947020,21,0
7975561,,,2947021,22,0
7975561,,,2947022,23,0
7975561,,,2947023,24,0
7975561,,,2947024,25,0
7975561,,,2947025,26,0
7975561,,,2947026,27,0
7975561,,,2947027,28,0
7975561,12:35:00,12:35:00,2947028,29,1
7975561,,,2947029,30,0
7975561,,,2947030,31,0
7975561,,,2947031,32,0
7975561,,,2947032,33,0
7975561,,,2947033,34,0
7975561,12:41:00,12:41:00,2947019,35,1
7975561,,,2947034,36,0
7975561,,,2947035,37,0
7975561,,,2947036,38,0
7975561,,,2947037,39,0
7975561,,,2947038,40,0
7975561,,,2947039,41,0
7975561,,,2947040,42,0
7975561,,,2947041,43,0
7975561,,,2947042,44,0
7975561,,,2947043,45,0
7975561,12:46:00,12:46:00,2947044,46,1
7975561,,,2947045,47,0
7975561,,,2947046,48,0
7975561,,,2947047,49,0
7975561,,,2947048,50,0
7975561,,,2947049,51,0
7975561,12:51:00,12:51:00,2947050,52,1
7975561,,,2947051,53,0
7975561,,,2947052,54,0
7975561,,,2947053,55,0
7975561,,,2947055,56,0
7975561,,,2933831,57,0
7975561,,,2933832,58,0
7975561,,,2933833,59,0
7975561,,,2933834,60,0
7975561,12:59:00,12:59:00,2759335,61,1
7975562,13:10:00,13:10:00,2759346,0,1
7975562,,,2947000,1,0
7975562,,,2947001,2,0
7975562,,,2947002,3,0
7975562,,,2947003,4,0
7975562,,,2947004,5,0
7975562,13:13:00,13:13:00,2947005,6,1
7975562,,,2947006,7,0
7975562,,,2947007,8,0
7975562,,,2947008,9,0
7975562,,,2947009,10,0
7975562,13:18:00,13:18:00,2947010,11,1
7975562,,,2947011,12,0
7975562,,,2947012,13,0
7975562,,,2947013,14,0
7975562,,,2947014,15,0
7975562,,,2947015,16,0
7975562,,,2947016,17,0
7975562,,,2947017,18,0
7975562,,,2947018,19,0
7975562,13:30:00,13:30:00,2947019,20,1
7975562,,,2947020,21,0
7975562,,,2947021,22,0
7975562,,,2947022,23,0
7975562,,,2947023,24,0
7975562,,,2947024,25,0
7975562,,,2947025,26,0
7975562,,,2947026,27,0
7975562,,,2947027,28,0
7975562,13:35:00,13:35:00,2947028,29,1
7975562,,,2947029,30,0
7975562,,,2947030,31,0
7975562,,,2947031,32,0
7975562,,,2947032,33,0
7975562,,,2947033,34,0
7975562,13:41:00,13:41:00,2947019,35,1
7975562,,,2947034,36,0
7975562,,,2947035,37,0
7975562,,,2947036,38,0
7975562,,,2947037,39,0
7975562,,,2947038,40,0
7975562,,,2947039,41,0
7975562,,,2947040,42,0
7975562,,,2947041,43,0
7975562,,,2947042,44,0
7975562,,,2947043,45,0
7975562,13:46:00,13:46:00,2947044,46,1
7975562,,,2947045,47,0
7975562,,,2947046,48,0
7975562,,,2947047,49,0
7975562,,,2947048,50,0
7975562,,,2947049,51,0
7975562,13:51:00,13:51:00,2947050,52,1
7975562,,,2947051,53,0
7975562,,,2947052,54,0
7975562,,,2947053,55,0
7975562,,,2947055,56,0
7975562,,,2933831,57,0
7975562,,,2933832,58,0
7975562,,,2933833,59,0
7975562,,,2933834,60,0
7975562,13:59:00,13:59:00,2759335,61,1
7975563,14:10:00,14:10:00,2759346,0,1
7975563,,,2947000,1,0
7975563,,,2947001,2,0
7975563,,,2947002,3,0
7975563,,,2947003,4,0
7975563,,,2947004,5,0
7975563,14:13:00,14:13:00,2947005,6,1
7975563,,,2947006,7,0
7975563,,,2947007,8,0
7975563,,,2947008,9,0
7975563,,,2947009,10,0
7975563,14:18:00,14:18:00,2947010,11,1
7975563,,,2947011,12,0
7975563,,,2947012,13,0
7975563,,,2947013,14,0
7975563,,,2947014,15,0
7975563,,,2947015,16,0
7975563,,,2947016,17,0
7975563,,,2947017,18,0
7975563,,,2947018,19,0
7975563,14:30:00,14:30:00,2947019,20,1
7975563,,,2947020,21,0
7975563,,,2947021,22,0
7975563,,,2947022,23,0
7975563,,,2947023,24,0
7975563,,,2947024,25,0
7975563,,,2947025,26,0
7975563,,,2947026,27,0
7975563,,,2947027,28,0
7975563,14:35:00,14:35:00,2947028,29,1
7975563,,,2947029,30,0
7975563,,,2947030,31,0
7975563,,,2947031,32,0
7975563,,,2947032,33,0
7975563,,,2947033,34,0
7975563,14:41:00,14:41:00,2947019,35,1
7975563,,,2947034,36,0
7975563,,,2947035,37,0
7975563,,,2947036,38,0
7975563,,,2947037,39,0
7975563,,,2947038,40,0
7975563,,,2947039,41,0
7975563,,,2947040,42,0
7975563,,,2947041,43,0
7975563,,,2947042,44,0
7975563,,,2947043,45,0
7975563,14:46:00,14:46:00,2947044,46,1
7975563,,,2947045,47,0
7975563,,,2947046,48,0
7975563,,,2947047,49,0
7975563,,,2947048,50,0
7975563,,,2947049,51,0
7975563,14:51:00,14:51:00,2947050,52,1
7975563,,,2947051,53,0
7975563,,,2947052,54,0
7975563,,,2947053,55,0
7975563,,,2947055,56,0
7975563,,,2933831,57,0
7975563,,,2933832,58,0
7975563,,,2933833,59,0
7975563,,,2933834,60,0
7975563,14:59:00,14:59:00,2759335,61,1
7975564,15:10:00,15:10:00,2759346,0,1
7975564,,,2947000,1,0
7975564,,,2947001,2,0
7975564,,,2947002,3,0
7975564,,,2947003,4,0
7975564,,,2947004,5,0
7975564,15:13:00,15:13:00,2947005,6,1
7975564,,,2947006,7,0
7975564,,,2947007,8,0
7975564,,,2947008,9,0
7975564,,,2947009,10,0
7975564,15:18:00,15:18:00,2947010,11,1
7975564,,,2947011,12,0
7975564,,,2947012,13,0
7975564,,,2947013,14,0
7975564,,,2947014,15,0
7975564,,,2947015,16,0
7975564,,,2947016,17,0
7975564,,,2947017,18,0
7975564,,,2947018,19,0
7975564,15:30:00,15:30:00,2947019,20,1
7975564,,,2947020,21,0
7975564,,,2947021,22,0
7975564,,,2947022,23,0
7975564,,,2947023,24,0
7975564,,,2947024,25,0
7975564,,,2947025,26,0
7975564,,,2947026,27,0
7975564,,,2947027,28,0
7975564,15:35:00,15:35:00,2947028,29,1
7975564,,,2947029,30,0
7975564,,,2947030,31,0
7975564,,,2947031,32,0
7975564,,,2947032,33,0
7975564,,,2947033,34,0
7975564,15:41:00,15:41:00,2947019,35,1
7975564,,,2947034,36,0
7975564,,,2947035,37,0
7975564,,,2947036,38,0
7975564,,,2947037,39,0
7975564,,,2947038,40,0
7975564,,,2947039,41,0
7975564,,,2947040,42,0
7975564,,,2947041,43,0
7975564,,,2947042,44,0
7975564,,,2947043,45,0
7975564,15:46:00,15:46:00,2947044,46,1
7975564,,,2947045,47,0
7975564,,,2947046,48,0
7975564,,,2947047,49,0
7975564,,,2947048,50,0
7975564,,,2947049,51,0
7975564,15:51:00,15:51:00,2947050,52,1
7975564,,,2947051,53,0
7975564,,,2947052,54,0
7975564,,,2947053,55,0
7975564,,,2947055,56,0
7975564,,,2933831,57,0
7975564,,,2933832,58,0
7975564,,,2933833,59,0
7975564,,,2933834,60,0
7975564,15:59:00,15:59:00,2759335,61,1
7975565,16:10:00,16:10:00,2759346,0,1
7975565,,,2947000,1,0
7975565,,,2947001,2,0
7975565,,,2947002,3,0
7975565,,,2947003,4,0
7975565,,,2947004,5,0
7975565,16:13:00,16:13:00,2947005,6,1
7975565,,,2947006,7,0
7975565,,,2947007,8,0
7975565,,,2947008,9,0
7975565,,,2947009,10,0
7975565,16:18:00,16:18:00,2947010,11,1
7975565,,,2947011,12,0
7975565,,,2947012,13,0
7975565,,,2947013,14,0
7975565,,,2947014,15,0
7975565,,,2947015,16,0
7975565,,,2947016,17,0
7975565,,,2947017,18,0
7975565,,,2947018,19,0
7975565,16:30:00,16:30:00,2947019,20,1
7975565,,,2947020,21,0
7975565,,,2947021,22,0
7975565,,,2947022,23,0
7975565,,,2947023,24,0
7975565,,,2947024,25,0
7975565,,,2947025,26,0
7975565,,,2947026,27,0
7975565,,,2947027,28,0
7975565,16:35:00,16:35:00,2947028,29,1
7975565,,,2947029,30,0
7975565,,,2947030,31,0
7975565,,,2947031,32,0
7975565,,,2947032,33,0
7975565,,,2947033,34,0
7975565,16:41:00,16:41:00,2947019,35,1
7975565,,,2947034,36,0
7975565,,,2947035,37,0
7975565,,,2947036,38,0
7975565,,,2947037,39,0
7975565,,,2947038,40,0
7975565,,,2947039,41,0
7975565,,,2947040,42,0
7975565,,,2947041,43,0
7975565,,,2947042,44,0
7975565,,,2947043,45,0
7975565,16:46:00,16:46:00,2947044,46,1
7975565,,,2947045,47,0
7975565,,,2947046,48,0
7975565,,,2947047,49,0
7975565,,,2947048,50,0
7975565,,,2947049,51,0
7975565,16:51:00,16:51:00,2947050,52,1
7975565,,,2947051,53,0
7975565,,,2947052,54,0
7975565,,,2947053,55,0
7975565,,,2947055,56,0
7975565,,,2933831,57,0
7975565,,,2933832,58,0
7975565,,,2933833,59,0
7975565,,,2933834,60,0
7975565,16:59:00,16:59:00,2759335,61,1
7975566,17:10:00,17:10:00,2759346,0,1
7975566,,,2947000,1,0
7975566,,,2947001,2,0
7975566,,,2947002,3,0
7975566,,,2947003,4,0
7975566,,,2947004,5,0
7975566,17:13:00,17:13:00,2947005,6,1
7975566,,,2947006,7,0
7975566,,,2947007,8,0
7975566,,,2947008,9,0
7975566,,,2947009,10,0
7975566,17:18:00,17:18:00,2947010,11,1
7975566,,,2947011,12,0
7975566,,,2947012,13,0
7975566,,,2947013,14,0
7975566,,,2947014,15,0
7975566,,,2947015,16,0
7975566,,,2947016,17,0
7975566,,,2947017,18,0
7975566,,,2947018,19,0
7975566,17:30:00,17:30:00,2947019,20,1
7975566,,,2947020,21,0
7975566,,,2947021,22,0
7975566,,,2947022,23,0
7975566,,,2947023,24,0
7975566,,,2947024,25,0
7975566,,,2947025,26,0
7975566,,,2947026,27,0
7975566,,,2947027,28,0
7975566,17:35:00,17:35:00,2947028,29,1
7975566,,,2947029,30,0
7975566,,,2947030,31,0
7975566,,,2947031,32,0
7975566,,,2947032,33,0
7975566,,,2947033,34,0
7975566,17:41:00,17:41:00,2947019,35,1
7975566,,,2947034,36,0
7975566,,,2947035,37,0
7975566,,,2947036,38,0
7975566,,,2947037,39,0
7975566,,,2947038,40,0
7975566,,,2947039,41,0
7975566,,,2947040,42,0
7975566,,,2947041,43,0
7975566,,,2947042,44,0
7975566,,,2947043,45,0
7975566,17:46:00,17:46:00,2947044,46,1
7975566,,,2947045,47,0
7975566,,,2947046,48,0
7975566,,,2947047,49,0
7975566,,,2947048,50,0
7975566,,,2947049,51,0
7975566,17:51:00,17:51:00,2947050,52,1
7975566,,,2947051,53,0
7975566,,,2947052,54,0
7975566,,,2947053,55,0
7975566,,,2947055,56,0
7975566,,,2933831,57,0
7975566,,,2933832,58,0
7975566,,,2933833,59,0
7975566,,,2933834,60,0
7975566,17:59:00,17:59:00,2759335,61,1
7975567,18:10:00,18:10:00,2759346,0,1
7975567,,,2947000,1,0
7975567,,,2947001,2,0
7975567,,,2947002,3,0
7975567,,,2947003,4,0
7975567,,,2947004,5,0
7975567,18:13:00,18:13:00,2947005,6,1
7975567,,,2947006,7,0
7975567,,,2947007,8,0
7975567,,,2947008,9,0
7975567,,,2947009,10,0
7975567,18:18:00,18:18:00,2947010,11,1
7975567,,,2947011,12,0
7975567,,,2947012,13,0
7975567,,,2947013,14,0
7975567,,,2947014,15,0
7975567,,,2947015,16,0
7975567,,,2947016,17,0
7975567,,,2947017,18,0
7975567,,,2947018,19,0
7975567,18:30:00,18:30:00,2947019,20,1
7975567,,,2947020,21,0
7975567,,,2947021,22,0
7975567,,,2947022,23,0
7975567,,,2947023,24,0
7975567,,,2947024,25,0
7975567,,,2947025,26,0
7975567,,,2947026,27,0
7975567,,,2947027,28,0
7975567,18:35:00,18:35:00,2947028,29,1
7975567,,,2947029,30,0
7975567,,,2947030,31,0
7975567,,,2947031,32,0
7975567,,,2947032,33,0
7975567,,,2947033,34,0
7975567,18:41:00,18:41:00,2947019,35,1
7975567,,,2947034,36,0
7975567,,,2947035,37,0
7975567,,,2947036,38,0
7975567,,,2947037,39,0
7975567,,,2947038,40,0
7975567,,,2947039,41,0
7975567,,,2947040,42,0
7975567,,,2947041,43,0
7975567,,,2947042,44,0
7975567,,,2947043,45,0
7975567,18:46:00,18:46:00,2947044,46,1
7975567,,,2947045,47,0
7975567,,,2947046,48,0
7975567,,,2947047,49,0
7975567,,,2947048,50,0
7975567,,,2947049,51,0
7975567,18:51:00,18:51:00,2947050,52,1
7975567,,,2947051,53,0
7975567,,,2947052,54,0
7975567,,,2947053,55,0
7975567,,,2947055,56,0
7975567,,,2933831,57,0
7975567,,,2933832,58,0
7975567,,,2933833,59,0
7975567,,,2933834,60,0
7975567,18:59:00,18:59:00,2759335,61,1
7975568,19:10:00,19:10:00,2759346,0,1
7975568,,,2947000,1,0
7975568,,,2947001,2,0
7975568,,,2947002,3,0
7975568,,,2947003,4,0
7975568,,,2947004,5,0
7975568,19:13:00,19:13:00,2947005,6,1
7975568,,,2947006,7,0
7975568,,,2947007,8,0
7975568,,,2947008,9,0
7975568,,,2947009,10,0
7975568,19:18:00,19:18:00,2947010,11,1
7975568,,,2947011,12,0
7975568,,,2947012,13,0
7975568,,,2947013,14,0
7975568,,,2947014,15,0
7975568,,,2947015,16,0
7975568,,,2947016,17,0
7975568,,,2947017,18,0
7975568,,,2947018,19,0
7975568,19:30:00,19:30:00,2947019,20,1
7975568,,,2947020,21,0
7975568,,,2947021,22,0
7975568,,,2947022,23,0
7975568,,,2947023,24,0
7975568,,,2947024,25,0
7975568,,,2947025,26,0
7975568,,,2947026,27,0
7975568,,,2947027,28,0
7975568,19:35:00,19:35:00,2947028,29,1
7975568,,,2947029,30,0
7975568,,,2947030,31,0
7975568,,,2947031,32,0
7975568,,,2947032,33,0
7975568,,,2947033,34,0
7975568,19:41:00,19:41:00,2947019,35,1
7975568,,,2947034,36,0
7975568,,,2947035,37,0
7975568,,,2947036,38,0
7975568,,,2947037,39,0
7975568,,,2947038,40,0
7975568,,,2947039,41,0
7975568,,,2947040,42,0
7975568,,,2947041,43,0
7975568,,,2947042,44,0
7975568,,,2947043,45,0
7975568,19:46:00,19:46:00,2947044,46,1
7975568,,,2947045,47,0
7975568,,,2947046,48,0
7975568,,,2947047,49,0
7975568,,,2947048,50,0
7975568,,,2947049,51,0
7975568,19:51:00,19:51:00,2947050,52,1
7975568,,,2947051,53,0
7975568,,,2947052,54,0
7975568,,,2947053,55,0
7975568,,,2947055,56,0
7975568,,,2933831,57,0
7975568,,,2933832,58,0
7975568,,,2933833,59,0
7975568,,,2933834,60,0
7975568,19:59:00,19:59:00,2759335,61,1
7975569,20:10:00,20:10:00,2759346,0,1
7975569,,,2947000,1,0
7975569,,,2947001,2,0
7975569,,,2947002,3,0
7975569,,,2947003,4,0
7975569,,,2947004,5,0
7975569,20:13:00,20:13:00,2947005,6,1
7975569,,,2947006,7,0
7975569,,,2947007,8,0
7975569,,,2947008,9,0
7975569,,,2947009,10,0
7975569,20:18:00,20:18:00,2947010,11,1
7975569,,,2947011,12,0
7975569,,,2947012,13,0
7975569,,,2947013,14,0
7975569,,,2947014,15,0
7975569,,,2947015,16,0
7975569,,,2947016,17,0
7975569,,,2947017,18,0
7975569,,,2947018,19,0
7975569,20:30:00,20:30:00,2947019,20,1
7975569,,,2947020,21,0
7975569,,,2947021,22,0
7975569,,,2947022,23,0
7975569,,,2947023,24,0
7975569,,,2947024,25,0
7975569,,,2947025,26,0
7975569,,,2947026,27,0
7975569,,,2947027,28,0
7975569,20:35:00,20:35:00,2947028,29,1
7975569,,,2947029,30,0
7975569,,,2947030,31,0
7975569,,,2947031,32,0
7975569,,,2947032,33,0
7975569,,,2947033,34,0
7975569,20:41:00,20:41:00,2947019,35,1
7975569,,,2947034,36,0
7975569,,,2947035,37,0
7975569,,,2947036,38,0
7975569,,,2947037,39,0
7975569,,,2947038,40,0
7975569,,,2947039,41,0
7975569,,,2947040,42,0
7975569,,,2947041,43,0
7975569,,,2947042,44,0
7975569,,,2947043,45,0
7975569,20:46:00,20:46:00,2947044,46,1
7975569,,,2947045,47,0
7975569,,,2947046,48,0
7975569,,,2947047,49,0
7975569,,,2947048,50,0
7975569,,,2947049,51,0
7975569,20:51:00,20:51:00,2947050,52,1
7975569,,,2947051,53,0
7975569,,,2947052,54,0
7975569,,,2947053,55,0
7975569,,,2947055,56,0
7975569,,,2933831,57,0
7975569,,,2933832,58,0
7975569,,,2933833,59,0
7975569,,,2933834,60,0
7975569,20:59:00,20:59:00,2759335,61,1
7975570,21:10:00,21:10:00,2759346,0,1
7975570,,,2947000,1,0
7975570,,,2947001,2,0
7975570,,,2947002,3,0
7975570,,,2947003,4,0
7975570,,,2947004,5,0
7975570,21:13:00,21:13:00,2947005,6,1
7975570,,,2947006,7,0
7975570,,,2947007,8,0
7975570,,,2947008,9,0
7975570,,,2947009,10,0
7975570,21:18:00,21:18:00,2947010,11,1
7975570,,,2947011,12,0
7975570,,,2947012,13,0
7975570,,,2947013,14,0
7975570,,,2947014,15,0
7975570,,,2947015,16,0
7975570,,,2947016,17,0
7975570,,,2947017,18,0
7975570,,,2947018,19,0
7975570,21:30:00,21:30:00,2947019,20,1
7975570,,,2947020,21,0
7975570,,,2947021,22,0
7975570,,,2947022,23,0
7975570,,,2947023,24,0
7975570,,,2947024,25,0
7975570,,,2947025,26,0
7975570,,,2947026,27,0
7975570,,,2947027,28,0
7975570,21:35:00,21:35:00,2947028,29,1
7975570,,,2947029,30,0
7975570,,,2947030,31,0
7975570,,,2947031,32,0
7975570,,,2947032,33,0
7975570,,,2947033,34,0
7975570,21:41:00,21:41:00,2947019,35,1
7975570,,,2947034,36,0
7975570,,,2947035,37,0
7975570,,,2947036,38,0
7975570,,,2947037,39,0
7975570,,,2947038,40,0
7975570,,,2947039,41,0
7975570,,,2947040,42,0
7975570,,,2947041,43,0
7975570,,,2947042,44,0
7975570,,,2947043,45,0
7975570,21:46:00,21:46:00,2947044,46,1
7975570,,,2947045,47,0
7975570,,,2947046,48,0
7975570,,,2947047,49,0
7975570,,,2947048,50,0
7975570,,,2947049,51,0
7975570,21:51:00,21:51:00,2947050,52,1
7975570,,,2947051,53,0
7975570,,,2947052,54,0
7975570,,,2947053,55,0
7975570,,,2947055,56,0
7975570,,,2933831,57,0
7975570,,,2933832,58,0
7975570,,,2933833,59,0
7975570,,,2933834,60,0
7975570,21:59:00,21:59:00,2759335,61,1
7975571,22:10:00,22:10:00,2759346,0,1
7975571,,,2947000,1,0
7975571,,,2947001,2,0
7975571,,,2947002,3,0
7975571,,,2947003,4,0
7975571,,,2947004,5,0
7975571,22:13:00,22:13:00,2947005,6,1
7975571,,,2947006,7,0
7975571,,,2947007,8,0
7975571,,,2947008,9,0
7975571,,,2947009,10,0
7975571,22:18:00,22:18:00,2947010,11,1
7975571,,,2947011,12,0
7975571,,,2947012,13,0
7975571,,,2947013,14,0
7975571,,,2947014,15,0
7975571,,,2947015,16,0
7975571,,,2947016,17,0
7975571,,,2947017,18,0
7975571,,,2947018,19,0
7975571,22:30:00,22:30:00,2947019,20,1
7975571,,,2947020,21,0
7975571,,,2947021,22,0
7975571,,,2947022,23,0
7975571,,,2947023,24,0
7975571,,,2947024,25,0
7975571,,,2947025,26,0
7975571,,,2947026,27,0
7975571,,,2947027,28,0
7975571,22:35:00,22:35:00,2947028,29,1
7975571,,,2947029,30,0
7975571,,,2947030,31,0
7975571,,,2947031,32,0
7975571,,,2947032,33,0
7975571,,,2947033,34,0
7975571,22:41:00,22:41:00,2947019,35,1
7975571,,,2947034,36,0
7975571,,,2947035,37,0
7975571,,,2947036,38,0
7975571,,,2947037,39,0
7975571,,,2947038,40,0
7975571,,,2947039,41,0
7975571,,,2947040,42,0
7975571,,,2947041,43,0
7975571,,,2947042,44,0
7975571,,,2947043,45,0
7975571,22:46:00,22:46:00,2947044,46,1
7975571,,,2947045,47,0
7975571,,,2947046,48,0
7975571,,,2947047,49,0
7975571,,,2947048,50,0
7975571,,,2947049,51,0
7975571,22:51:00,22:51:00,2947050,52,1
7975571,,,2947051,53,0
7975571,,,2947052,54,0
7975571,,,2947053,55,0
7975571,,,2947055,56,0
7975571,,,2933831,57,0
7975571,,,2933832,58,0
7975571,,,2933833,59,0
7975571,,,2933834,60,0
7975571,22:59:00,22:59:00,2759335,61,1
7975729,08:10:00,08:10:00,2759346,0,1
7975729,,,2947000,1,0
7975729,,,2947001,2,0
7975729,,,2947002,3,0
7975729,,,2947003,4,0
7975729,,,2947004,5,0
7975729,08:13:00,08:13:00,2947005,6,1
7975729,,,2947006,7,0
7975729,,,2947007,8,0
7975729,,,2947008,9,0
7975729,,,2947009,10,0
7975729,08:18:00,08:18:00,2947010,11,1
7975729,,,2947011,12,0
7975729,,,2947012,13,0
7975729,,,2947013,14,0
7975729,,,2947014,15,0
7975729,,,2947015,16,0
7975729,,,2947016,17,0
7975729,,,2947017,18,0
7975729,,,2947018,19,0
7975729,08:30:00,08:30:00,2947019,20,1
7975729,,,2947020,21,0
7975729,,,2947021,22,0
7975729,,,2947022,23,0
7975729,,,2947023,24,0
7975729,,,2947024,25,0
7975729,,,2947025,26,0
7975729,,,2947026,27,0
7975729,,,2947027,28,0
7975729,08:35:00,08:35:00,2947028,29,1
7975729,,,2947029,30,0
7975729,,,2947030,31,0
7975729,,,2947031,32,0
7975729,,,2947032,33,0
7975729,,,2947033,34,0
7975729,08:41:00,08:41:00,2947019,35,1
7975729,,,2947034,36,0
7975729,,,2947035,37,0
7975729,,,2947036,38,0
7975729,,,2947037,39,0
7975729,,,2947038,40,0
7975729,,,2947039,41,0
7975729,,,2947040,42,0
7975729,,,2947041,43,0
7975729,,,2947042,44,0
7975729,,,2947043,45,0
7975729,08:46:00,08:46:00,2947044,46,1
7975729,,,2947045,47,0
7975729,,,2947046,48,0
7975729,,,2947047,49,0
7975729,,,2947048,50,0
7975729,,,2947049,51,0
7975729,08:51:00,08:51:00,2947050,52,1
7975729,,,2947051,53,0
7975729,,,2947052,54,0
7975729,,,2947053,55,0
7975729,,,2947055,56,0
7975729,,,2933831,57,0
7975729,,,2933832,58,0
7975729,,,2933833,59,0
7975729,,,2933834,60,0
7975729,08:59:00,08:59:00,2759335,61,1
7975730,09:10:00,09:10:00,2759346,0,1
7975730,,,2947000,1,0
7975730,,,2947001,2,0
7975730,,,2947002,3,0
7975730,,,2947003,4,0
7975730,,,2947004,5,0
7975730,09:13:00,09:13:00,2947005,6,1
7975730,,,2947006,7,0
7975730,,,2947007,8,0
7975730,,,2947008,9,0
7975730,,,2947009,10,0
7975730,09:18:00,09:18:00,2947010,11,1
7975730,,,2947011,12,0
7975730,,,2947012,13,0
7975730,,,2947013,14,0
7975730,,,2947014,15,0
7975730,,,2947015,16,0
7975730,,,2947016,17,0
7975730,,,2947017,18,0
7975730,,,2947018,19,0
7975730,09:30:00,09:30:00,2947019,20,1
7975730,,,2947020,21,0
7975730,,,2947021,22,0
7975730,,,2947022,23,0
7975730,,,2947023,24,0
7975730,,,2947024,25,0
7975730,,,2947025,26,0
7975730,,,2947026,27,0
7975730,,,2947027,28,0
7975730,09:35:00,09:35:00,2947028,29,1
7975730,,,2947029,30,0
7975730,,,2947030,31,0
7975730,,,2947031,32,0
7975730,,,2947032,33,0
7975730,,,2947033,34,0
7975730,09:41:00,09:41:00,2947019,35,1
7975730,,,2947034,36,0
7975730,,,2947035,37,0
7975730,,,2947036,38,0
7975730,,,2947037,39,0
7975730,,,2947038,40,0
7975730,,,2947039,41,0
7975730,,,2947040,42,0
7975730,,,2947041,43,0
7975730,,,2947042,44,0
7975730,,,2947043,45,0
7975730,09:46:00,09:46:00,2947044,46,1
7975730,,,2947045,47,0
7975730,,,2947046,48,0
7975730,,,2947047,49,0
7975730,,,2947048,50,0
7975730,,,2947049,51,0
7975730,09:51:00,09:51:00,2947050,52,1
7975730,,,2947051,53,0
7975730,,,2947052,54,0
7975730,,,2947053,55,0
7975730,,,2947055,56,0
7975730,,,2933831,57,0
7975730,,,2933832,58,0
7975730,,,2933833,59,0
7975730,,,2933834,60,0
7975730,09:59:00,09:59:00,2759335,61,1
7975731,10:10:00,10:10:00,2759346,0,1
7975731,,,2947000,1,0
7975731,,,2947001,2,0
7975731,,,2947002,3,0
7975731,,,2947003,4,0
7975731,,,2947004,5,0
7975731,10:13:00,10:13:00,2947005,6,1
7975731,,,2947006,7,0
7975731,,,2947007,8,0
7975731,,,2947008,9,0
7975731,,,2947009,10,0
7975731,10:18:00,10:18:00,2947010,11,1
7975731,,,2947011,12,0
7975731,,,2947012,13,0
7975731,,,2947013,14,0
7975731,,,2947014,15,0
7975731,,,2947015,16,0
7975731,,,2947016,17,0
7975731,,,2947017,18,0
7975731,,,2947018,19,0
7975731,10:30:00,10:30:00,2947019,20,1
7975731,,,2947020,21,0
7975731,,,2947021,22,0
7975731,,,2947022,23,0
7975731,,,2947023,24,0
7975731,,,2947024,25,0
7975731,,,2947025,26,0
7975731,,,2947026,27,0
7975731,,,2947027,28,0
7975731,10:35:00,10:35:00,2947028,29,1
7975731,,,2947029,30,0
7975731,,,2947030,31,0
7975731,,,2947031,32,0
7975731,,,2947032,33,0
7975731,,,2947033,34,0
7975731,10:41:00,10:41:00,2947019,35,1
7975731,,,2947034,36,0
7975731,,,2947035,37,0
7975731,,,2947036,38,0
7975731,,,2947037,39,0
7975731,,,2947038,40,0
7975731,,,2947039,41,0
7975731,,,2947040,42,0
7975731,,,2947041,43,0
7975731,,,2947042,44,0
7975731,,,2947043,45,0
7975731,10:46:00,10:46:00,2947044,46,1
7975731,,,2947045,47,0
7975731,,,2947046,48,0
7975731,,,2947047,49,0
7975731,,,2947048,50,0
7975731,,,2947049,51,0
7975731,10:51:00,10:51:00,2947050,52,1
7975731,,,2947051,53,0
7975731,,,2947052,54,0
7975731,,,2947053,55,0
7975731,,,2947055,56,0
7975731,,,2933831,57,0
7975731,,,2933832,58,0
7975731,,,2933833,59,0
7975731,,,2933834,60,0
7975731,10:59:00,10:59:00,2759335,61,1
7975732,11:10:00,11:10:00,2759346,0,1
7975732,,,2947000,1,0
7975732,,,2947001,2,0
7975732,,,2947002,3,0
7975732,,,2947003,4,0
7975732,,,2947004,5,0
7975732,11:13:00,11:13:00,2947005,6,1
7975732,,,2947006,7,0
7975732,,,2947007,8,0
7975732,,,2947008,9,0
7975732,,,2947009,10,0
7975732,11:18:00,11:18:00,2947010,11,1
7975732,,,2947011,12,0
7975732,,,2947012,13,0
7975732,,,2947013,14,0
7975732,,,2947014,15,0
7975732,,,2947015,16,0
7975732,,,2947016,17,0
7975732,,,2947017,18,0
7975732,,,2947018,19,0
7975732,11:30:00,11:30:00,2947019,20,1
7975732,,,2947020,21,0
7975732,,,2947021,22,0
7975732,,,2947022,23,0
7975732,,,2947023,24,0
7975732,,,2947024,25,0
7975732,,,2947025,26,0
7975732,,,2947026,27,0
7975732,,,2947027,28,0
7975732,11:35:00,11:35:00,2947028,29,1
7975732,,,2947029,30,0
7975732,,,2947030,31,0
7975732,,,2947031,32,0
7975732,,,2947032,33,0
7975732,,,2947033,34,0
7975732,11:41:00,11:41:00,2947019,35,1
7975732,,,2947034,36,0
7975732,,,2947035,37,0
7975732,,,2947036,38,0
7975732,,,2947037,39,0
7975732,,,2947038,40,0
7975732,,,2947039,41,0
7975732,,,2947040,42,0
7975732,,,2947041,43,0
7975732,,,2947042,44,0
7975732,,,2947043,45,0
7975732,11:46:00,11:46:00,2947044,46,1
7975732,,,2947045,47,0
7975732,,,2947046,48,0
7975732,,,2947047,49,0
7975732,,,2947048,50,0
7975732,,,2947049,51,0
7975732,11:51:00,11:51:00,2947050,52,1
7975732,,,2947051,53,0
7975732,,,2947052,54,0
7975732,,,2947053,55,0
7975732,,,2947055,56,0
7975732,,,2933831,57,0
7975732,,,2933832,58,0
7975732,,,2933833,59,0
7975732,,,2933834,60,0
7975732,11:59:00,11:59:00,2759335,61,1
7975733,12:10:00,12:10:00,2759346,0,1
7975733,,,2947000,1,0
7975733,,,2947001,2,0
7975733,,,2947002,3,0
7975733,,,2947003,4,0
7975733,,,2947004,5,0
7975733,12:13:00,12:13:00,2947005,6,1
7975733,,,2947006,7,0
7975733,,,2947007,8,0
7975733,,,2947008,9,0
7975733,,,2947009,10,0
7975733,12:18:00,12:18:00,2947010,11,1
7975733,,,2947011,12,0
7975733,,,2947012,13,0
7975733,,,2947013,14,0
7975733,,,2947014,15,0
7975733,,,2947015,16,0
7975733,,,2947016,17,0
7975733,,,2947017,18,0
7975733,,,2947018,19,0
7975733,12:30:00,12:30:00,2947019,20,1
7975733,,,2947020,21,0
7975733,,,2947021,22,0
7975733,,,2947022,23,0
7975733,,,2947023,24,0
7975733,,,2947024,25,0
7975733,,,2947025,26,0
7975733,,,2947026,27,0
7975733,,,2947027,28,0
7975733,12:35:00,12:35:00,2947028,29,1
7975733,,,2947029,30,0
7975733,,,2947030,31,0
7975733,,,2947031,32,0
7975733,,,2947032,33,0
7975733,,,2947033,34,0
7975733,12:41:00,12:41:00,2947019,35,1
7975733,,,2947034,36,0
7975733,,,2947035,37,0
7975733,,,2947036,38,0
7975733,,,2947037,39,0
7975733,,,2947038,40,0
7975733,,,2947039,41,0
7975733,,,2947040,42,0
7975733,,,2947041,43,0
7975733,,,2947042,44,0
7975733,,,2947043,45,0
7975733,12:46:00,12:46:00,2947044,46,1
7975733,,,2947045,47,0
7975733,,,2947046,48,0
7975733,,,2947047,49,0
7975733,,,2947048,50,0
7975733,,,2947049,51,0
7975733,12:51:00,12:51:00,2947050,52,1
7975733,,,2947051,53,0
7975733,,,2947052,54,0
7975733,,,2947053,55,0
7975733,,,2947055,56,0
7975733,,,2933831,57,0
7975733,,,2933832,58,0
7975733,,,2933833,59,0
7975733,,,2933834,60,0
7975733,12:59:00,12:59:00,2759335,61,1
7975734,13:10:00,13:10:00,2759346,0,1
7975734,,,2947000,1,0
7975734,,,2947001,2,0
7975734,,,2947002,3,0
7975734,,,2947003,4,0
7975734,,,2947004,5,0
7975734,13:13:00,13:13:00,2947005,6,1
7975734,,,2947006,7,0
7975734,,,2947007,8,0
7975734,,,2947008,9,0
7975734,,,2947009,10,0
7975734,13:18:00,13:18:00,2947010,11,1
7975734,,,2947011,12,0
7975734,,,2947012,13,0
7975734,,,2947013,14,0
7975734,,,2947014,15,0
7975734,,,2947015,16,0
7975734,,,2947016,17,0
7975734,,,2947017,18,0
7975734,,,2947018,19,0
7975734,13:30:00,13:30:00,2947019,20,1
7975734,,,2947020,21,0
7975734,,,2947021,22,0
7975734,,,2947022,23,0
7975734,,,2947023,24,0
7975734,,,2947024,25,0
7975734,,,2947025,26,0
7975734,,,2947026,27,0
7975734,,,2947027,28,0
7975734,13:35:00,13:35:00,2947028,29,1
7975734,,,2947029,30,0
7975734,,,2947030,31,0
7975734,,,2947031,32,0
7975734,,,2947032,33,0
7975734,,,2947033,34,0
7975734,13:41:00,13:41:00,2947019,35,1
7975734,,,2947034,36,0
7975734,,,2947035,37,0
7975734,,,2947036,38,0
7975734,,,2947037,39,0
7975734,,,2947038,40,0
7975734,,,2947039,41,0
7975734,,,2947040,42,0
7975734,,,2947041,43,0
7975734,,,2947042,44,0
7975734,,,2947043,45,0
7975734,13:46:00,13:46:00,2947044,46,1
7975734,,,2947045,47,0
7975734,,,2947046,48,0
7975734,,,2947047,49,0
7975734,,,2947048,50,0
7975734,,,2947049,51,0
7975734,13:51:00,13:51:00,2947050,52,1
7975734,,,2947051,53,0
7975734,,,2947052,54,0
7975734,,,2947053,55,0
7975734,,,2947055,56,0
7975734,,,2933831,57,0
7975734,,,2933832,58,0
7975734,,,2933833,59,0
7975734,,,2933834,60,0
7975734,13:59:00,13:59:00,2759335,61,1
7975735,14:10:00,14:10:00,2759346,0,1
7975735,,,2947000,1,0
7975735,,,2947001,2,0
7975735,,,2947002,3,0
7975735,,,2947003,4,0
7975735,,,2947004,5,0
7975735,14:13:00,14:13:00,2947005,6,1
7975735,,,2947006,7,0
7975735,,,2947007,8,0
7975735,,,2947008,9,0
7975735,,,2947009,10,0
7975735,14:18:00,14:18:00,2947010,11,1
7975735,,,2947011,12,0
7975735,,,2947012,13,0
7975735,,,2947013,14,0
7975735,,,2947014,15,0
7975735,,,2947015,16,0
7975735,,,2947016,17,0
7975735,,,2947017,18,0
7975735,,,2947018,19,0
7975735,14:30:00,14:30:00,2947019,20,1
7975735,,,2947020,21,0
7975735,,,2947021,22,0
7975735,,,2947022,23,0
7975735,,,2947023,24,0
7975735,,,2947024,25,0
7975735,,,2947025,26,0
7975735,,,2947026,27,0
7975735,,,2947027,28,0
7975735,14:35:00,14:35:00,2947028,29,1
7975735,,,2947029,30,0
7975735,,,2947030,31,0
7975735,,,2947031,32,0
7975735,,,2947032,33,0
7975735,,,2947033,34,0
7975735,14:41:00,14:41:00,2947019,35,1
7975735,,,2947034,36,0
7975735,,,2947035,37,0
7975735,,,2947036,38,0
7975735,,,2947037,39,0
7975735,,,2947038,40,0
7975735,,,2947039,41,0
7975735,,,2947040,42,0
7975735,,,2947041,43,0
7975735,,,2947042,44,0
7975735,,,2947043,45,0
7975735,14:46:00,14:46:00,2947044,46,1
7975735,,,2947045,47,0
7975735,,,2947046,48,0
7975735,,,2947047,49,0
7975735,,,2947048,50,0
7975735,,,2947049,51,0
7975735,14:51:00,14:51:00,2947050,52,1
7975735,,,2947051,53,0
7975735,,,2947052,54,0
7975735,,,2947053,55,0
7975735,,,2947055,56,0
7975735,,,2933831,57,0
7975735,,,2933832,58,0
7975735,,,2933833,59,0
7975735,,,2933834,60,0
7975735,14:59:00,14:59:00,2759335,61,1
7975736,15:10:00,15:10:00,2759346,0,1
7975736,,,2947000,1,0
7975736,,,2947001,2,0
7975736,,,2947002,3,0
7975736,,,2947003,4,0
7975736,,,2947004,5,0
7975736,15:13:00,15:13:00,2947005,6,1
7975736,,,2947006,7,0
7975736,,,2947007,8,0
7975736,,,2947008,9,0
7975736,,,2947009,10,0
7975736,15:18:00,15:18:00,2947010,11,1
7975736,,,2947011,12,0
7975736,,,2947012,13,0
7975736,,,2947013,14,0
7975736,,,2947014,15,0
7975736,,,2947015,16,0
7975736,,,2947016,17,0
7975736,,,2947017,18,0
7975736,,,2947018,19,0
7975736,15:30:00,15:30:00,2947019,20,1
7975736,,,2947020,21,0
7975736,,,2947021,22,0
7975736,,,2947022,23,0
7975736,,,2947023,24,0
7975736,,,2947024,25,0
7975736,,,2947025,26,0
7975736,,,2947026,27,0
7975736,,,2947027,28,0
7975736,15:35:00,15:35:00,2947028,29,1
7975736,,,2947029,30,0
7975736,,,2947030,31,0
7975736,,,2947031,32,0
7975736,,,2947032,33,0
7975736,,,2947033,34,0
7975736,15:41:00,15:41:00,2947019,35,1
7975736,,,2947034,36,0
7975736,,,2947035,37,0
7975736,,,2947036,38,0
7975736,,,2947037,39,0
7975736,,,2947038,40,0
7975736,,,2947039,41,0
7975736,,,2947040,42,0
7975736,,,2947041,43,0
7975736,,,2947042,44,0
7975736,,,2947043,45,0
7975736,15:46:00,15:46:00,2947044,46,1
7975736,,,2947045,47,0
7975736,,,2947046,48,0
7975736,,,2947047,49,0
7975736,,,2947048,50,0
7975736,,,2947049,51,0
7975736,15:51:00,15:51:00,2947050,52,1
7975736,,,2947051,53,0
7975736,,,2947052,54,0
7975736,,,2947053,55,0
7975736,,,2947055,56,0
7975736,,,2933831,57,0
7975736,,,2933832,58,0
7975736,,,2933833,59,0
7975736,,,2933834,60,0
7975736,15:59:00,15:59:00,2759335,61,1
7975737,16:10:00,16:10:00,2759346,0,1
7975737,,,2947000,1,0
7975737,,,2947001,2,0
7975737,,,2947002,3,0
7975737,,,2947003,4,0
7975737,,,2947004,5,0
7975737,16:13:00,16:13:00,2947005,6,1
7975737,,,2947006,7,0
7975737,,,2947007,8,0
7975737,,,2947008,9,0
7975737,,,2947009,10,0
7975737,16:18:00,16:18:00,2947010,11,1
7975737,,,2947011,12,0
7975737,,,2947012,13,0
7975737,,,2947013,14,0
7975737,,,2947014,15,0
7975737,,,2947015,16,0
7975737,,,2947016,17,0
7975737,,,2947017,18,0
7975737,,,2947018,19,0
7975737,16:30:00,16:30:00,2947019,20,1
7975737,,,2947020,21,0
7975737,,,2947021,22,0
7975737,,,2947022,23,0
7975737,,,2947023,24,0
7975737,,,2947024,25,0
7975737,,,2947025,26,0
7975737,,,2947026,27,0
7975737,,,2947027,28,0
7975737,16:35:00,16:35:00,2947028,29,1
7975737,,,2947029,30,0
7975737,,,2947030,31,0
7975737,,,2947031,32,0
7975737,,,2947032,33,0
7975737,,,2947033,34,0
7975737,16:41:00,16:41:00,2947019,35,1
7975737,,,2947034,36,0
7975737,,,2947035,37,0
7975737,,,2947036,38,0
7975737,,,2947037,39,0
7975737,,,2947038,40,0
7975737,,,2947039,41,0
7975737,,,2947040,42,0
7975737,,,2947041,43,0
7975737,,,2947042,44,0
7975737,,,2947043,45,0
7975737,16:46:00,16:46:00,2947044,46,1
7975737,,,2947045,47,0
7975737,,,2947046,48,0
7975737,,,2947047,49,0
7975737,,,2947048,50,0
7975737,,,2947049,51,0
7975737,16:51:00,16:51:00,2947050,52,1
7975737,,,2947051,53,0
7975737,,,2947052,54,0
7975737,,,2947053,55,0
7975737,,,2947055,56,0
7975737,,,2933831,57,0
7975737,,,2933832,58,0
7975737,,,2933833,59,0
7975737,,,2933834,60,0
7975737,16:59:00,16:59:00,2759335,61,1
7975738,17:10:00,17:10:00,2759346,0,1
7975738,,,2947000,1,0
7975738,,,2947001,2,0
7975738,,,2947002,3,0
7975738,,,2947003,4,0
7975738,,,2947004,5,0
7975738,17:13:00,17:13:00,2947005,6,1
7975738,,,2947006,7,0
7975738,,,2947007,8,0
7975738,,,2947008,9,0
7975738,,,2947009,10,0
7975738,17:18:00,17:18:00,2947010,11,1
7975738,,,2947011,12,0
7975738,,,2947012,13,0
7975738,,,2947013,14,0
7975738,,,2947014,15,0
7975738,,,2947015,16,0
7975738,,,2947016,17,0
7975738,,,2947017,18,0
7975738,,,2947018,19,0
7975738,17:30:00,17:30:00,2947019,20,1
7975738,,,2947020,21,0
7975738,,,2947021,22,0
7975738,,,2947022,23,0
7975738,,,2947023,24,0
7975738,,,2947024,25,0
7975738,,,2947025,26,0
7975738,,,2947026,27,0
7975738,,,2947027,28,0
7975738,17:35:00,17:35:00,2947028,29,1
7975738,,,2947029,30,0
7975738,,,2947030,31,0
7975738,,,2947031,32,0
7975738,,,2947032,33,0
7975738,,,2947033,34,0
7975738,17:41:00,17:41:00,2947019,35,1
7975738,,,2947034,36,0
7975738,,,2947035,37,0
7975738,,,2947036,38,0
7975738,,,2947037,39,0
7975738,,,2947038,40,0
7975738,,,2947039,41,0
7975738,,,2947040,42,0
7975738,,,2947041,43,0
7975738,,,2947042,44,0
7975738,,,2947043,45,0
7975738,17:46:00,17:46:00,2947044,46,1
7975738,,,2947045,47,0
7975738,,,2947046,48,0
7975738,,,2947047,49,0
7975738,,,2947048,50,0
7975738,,,2947049,51,0
7975738,17:51:00,17:51:00,2947050,52,1
7975738,,,2947051,53,0
7975738,,,2947052,54,0
7975738,,,2947053,55,0
7975738,,,2947055,56,0
7975738,,,2933831,57,0
7975738,,,2933832,58,0
7975738,,,2933833,59,0
7975738,,,2933834,60,0
7975738,17:59:00,17:59:00,2759335,61,1
7975739,18:10:00,18:10:00,2759346,0,0
7975739,,,2947000,1,0
7975739,,,2947001,2,0
7975739,,,2947002,3,0
7975739,,,2947003,4,0
7975739,,,2947004,5,0
7975739,18:13:00,18:13:00,2947005,6,0
7975739,,,2947006,7,0
7975739,,,2947007,8,0
7975739,,,2947008,9,0
7975739,,,2947009,10,0
7975739,18:18:00,18:18:00,2947010,11,0
7975739,,,2947011,12,0
7975739,,,2947012,13,0
7975739,,,2947013,14,0
7975739,,,2947014,15,0
7975739,,,2947015,16,0
7975739,,,2947016,17,0
7975739,,,2947017,18,0
7975739,,,2947018,19,0
7975739,18:30:00,18:30:00,2947019,20,0
7975739,,,2947020,21,0
7975739,,,2947021,22,0
7975739,,,2947022,23,0
7975739,,,2947023,24,0
7975739,,,2947024,25,0
7975739,,,2947025,26,0
7975739,,,2947026,27,0
7975739,,,2947027,28,0
7975739,18:35:00,18:35:00,2947028,29,0
7985528,06:35:00,06:35:00,2946965,0,1
7985528,,,2946966,1,0
7985528,,,2946967,2,0
7985528,,,2946968,3,0
7985528,,,2946969,4,0
7985528,,,2946970,5,0
7985528,06:40:00,06:40:00,2946971,6,1
7985528,,,2946972,7,0
7985528,,,2946973,8,0
7985528,,,2946953,9,0
7985528,,,2946954,10,0
7985528,,,2946955,11,0
7985528,,,2946956,12,0
7985528,06:45:00,06:45:00,2946957,13,1
7985528,06:50:00,06:50:00,2946974,14,1
7985528,,,2946975,15,0
7985528,,,2946976,16,0
7985528,,,2946977,17,0
7985528,,,2946978,18,0
7985528,,,2946979,19,0
7985528,,,2946981,20,0
7985528,,,2946983,21,0
7985528,,,2946986,22,0
7985528,,,2946987,23,0
7985528,,,2946990,24,0
7985528,,,2946992,25,0
7985528,,,2946993,26,0
7985528,,,2946994,27,0
7985528,06:56:00,06:56:00,2946995,28,1
7985528,,,2946996,29,0
7985528,,,2946997,30,0
7985528,,,2946998,31,0
7985528,07:03:00,07:03:00,2759335,32,1
7985529,23:10:00,23:10:00,2759346,0,1
7985529,,,2946999,1,0
7985529,,,2946944,2,0
7985529,,,2946945,3,0
7985529,23:15:00,23:15:00,2946946,4,1
7985529,,,2946947,5,0
7985529,,,2946948,6,0
7985529,,,2946991,7,0
7985529,,,2946989,8,0
7985529,,,2946988,9,0
7985529,,,2946985,10,0
7985529,,,2946984,11,0
7985529,,,2946982,12,0
7985529,,,2946980,13,0
7985529,,,2946949,14,0
7985529,,,2946950,15,0
7985529,,,2946951,16,0
7985529,,,2946952,17,0
7985529,,,2946953,18,0
7985529,,,2946954,19,0
7985529,,,2946955,20,0
7985529,,,2946956,21,0
7985529,23:25:00,23:25:00,2946957,22,1
7985529,23:28:00,23:28:00,2946958,23,1
7985529,,,2946959,24,0
7985529,,,2946960,25,0
7985529,,,2946961,26,0
7985529,,,2946962,27,0
7985529,,,2946963,28,0
7985529,,,2946964,29,0
7985529,23:35:00,23:35:00,2946965,30,1
7985529,,,2946966,31,0
7985529,,,2946967,32,0
7985529,,,2946968,33,0
7985529,,,2946969,34,0
7985529,,,2946970,35,0
7985529,23:40:00,23:40:00,2946971,36,1
7985529,,,2946972,37,0
7985529,,,2946973,38,0
7985529,,,2946953,39,0
7985529,,,2946954,40,0
7985529,,,2946955,41,0
7985529,,,2946956,42,0
7985529,23:45:00,23:45:00,2946957,43,1
7985529,23:50:00,23:50:00,2946974,44,1
7985530,18:10:00,18:10:00,2759346,0,1
7985530,,,2946999,1,0
7985530,,,2946944,2,0
7985530,,,2946945,3,0
7985530,18:15:00,18:15:00,2946946,4,1
7985530,,,2946947,5,0
7985530,,,2946948,6,0
7985530,,,2946991,7,0
7985530,,,2946989,8,0
7985530,,,2946988,9,0
7985530,,,2946985,10,0
7985530,,,2946984,11,0
7985530,,,2946982,12,0
7985530,,,2946980,13,0
7985530,,,2946949,14,0
7985530,,,2946950,15,0
7985530,,,2946951,16,0
7985530,,,2946952,17,0
7985530,,,2946953,18,0
7985530,,,2946954,19,0
7985530,,,2946955,20,0
7985530,,,2946956,21,0
7985530,18:25:00,18:25:00,2946957,22,1
7985530,18:28:00,18:28:00,2946958,23,1
7985530,,,2946959,24,0
7985530,,,2946960,25,0
7985530,,,2946961,26,0
7985530,,,2946962,27,0
7985530,,,2946963,28,0
7985530,,,2946964,29,0
7985530,18:35:00,18:35:00,2946965,30,1
7985530,,,2946966,31,0
7985530,,,2946967,32,0
7985530,,,2946968,33,0
7985530,,,2946969,34,0
7985530,,,2946970,35,0
7985530,18:40:00,18:40:00,2946971,36,1
7985530,,,2946972,37,0
7985530,,,2946973,38,0
7985530,,,2946953,39,0
7985530,,,2946954,40,0
7985530,,,2946955,41,0
7985530,,,2946956,42,0
7985530,18:45:00,18:45:00,2946957,43,1
7985530,18:50:00,18:50:00,2946974,44,1
7985531,08:10:00,08:10:00,2759346,0,1
7985531,,,2946999,1,0
7985531,,,2946944,2,0
7985531,,,2946945,3,0
7985531,08:15:00,08:15:00,2946946,4,1
7985531,,,2946947,5,0
7985531,,,2946948,6,0
7985531,,,2946991,7,0
7985531,,,2946989,8,0
7985531,,,2946988,9,0
7985531,,,2946985,10,0
7985531,,,2946984,11,0
7985531,,,2946982,12,0
7985531,,,2946980,13,0
7985531,,,2946949,14,0
7985531,,,2946950,15,0
7985531,,,2946951,16,0
7985531,,,2946952,17,0
7985531,,,2946953,18,0
7985531,,,2946954,19,0
7985531,,,2946955,20,0
7985531,,,2946956,21,0
7985531,08:25:00,08:25:00,2946957,22,1
7985531,08:28:00,08:28:00,2946958,23,1
7985531,,,2946959,24,0
7985531,,,2946960,25,0
7985531,,,2946961,26,0
7985531,,,2946962,27,0
7985531,,,2946963,28,0
7985531,,,2946964,29,0
7985531,08:35:00,08:35:00,2946965,30,1
7985531,,,2946966,31,0
7985531,,,2946967,32,0
7985531,,,2946968,33,0
7985531,,,2946969,34,0
7985531,,,2946970,35,0
7985531,08:40:00,08:40:00,2946971,36,1
7985531,,,2946972,37,0
7985531,,,2946973,38,0
7985531,,,2946953,39,0
7985531,,,2946954,40,0
7985531,,,2946955,41,0
7985531,,,2946956,42,0
7985531,08:45:00,08:45:00,2946957,43,1
7985531,08:50:00,08:50:00,2946974,44,1
7985531,,,2946975,45,0
7985531,,,2946976,46,0
7985531,,,2946977,47,0
7985531,,,2946978,48,0
7985531,,,2946979,49,0
7985531,,,2946981,50,0
7985531,,,2946983,51,0
7985531,,,2946986,52,0
7985531,,,2946987,53,0
7985531,,,2946990,54,0
7985531,,,2946992,55,0
7985531,,,2946993,56,0
7985531,,,2946994,57,0
7985531,08:56:00,08:56:00,2946995,58,1
7985531,,,2946996,59,0
7985531,,,2946997,60,0
7985531,,,2946998,61,0
7985531,09:03:00,09:03:00,2759335,62,1
7990884,07:10:00,07:10:00,2949526,0,1
7990884,,,2949527,1,0
7990884,,,2949528,2,0
7990884,,,2940563,3,0
7990884,,,2933816,4,0
7990884,,,2933817,5,0
7990884,,,2940564,6,0
7990884,,,2940565,7,0
7990884,07:15:00,07:15:00,2940566,8,1
7990884,,,2940567,9,0
7990884,,,2949774,10,0
7990884,07:18:00,07:18:00,2927980,11,1
7990884,,,2927981,12,0
7990884,,,2927982,13,0
7990884,07:20:00,07:20:00,2949775,14,1
7990884,,,2949776,15,0
7990884,,,2949777,16,0
7990884,07:22:00,07:22:00,2949778,17,1
7990884,,,2949780,18,0
7990884,,,2949781,19,0
7990884,07:25:00,07:25:00,2949782,20,1
7990884,,,2949783,21,0
7990884,,,2949784,22,0
7990884,07:27:00,07:27:00,2949785,23,1
7990884,,,2949786,24,0
7990884,,,2949787,25,0
7990884,,,2949788,26,0
7990884,07:30:00,07:30:00,2949789,27,1
7990884,,,2949790,28,0
7990884,07:50:00,07:50:00,2949791,29,1
7990885,07:30:00,07:30:00,2949526,0,1
7990885,,,2949527,1,0
7990885,,,2949528,2,0
7990885,,,2940563,3,0
7990885,,,2933816,4,0
7990885,,,2933817,5,0
7990885,,,2940564,6,0
7990885,,,2940565,7,0
7990885,07:35:00,07:35:00,2940566,8,1
7990885,,,2940567,9,0
7990885,,,2949774,10,0
7990885,07:38:00,07:38:00,2927980,11,1
7990885,,,2927981,12,0
7990885,,,2927982,13,0
7990885,07:40:00,07:40:00,2949775,14,1
7990885,,,2949776,15,0
7990885,,,2949777,16,0
7990885,07:42:00,07:42:00,2949778,17,1
7990885,,,2949780,18,0
7990885,,,2949781,19,0
7990885,07:45:00,07:45:00,2949782,20,1
7990885,,,2949783,21,0
7990885,,,2949784,22,0
7990885,07:47:00,07:47:00,2949785,23,1
7990885,,,2949786,24,0
7990885,,,2949787,25,0
7990885,,,2949788,26,0
7990885,07:50:00,07:50:00,2949789,27,1
7990885,,,2949790,28,0
7990885,08:10:00,08:10:00,2949791,29,1
7990886,07:50:00,07:50:00,2949526,0,1
7990886,,,2949527,1,0
7990886,,,2949528,2,0
7990886,,,2940563,3,0
7990886,,,2933816,4,0
7990886,,,2933817,5,0
7990886,,,2940564,6,0
7990886,,,2940565,7,0
7990886,07:55:00,07:55:00,2940566,8,1
7990886,,,2940567,9,0
7990886,,,2949774,10,0
7990886,07:58:00,07:58:00,2927980,11,1
7990886,,,2927981,12,0
7990886,,,2927982,13,0
7990886,08:00:00,08:00:00,2949775,14,1
7990886,,,2949776,15,0
7990886,,,2949777,16,0
7990886,08:02:00,08:02:00,2949778,17,1
7990886,,,2949780,18,0
7990886,,,2949781,19,0
7990886,08:05:00,08:05:00,2949782,20,1
7990886,,,2949783,21,0
7990886,,,2949784,22,0
7990886,08:07:00,08:07:00,2949785,23,1
7990886,,,2949786,24,0
7990886,,,2949787,25,0
7990886,,,2949788,26,0
7990886,08:10:00,08:10:00,2949789,27,1
7990886,,,2949790,28,0
7990886,08:30:00,08:30:00,2949791,29,1
7990887,08:10:00,08:10:00,2949526,0,1
7990887,,,2949527,1,0
7990887,,,2949528,2,0
7990887,,,2940563,3,0
7990887,,,2933816,4,0
7990887,,,2933817,5,0
7990887,,,2940564,6,0
7990887,,,2940565,7,0
7990887,08:15:00,08:15:00,2940566,8,1
7990887,,,2940567,9,0
7990887,,,2949774,10,0
7990887,08:18:00,08:18:00,2927980,11,1
7990887,,,2927981,12,0
7990887,,,2927982,13,0
7990887,08:20:00,08:20:00,2949775,14,1
7990887,,,2949776,15,0
7990887,,,2949777,16,0
7990887,08:22:00,08:22:00,2949778,17,1
7990887,,,2949780,18,0
7990887,,,2949781,19,0
7990887,08:25:00,08:25:00,2949782,20,1
7990887,,,2949783,21,0
7990887,,,2949784,22,0
7990887,08:27:00,08:27:00,2949785,23,1
7990887,,,2949786,24,0
7990887,,,2949787,25,0
7990887,,,2949788,26,0
7990887,08:30:00,08:30:00,2949789,27,1
7990887,,,2949790,28,0
7990887,08:50:00,08:50:00,2949791,29,1
7990888,08:30:00,08:30:00,2949526,0,1
7990888,,,2949527,1,0
7990888,,,2949528,2,0
7990888,,,2940563,3,0
7990888,,,2933816,4,0
7990888,,,2933817,5,0
7990888,,,2940564,6,0
7990888,,,2940565,7,0
7990888,08:35:00,08:35:00,2940566,8,1
7990888,,,2940567,9,0
7990888,,,2949774,10,0
7990888,08:38:00,08:38:00,2927980,11,1
7990888,,,2927981,12,0
7990888,,,2927982,13,0
7990888,08:40:00,08:40:00,2949775,14,1
7990888,,,2949776,15,0
7990888,,,2949777,16,0
7990888,08:42:00,08:42:00,2949778,17,1
7990888,,,2949780,18,0
7990888,,,2949781,19,0
7990888,08:45:00,08:45:00,2949782,20,1
7990888,,,2949783,21,0
7990888,,,2949784,22,0
7990888,08:47:00,08:47:00,2949785,23,1
7990888,,,2949786,24,0
7990888,,,2949787,25,0
7990888,,,2949788,26,0
7990888,08:50:00,08:50:00,2949789,27,1
7990888,,,2949790,28,0
7990888,09:10:00,09:10:00,2949791,29,1
7990889,08:50:00,08:50:00,2949526,0,1
7990889,,,2949527,1,0
7990889,,,2949528,2,0
7990889,,,2940563,3,0
7990889,,,2933816,4,0
7990889,,,2933817,5,0
7990889,,,2940564,6,0
7990889,,,2940565,7,0
7990889,08:55:00,08:55:00,2940566,8,1
7990889,,,2940567,9,0
7990889,,,2949774,10,0
7990889,08:58:00,08:58:00,2927980,11,1
7990889,,,2927981,12,0
7990889,,,2927982,13,0
7990889,09:00:00,09:00:00,2949775,14,1
7990889,,,2949776,15,0
7990889,,,2949777,16,0
7990889,09:02:00,09:02:00,2949778,17,1
7990889,,,2949780,18,0
7990889,,,2949781,19,0
7990889,09:05:00,09:05:00,2949782,20,1
7990889,,,2949783,21,0
7990889,,,2949784,22,0
7990889,09:07:00,09:07:00,2949785,23,1
7990889,,,2949786,24,0
7990889,,,2949787,25,0
7990889,,,2949788,26,0
7990889,09:10:00,09:10:00,2949789,27,1
7990889,,,2949790,28,0
7990889,09:30:00,09:30:00,2949791,29,1
7990890,09:10:00,09:10:00,2949526,0,1
7990890,,,2949527,1,0
7990890,,,2949528,2,0
7990890,,,2940563,3,0
7990890,,,2933816,4,0
7990890,,,2933817,5,0
7990890,,,2940564,6,0
7990890,,,2940565,7,0
7990890,09:15:00,09:15:00,2940566,8,1
7990890,,,2940567,9,0
7990890,,,2949774,10,0
7990890,09:18:00,09:18:00,2927980,11,1
7990890,,,2927981,12,0
7990890,,,2927982,13,0
7990890,09:20:00,09:20:00,2949775,14,1
7990890,,,2949776,15,0
7990890,,,2949777,16,0
7990890,09:22:00,09:22:00,2949778,17,1
7990890,,,2949780,18,0
7990890,,,2949781,19,0
7990890,09:25:00,09:25:00,2949782,20,1
7990890,,,2949783,21,0
7990890,,,2949784,22,0
7990890,09:27:00,09:27:00,2949785,23,1
7990890,,,2949786,24,0
7990890,,,2949787,25,0
7990890,,,2949788,26,0
7990890,09:30:00,09:30:00,2949789,27,1
7990890,,,2949790,28,0
7990890,09:50:00,09:50:00,2949791,29,1
7990891,09:30:00,09:30:00,2949526,0,1
7990891,,,2949527,1,0
7990891,,,2949528,2,0
7990891,,,2940563,3,0
7990891,,,2933816,4,0
7990891,,,2933817,5,0
7990891,,,2940564,6,0
7990891,,,2940565,7,0
7990891,09:35:00,09:35:00,2940566,8,1
7990891,,,2940567,9,0
7990891,,,2949774,10,0
7990891,09:38:00,09:38:00,2927980,11,1
7990891,,,2927981,12,0
7990891,,,2927982,13,0
7990891,09:40:00,09:40:00,2949775,14,1
7990891,,,2949776,15,0
7990891,,,2949777,16,0
7990891,09:42:00,09:42:00,2949778,17,1
7990891,,,2949780,18,0
7990891,,,2949781,19,0
7990891,09:45:00,09:45:00,2949782,20,1
7990891,,,2949783,21,0
7990891,,,2949784,22,0
7990891,09:47:00,09:47:00,2949785,23,1
7990891,,,2949786,24,0
7990891,,,2949787,25,0
7990891,,,2949788,26,0
7990891,09:50:00,09:50:00,2949789,27,1
7990891,,,2949790,28,0
7990891,10:10:00,10:10:00,2949791,29,1
7990892,09:50:00,09:50:00,2949526,0,1
7990892,,,2949527,1,0
7990892,,,2949528,2,0
7990892,,,2940563,3,0
7990892,,,2933816,4,0
7990892,,,2933817,5,0
7990892,,,2940564,6,0
7990892,,,2940565,7,0
7990892,09:55:00,09:55:00,2940566,8,1
7990892,,,2940567,9,0
7990892,,,2949774,10,0
7990892,09:58:00,09:58:00,2927980,11,1
7990892,,,2927981,12,0
7990892,,,2927982,13,0
7990892,10:00:00,10:00:00,2949775,14,1
7990892,,,2949776,15,0
7990892,,,2949777,16,0
7990892,10:02:00,10:02:00,2949778,17,1
7990892,,,2949780,18,0
7990892,,,2949781,19,0
7990892,10:05:00,10:05:00,2949782,20,1
7990892,,,2949783,21,0
7990892,,,2949784,22,0
7990892,10:07:00,10:07:00,2949785,23,1
7990892,,,2949786,24,0
7990892,,,2949787,25,0
7990892,,,2949788,26,0
7990892,10:10:00,10:10:00,2949789,27,1
7990892,,,2949790,28,0
7990892,10:30:00,10:30:00,2949791,29,1
7990893,10:10:00,10:10:00,2949526,0,1
7990893,,,2949527,1,0
7990893,,,2949528,2,0
7990893,,,2940563,3,0
7990893,,,2933816,4,0
7990893,,,2933817,5,0
7990893,,,2940564,6,0
7990893,,,2940565,7,0
7990893,10:15:00,10:15:00,2940566,8,1
7990893,,,2940567,9,0
7990893,,,2949774,10,0
7990893,10:18:00,10:18:00,2927980,11,1
7990893,,,2927981,12,0
7990893,,,2927982,13,0
7990893,10:20:00,10:20:00,2949775,14,1
7990893,,,2949776,15,0
7990893,,,2949777,16,0
7990893,10:22:00,10:22:00,2949778,17,1
7990893,,,2949780,18,0
7990893,,,2949781,19,0
7990893,10:25:00,10:25:00,2949782,20,1
7990893,,,2949783,21,0
7990893,,,2949784,22,0
7990893,10:27:00,10:27:00,2949785,23,1
7990893,,,2949786,24,0
7990893,,,2949787,25,0
7990893,,,2949788,26,0
7990893,10:30:00,10:30:00,2949789,27,1
7990893,,,2949790,28,0
7990893,10:50:00,10:50:00,2949791,29,1
7990894,10:30:00,10:30:00,2949526,0,1
7990894,,,2949527,1,0
7990894,,,2949528,2,0
7990894,,,2940563,3,0
7990894,,,2933816,4,0
7990894,,,2933817,5,0
7990894,,,2940564,6,0
7990894,,,2940565,7,0
7990894,10:35:00,10:35:00,2940566,8,1
7990894,,,2940567,9,0
7990894,,,2949774,10,0
7990894,10:38:00,10:38:00,2927980,11,1
7990894,,,2927981,12,0
7990894,,,2927982,13,0
7990894,10:40:00,10:40:00,2949775,14,1
7990894,,,2949776,15,0
7990894,,,2949777,16,0
7990894,10:42:00,10:42:00,2949778,17,1
7990894,,,2949780,18,0
7990894,,,2949781,19,0
7990894,10:45:00,10:45:00,2949782,20,1
7990894,,,2949783,21,0
7990894,,,2949784,22,0
7990894,10:47:00,10:47:00,2949785,23,1
7990894,,,2949786,24,0
7990894,,,2949787,25,0
7990894,,,2949788,26,0
7990894,10:50:00,10:50:00,2949789,27,1
7990894,,,2949790,28,0
7990894,11:10:00,11:10:00,2949791,29,1
7990895,10:50:00,10:50:00,2949526,0,1
7990895,,,2949527,1,0
7990895,,,2949528,2,0
7990895,,,2940563,3,0
7990895,,,2933816,4,0
7990895,,,2933817,5,0
7990895,,,2940564,6,0
7990895,,,2940565,7,0
7990895,10:55:00,10:55:00,2940566,8,1
7990895,,,2940567,9,0
7990895,,,2949774,10,0
7990895,10:58:00,10:58:00,2927980,11,1
7990895,,,2927981,12,0
7990895,,,2927982,13,0
7990895,11:00:00,11:00:00,2949775,14,1
7990895,,,2949776,15,0
7990895,,,2949777,16,0
7990895,11:02:00,11:02:00,2949778,17,1
7990895,,,2949780,18,0
7990895,,,2949781,19,0
7990895,11:05:00,11:05:00,2949782,20,1
7990895,,,2949783,21,0
7990895,,,2949784,22,0
7990895,11:07:00,11:07:00,2949785,23,1
7990895,,,2949786,24,0
7990895,,,2949787,25,0
7990895,,,2949788,26,0
7990895,11:10:00,11:10:00,2949789,27,1
7990895,,,2949790,28,0
7990895,11:30:00,11:30:00,2949791,29,1
7990896,11:10:00,11:10:00,2949526,0,1
7990896,,,2949527,1,0
7990896,,,2949528,2,0
7990896,,,2940563,3,0
7990896,,,2933816,4,0
7990896,,,2933817,5,0
7990896,,,2940564,6,0
7990896,,,2940565,7,0
7990896,11:15:00,11:15:00,2940566,8,1
7990896,,,2940567,9,0
7990896,,,2949774,10,0
7990896,11:18:00,11:18:00,2927980,11,1
7990896,,,2927981,12,0
7990896,,,2927982,13,0
7990896,11:20:00,11:20:00,2949775,14,1
7990896,,,2949776,15,0
7990896,,,2949777,16,0
7990896,11:22:00,11:22:00,2949778,17,1
7990896,,,2949780,18,0
7990896,,,2949781,19,0
7990896,11:25:00,11:25:00,2949782,20,1
7990896,,,2949783,21,0
7990896,,,2949784,22,0
7990896,11:27:00,11:27:00,2949785,23,1
7990896,,,2949786,24,0
7990896,,,2949787,25,0
7990896,,,2949788,26,0
7990896,11:30:00,11:30:00,2949789,27,1
7990896,,,2949790,28,0
7990896,11:50:00,11:50:00,2949791,29,1
7990897,11:30:00,11:30:00,2949526,0,1
7990897,,,2949527,1,0
7990897,,,2949528,2,0
7990897,,,2940563,3,0
7990897,,,2933816,4,0
7990897,,,2933817,5,0
7990897,,,2940564,6,0
7990897,,,2940565,7,0
7990897,11:35:00,11:35:00,2940566,8,1
7990897,,,2940567,9,0
7990897,,,2949774,10,0
7990897,11:38:00,11:38:00,2927980,11,1
7990897,,,2927981,12,0
7990897,,,2927982,13,0
7990897,11:40:00,11:40:00,2949775,14,1
7990897,,,2949776,15,0
7990897,,,2949777,16,0
7990897,11:42:00,11:42:00,2949778,17,1
7990897,,,2949780,18,0
7990897,,,2949781,19,0
7990897,11:45:00,11:45:00,2949782,20,1
7990897,,,2949783,21,0
7990897,,,2949784,22,0
7990897,11:47:00,11:47:00,2949785,23,1
7990897,,,2949786,24,0
7990897,,,2949787,25,0
7990897,,,2949788,26,0
7990897,11:50:00,11:50:00,2949789,27,1
7990897,,,2949790,28,0
7990897,12:10:00,12:10:00,2949791,29,1
7990898,11:50:00,11:50:00,2949526,0,1
7990898,,,2949527,1,0
7990898,,,2949528,2,0
7990898,,,2940563,3,0
7990898,,,2933816,4,0
7990898,,,2933817,5,0
7990898,,,2940564,6,0
7990898,,,2940565,7,0
7990898,11:55:00,11:55:00,2940566,8,1
7990898,,,2940567,9,0
7990898,,,2949774,10,0
7990898,11:58:00,11:58:00,2927980,11,1
7990898,,,2927981,12,0
7990898,,,2927982,13,0
7990898,12:00:00,12:00:00,2949775,14,1
7990898,,,2949776,15,0
7990898,,,2949777,16,0
7990898,12:02:00,12:02:00,2949778,17,1
7990898,,,2949780,18,0
7990898,,,2949781,19,0
7990898,12:05:00,12:05:00,2949782,20,1
7990898,,,2949783,21,0
7990898,,,2949784,22,0
7990898,12:07:00,12:07:00,2949785,23,1
7990898,,,2949786,24,0
7990898,,,2949787,25,0
7990898,,,2949788,26,0
7990898,12:10:00,12:10:00,2949789,27,1
7990898,,,2949790,28,0
7990898,12:30:00,12:30:00,2949791,29,1
7990908,12:30:00,12:30:00,2949526,0,1
7990908,,,2949527,1,0
7990908,,,2949528,2,0
7990908,,,2940563,3,0
7990908,,,2933816,4,0
7990908,,,2933817,5,0
7990908,,,2940564,6,0
7990908,,,2940565,7,0
7990908,12:35:00,12:35:00,2940566,8,1
7990908,,,2940567,9,0
7990908,,,2949774,10,0
7990908,12:38:00,12:38:00,2927980,11,1
7990908,,,2927981,12,0
7990908,,,2927982,13,0
7990908,12:40:00,12:40:00,2949775,14,1
7990908,,,2949776,15,0
7990908,,,2949777,16,0
7990908,12:42:00,12:42:00,2949778,17,1
7990908,,,2949780,18,0
7990908,,,2949781,19,0
7990908,12:45:00,12:45:00,2949782,20,1
7990908,,,2949783,21,0
7990908,,,2949784,22,0
7990908,12:47:00,12:47:00,2949785,23,1
7990908,,,2949786,24,0
7990908,,,2949787,25,0
7990908,,,2949788,26,0
7990908,12:50:00,12:50:00,2949789,27,1
7990908,,,2949790,28,0
7990908,13:10:00,13:10:00,2949791,29,1
7990909,13:10:00,13:10:00,2949526,0,1
7990909,,,2949527,1,0
7990909,,,2949528,2,0
7990909,,,2940563,3,0
7990909,,,2933816,4,0
7990909,,,2933817,5,0
7990909,,,2940564,6,0
7990909,,,2940565,7,0
7990909,13:15:00,13:15:00,2940566,8,1
7990909,,,2940567,9,0
7990909,,,2949774,10,0
7990909,13:18:00,13:18:00,2927980,11,1
7990909,,,2927981,12,0
7990909,,,2927982,13,0
7990909,13:20:00,13:20:00,2949775,14,1
7990909,,,2949776,15,0
7990909,,,2949777,16,0
7990909,13:22:00,13:22:00,2949778,17,1
7990909,,,2949780,18,0
7990909,,,2949781,19,0
7990909,13:25:00,13:25:00,2949782,20,1
7990909,,,2949783,21,0
7990909,,,2949784,22,0
7990909,13:27:00,13:27:00,2949785,23,1
7990909,,,2949786,24,0
7990909,,,2949787,25,0
7990909,,,2949788,26,0
7990909,13:30:00,13:30:00,2949789,27,1
7990909,,,2949790,28,0
7990909,13:50:00,13:50:00,2949791,29,1
7990910,13:50:00,13:50:00,2949526,0,1
7990910,,,2949527,1,0
7990910,,,2949528,2,0
7990910,,,2940563,3,0
7990910,,,2933816,4,0
7990910,,,2933817,5,0
7990910,,,2940564,6,0
7990910,,,2940565,7,0
7990910,13:55:00,13:55:00,2940566,8,1
7990910,,,2940567,9,0
7990910,,,2949774,10,0
7990910,13:58:00,13:58:00,2927980,11,1
7990910,,,2927981,12,0
7990910,,,2927982,13,0
7990910,14:00:00,14:00:00,2949775,14,1
7990910,,,2949776,15,0
7990910,,,2949777,16,0
7990910,14:02:00,14:02:00,2949778,17,1
7990910,,,2949780,18,0
7990910,,,2949781,19,0
7990910,14:05:00,14:05:00,2949782,20,1
7990910,,,2949783,21,0
7990910,,,2949784,22,0
7990910,14:07:00,14:07:00,2949785,23,1
7990910,,,2949786,24,0
7990910,,,2949787,25,0
7990910,,,2949788,26,0
7990910,14:10:00,14:10:00,2949789,27,1
7990910,,,2949790,28,0
7990910,14:30:00,14:30:00,2949791,29,1
7990911,14:30:00,14:30:00,2949526,0,1
7990911,,,2949527,1,0
7990911,,,2949528,2,0
7990911,,,2940563,3,0
7990911,,,2933816,4,0
7990911,,,2933817,5,0
7990911,,,2940564,6,0
7990911,,,2940565,7,0
7990911,14:35:00,14:35:00,2940566,8,1
7990911,,,2940567,9,0
7990911,,,2949774,10,0
7990911,14:38:00,14:38:00,2927980,11,1
7990911,,,2927981,12,0
7990911,,,2927982,13,0
7990911,14:40:00,14:40:00,2949775,14,1
7990911,,,2949776,15,0
7990911,,,2949777,16,0
7990911,14:42:00,14:42:00,2949778,17,1
7990911,,,2949780,18,0
7990911,,,2949781,19,0
7990911,14:45:00,14:45:00,2949782,20,1
7990911,,,2949783,21,0
7990911,,,2949784,22,0
7990911,14:47:00,14:47:00,2949785,23,1
7990911,,,2949786,24,0
7990911,,,2949787,25,0
7990911,,,2949788,26,0
7990911,14:50:00,14:50:00,2949789,27,1
7990911,,,2949790,28,0
7990911,15:10:00,15:10:00,2949791,29,1
7990912,15:10:00,15:10:00,2949526,0,1
7990912,,,2949527,1,0
7990912,,,2949528,2,0
7990912,,,2940563,3,0
7990912,,,2933816,4,0
7990912,,,2933817,5,0
7990912,,,2940564,6,0
7990912,,,2940565,7,0
7990912,15:15:00,15:15:00,2940566,8,1
7990912,,,2940567,9,0
7990912,,,2949774,10,0
7990912,15:18:00,15:18:00,2927980,11,1
7990912,,,2927981,12,0
7990912,,,2927982,13,0
7990912,15:20:00,15:20:00,2949775,14,1
7990912,,,2949776,15,0
7990912,,,2949777,16,0
7990912,15:22:00,15:22:00,2949778,17,1
7990912,,,2949780,18,0
7990912,,,2949781,19,0
7990912,15:25:00,15:25:00,2949782,20,1
7990912,,,2949783,21,0
7990912,,,2949784,22,0
7990912,15:27:00,15:27:00,2949785,23,1
7990912,,,2949786,24,0
7990912,,,2949787,25,0
7990912,,,2949788,26,0
7990912,15:30:00,15:30:00,2949789,27,1
7990912,,,2949790,28,0
7990912,15:50:00,15:50:00,2949791,29,1
7990913,15:50:00,15:50:00,2949526,0,1
7990913,,,2949527,1,0
7990913,,,2949528,2,0
7990913,,,2940563,3,0
7990913,,,2933816,4,0
7990913,,,2933817,5,0
7990913,,,2940564,6,0
7990913,,,2940565,7,0
7990913,15:55:00,15:55:00,2940566,8,1
7990913,,,2940567,9,0
7990913,,,2949774,10,0
7990913,15:58:00,15:58:00,2927980,11,1
7990913,,,2927981,12,0
7990913,,,2927982,13,0
7990913,16:00:00,16:00:00,2949775,14,1
7990913,,,2949776,15,0
7990913,,,2949777,16,0
7990913,16:02:00,16:02:00,2949778,17,1
7990913,,,2949780,18,0
7990913,,,2949781,19,0
7990913,16:05:00,16:05:00,2949782,20,1
7990913,,,2949783,21,0
7990913,,,2949784,22,0
7990913,16:07:00,16:07:00,2949785,23,1
7990913,,,2949786,24,0
7990913,,,2949787,25,0
7990913,,,2949788,26,0
7990913,16:10:00,16:10:00,2949789,27,1
7990913,,,2949790,28,0
7990913,16:30:00,16:30:00,2949791,29,1
7990914,16:30:00,16:30:00,2949526,0,1
7990914,,,2949527,1,0
7990914,,,2949528,2,0
7990914,,,2940563,3,0
7990914,,,2933816,4,0
7990914,,,2933817,5,0
7990914,,,2940564,6,0
7990914,,,2940565,7,0
7990914,16:35:00,16:35:00,2940566,8,1
7990914,,,2940567,9,0
7990914,,,2949774,10,0
7990914,16:38:00,16:38:00,2927980,11,1
7990914,,,2927981,12,0
7990914,,,2927982,13,0
7990914,16:40:00,16:40:00,2949775,14,1
7990914,,,2949776,15,0
7990914,,,2949777,16,0
7990914,16:42:00,16:42:00,2949778,17,1
7990914,,,2949780,18,0
7990914,,,2949781,19,0
7990914,16:45:00,16:45:00,2949782,20,1
7990914,,,2949783,21,0
7990914,,,2949784,22,0
7990914,16:47:00,16:47:00,2949785,23,1
7990914,,,2949786,24,0
7990914,,,2949787,25,0
7990914,,,2949788,26,0
7990914,16:50:00,16:50:00,2949789,27,1
7990914,,,2949790,28,0
7990914,17:10:00,17:10:00,2949791,29,1
7990915,17:10:00,17:10:00,2949526,0,1
7990915,,,2949527,1,0
7990915,,,2949528,2,0
7990915,,,2940563,3,0
7990915,,,2933816,4,0
7990915,,,2933817,5,0
7990915,,,2940564,6,0
7990915,,,2940565,7,0
7990915,17:15:00,17:15:00,2940566,8,1
7990915,,,2940567,9,0
7990915,,,2949774,10,0
7990915,17:18:00,17:18:00,2927980,11,1
7990915,,,2927981,12,0
7990915,,,2927982,13,0
7990915,17:20:00,17:20:00,2949775,14,1
7990915,,,2949776,15,0
7990915,,,2949777,16,0
7990915,17:22:00,17:22:00,2949778,17,1
7990915,,,2949780,18,0
7990915,,,2949781,19,0
7990915,17:25:00,17:25:00,2949782,20,1
7990915,,,2949783,21,0
7990915,,,2949784,22,0
7990915,17:27:00,17:27:00,2949785,23,1
7990915,,,2949786,24,0
7990915,,,2949787,25,0
7990915,,,2949788,26,0
7990915,17:30:00,17:30:00,2949789,27,1
7990915,,,2949790,28,0
7990915,17:50:00,17:50:00,2949791,29,1
7990916,17:50:00,17:50:00,2949526,0,1
7990916,,,2949527,1,0
7990916,,,2949528,2,0
7990916,,,2940563,3,0
7990916,,,2933816,4,0
7990916,,,2933817,5,0
7990916,,,2940564,6,0
7990916,,,2940565,7,0
7990916,17:55:00,17:55:00,2940566,8,1
7990916,,,2940567,9,0
7990916,,,2949774,10,0
7990916,17:58:00,17:58:00,2927980,11,1
7990916,,,2927981,12,0
7990916,,,2927982,13,0
7990916,18:00:00,18:00:00,2949775,14,1
7990916,,,2949776,15,0
7990916,,,2949777,16,0
7990916,18:02:00,18:02:00,2949778,17,1
7990916,,,2949780,18,0
7990916,,,2949781,19,0
7990916,18:05:00,18:05:00,2949782,20,1
7990916,,,2949783,21,0
7990916,,,2949784,22,0
7990916,18:07:00,18:07:00,2949785,23,1
7990916,,,2949786,24,0
7990916,,,2949787,25,0
7990916,,,2949788,26,0
7990916,18:10:00,18:10:00,2949789,27,1
7990916,,,2949790,28,0
7990916,18:30:00,18:30:00,2949791,29,1
7990917,18:30:00,18:30:00,2949526,0,1
7990917,,,2949527,1,0
7990917,,,2949528,2,0
7990917,,,2940563,3,0
7990917,,,2933816,4,0
7990917,,,2933817,5,0
7990917,,,2940564,6,0
7990917,,,2940565,7,0
7990917,18:35:00,18:35:00,2940566,8,1
7990917,,,2940567,9,0
7990917,,,2949774,10,0
7990917,18:38:00,18:38:00,2927980,11,1
7990917,,,2927981,12,0
7990917,,,2927982,13,0
7990917,18:40:00,18:40:00,2949775,14,1
7990917,,,2949776,15,0
7990917,,,2949777,16,0
7990917,18:42:00,18:42:00,2949778,17,1
7990917,,,2949780,18,0
7990917,,,2949781,19,0
7990917,18:45:00,18:45:00,2949782,20,1
7990917,,,2949783,21,0
7990917,,,2949784,22,0
7990917,18:47:00,18:47:00,2949785,23,1
7990917,,,2949786,24,0
7990917,,,2949787,25,0
7990917,,,2949788,26,0
7990917,18:50:00,18:50:00,2949789,27,1
7990917,,,2949790,28,0
7990917,19:10:00,19:10:00,2949791,29,1
7990918,19:10:00,19:10:00,2949526,0,1
7990918,,,2949527,1,0
7990918,,,2949528,2,0
7990918,,,2940563,3,0
7990918,,,2933816,4,0
7990918,,,2933817,5,0
7990918,,,2940564,6,0
7990918,,,2940565,7,0
7990918,19:15:00,19:15:00,2940566,8,1
7990918,,,2940567,9,0
7990918,,,2949774,10,0
7990918,19:18:00,19:18:00,2927980,11,1
7990918,,,2927981,12,0
7990918,,,2927982,13,0
7990918,19:20:00,19:20:00,2949775,14,1
7990918,,,2949776,15,0
7990918,,,2949777,16,0
7990918,19:22:00,19:22:00,2949778,17,1
7990918,,,2949780,18,0
7990918,,,2949781,19,0
7990918,19:25:00,19:25:00,2949782,20,1
7990918,,,2949783,21,0
7990918,,,2949784,22,0
7990918,19:27:00,19:27:00,2949785,23,1
7990918,,,2949786,24,0
7990918,,,2949787,25,0
7990918,,,2949788,26,0
7990918,19:30:00,19:30:00,2949789,27,1
7990918,,,2949790,28,0
7990918,19:50:00,19:50:00,2949791,29,1
7990919,19:50:00,19:50:00,2949526,0,1
7990919,,,2949527,1,0
7990919,,,2949528,2,0
7990919,,,2940563,3,0
7990919,,,2933816,4,0
7990919,,,2933817,5,0
7990919,,,2940564,6,0
7990919,,,2940565,7,0
7990919,19:55:00,19:55:00,2940566,8,1
7990919,,,2940567,9,0
7990919,,,2949774,10,0
7990919,19:58:00,19:58:00,2927980,11,1
7990919,,,2927981,12,0
7990919,,,2927982,13,0
7990919,20:00:00,20:00:00,2949775,14,1
7990919,,,2949776,15,0
7990919,,,2949777,16,0
7990919,20:02:00,20:02:00,2949778,17,1
7990919,,,2949780,18,0
7990919,,,2949781,19,0
7990919,20:05:00,20:05:00,2949782,20,1
7990919,,,2949783,21,0
7990919,,,2949784,22,0
7990919,20:07:00,20:07:00,2949785,23,1
7990919,,,2949786,24,0
7990919,,,2949787,25,0
7990919,,,2949788,26,0
7990919,20:10:00,20:10:00,2949789,27,1
7990919,,,2949790,28,0
7990919,20:30:00,20:30:00,2949791,29,1
7990920,20:30:00,20:30:00,2949526,0,1
7990920,,,2949527,1,0
7990920,,,2949528,2,0
7990920,,,2940563,3,0
7990920,,,2933816,4,0
7990920,,,2933817,5,0
7990920,,,2940564,6,0
7990920,,,2940565,7,0
7990920,20:35:00,20:35:00,2940566,8,1
7990920,,,2940567,9,0
7990920,,,2949774,10,0
7990920,20:38:00,20:38:00,2927980,11,1
7990920,,,2927981,12,0
7990920,,,2927982,13,0
7990920,20:40:00,20:40:00,2949775,14,1
7990920,,,2949776,15,0
7990920,,,2949777,16,0
7990920,20:42:00,20:42:00,2949778,17,1
7990920,,,2949780,18,0
7990920,,,2949781,19,0
7990920,20:45:00,20:45:00,2949782,20,1
7990920,,,2949783,21,0
7990920,,,2949784,22,0
7990920,20:47:00,20:47:00,2949785,23,1
7990920,,,2949786,24,0
7990920,,,2949787,25,0
7990920,,,2949788,26,0
7990920,20:50:00,20:50:00,2949789,27,1
7990920,,,2949790,28,0
7990920,21:10:00,21:10:00,2949791,29,1
7990921,21:10:00,21:10:00,2949526,0,1
7990921,,,2949527,1,0
7990921,,,2949528,2,0
7990921,,,2940563,3,0
7990921,,,2933816,4,0
7990921,,,2933817,5,0
7990921,,,2940564,6,0
7990921,,,2940565,7,0
7990921,21:15:00,21:15:00,2940566,8,1
7990921,,,2940567,9,0
7990921,,,2949774,10,0
7990921,21:18:00,21:18:00,2927980,11,1
7990921,,,2927981,12,0
7990921,,,2927982,13,0
7990921,21:20:00,21:20:00,2949775,14,1
7990921,,,2949776,15,0
7990921,,,2949777,16,0
7990921,21:22:00,21:22:00,2949778,17,1
7990921,,,2949780,18,0
7990921,,,2949781,19,0
7990921,21:25:00,21:25:00,2949782,20,1
7990921,,,2949783,21,0
7990921,,,2949784,22,0
7990921,21:27:00,21:27:00,2949785,23,1
7990921,,,2949786,24,0
7990921,,,2949787,25,0
7990921,,,2949788,26,0
7990921,21:30:00,21:30:00,2949789,27,1
7990921,,,2949790,28,0
7990921,21:50:00,21:50:00,2949791,29,1
7990922,21:50:00,21:50:00,2949526,0,1
7990922,,,2949527,1,0
7990922,,,2949528,2,0
7990922,,,2940563,3,0
7990922,,,2933816,4,0
7990922,,,2933817,5,0
7990922,,,2940564,6,0
7990922,,,2940565,7,0
7990922,21:55:00,21:55:00,2940566,8,1
7990922,,,2940567,9,0
7990922,,,2949774,10,0
7990922,21:58:00,21:58:00,2927980,11,1
7990922,,,2927981,12,0
7990922,,,2927982,13,0
7990922,22:00:00,22:00:00,2949775,14,1
7990922,,,2949776,15,0
7990922,,,2949777,16,0
7990922,22:02:00,22:02:00,2949778,17,1
7990922,,,2949780,18,0
7990922,,,2949781,19,0
7990922,22:05:00,22:05:00,2949782,20,1
7990922,,,2949783,21,0
7990922,,,2949784,22,0
7990922,22:07:00,22:07:00,2949785,23,1
7990922,,,2949786,24,0
7990922,,,2949787,25,0
7990922,,,2949788,26,0
7990922,22:10:00,22:10:00,2949789,27,1
7990922,,,2949790,28,0
7990922,22:30:00,22:30:00,2949791,29,1
7990923,23:00:00,23:00:00,2949526,0,1
7990923,,,2949527,1,0
7990923,,,2949528,2,0
7990923,,,2940563,3,0
7990923,,,2933816,4,0
7990923,,,2933817,5,0
7990923,,,2940564,6,0
7990923,,,2940565,7,0
7990923,23:05:00,23:05:00,2940566,8,1
7990923,,,2940567,9,0
7990923,,,2949774,10,0
7990923,23:08:00,23:08:00,2927980,11,1
7990923,,,2927981,12,0
7990923,,,2927982,13,0
7990923,23:10:00,23:10:00,2949775,14,1
7990923,,,2949776,15,0
7990923,,,2949777,16,0
7990923,23:12:00,23:12:00,2949778,17,1
7990923,,,2949780,18,0
7990923,,,2949781,19,0
7990923,23:15:00,23:15:00,2949782,20,1
7990923,,,2949783,21,0
7990923,,,2949784,22,0
7990923,23:17:00,23:17:00,2949785,23,1
7990923,,,2949786,24,0
7990923,,,2949787,25,0
7990923,,,2949788,26,0
7990923,23:20:00,23:20:00,2949789,27,1
7990923,,,2949790,28,0
7990923,23:30:00,23:30:00,2949791,29,1
7998184,08:10:00,08:10:00,2949526,0,1
7998184,,,2949527,1,0
7998184,,,2949528,2,0
7998184,,,2940563,3,0
7998184,,,2933816,4,0
7998184,,,2933817,5,0
7998184,,,2940564,6,0
7998184,,,2940565,7,0
7998184,08:14:00,08:14:00,2940566,8,1
7998184,,,2940567,9,0
7998184,,,2949774,10,0
7998184,08:16:00,08:16:00,2927980,11,1
7998184,,,2927981,12,0
7998184,,,2927982,13,0
7998184,08:18:00,08:18:00,2949775,14,1
7998184,,,2949776,15,0
7998184,,,2949777,16,0
7998184,08:20:00,08:20:00,2949778,17,1
7998184,,,2949780,18,0
7998184,,,2949781,19,0
7998184,08:22:00,08:22:00,2949782,20,1
7998184,,,2949783,21,0
7998184,,,2949784,22,0
7998184,08:24:00,08:24:00,2949785,23,1
7998184,,,2949786,24,0
7998184,,,2949787,25,0
7998184,,,2949788,26,0
7998184,08:26:00,08:26:00,2949789,27,1
7998184,,,2949790,28,0
7998184,08:40:00,08:40:00,2949791,29,1
7998185,09:30:00,09:30:00,2949526,0,1
7998185,,,2949527,1,0
7998185,,,2949528,2,0
7998185,,,2940563,3,0
7998185,,,2933816,4,0
7998185,,,2933817,5,0
7998185,,,2940564,6,0
7998185,,,2940565,7,0
7998185,09:34:00,09:34:00,2940566,8,1
7998185,,,2940567,9,0
7998185,,,2949774,10,0
7998185,09:36:00,09:36:00,2927980,11,1
7998185,,,2927981,12,0
7998185,,,2927982,13,0
7998185,09:38:00,09:38:00,2949775,14,1
7998185,,,2949776,15,0
7998185,,,2949777,16,0
7998185,09:40:00,09:40:00,2949778,17,1
7998185,,,2949780,18,0
7998185,,,2949781,19,0
7998185,09:42:00,09:42:00,2949782,20,1
7998185,,,2949783,21,0
7998185,,,2949784,22,0
7998185,09:44:00,09:44:00,2949785,23,1
7998185,,,2949786,24,0
7998185,,,2949787,25,0
7998185,,,2949788,26,0
7998185,09:46:00,09:46:00,2949789,27,1
7998185,,,2949790,28,0
7998185,10:00:00,10:00:00,2949791,29,1
7998186,10:50:00,10:50:00,2949526,0,1
7998186,,,2949527,1,0
7998186,,,2949528,2,0
7998186,,,2940563,3,0
7998186,,,2933816,4,0
7998186,,,2933817,5,0
7998186,,,2940564,6,0
7998186,,,2940565,7,0
7998186,10:54:00,10:54:00,2940566,8,1
7998186,,,2940567,9,0
7998186,,,2949774,10,0
7998186,10:56:00,10:56:00,2927980,11,1
7998186,,,2927981,12,0
7998186,,,2927982,13,0
7998186,10:58:00,10:58:00,2949775,14,1
7998186,,,2949776,15,0
7998186,,,2949777,16,0
7998186,11:00:00,11:00:00,2949778,17,1
7998186,,,2949780,18,0
7998186,,,2949781,19,0
7998186,11:02:00,11:02:00,2949782,20,1
7998186,,,2949783,21,0
7998186,,,2949784,22,0
7998186,11:04:00,11:04:00,2949785,23,1
7998186,,,2949786,24,0
7998186,,,2949787,25,0
7998186,,,2949788,26,0
7998186,11:06:00,11:06:00,2949789,27,1
7998186,,,2949790,28,0
7998186,11:20:00,11:20:00,2949791,29,1
7998187,12:10:00,12:10:00,2949526,0,1
7998187,,,2949527,1,0
7998187,,,2949528,2,0
7998187,,,2940563,3,0
7998187,,,2933816,4,0
7998187,,,2933817,5,0
7998187,,,2940564,6,0
7998187,,,2940565,7,0
7998187,12:14:00,12:14:00,2940566,8,1
7998187,,,2940567,9,0
7998187,,,2949774,10,0
7998187,12:16:00,12:16:00,2927980,11,1
7998187,,,2927981,12,0
7998187,,,2927982,13,0
7998187,12:18:00,12:18:00,2949775,14,1
7998187,,,2949776,15,0
7998187,,,2949777,16,0
7998187,12:20:00,12:20:00,2949778,17,1
7998187,,,2949780,18,0
7998187,,,2949781,19,0
7998187,12:22:00,12:22:00,2949782,20,1
7998187,,,2949783,21,0
7998187,,,2949784,22,0
7998187,12:24:00,12:24:00,2949785,23,1
7998187,,,2949786,24,0
7998187,,,2949787,25,0
7998187,,,2949788,26,0
7998187,12:26:00,12:26:00,2949789,27,1
7998187,,,2949790,28,0
7998187,12:40:00,12:40:00,2949791,29,1
7998188,13:30:00,13:30:00,2949526,0,1
7998188,,,2949527,1,0
7998188,,,2949528,2,0
7998188,,,2940563,3,0
7998188,,,2933816,4,0
7998188,,,2933817,5,0
7998188,,,2940564,6,0
7998188,,,2940565,7,0
7998188,13:34:00,13:34:00,2940566,8,1
7998188,,,2940567,9,0
7998188,,,2949774,10,0
7998188,13:36:00,13:36:00,2927980,11,1
7998188,,,2927981,12,0
7998188,,,2927982,13,0
7998188,13:38:00,13:38:00,2949775,14,1
7998188,,,2949776,15,0
7998188,,,2949777,16,0
7998188,13:40:00,13:40:00,2949778,17,1
7998188,,,2949780,18,0
7998188,,,2949781,19,0
7998188,13:42:00,13:42:00,2949782,20,1
7998188,,,2949783,21,0
7998188,,,2949784,22,0
7998188,13:44:00,13:44:00,2949785,23,1
7998188,,,2949786,24,0
7998188,,,2949787,25,0
7998188,,,2949788,26,0
7998188,13:46:00,13:46:00,2949789,27,1
7998188,,,2949790,28,0
7998188,14:00:00,14:00:00,2949791,29,1
7998189,14:50:00,14:50:00,2949526,0,1
7998189,,,2949527,1,0
7998189,,,2949528,2,0
7998189,,,2940563,3,0
7998189,,,2933816,4,0
7998189,,,2933817,5,0
7998189,,,2940564,6,0
7998189,,,2940565,7,0
7998189,14:54:00,14:54:00,2940566,8,1
7998189,,,2940567,9,0
7998189,,,2949774,10,0
7998189,14:56:00,14:56:00,2927980,11,1
7998189,,,2927981,12,0
7998189,,,2927982,13,0
7998189,14:58:00,14:58:00,2949775,14,1
7998189,,,2949776,15,0
7998189,,,2949777,16,0
7998189,15:00:00,15:00:00,2949778,17,1
7998189,,,2949780,18,0
7998189,,,2949781,19,0
7998189,15:02:00,15:02:00,2949782,20,1
7998189,,,2949783,21,0
7998189,,,2949784,22,0
7998189,15:04:00,15:04:00,2949785,23,1
7998189,,,2949786,24,0
7998189,,,2949787,25,0
7998189,,,2949788,26,0
7998189,15:06:00,15:06:00,2949789,27,1
7998189,,,2949790,28,0
7998189,15:20:00,15:20:00,2949791,29,1
7998190,16:10:00,16:10:00,2949526,0,1
7998190,,,2949527,1,0
7998190,,,2949528,2,0
7998190,,,2940563,3,0
7998190,,,2933816,4,0
7998190,,,2933817,5,0
7998190,,,2940564,6,0
7998190,,,2940565,7,0
7998190,16:14:00,16:14:00,2940566,8,1
7998190,,,2940567,9,0
7998190,,,2949774,10,0
7998190,16:16:00,16:16:00,2927980,11,1
7998190,,,2927981,12,0
7998190,,,2927982,13,0
7998190,16:18:00,16:18:00,2949775,14,1
7998190,,,2949776,15,0
7998190,,,2949777,16,0
7998190,16:20:00,16:20:00,2949778,17,1
7998190,,,2949780,18,0
7998190,,,2949781,19,0
7998190,16:22:00,16:22:00,2949782,20,1
7998190,,,2949783,21,0
7998190,,,2949784,22,0
7998190,16:24:00,16:24:00,2949785,23,1
7998190,,,2949786,24,0
7998190,,,2949787,25,0
7998190,,,2949788,26,0
7998190,16:26:00,16:26:00,2949789,27,1
7998190,,,2949790,28,0
7998190,16:40:00,16:40:00,2949791,29,1
7998191,17:30:00,17:30:00,2949526,0,1
7998191,,,2949527,1,0
7998191,,,2949528,2,0
7998191,,,2940563,3,0
7998191,,,2933816,4,0
7998191,,,2933817,5,0
7998191,,,2940564,6,0
7998191,,,2940565,7,0
7998191,17:34:00,17:34:00,2940566,8,1
7998191,,,2940567,9,0
7998191,,,2949774,10,0
7998191,17:36:00,17:36:00,2927980,11,1
7998191,,,2927981,12,0
7998191,,,2927982,13,0
7998191,17:38:00,17:38:00,2949775,14,1
7998191,,,2949776,15,0
7998191,,,2949777,16,0
7998191,17:40:00,17:40:00,2949778,17,1
7998191,,,2949780,18,0
7998191,,,2949781,19,0
7998191,17:42:00,17:42:00,2949782,20,1
7998191,,,2949783,21,0
7998191,,,2949784,22,0
7998191,17:44:00,17:44:00,2949785,23,1
7998191,,,2949786,24,0
7998191,,,2949787,25,0
7998191,,,2949788,26,0
7998191,17:46:00,17:46:00,2949789,27,1
7998191,,,2949790,28,0
7998191,18:00:00,18:00:00,2949791,29,1
7998192,18:50:00,18:50:00,2949526,0,1
7998192,,,2949527,1,0
7998192,,,2949528,2,0
7998192,,,2940563,3,0
7998192,,,2933816,4,0
7998192,,,2933817,5,0
7998192,,,2940564,6,0
7998192,,,2940565,7,0
7998192,18:54:00,18:54:00,2940566,8,1
7998192,,,2940567,9,0
7998192,,,2949774,10,0
7998192,18:56:00,18:56:00,2927980,11,1
7998192,,,2927981,12,0
7998192,,,2927982,13,0
7998192,18:58:00,18:58:00,2949775,14,1
7998192,,,2949776,15,0
7998192,,,2949777,16,0
7998192,19:00:00,19:00:00,2949778,17,1
7998192,,,2949780,18,0
7998192,,,2949781,19,0
7998192,19:02:00,19:02:00,2949782,20,1
7998192,,,2949783,21,0
7998192,,,2949784,22,0
7998192,19:04:00,19:04:00,2949785,23,1
7998192,,,2949786,24,0
7998192,,,2949787,25,0
7998192,,,2949788,26,0
7998192,19:06:00,19:06:00,2949789,27,1
7998192,,,2949790,28,0
7998192,19:20:00,19:20:00,2949791,29,1
7998194,09:30:00,09:30:00,2949526,0,1
7998194,,,2949527,1,0
7998194,,,2949528,2,0
7998194,,,2940563,3,0
7998194,,,2933816,4,0
7998194,,,2933817,5,0
7998194,,,2940564,6,0
7998194,,,2940565,7,0
7998194,09:34:00,09:34:00,2940566,8,1
7998194,,,2940567,9,0
7998194,,,2949774,10,0
7998194,09:36:00,09:36:00,2927980,11,1
7998194,,,2927981,12,0
7998194,,,2927982,13,0
7998194,09:38:00,09:38:00,2949775,14,1
7998194,,,2949776,15,0
7998194,,,2949777,16,0
7998194,09:40:00,09:40:00,2949778,17,1
7998194,,,2949780,18,0
7998194,,,2949781,19,0
7998194,09:42:00,09:42:00,2949782,20,1
7998194,,,2949783,21,0
7998194,,,2949784,22,0
7998194,09:44:00,09:44:00,2949785,23,1
7998194,,,2949786,24,0
7998194,,,2949787,25,0
7998194,,,2949788,26,0
7998194,09:46:00,09:46:00,2949789,27,1
7998194,,,2949790,28,0
7998194,10:00:00,10:00:00,2949791,29,1
7998195,10:50:00,10:50:00,2949526,0,1
7998195,,,2949527,1,0
7998195,,,2949528,2,0
7998195,,,2940563,3,0
7998195,,,2933816,4,0
7998195,,,2933817,5,0
7998195,,,2940564,6,0
7998195,,,2940565,7,0
7998195,10:54:00,10:54:00,2940566,8,1
7998195,,,2940567,9,0
7998195,,,2949774,10,0
7998195,10:56:00,10:56:00,2927980,11,1
7998195,,,2927981,12,0
7998195,,,2927982,13,0
7998195,10:58:00,10:58:00,2949775,14,1
7998195,,,2949776,15,0
7998195,,,2949777,16,0
7998195,11:00:00,11:00:00,2949778,17,1
7998195,,,2949780,18,0
7998195,,,2949781,19,0
7998195,11:02:00,11:02:00,2949782,20,1
7998195,,,2949783,21,0
7998195,,,2949784,22,0
7998195,11:04:00,11:04:00,2949785,23,1
7998195,,,2949786,24,0
7998195,,,2949787,25,0
7998195,,,2949788,26,0
7998195,11:06:00,11:06:00,2949789,27,1
7998195,,,2949790,28,0
7998195,11:20:00,11:20:00,2949791,29,1
7998196,12:10:00,12:10:00,2949526,0,1
7998196,,,2949527,1,0
7998196,,,2949528,2,0
7998196,,,2940563,3,0
7998196,,,2933816,4,0
7998196,,,2933817,5,0
7998196,,,2940564,6,0
7998196,,,2940565,7,0
7998196,12:14:00,12:14:00,2940566,8,1
7998196,,,2940567,9,0
7998196,,,2949774,10,0
7998196,12:16:00,12:16:00,2927980,11,1
7998196,,,2927981,12,0
7998196,,,2927982,13,0
7998196,12:18:00,12:18:00,2949775,14,1
7998196,,,2949776,15,0
7998196,,,2949777,16,0
7998196,12:20:00,12:20:00,2949778,17,1
7998196,,,2949780,18,0
7998196,,,2949781,19,0
7998196,12:22:00,12:22:00,2949782,20,1
7998196,,,2949783,21,0
7998196,,,2949784,22,0
7998196,12:24:00,12:24:00,2949785,23,1
7998196,,,2949786,24,0
7998196,,,2949787,25,0
7998196,,,2949788,26,0
7998196,12:26:00,12:26:00,2949789,27,1
7998196,,,2949790,28,0
7998196,12:40:00,12:40:00,2949791,29,1
7998197,13:30:00,13:30:00,2949526,0,1
7998197,,,2949527,1,0
7998197,,,2949528,2,0
7998197,,,2940563,3,0
7998197,,,2933816,4,0
7998197,,,2933817,5,0
7998197,,,2940564,6,0
7998197,,,2940565,7,0
7998197,13:34:00,13:34:00,2940566,8,1
7998197,,,2940567,9,0
7998197,,,2949774,10,0
7998197,13:36:00,13:36:00,2927980,11,1
7998197,,,2927981,12,0
7998197,,,2927982,13,0
7998197,13:38:00,13:38:00,2949775,14,1
7998197,,,2949776,15,0
7998197,,,2949777,16,0
7998197,13:40:00,13:40:00,2949778,17,1
7998197,,,2949780,18,0
7998197,,,2949781,19,0
7998197,13:42:00,13:42:00,2949782,20,1
7998197,,,2949783,21,0
7998197,,,2949784,22,0
7998197,13:44:00,13:44:00,2949785,23,1
7998197,,,2949786,24,0
7998197,,,2949787,25,0
7998197,,,2949788,26,0
7998197,13:46:00,13:46:00,2949789,27,1
7998197,,,2949790,28,0
7998197,14:00:00,14:00:00,2949791,29,1
7998198,14:50:00,14:50:00,2949526,0,1
7998198,,,2949527,1,0
7998198,,,2949528,2,0
7998198,,,2940563,3,0
7998198,,,2933816,4,0
7998198,,,2933817,5,0
7998198,,,2940564,6,0
7998198,,,2940565,7,0
7998198,14:54:00,14:54:00,2940566,8,1
7998198,,,2940567,9,0
7998198,,,2949774,10,0
7998198,14:56:00,14:56:00,2927980,11,1
7998198,,,2927981,12,0
7998198,,,2927982,13,0
7998198,14:58:00,14:58:00,2949775,14,1
7998198,,,2949776,15,0
7998198,,,2949777,16,0
7998198,15:00:00,15:00:00,2949778,17,1
7998198,,,2949780,18,0
7998198,,,2949781,19,0
7998198,15:02:00,15:02:00,2949782,20,1
7998198,,,2949783,21,0
7998198,,,2949784,22,0
7998198,15:04:00,15:04:00,2949785,23,1
7998198,,,2949786,24,0
7998198,,,2949787,25,0
7998198,,,2949788,26,0
7998198,15:06:00,15:06:00,2949789,27,1
7998198,,,2949790,28,0
7998198,15:20:00,15:20:00,2949791,29,1
7998199,16:10:00,16:10:00,2949526,0,1
7998199,,,2949527,1,0
7998199,,,2949528,2,0
7998199,,,2940563,3,0
7998199,,,2933816,4,0
7998199,,,2933817,5,0
7998199,,,2940564,6,0
7998199,,,2940565,7,0
7998199,16:14:00,16:14:00,2940566,8,1
7998199,,,2940567,9,0
7998199,,,2949774,10,0
7998199,16:16:00,16:16:00,2927980,11,1
7998199,,,2927981,12,0
7998199,,,2927982,13,0
7998199,16:18:00,16:18:00,2949775,14,1
7998199,,,2949776,15,0
7998199,,,2949777,16,0
7998199,16:20:00,16:20:00,2949778,17,1
7998199,,,2949780,18,0
7998199,,,2949781,19,0
7998199,16:22:00,16:22:00,2949782,20,1
7998199,,,2949783,21,0
7998199,,,2949784,22,0
7998199,16:24:00,16:24:00,2949785,23,1
7998199,,,2949786,24,0
7998199,,,2949787,25,0
7998199,,,2949788,26,0
7998199,16:26:00,16:26:00,2949789,27,1
7998199,,,2949790,28,0
7998199,16:40:00,16:40:00,2949791,29,1
7998200,17:30:00,17:30:00,2949526,0,1
7998200,,,2949527,1,0
7998200,,,2949528,2,0
7998200,,,2940563,3,0
7998200,,,2933816,4,0
7998200,,,2933817,5,0
7998200,,,2940564,6,0
7998200,,,2940565,7,0
7998200,17:34:00,17:34:00,2940566,8,1
7998200,,,2940567,9,0
7998200,,,2949774,10,0
7998200,17:36:00,17:36:00,2927980,11,1
7998200,,,2927981,12,0
7998200,,,2927982,13,0
7998200,17:38:00,17:38:00,2949775,14,1
7998200,,,2949776,15,0
7998200,,,2949777,16,0
7998200,17:40:00,17:40:00,2949778,17,1
7998200,,,2949780,18,0
7998200,,,2949781,19,0
7998200,17:42:00,17:42:00,2949782,20,1
7998200,,,2949783,21,0
7998200,,,2949784,22,0
7998200,17:44:00,17:44:00,2949785,23,1
7998200,,,2949786,24,0
7998200,,,2949787,25,0
7998200,,,2949788,26,0
7998200,17:46:00,17:46:00,2949789,27,1
7998200,,,2949790,28,0
7998200,18:00:00,18:00:00,2949791,29,1
7998201,18:50:00,18:50:00,2949526,0,1
7998201,,,2949527,1,0
7998201,,,2949528,2,0
7998201,,,2940563,3,0
7998201,,,2933816,4,0
7998201,,,2933817,5,0
7998201,,,2940564,6,0
7998201,,,2940565,7,0
7998201,18:54:00,18:54:00,2940566,8,1
7998201,,,2940567,9,0
7998201,,,2949774,10,0
7998201,18:56:00,18:56:00,2927980,11,1
7998201,,,2927981,12,0
7998201,,,2927982,13,0
7998201,18:58:00,18:58:00,2949775,14,1
7998201,,,2949776,15,0
7998201,,,2949777,16,0
7998201,19:00:00,19:00:00,2949778,17,1
7998201,,,2949780,18,0
7998201,,,2949781,19,0
7998201,19:02:00,19:02:00,2949782,20,1
7998201,,,2949783,21,0
7998201,,,2949784,22,0
7998201,19:04:00,19:04:00,2949785,23,1
7998201,,,2949786,24,0
7998201,,,2949787,25,0
7998201,,,2949788,26,0
7998201,19:06:00,19:06:00,2949789,27,1
7998201,,,2949790,28,0
7998201,19:20:00,19:20:00,2949791,29,1
7991077,07:10:00,07:10:00,2949791,0,1
7991077,07:12:00,07:12:00,2951167,1,1
7991077,,,2951168,2,0
7991077,,,2951169,3,0
7991077,,,2951170,4,0
7991077,,,2951171,5,0
7991077,07:14:00,07:14:00,2951172,6,1
7991077,,,2951173,7,0
7991077,,,2951174,8,0
7991077,07:16:00,07:16:00,2951175,9,1
7991077,,,2951176,10,0
7991077,07:18:00,07:18:00,2951177,11,1
7991077,,,2951178,12,0
7991077,,,2951179,13,0
7991077,07:21:00,07:21:00,2951180,14,1
7991077,,,2933825,15,0
7991077,,,2933826,16,0
7991077,07:23:00,07:23:00,2933827,17,1
7991077,,,2933829,18,0
7991077,,,2951181,19,0
7991077,07:26:00,07:26:00,2951182,20,1
7991077,,,2951183,21,0
7991077,,,2933835,22,0
7991077,,,2951184,23,0
7991077,,,2951185,24,0
7991077,,,2951186,25,0
7991077,,,2951187,26,0
7991077,,,2951188,27,0
7991077,07:50:00,07:50:00,2949526,28,1
7991084,07:30:00,07:30:00,2949791,0,1
7991084,07:32:00,07:32:00,2951167,1,1
7991084,,,2951168,2,0
7991084,,,2951169,3,0
7991084,,,2951170,4,0
7991084,,,2951171,5,0
7991084,07:34:00,07:34:00,2951172,6,1
7991084,,,2951173,7,0
7991084,,,2951174,8,0
7991084,07:36:00,07:36:00,2951175,9,1
7991084,,,2951176,10,0
7991084,07:38:00,07:38:00,2951177,11,1
7991084,,,2951178,12,0
7991084,,,2951179,13,0
7991084,07:41:00,07:41:00,2951180,14,1
7991084,,,2933825,15,0
7991084,,,2933826,16,0
7991084,07:43:00,07:43:00,2933827,17,1
7991084,,,2933829,18,0
7991084,,,2951181,19,0
7991084,07:46:00,07:46:00,2951182,20,1
7991084,,,2951183,21,0
7991084,,,2933835,22,0
7991084,,,2951184,23,0
7991084,,,2951185,24,0
7991084,,,2951186,25,0
7991084,,,2951187,26,0
7991084,,,2951188,27,0
7991084,08:10:00,08:10:00,2949526,28,1
7991085,07:50:00,07:50:00,2949791,0,1
7991085,07:52:00,07:52:00,2951167,1,1
7991085,,,2951168,2,0
7991085,,,2951169,3,0
7991085,,,2951170,4,0
7991085,,,2951171,5,0
7991085,07:54:00,07:54:00,2951172,6,1
7991085,,,2951173,7,0
7991085,,,2951174,8,0
7991085,07:56:00,07:56:00,2951175,9,1
7991085,,,2951176,10,0
7991085,07:58:00,07:58:00,2951177,11,1
7991085,,,2951178,12,0
7991085,,,2951179,13,0
7991085,08:01:00,08:01:00,2951180,14,1
7991085,,,2933825,15,0
7991085,,,2933826,16,0
7991085,08:03:00,08:03:00,2933827,17,1
7991085,,,2933829,18,0
7991085,,,2951181,19,0
7991085,08:06:00,08:06:00,2951182,20,1
7991085,,,2951183,21,0
7991085,,,2933835,22,0
7991085,,,2951184,23,0
7991085,,,2951185,24,0
7991085,,,2951186,25,0
7991085,,,2951187,26,0
7991085,,,2951188,27,0
7991085,08:30:00,08:30:00,2949526,28,1
7991086,08:10:00,08:10:00,2949791,0,1
7991086,08:12:00,08:12:00,2951167,1,1
7991086,,,2951168,2,0
7991086,,,2951169,3,0
7991086,,,2951170,4,0
7991086,,,2951171,5,0
7991086,08:14:00,08:14:00,2951172,6,1
7991086,,,2951173,7,0
7991086,,,2951174,8,0
7991086,08:16:00,08:16:00,2951175,9,1
7991086,,,2951176,10,0
7991086,08:18:00,08:18:00,2951177,11,1
7991086,,,2951178,12,0
7991086,,,2951179,13,0
7991086,08:21:00,08:21:00,2951180,14,1
7991086,,,2933825,15,0
7991086,,,2933826,16,0
7991086,08:23:00,08:23:00,2933827,17,1
7991086,,,2933829,18,0
7991086,,,2951181,19,0
7991086,08:26:00,08:26:00,2951182,20,1
7991086,,,2951183,21,0
7991086,,,2933835,22,0
7991086,,,2951184,23,0
7991086,,,2951185,24,0
7991086,,,2951186,25,0
7991086,,,2951187,26,0
7991086,,,2951188,27,0
7991086,08:50:00,08:50:00,2949526,28,1
7991087,08:30:00,08:30:00,2949791,0,1
7991087,08:32:00,08:32:00,2951167,1,1
7991087,,,2951168,2,0
7991087,,,2951169,3,0
7991087,,,2951170,4,0
7991087,,,2951171,5,0
7991087,08:34:00,08:34:00,2951172,6,1
7991087,,,2951173,7,0
7991087,,,2951174,8,0
7991087,08:36:00,08:36:00,2951175,9,1
7991087,,,2951176,10,0
7991087,08:38:00,08:38:00,2951177,11,1
7991087,,,2951178,12,0
7991087,,,2951179,13,0
7991087,08:41:00,08:41:00,2951180,14,1
7991087,,,2933825,15,0
7991087,,,2933826,16,0
7991087,08:43:00,08:43:00,2933827,17,1
7991087,,,2933829,18,0
7991087,,,2951181,19,0
7991087,08:46:00,08:46:00,2951182,20,1
7991087,,,2951183,21,0
7991087,,,2933835,22,0
7991087,,,2951184,23,0
7991087,,,2951185,24,0
7991087,,,2951186,25,0
7991087,,,2951187,26,0
7991087,,,2951188,27,0
7991087,09:10:00,09:10:00,2949526,28,1
7991088,08:50:00,08:50:00,2949791,0,1
7991088,08:52:00,08:52:00,2951167,1,1
7991088,,,2951168,2,0
7991088,,,2951169,3,0
7991088,,,2951170,4,0
7991088,,,2951171,5,0
7991088,08:54:00,08:54:00,2951172,6,1
7991088,,,2951173,7,0
7991088,,,2951174,8,0
7991088,08:56:00,08:56:00,2951175,9,1
7991088,,,2951176,10,0
7991088,08:58:00,08:58:00,2951177,11,1
7991088,,,2951178,12,0
7991088,,,2951179,13,0
7991088,09:01:00,09:01:00,2951180,14,1
7991088,,,2933825,15,0
7991088,,,2933826,16,0
7991088,09:03:00,09:03:00,2933827,17,1
7991088,,,2933829,18,0
7991088,,,2951181,19,0
7991088,09:06:00,09:06:00,2951182,20,1
7991088,,,2951183,21,0
7991088,,,2933835,22,0
7991088,,,2951184,23,0
7991088,,,2951185,24,0
7991088,,,2951186,25,0
7991088,,,2951187,26,0
7991088,,,2951188,27,0
7991088,09:30:00,09:30:00,2949526,28,1
7991089,09:10:00,09:10:00,2949791,0,1
7991089,09:12:00,09:12:00,2951167,1,1
7991089,,,2951168,2,0
7991089,,,2951169,3,0
7991089,,,2951170,4,0
7991089,,,2951171,5,0
7991089,09:14:00,09:14:00,2951172,6,1
7991089,,,2951173,7,0
7991089,,,2951174,8,0
7991089,09:16:00,09:16:00,2951175,9,1
7991089,,,2951176,10,0
7991089,09:18:00,09:18:00,2951177,11,1
7991089,,,2951178,12,0
7991089,,,2951179,13,0
7991089,09:21:00,09:21:00,2951180,14,1
7991089,,,2933825,15,0
7991089,,,2933826,16,0
7991089,09:23:00,09:23:00,2933827,17,1
7991089,,,2933829,18,0
7991089,,,2951181,19,0
7991089,09:26:00,09:26:00,2951182,20,1
7991089,,,2951183,21,0
7991089,,,2933835,22,0
7991089,,,2951184,23,0
7991089,,,2951185,24,0
7991089,,,2951186,25,0
7991089,,,2951187,26,0
7991089,,,2951188,27,0
7991089,09:50:00,09:50:00,2949526,28,1
7991090,09:30:00,09:30:00,2949791,0,1
7991090,09:32:00,09:32:00,2951167,1,1
7991090,,,2951168,2,0
7991090,,,2951169,3,0
7991090,,,2951170,4,0
7991090,,,2951171,5,0
7991090,09:34:00,09:34:00,2951172,6,1
7991090,,,2951173,7,0
7991090,,,2951174,8,0
7991090,09:36:00,09:36:00,2951175,9,1
7991090,,,2951176,10,0
7991090,09:38:00,09:38:00,2951177,11,1
7991090,,,2951178,12,0
7991090,,,2951179,13,0
7991090,09:41:00,09:41:00,2951180,14,1
7991090,,,2933825,15,0
7991090,,,2933826,16,0
7991090,09:43:00,09:43:00,2933827,17,1
7991090,,,2933829,18,0
7991090,,,2951181,19,0
7991090,09:46:00,09:46:00,2951182,20,1
7991090,,,2951183,21,0
7991090,,,2933835,22,0
7991090,,,2951184,23,0
7991090,,,2951185,24,0
7991090,,,2951186,25,0
7991090,,,2951187,26,0
7991090,,,2951188,27,0
7991090,10:10:00,10:10:00,2949526,28,1
7991091,09:50:00,09:50:00,2949791,0,1
7991091,09:52:00,09:52:00,2951167,1,1
7991091,,,2951168,2,0
7991091,,,2951169,3,0
7991091,,,2951170,4,0
7991091,,,2951171,5,0
7991091,09:54:00,09:54:00,2951172,6,1
7991091,,,2951173,7,0
7991091,,,2951174,8,0
7991091,09:56:00,09:56:00,2951175,9,1
7991091,,,2951176,10,0
7991091,09:58:00,09:58:00,2951177,11,1
7991091,,,2951178,12,0
7991091,,,2951179,13,0
7991091,10:01:00,10:01:00,2951180,14,1
7991091,,,2933825,15,0
7991091,,,2933826,16,0
7991091,10:03:00,10:03:00,2933827,17,1
7991091,,,2933829,18,0
7991091,,,2951181,19,0
7991091,10:06:00,10:06:00,2951182,20,1
7991091,,,2951183,21,0
7991091,,,2933835,22,0
7991091,,,2951184,23,0
7991091,,,2951185,24,0
7991091,,,2951186,25,0
7991091,,,2951187,26,0
7991091,,,2951188,27,0
7991091,10:30:00,10:30:00,2949526,28,1
7991092,10:10:00,10:10:00,2949791,0,1
7991092,10:12:00,10:12:00,2951167,1,1
7991092,,,2951168,2,0
7991092,,,2951169,3,0
7991092,,,2951170,4,0
7991092,,,2951171,5,0
7991092,10:14:00,10:14:00,2951172,6,1
7991092,,,2951173,7,0
7991092,,,2951174,8,0
7991092,10:16:00,10:16:00,2951175,9,1
7991092,,,2951176,10,0
7991092,10:18:00,10:18:00,2951177,11,1
7991092,,,2951178,12,0
7991092,,,2951179,13,0
7991092,10:21:00,10:21:00,2951180,14,1
7991092,,,2933825,15,0
7991092,,,2933826,16,0
7991092,10:23:00,10:23:00,2933827,17,1
7991092,,,2933829,18,0
7991092,,,2951181,19,0
7991092,10:26:00,10:26:00,2951182,20,1
7991092,,,2951183,21,0
7991092,,,2933835,22,0
7991092,,,2951184,23,0
7991092,,,2951185,24,0
7991092,,,2951186,25,0
7991092,,,2951187,26,0
7991092,,,2951188,27,0
7991092,10:50:00,10:50:00,2949526,28,1
7991093,10:30:00,10:30:00,2949791,0,1
7991093,10:32:00,10:32:00,2951167,1,1
7991093,,,2951168,2,0
7991093,,,2951169,3,0
7991093,,,2951170,4,0
7991093,,,2951171,5,0
7991093,10:34:00,10:34:00,2951172,6,1
7991093,,,2951173,7,0
7991093,,,2951174,8,0
7991093,10:36:00,10:36:00,2951175,9,1
7991093,,,2951176,10,0
7991093,10:38:00,10:38:00,2951177,11,1
7991093,,,2951178,12,0
7991093,,,2951179,13,0
7991093,10:41:00,10:41:00,2951180,14,1
7991093,,,2933825,15,0
7991093,,,2933826,16,0
7991093,10:43:00,10:43:00,2933827,17,1
7991093,,,2933829,18,0
7991093,,,2951181,19,0
7991093,10:46:00,10:46:00,2951182,20,1
7991093,,,2951183,21,0
7991093,,,2933835,22,0
7991093,,,2951184,23,0
7991093,,,2951185,24,0
7991093,,,2951186,25,0
7991093,,,2951187,26,0
7991093,,,2951188,27,0
7991093,11:10:00,11:10:00,2949526,28,1
7991094,10:50:00,10:50:00,2949791,0,1
7991094,10:52:00,10:52:00,2951167,1,1
7991094,,,2951168,2,0
7991094,,,2951169,3,0
7991094,,,2951170,4,0
7991094,,,2951171,5,0
7991094,10:54:00,10:54:00,2951172,6,1
7991094,,,2951173,7,0
7991094,,,2951174,8,0
7991094,10:56:00,10:56:00,2951175,9,1
7991094,,,2951176,10,0
7991094,10:58:00,10:58:00,2951177,11,1
7991094,,,2951178,12,0
7991094,,,2951179,13,0
7991094,11:01:00,11:01:00,2951180,14,1
7991094,,,2933825,15,0
7991094,,,2933826,16,0
7991094,11:03:00,11:03:00,2933827,17,1
7991094,,,2933829,18,0
7991094,,,2951181,19,0
7991094,11:06:00,11:06:00,2951182,20,1
7991094,,,2951183,21,0
7991094,,,2933835,22,0
7991094,,,2951184,23,0
7991094,,,2951185,24,0
7991094,,,2951186,25,0
7991094,,,2951187,26,0
7991094,,,2951188,27,0
7991094,11:30:00,11:30:00,2949526,28,1
7991095,11:10:00,11:10:00,2949791,0,1
7991095,11:12:00,11:12:00,2951167,1,1
7991095,,,2951168,2,0
7991095,,,2951169,3,0
7991095,,,2951170,4,0
7991095,,,2951171,5,0
7991095,11:14:00,11:14:00,2951172,6,1
7991095,,,2951173,7,0
7991095,,,2951174,8,0
7991095,11:16:00,11:16:00,2951175,9,1
7991095,,,2951176,10,0
7991095,11:18:00,11:18:00,2951177,11,1
7991095,,,2951178,12,0
7991095,,,2951179,13,0
7991095,11:21:00,11:21:00,2951180,14,1
7991095,,,2933825,15,0
7991095,,,2933826,16,0
7991095,11:23:00,11:23:00,2933827,17,1
7991095,,,2933829,18,0
7991095,,,2951181,19,0
7991095,11:26:00,11:26:00,2951182,20,1
7991095,,,2951183,21,0
7991095,,,2933835,22,0
7991095,,,2951184,23,0
7991095,,,2951185,24,0
7991095,,,2951186,25,0
7991095,,,2951187,26,0
7991095,,,2951188,27,0
7991095,11:50:00,11:50:00,2949526,28,1
7991096,11:30:00,11:30:00,2949791,0,1
7991096,11:32:00,11:32:00,2951167,1,1
7991096,,,2951168,2,0
7991096,,,2951169,3,0
7991096,,,2951170,4,0
7991096,,,2951171,5,0
7991096,11:34:00,11:34:00,2951172,6,1
7991096,,,2951173,7,0
7991096,,,2951174,8,0
7991096,11:36:00,11:36:00,2951175,9,1
7991096,,,2951176,10,0
7991096,11:38:00,11:38:00,2951177,11,1
7991096,,,2951178,12,0
7991096,,,2951179,13,0
7991096,11:41:00,11:41:00,2951180,14,1
7991096,,,2933825,15,0
7991096,,,2933826,16,0
7991096,11:43:00,11:43:00,2933827,17,1
7991096,,,2933829,18,0
7991096,,,2951181,19,0
7991096,11:46:00,11:46:00,2951182,20,1
7991096,,,2951183,21,0
7991096,,,2933835,22,0
7991096,,,2951184,23,0
7991096,,,2951185,24,0
7991096,,,2951186,25,0
7991096,,,2951187,26,0
7991096,,,2951188,27,0
7991096,12:10:00,12:10:00,2949526,28,1
7991098,11:50:00,11:50:00,2949791,0,1
7991098,11:52:00,11:52:00,2951167,1,1
7991098,,,2951168,2,0
7991098,,,2951169,3,0
7991098,,,2951170,4,0
7991098,,,2951171,5,0
7991098,11:54:00,11:54:00,2951172,6,1
7991098,,,2951173,7,0
7991098,,,2951174,8,0
7991098,11:56:00,11:56:00,2951175,9,1
7991098,,,2951176,10,0
7991098,11:58:00,11:58:00,2951177,11,1
7991098,,,2951178,12,0
7991098,,,2951179,13,0
7991098,12:01:00,12:01:00,2951180,14,1
7991098,,,2933825,15,0
7991098,,,2933826,16,0
7991098,12:03:00,12:03:00,2933827,17,1
7991098,,,2933829,18,0
7991098,,,2951181,19,0
7991098,12:06:00,12:06:00,2951182,20,1
7991098,,,2951183,21,0
7991098,,,2933835,22,0
7991098,,,2951184,23,0
7991098,,,2951185,24,0
7991098,,,2951186,25,0
7991098,,,2951187,26,0
7991098,,,2951188,27,0
7991098,12:30:00,12:30:00,2949526,28,1
7991099,12:30:00,12:30:00,2949791,0,1
7991099,12:32:00,12:32:00,2951167,1,1
7991099,,,2951168,2,0
7991099,,,2951169,3,0
7991099,,,2951170,4,0
7991099,,,2951171,5,0
7991099,12:34:00,12:34:00,2951172,6,1
7991099,,,2951173,7,0
7991099,,,2951174,8,0
7991099,12:36:00,12:36:00,2951175,9,1
7991099,,,2951176,10,0
7991099,12:38:00,12:38:00,2951177,11,1
7991099,,,2951178,12,0
7991099,,,2951179,13,0
7991099,12:41:00,12:41:00,2951180,14,1
7991099,,,2933825,15,0
7991099,,,2933826,16,0
7991099,12:43:00,12:43:00,2933827,17,1
7991099,,,2933829,18,0
7991099,,,2951181,19,0
7991099,12:46:00,12:46:00,2951182,20,1
7991099,,,2951183,21,0
7991099,,,2933835,22,0
7991099,,,2951184,23,0
7991099,,,2951185,24,0
7991099,,,2951186,25,0
7991099,,,2951187,26,0
7991099,,,2951188,27,0
7991099,13:10:00,13:10:00,2949526,28,1
7991100,13:10:00,13:10:00,2949791,0,1
7991100,13:12:00,13:12:00,2951167,1,1
7991100,,,2951168,2,0
7991100,,,2951169,3,0
7991100,,,2951170,4,0
7991100,,,2951171,5,0
7991100,13:14:00,13:14:00,2951172,6,1
7991100,,,2951173,7,0
7991100,,,2951174,8,0
7991100,13:16:00,13:16:00,2951175,9,1
7991100,,,2951176,10,0
7991100,13:18:00,13:18:00,2951177,11,1
7991100,,,2951178,12,0
7991100,,,2951179,13,0
7991100,13:21:00,13:21:00,2951180,14,1
7991100,,,2933825,15,0
7991100,,,2933826,16,0
7991100,13:23:00,13:23:00,2933827,17,1
7991100,,,2933829,18,0
7991100,,,2951181,19,0
7991100,13:26:00,13:26:00,2951182,20,1
7991100,,,2951183,21,0
7991100,,,2933835,22,0
7991100,,,2951184,23,0
7991100,,,2951185,24,0
7991100,,,2951186,25,0
7991100,,,2951187,26,0
7991100,,,2951188,27,0
7991100,13:50:00,13:50:00,2949526,28,1
7991101,13:50:00,13:50:00,2949791,0,1
7991101,13:52:00,13:52:00,2951167,1,1
7991101,,,2951168,2,0
7991101,,,2951169,3,0
7991101,,,2951170,4,0
7991101,,,2951171,5,0
7991101,13:54:00,13:54:00,2951172,6,1
7991101,,,2951173,7,0
7991101,,,2951174,8,0
7991101,13:56:00,13:56:00,2951175,9,1
7991101,,,2951176,10,0
7991101,13:58:00,13:58:00,2951177,11,1
7991101,,,2951178,12,0
7991101,,,2951179,13,0
7991101,14:01:00,14:01:00,2951180,14,1
7991101,,,2933825,15,0
7991101,,,2933826,16,0
7991101,14:03:00,14:03:00,2933827,17,1
7991101,,,2933829,18,0
7991101,,,2951181,19,0
7991101,14:06:00,14:06:00,2951182,20,1
7991101,,,2951183,21,0
7991101,,,2933835,22,0
7991101,,,2951184,23,0
7991101,,,2951185,24,0
7991101,,,2951186,25,0
7991101,,,2951187,26,0
7991101,,,2951188,27,0
7991101,14:30:00,14:30:00,2949526,28,1
7991102,14:30:00,14:30:00,2949791,0,1
7991102,14:32:00,14:32:00,2951167,1,1
7991102,,,2951168,2,0
7991102,,,2951169,3,0
7991102,,,2951170,4,0
7991102,,,2951171,5,0
7991102,14:34:00,14:34:00,2951172,6,1
7991102,,,2951173,7,0
7991102,,,2951174,8,0
7991102,14:36:00,14:36:00,2951175,9,1
7991102,,,2951176,10,0
7991102,14:38:00,14:38:00,2951177,11,1
7991102,,,2951178,12,0
7991102,,,2951179,13,0
7991102,14:41:00,14:41:00,2951180,14,1
7991102,,,2933825,15,0
7991102,,,2933826,16,0
7991102,14:43:00,14:43:00,2933827,17,1
7991102,,,2933829,18,0
7991102,,,2951181,19,0
7991102,14:46:00,14:46:00,2951182,20,1
7991102,,,2951183,21,0
7991102,,,2933835,22,0
7991102,,,2951184,23,0
7991102,,,2951185,24,0
7991102,,,2951186,25,0
7991102,,,2951187,26,0
7991102,,,2951188,27,0
7991102,15:10:00,15:10:00,2949526,28,1
7991103,15:10:00,15:10:00,2949791,0,1
7991103,15:12:00,15:12:00,2951167,1,1
7991103,,,2951168,2,0
7991103,,,2951169,3,0
7991103,,,2951170,4,0
7991103,,,2951171,5,0
7991103,15:14:00,15:14:00,2951172,6,1
7991103,,,2951173,7,0
7991103,,,2951174,8,0
7991103,15:16:00,15:16:00,2951175,9,1
7991103,,,2951176,10,0
7991103,15:18:00,15:18:00,2951177,11,1
7991103,,,2951178,12,0
7991103,,,2951179,13,0
7991103,15:21:00,15:21:00,2951180,14,1
7991103,,,2933825,15,0
7991103,,,2933826,16,0
7991103,15:23:00,15:23:00,2933827,17,1
7991103,,,2933829,18,0
7991103,,,2951181,19,0
7991103,15:26:00,15:26:00,2951182,20,1
7991103,,,2951183,21,0
7991103,,,2933835,22,0
7991103,,,2951184,23,0
7991103,,,2951185,24,0
7991103,,,2951186,25,0
7991103,,,2951187,26,0
7991103,,,2951188,27,0
7991103,15:50:00,15:50:00,2949526,28,1
7991104,15:50:00,15:50:00,2949791,0,1
7991104,15:52:00,15:52:00,2951167,1,1
7991104,,,2951168,2,0
7991104,,,2951169,3,0
7991104,,,2951170,4,0
7991104,,,2951171,5,0
7991104,15:54:00,15:54:00,2951172,6,1
7991104,,,2951173,7,0
7991104,,,2951174,8,0
7991104,15:56:00,15:56:00,2951175,9,1
7991104,,,2951176,10,0
7991104,15:58:00,15:58:00,2951177,11,1
7991104,,,2951178,12,0
7991104,,,2951179,13,0
7991104,16:01:00,16:01:00,2951180,14,1
7991104,,,2933825,15,0
7991104,,,2933826,16,0
7991104,16:03:00,16:03:00,2933827,17,1
7991104,,,2933829,18,0
7991104,,,2951181,19,0
7991104,16:06:00,16:06:00,2951182,20,1
7991104,,,2951183,21,0
7991104,,,2933835,22,0
7991104,,,2951184,23,0
7991104,,,2951185,24,0
7991104,,,2951186,25,0
7991104,,,2951187,26,0
7991104,,,2951188,27,0
7991104,16:30:00,16:30:00,2949526,28,1
7991105,16:30:00,16:30:00,2949791,0,1
7991105,16:32:00,16:32:00,2951167,1,1
7991105,,,2951168,2,0
7991105,,,2951169,3,0
7991105,,,2951170,4,0
7991105,,,2951171,5,0
7991105,16:34:00,16:34:00,2951172,6,1
7991105,,,2951173,7,0
7991105,,,2951174,8,0
7991105,16:36:00,16:36:00,2951175,9,1
7991105,,,2951176,10,0
7991105,16:38:00,16:38:00,2951177,11,1
7991105,,,2951178,12,0
7991105,,,2951179,13,0
7991105,16:41:00,16:41:00,2951180,14,1
7991105,,,2933825,15,0
7991105,,,2933826,16,0
7991105,16:43:00,16:43:00,2933827,17,1
7991105,,,2933829,18,0
7991105,,,2951181,19,0
7991105,16:46:00,16:46:00,2951182,20,1
7991105,,,2951183,21,0
7991105,,,2933835,22,0
7991105,,,2951184,23,0
7991105,,,2951185,24,0
7991105,,,2951186,25,0
7991105,,,2951187,26,0
7991105,,,2951188,27,0
7991105,17:10:00,17:10:00,2949526,28,1
7991106,17:10:00,17:10:00,2949791,0,1
7991106,17:12:00,17:12:00,2951167,1,1
7991106,,,2951168,2,0
7991106,,,2951169,3,0
7991106,,,2951170,4,0
7991106,,,2951171,5,0
7991106,17:14:00,17:14:00,2951172,6,1
7991106,,,2951173,7,0
7991106,,,2951174,8,0
7991106,17:16:00,17:16:00,2951175,9,1
7991106,,,2951176,10,0
7991106,17:18:00,17:18:00,2951177,11,1
7991106,,,2951178,12,0
7991106,,,2951179,13,0
7991106,17:21:00,17:21:00,2951180,14,1
7991106,,,2933825,15,0
7991106,,,2933826,16,0
7991106,17:23:00,17:23:00,2933827,17,1
7991106,,,2933829,18,0
7991106,,,2951181,19,0
7991106,17:26:00,17:26:00,2951182,20,1
7991106,,,2951183,21,0
7991106,,,2933835,22,0
7991106,,,2951184,23,0
7991106,,,2951185,24,0
7991106,,,2951186,25,0
7991106,,,2951187,26,0
7991106,,,2951188,27,0
7991106,17:50:00,17:50:00,2949526,28,1
7991107,17:50:00,17:50:00,2949791,0,1
7991107,17:52:00,17:52:00,2951167,1,1
7991107,,,2951168,2,0
7991107,,,2951169,3,0
7991107,,,2951170,4,0
7991107,,,2951171,5,0
7991107,17:54:00,17:54:00,2951172,6,1
7991107,,,2951173,7,0
7991107,,,2951174,8,0
7991107,17:56:00,17:56:00,2951175,9,1
7991107,,,2951176,10,0
7991107,17:58:00,17:58:00,2951177,11,1
7991107,,,2951178,12,0
7991107,,,2951179,13,0
7991107,18:01:00,18:01:00,2951180,14,1
7991107,,,2933825,15,0
7991107,,,2933826,16,0
7991107,18:03:00,18:03:00,2933827,17,1
7991107,,,2933829,18,0
7991107,,,2951181,19,0
7991107,18:06:00,18:06:00,2951182,20,1
7991107,,,2951183,21,0
7991107,,,2933835,22,0
7991107,,,2951184,23,0
7991107,,,2951185,24,0
7991107,,,2951186,25,0
7991107,,,2951187,26,0
7991107,,,2951188,27,0
7991107,18:30:00,18:30:00,2949526,28,1
7991108,18:30:00,18:30:00,2949791,0,1
7991108,18:32:00,18:32:00,2951167,1,1
7991108,,,2951168,2,0
7991108,,,2951169,3,0
7991108,,,2951170,4,0
7991108,,,2951171,5,0
7991108,18:34:00,18:34:00,2951172,6,1
7991108,,,2951173,7,0
7991108,,,2951174,8,0
7991108,18:36:00,18:36:00,2951175,9,1
7991108,,,2951176,10,0
7991108,18:38:00,18:38:00,2951177,11,1
7991108,,,2951178,12,0
7991108,,,2951179,13,0
7991108,18:41:00,18:41:00,2951180,14,1
7991108,,,2933825,15,0
7991108,,,2933826,16,0
7991108,18:43:00,18:43:00,2933827,17,1
7991108,,,2933829,18,0
7991108,,,2951181,19,0
7991108,18:46:00,18:46:00,2951182,20,1
7991108,,,2951183,21,0
7991108,,,2933835,22,0
7991108,,,2951184,23,0
7991108,,,2951185,24,0
7991108,,,2951186,25,0
7991108,,,2951187,26,0
7991108,,,2951188,27,0
7991108,19:10:00,19:10:00,2949526,28,1
7991109,19:10:00,19:10:00,2949791,0,1
7991109,19:12:00,19:12:00,2951167,1,1
7991109,,,2951168,2,0
7991109,,,2951169,3,0
7991109,,,2951170,4,0
7991109,,,2951171,5,0
7991109,19:14:00,19:14:00,2951172,6,1
7991109,,,2951173,7,0
7991109,,,2951174,8,0
7991109,19:16:00,19:16:00,2951175,9,1
7991109,,,2951176,10,0
7991109,19:18:00,19:18:00,2951177,11,1
7991109,,,2951178,12,0
7991109,,,2951179,13,0
7991109,19:21:00,19:21:00,2951180,14,1
7991109,,,2933825,15,0
7991109,,,2933826,16,0
7991109,19:23:00,19:23:00,2933827,17,1
7991109,,,2933829,18,0
7991109,,,2951181,19,0
7991109,19:26:00,19:26:00,2951182,20,1
7991109,,,2951183,21,0
7991109,,,2933835,22,0
7991109,,,2951184,23,0
7991109,,,2951185,24,0
7991109,,,2951186,25,0
7991109,,,2951187,26,0
7991109,,,2951188,27,0
7991109,19:50:00,19:50:00,2949526,28,1
7991110,19:50:00,19:50:00,2949791,0,1
7991110,19:52:00,19:52:00,2951167,1,1
7991110,,,2951168,2,0
7991110,,,2951169,3,0
7991110,,,2951170,4,0
7991110,,,2951171,5,0
7991110,19:54:00,19:54:00,2951172,6,1
7991110,,,2951173,7,0
7991110,,,2951174,8,0
7991110,19:56:00,19:56:00,2951175,9,1
7991110,,,2951176,10,0
7991110,19:58:00,19:58:00,2951177,11,1
7991110,,,2951178,12,0
7991110,,,2951179,13,0
7991110,20:01:00,20:01:00,2951180,14,1
7991110,,,2933825,15,0
7991110,,,2933826,16,0
7991110,20:03:00,20:03:00,2933827,17,1
7991110,,,2933829,18,0
7991110,,,2951181,19,0
7991110,20:06:00,20:06:00,2951182,20,1
7991110,,,2951183,21,0
7991110,,,2933835,22,0
7991110,,,2951184,23,0
7991110,,,2951185,24,0
7991110,,,2951186,25,0
7991110,,,2951187,26,0
7991110,,,2951188,27,0
7991110,20:30:00,20:30:00,2949526,28,1
7991111,20:30:00,20:30:00,2949791,0,1
7991111,20:32:00,20:32:00,2951167,1,1
7991111,,,2951168,2,0
7991111,,,2951169,3,0
7991111,,,2951170,4,0
7991111,,,2951171,5,0
7991111,20:34:00,20:34:00,2951172,6,1
7991111,,,2951173,7,0
7991111,,,2951174,8,0
7991111,20:36:00,20:36:00,2951175,9,1
7991111,,,2951176,10,0
7991111,20:38:00,20:38:00,2951177,11,1
7991111,,,2951178,12,0
7991111,,,2951179,13,0
7991111,20:41:00,20:41:00,2951180,14,1
7991111,,,2933825,15,0
7991111,,,2933826,16,0
7991111,20:43:00,20:43:00,2933827,17,1
7991111,,,2933829,18,0
7991111,,,2951181,19,0
7991111,20:46:00,20:46:00,2951182,20,1
7991111,,,2951183,21,0
7991111,,,2933835,22,0
7991111,,,2951184,23,0
7991111,,,2951185,24,0
7991111,,,2951186,25,0
7991111,,,2951187,26,0
7991111,,,2951188,27,0
7991111,21:10:00,21:10:00,2949526,28,1
7991112,21:10:00,21:10:00,2949791,0,1
7991112,21:12:00,21:12:00,2951167,1,1
7991112,,,2951168,2,0
7991112,,,2951169,3,0
7991112,,,2951170,4,0
7991112,,,2951171,5,0
7991112,21:14:00,21:14:00,2951172,6,1
7991112,,,2951173,7,0
7991112,,,2951174,8,0
7991112,21:16:00,21:16:00,2951175,9,1
7991112,,,2951176,10,0
7991112,21:18:00,21:18:00,2951177,11,1
7991112,,,2951178,12,0
7991112,,,2951179,13,0
7991112,21:21:00,21:21:00,2951180,14,1
7991112,,,2933825,15,0
7991112,,,2933826,16,0
7991112,21:23:00,21:23:00,2933827,17,1
7991112,,,2933829,18,0
7991112,,,2951181,19,0
7991112,21:26:00,21:26:00,2951182,20,1
7991112,,,2951183,21,0
7991112,,,2933835,22,0
7991112,,,2951184,23,0
7991112,,,2951185,24,0
7991112,,,2951186,25,0
7991112,,,2951187,26,0
7991112,,,2951188,27,0
7991112,21:50:00,21:50:00,2949526,28,1
7991113,21:50:00,21:50:00,2949791,0,1
7991113,21:52:00,21:52:00,2951167,1,1
7991113,,,2951168,2,0
7991113,,,2951169,3,0
7991113,,,2951170,4,0
7991113,,,2951171,5,0
7991113,21:54:00,21:54:00,2951172,6,1
7991113,,,2951173,7,0
7991113,,,2951174,8,0
7991113,21:56:00,21:56:00,2951175,9,1
7991113,,,2951176,10,0
7991113,21:58:00,21:58:00,2951177,11,1
7991113,,,2951178,12,0
7991113,,,2951179,13,0
7991113,22:01:00,22:01:00,2951180,14,1
7991113,,,2933825,15,0
7991113,,,2933826,16,0
7991113,22:03:00,22:03:00,2933827,17,1
7991113,,,2933829,18,0
7991113,,,2951181,19,0
7991113,22:06:00,22:06:00,2951182,20,1
7991113,,,2951183,21,0
7991113,,,2933835,22,0
7991113,,,2951184,23,0
7991113,,,2951185,24,0
7991113,,,2951186,25,0
7991113,,,2951187,26,0
7991113,,,2951188,27,0
7991113,22:30:00,22:30:00,2949526,28,1
7991114,22:30:00,22:30:00,2949791,0,1
7991114,22:32:00,22:32:00,2951167,1,1
7991114,,,2951168,2,0
7991114,,,2951169,3,0
7991114,,,2951170,4,0
7991114,,,2951171,5,0
7991114,22:34:00,22:34:00,2951172,6,1
7991114,,,2951173,7,0
7991114,,,2951174,8,0
7991114,22:36:00,22:36:00,2951175,9,1
7991114,,,2951176,10,0
7991114,22:38:00,22:38:00,2951177,11,1
7991114,,,2951178,12,0
7991114,,,2951179,13,0
7991114,22:41:00,22:41:00,2951180,14,1
7991114,,,2933825,15,0
7991114,,,2933826,16,0
7991114,22:43:00,22:43:00,2933827,17,1
7991114,,,2933829,18,0
7991114,,,2951181,19,0
7991114,22:46:00,22:46:00,2951182,20,1
7991114,,,2951183,21,0
7991114,,,2933835,22,0
7991114,,,2951184,23,0
7991114,,,2951185,24,0
7991114,,,2951186,25,0
7991114,,,2951187,26,0
7991114,,,2951188,27,0
7991114,23:10:00,23:10:00,2949526,28,1
7998202,07:30:00,07:30:00,2949791,0,1
7998202,07:32:00,07:32:00,2951167,1,1
7998202,,,2951168,2,0
7998202,,,2951169,3,0
7998202,,,2951170,4,0
7998202,,,2951171,5,0
7998202,07:34:00,07:34:00,2951172,6,1
7998202,,,2951173,7,0
7998202,,,2951174,8,0
7998202,07:36:00,07:36:00,2951175,9,1
7998202,,,2951176,10,0
7998202,07:38:00,07:38:00,2951177,11,1
7998202,,,2951178,12,0
7998202,,,2951179,13,0
7998202,07:40:00,07:40:00,2951180,14,1
7998202,,,2933825,15,0
7998202,,,2933826,16,0
7998202,07:42:00,07:42:00,2933827,17,1
7998202,,,2933829,18,0
7998202,,,2951181,19,0
7998202,07:45:00,07:45:00,2951182,20,1
7998202,,,2951183,21,0
7998202,,,2933835,22,0
7998202,,,2951184,23,0
7998202,,,2951185,24,0
7998202,,,2951186,25,0
7998202,,,2951187,26,0
7998202,,,2951188,27,0
7998202,08:00:00,08:00:00,2949526,28,1
7998203,08:50:00,08:50:00,2949791,0,1
7998203,08:52:00,08:52:00,2951167,1,1
7998203,,,2951168,2,0
7998203,,,2951169,3,0
7998203,,,2951170,4,0
7998203,,,2951171,5,0
7998203,08:54:00,08:54:00,2951172,6,1
7998203,,,2951173,7,0
7998203,,,2951174,8,0
7998203,08:56:00,08:56:00,2951175,9,1
7998203,,,2951176,10,0
7998203,08:58:00,08:58:00,2951177,11,1
7998203,,,2951178,12,0
7998203,,,2951179,13,0
7998203,09:00:00,09:00:00,2951180,14,1
7998203,,,2933825,15,0
7998203,,,2933826,16,0
7998203,09:02:00,09:02:00,2933827,17,1
7998203,,,2933829,18,0
7998203,,,2951181,19,0
7998203,09:05:00,09:05:00,2951182,20,1
7998203,,,2951183,21,0
7998203,,,2933835,22,0
7998203,,,2951184,23,0
7998203,,,2951185,24,0
7998203,,,2951186,25,0
7998203,,,2951187,26,0
7998203,,,2951188,27,0
7998203,09:20:00,09:20:00,2949526,28,1
7998204,10:10:00,10:10:00,2949791,0,1
7998204,10:12:00,10:12:00,2951167,1,1
7998204,,,2951168,2,0
7998204,,,2951169,3,0
7998204,,,2951170,4,0
7998204,,,2951171,5,0
7998204,10:14:00,10:14:00,2951172,6,1
7998204,,,2951173,7,0
7998204,,,2951174,8,0
7998204,10:16:00,10:16:00,2951175,9,1
7998204,,,2951176,10,0
7998204,10:18:00,10:18:00,2951177,11,1
7998204,,,2951178,12,0
7998204,,,2951179,13,0
7998204,10:20:00,10:20:00,2951180,14,1
7998204,,,2933825,15,0
7998204,,,2933826,16,0
7998204,10:22:00,10:22:00,2933827,17,1
7998204,,,2933829,18,0
7998204,,,2951181,19,0
7998204,10:25:00,10:25:00,2951182,20,1
7998204,,,2951183,21,0
7998204,,,2933835,22,0
7998204,,,2951184,23,0
7998204,,,2951185,24,0
7998204,,,2951186,25,0
7998204,,,2951187,26,0
7998204,,,2951188,27,0
7998204,10:40:00,10:40:00,2949526,28,1
7998205,11:30:00,11:30:00,2949791,0,1
7998205,11:32:00,11:32:00,2951167,1,1
7998205,,,2951168,2,0
7998205,,,2951169,3,0
7998205,,,2951170,4,0
7998205,,,2951171,5,0
7998205,11:34:00,11:34:00,2951172,6,1
7998205,,,2951173,7,0
7998205,,,2951174,8,0
7998205,11:36:00,11:36:00,2951175,9,1
7998205,,,2951176,10,0
7998205,11:38:00,11:38:00,2951177,11,1
7998205,,,2951178,12,0
7998205,,,2951179,13,0
7998205,11:40:00,11:40:00,2951180,14,1
7998205,,,2933825,15,0
7998205,,,2933826,16,0
7998205,11:42:00,11:42:00,2933827,17,1
7998205,,,2933829,18,0
7998205,,,2951181,19,0
7998205,11:45:00,11:45:00,2951182,20,1
7998205,,,2951183,21,0
7998205,,,2933835,22,0
7998205,,,2951184,23,0
7998205,,,2951185,24,0
7998205,,,2951186,25,0
7998205,,,2951187,26,0
7998205,,,2951188,27,0
7998205,12:00:00,12:00:00,2949526,28,1
7998206,12:50:00,12:50:00,2949791,0,1
7998206,12:52:00,12:52:00,2951167,1,1
7998206,,,2951168,2,0
7998206,,,2951169,3,0
7998206,,,2951170,4,0
7998206,,,2951171,5,0
7998206,12:54:00,12:54:00,2951172,6,1
7998206,,,2951173,7,0
7998206,,,2951174,8,0
7998206,12:56:00,12:56:00,2951175,9,1
7998206,,,2951176,10,0
7998206,12:58:00,12:58:00,2951177,11,1
7998206,,,2951178,12,0
7998206,,,2951179,13,0
7998206,13:00:00,13:00:00,2951180,14,1
7998206,,,2933825,15,0
7998206,,,2933826,16,0
7998206,13:02:00,13:02:00,2933827,17,1
7998206,,,2933829,18,0
7998206,,,2951181,19,0
7998206,13:05:00,13:05:00,2951182,20,1
7998206,,,2951183,21,0
7998206,,,2933835,22,0
7998206,,,2951184,23,0
7998206,,,2951185,24,0
7998206,,,2951186,25,0
7998206,,,2951187,26,0
7998206,,,2951188,27,0
7998206,13:20:00,13:20:00,2949526,28,1
7998207,14:10:00,14:10:00,2949791,0,1
7998207,14:12:00,14:12:00,2951167,1,1
7998207,,,2951168,2,0
7998207,,,2951169,3,0
7998207,,,2951170,4,0
7998207,,,2951171,5,0
7998207,14:14:00,14:14:00,2951172,6,1
7998207,,,2951173,7,0
7998207,,,2951174,8,0
7998207,14:16:00,14:16:00,2951175,9,1
7998207,,,2951176,10,0
7998207,14:18:00,14:18:00,2951177,11,1
7998207,,,2951178,12,0
7998207,,,2951179,13,0
7998207,14:20:00,14:20:00,2951180,14,1
7998207,,,2933825,15,0
7998207,,,2933826,16,0
7998207,14:22:00,14:22:00,2933827,17,1
7998207,,,2933829,18,0
7998207,,,2951181,19,0
7998207,14:25:00,14:25:00,2951182,20,1
7998207,,,2951183,21,0
7998207,,,2933835,22,0
7998207,,,2951184,23,0
7998207,,,2951185,24,0
7998207,,,2951186,25,0
7998207,,,2951187,26,0
7998207,,,2951188,27,0
7998207,14:40:00,14:40:00,2949526,28,1
7998208,15:30:00,15:30:00,2949791,0,1
7998208,15:32:00,15:32:00,2951167,1,1
7998208,,,2951168,2,0
7998208,,,2951169,3,0
7998208,,,2951170,4,0
7998208,,,2951171,5,0
7998208,15:34:00,15:34:00,2951172,6,1
7998208,,,2951173,7,0
7998208,,,2951174,8,0
7998208,15:36:00,15:36:00,2951175,9,1
7998208,,,2951176,10,0
7998208,15:38:00,15:38:00,2951177,11,1
7998208,,,2951178,12,0
7998208,,,2951179,13,0
7998208,15:40:00,15:40:00,2951180,14,1
7998208,,,2933825,15,0
7998208,,,2933826,16,0
7998208,15:42:00,15:42:00,2933827,17,1
7998208,,,2933829,18,0
7998208,,,2951181,19,0
7998208,15:45:00,15:45:00,2951182,20,1
7998208,,,2951183,21,0
7998208,,,2933835,22,0
7998208,,,2951184,23,0
7998208,,,2951185,24,0
7998208,,,2951186,25,0
7998208,,,2951187,26,0
7998208,,,2951188,27,0
7998208,16:00:00,16:00:00,2949526,28,1
7998209,16:50:00,16:50:00,2949791,0,1
7998209,16:52:00,16:52:00,2951167,1,1
7998209,,,2951168,2,0
7998209,,,2951169,3,0
7998209,,,2951170,4,0
7998209,,,2951171,5,0
7998209,16:54:00,16:54:00,2951172,6,1
7998209,,,2951173,7,0
7998209,,,2951174,8,0
7998209,16:56:00,16:56:00,2951175,9,1
7998209,,,2951176,10,0
7998209,16:58:00,16:58:00,2951177,11,1
7998209,,,2951178,12,0
7998209,,,2951179,13,0
7998209,17:00:00,17:00:00,2951180,14,1
7998209,,,2933825,15,0
7998209,,,2933826,16,0
7998209,17:02:00,17:02:00,2933827,17,1
7998209,,,2933829,18,0
7998209,,,2951181,19,0
7998209,17:05:00,17:05:00,2951182,20,1
7998209,,,2951183,21,0
7998209,,,2933835,22,0
7998209,,,2951184,23,0
7998209,,,2951185,24,0
7998209,,,2951186,25,0
7998209,,,2951187,26,0
7998209,,,2951188,27,0
7998209,17:20:00,17:20:00,2949526,28,1
7998210,18:10:00,18:10:00,2949791,0,1
7998210,18:12:00,18:12:00,2951167,1,1
7998210,,,2951168,2,0
7998210,,,2951169,3,0
7998210,,,2951170,4,0
7998210,,,2951171,5,0
7998210,18:14:00,18:14:00,2951172,6,1
7998210,,,2951173,7,0
7998210,,,2951174,8,0
7998210,18:16:00,18:16:00,2951175,9,1
7998210,,,2951176,10,0
7998210,18:18:00,18:18:00,2951177,11,1
7998210,,,2951178,12,0
7998210,,,2951179,13,0
7998210,18:20:00,18:20:00,2951180,14,1
7998210,,,2933825,15,0
7998210,,,2933826,16,0
7998210,18:22:00,18:22:00,2933827,17,1
7998210,,,2933829,18,0
7998210,,,2951181,19,0
7998210,18:25:00,18:25:00,2951182,20,1
7998210,,,2951183,21,0
7998210,,,2933835,22,0
7998210,,,2951184,23,0
7998210,,,2951185,24,0
7998210,,,2951186,25,0
7998210,,,2951187,26,0
7998210,,,2951188,27,0
7998210,18:40:00,18:40:00,2949526,28,1
7998211,10:10:00,10:10:00,2949791,0,1
7998211,10:12:00,10:12:00,2951167,1,1
7998211,,,2951168,2,0
7998211,,,2951169,3,0
7998211,,,2951170,4,0
7998211,,,2951171,5,0
7998211,10:14:00,10:14:00,2951172,6,1
7998211,,,2951173,7,0
7998211,,,2951174,8,0
7998211,10:16:00,10:16:00,2951175,9,1
7998211,,,2951176,10,0
7998211,10:18:00,10:18:00,2951177,11,1
7998211,,,2951178,12,0
7998211,,,2951179,13,0
7998211,10:20:00,10:20:00,2951180,14,1
7998211,,,2933825,15,0
7998211,,,2933826,16,0
7998211,10:22:00,10:22:00,2933827,17,1
7998211,,,2933829,18,0
7998211,,,2951181,19,0
7998211,10:25:00,10:25:00,2951182,20,1
7998211,,,2951183,21,0
7998211,,,2933835,22,0
7998211,,,2951184,23,0
7998211,,,2951185,24,0
7998211,,,2951186,25,0
7998211,,,2951187,26,0
7998211,,,2951188,27,0
7998211,10:40:00,10:40:00,2949526,28,1
7998212,11:30:00,11:30:00,2949791,0,1
7998212,11:32:00,11:32:00,2951167,1,1
7998212,,,2951168,2,0
7998212,,,2951169,3,0
7998212,,,2951170,4,0
7998212,,,2951171,5,0
7998212,11:34:00,11:34:00,2951172,6,1
7998212,,,2951173,7,0
7998212,,,2951174,8,0
7998212,11:36:00,11:36:00,2951175,9,1
7998212,,,2951176,10,0
7998212,11:38:00,11:38:00,2951177,11,1
7998212,,,2951178,12,0
7998212,,,2951179,13,0
7998212,11:40:00,11:40:00,2951180,14,1
7998212,,,2933825,15,0
7998212,,,2933826,16,0
7998212,11:42:00,11:42:00,2933827,17,1
7998212,,,2933829,18,0
7998212,,,2951181,19,0
7998212,11:45:00,11:45:00,2951182,20,1
7998212,,,2951183,21,0
7998212,,,2933835,22,0
7998212,,,2951184,23,0
7998212,,,2951185,24,0
7998212,,,2951186,25,0
7998212,,,2951187,26,0
7998212,,,2951188,27,0
7998212,12:00:00,12:00:00,2949526,28,1
7998213,12:50:00,12:50:00,2949791,0,1
7998213,12:52:00,12:52:00,2951167,1,1
7998213,,,2951168,2,0
7998213,,,2951169,3,0
7998213,,,2951170,4,0
7998213,,,2951171,5,0
7998213,12:54:00,12:54:00,2951172,6,1
7998213,,,2951173,7,0
7998213,,,2951174,8,0
7998213,12:56:00,12:56:00,2951175,9,1
7998213,,,2951176,10,0
7998213,12:58:00,12:58:00,2951177,11,1
7998213,,,2951178,12,0
7998213,,,2951179,13,0
7998213,13:00:00,13:00:00,2951180,14,1
7998213,,,2933825,15,0
7998213,,,2933826,16,0
7998213,13:02:00,13:02:00,2933827,17,1
7998213,,,2933829,18,0
7998213,,,2951181,19,0
7998213,13:05:00,13:05:00,2951182,20,1
7998213,,,2951183,21,0
7998213,,,2933835,22,0
7998213,,,2951184,23,0
7998213,,,2951185,24,0
7998213,,,2951186,25,0
7998213,,,2951187,26,0
7998213,,,2951188,27,0
7998213,13:20:00,13:20:00,2949526,28,1
7998214,14:10:00,14:10:00,2949791,0,1
7998214,14:12:00,14:12:00,2951167,1,1
7998214,,,2951168,2,0
7998214,,,2951169,3,0
7998214,,,2951170,4,0
7998214,,,2951171,5,0
7998214,14:14:00,14:14:00,2951172,6,1
7998214,,,2951173,7,0
7998214,,,2951174,8,0
7998214,14:16:00,14:16:00,2951175,9,1
7998214,,,2951176,10,0
7998214,14:18:00,14:18:00,2951177,11,1
7998214,,,2951178,12,0
7998214,,,2951179,13,0
7998214,14:20:00,14:20:00,2951180,14,1
7998214,,,2933825,15,0
7998214,,,2933826,16,0
7998214,14:22:00,14:22:00,2933827,17,1
7998214,,,2933829,18,0
7998214,,,2951181,19,0
7998214,14:25:00,14:25:00,2951182,20,1
7998214,,,2951183,21,0
7998214,,,2933835,22,0
7998214,,,2951184,23,0
7998214,,,2951185,24,0
7998214,,,2951186,25,0
7998214,,,2951187,26,0
7998214,,,2951188,27,0
7998214,14:40:00,14:40:00,2949526,28,1
7998215,15:30:00,15:30:00,2949791,0,1
7998215,15:32:00,15:32:00,2951167,1,1
7998215,,,2951168,2,0
7998215,,,2951169,3,0
7998215,,,2951170,4,0
7998215,,,2951171,5,0
7998215,15:34:00,15:34:00,2951172,6,1
7998215,,,2951173,7,0
7998215,,,2951174,8,0
7998215,15:36:00,15:36:00,2951175,9,1
7998215,,,2951176,10,0
7998215,15:38:00,15:38:00,2951177,11,1
7998215,,,2951178,12,0
7998215,,,2951179,13,0
7998215,15:40:00,15:40:00,2951180,14,1
7998215,,,2933825,15,0
7998215,,,2933826,16,0
7998215,15:42:00,15:42:00,2933827,17,1
7998215,,,2933829,18,0
7998215,,,2951181,19,0
7998215,15:45:00,15:45:00,2951182,20,1
7998215,,,2951183,21,0
7998215,,,2933835,22,0
7998215,,,2951184,23,0
7998215,,,2951185,24,0
7998215,,,2951186,25,0
7998215,,,2951187,26,0
7998215,,,2951188,27,0
7998215,16:00:00,16:00:00,2949526,28,1
7998216,16:50:00,16:50:00,2949791,0,1
7998216,16:52:00,16:52:00,2951167,1,1
7998216,,,2951168,2,0
7998216,,,2951169,3,0
7998216,,,2951170,4,0
7998216,,,2951171,5,0
7998216,16:54:00,16:54:00,2951172,6,1
7998216,,,2951173,7,0
7998216,,,2951174,8,0
7998216,16:56:00,16:56:00,2951175,9,1
7998216,,,2951176,10,0
7998216,16:58:00,16:58:00,2951177,11,1
7998216,,,2951178,12,0
7998216,,,2951179,13,0
7998216,17:00:00,17:00:00,2951180,14,1
7998216,,,2933825,15,0
7998216,,,2933826,16,0
7998216,17:02:00,17:02:00,2933827,17,1
7998216,,,2933829,18,0
7998216,,,2951181,19,0
7998216,17:05:00,17:05:00,2951182,20,1
7998216,,,2951183,21,0
7998216,,,2933835,22,0
7998216,,,2951184,23,0
7998216,,,2951185,24,0
7998216,,,2951186,25,0
7998216,,,2951187,26,0
7998216,,,2951188,27,0
7998216,17:20:00,17:20:00,2949526,28,1
7998217,18:10:00,18:10:00,2949791,0,1
7998217,18:12:00,18:12:00,2951167,1,1
7998217,,,2951168,2,0
7998217,,,2951169,3,0
7998217,,,2951170,4,0
7998217,,,2951171,5,0
7998217,18:14:00,18:14:00,2951172,6,1
7998217,,,2951173,7,0
7998217,,,2951174,8,0
7998217,18:16:00,18:16:00,2951175,9,1
7998217,,,2951176,10,0
7998217,18:18:00,18:18:00,2951177,11,1
7998217,,,2951178,12,0
7998217,,,2951179,13,0
7998217,18:20:00,18:20:00,2951180,14,1
7998217,,,2933825,15,0
7998217,,,2933826,16,0
7998217,18:22:00,18:22:00,2933827,17,1
7998217,,,2933829,18,0
7998217,,,2951181,19,0
7998217,18:25:00,18:25:00,2951182,20,1
7998217,,,2951183,21,0
7998217,,,2933835,22,0
7998217,,,2951184,23,0
7998217,,,2951185,24,0
7998217,,,2951186,25,0
7998217,,,2951187,26,0
7998217,,,2951188,27,0
7998217,18:40:00,18:40:00,2949526,28,1
7991156,07:10:00,07:10:00,2951167,0,1
7991156,,,2951168,1,0
7991156,,,2951169,2,0
7991156,,,2951170,3,0
7991156,,,2951171,4,0
7991156,07:12:00,07:12:00,2951172,5,1
7991156,,,2951173,6,0
7991156,,,2951174,7,0
7991156,07:14:00,07:14:00,2951175,8,1
7991156,,,2951176,9,0
7991156,07:17:00,07:17:00,2951177,10,1
7991156,,,2951178,11,0
7991156,,,2951179,12,0
7991156,07:19:00,07:19:00,2951180,13,1
7991156,,,2933825,14,0
7991156,,,2933826,15,0
7991156,07:22:00,07:22:00,2933827,16,1
7991156,,,2933829,17,0
7991156,,,2951181,18,0
7991156,07:24:00,07:24:00,2951182,19,1
7991156,,,2937783,20,0
7991156,,,2940542,21,0
7991156,,,2940543,22,0
7991156,,,2949773,23,0
7991156,,,2940565,24,0
7991156,07:40:00,07:40:00,2940566,25,1
7991157,07:40:00,07:40:00,2951167,0,1
7991157,,,2951168,1,0
7991157,,,2951169,2,0
7991157,,,2951170,3,0
7991157,,,2951171,4,0
7991157,07:42:00,07:42:00,2951172,5,1
7991157,,,2951173,6,0
7991157,,,2951174,7,0
7991157,07:44:00,07:44:00,2951175,8,1
7991157,,,2951176,9,0
7991157,07:47:00,07:47:00,2951177,10,1
7991157,,,2951178,11,0
7991157,,,2951179,12,0
7991157,07:49:00,07:49:00,2951180,13,1
7991157,,,2933825,14,0
7991157,,,2933826,15,0
7991157,07:52:00,07:52:00,2933827,16,1
7991157,,,2933829,17,0
7991157,,,2951181,18,0
7991157,07:54:00,07:54:00,2951182,19,1
7991157,,,2937783,20,0
7991157,,,2940542,21,0
7991157,,,2940543,22,0
7991157,,,2949773,23,0
7991157,,,2940565,24,0
7991157,08:10:00,08:10:00,2940566,25,1
7991158,08:10:00,08:10:00,2951167,0,1
7991158,,,2951168,1,0
7991158,,,2951169,2,0
7991158,,,2951170,3,0
7991158,,,2951171,4,0
7991158,08:12:00,08:12:00,2951172,5,1
7991158,,,2951173,6,0
7991158,,,2951174,7,0
7991158,08:14:00,08:14:00,2951175,8,1
7991158,,,2951176,9,0
7991158,08:17:00,08:17:00,2951177,10,1
7991158,,,2951178,11,0
7991158,,,2951179,12,0
7991158,08:19:00,08:19:00,2951180,13,1
7991158,,,2933825,14,0
7991158,,,2933826,15,0
7991158,08:22:00,08:22:00,2933827,16,1
7991158,,,2933829,17,0
7991158,,,2951181,18,0
7991158,08:24:00,08:24:00,2951182,19,1
7991158,,,2937783,20,0
7991158,,,2940542,21,0
7991158,,,2940543,22,0
7991158,,,2949773,23,0
7991158,,,2940565,24,0
7991158,08:40:00,08:40:00,2940566,25,1
7991159,08:40:00,08:40:00,2951167,0,1
7991159,,,2951168,1,0
7991159,,,2951169,2,0
7991159,,,2951170,3,0
7991159,,,2951171,4,0
7991159,08:42:00,08:42:00,2951172,5,1
7991159,,,2951173,6,0
7991159,,,2951174,7,0
7991159,08:44:00,08:44:00,2951175,8,1
7991159,,,2951176,9,0
7991159,08:47:00,08:47:00,2951177,10,1
7991159,,,2951178,11,0
7991159,,,2951179,12,0
7991159,08:49:00,08:49:00,2951180,13,1
7991159,,,2933825,14,0
7991159,,,2933826,15,0
7991159,08:52:00,08:52:00,2933827,16,1
7991159,,,2933829,17,0
7991159,,,2951181,18,0
7991159,08:54:00,08:54:00,2951182,19,1
7991159,,,2937783,20,0
7991159,,,2940542,21,0
7991159,,,2940543,22,0
7991159,,,2949773,23,0
7991159,,,2940565,24,0
7991159,09:10:00,09:10:00,2940566,25,1
7991160,09:10:00,09:10:00,2951167,0,1
7991160,,,2951168,1,0
7991160,,,2951169,2,0
7991160,,,2951170,3,0
7991160,,,2951171,4,0
7991160,09:12:00,09:12:00,2951172,5,1
7991160,,,2951173,6,0
7991160,,,2951174,7,0
7991160,09:14:00,09:14:00,2951175,8,1
7991160,,,2951176,9,0
7991160,09:17:00,09:17:00,2951177,10,1
7991160,,,2951178,11,0
7991160,,,2951179,12,0
7991160,09:19:00,09:19:00,2951180,13,1
7991160,,,2933825,14,0
7991160,,,2933826,15,0
7991160,09:22:00,09:22:00,2933827,16,1
7991160,,,2933829,17,0
7991160,,,2951181,18,0
7991160,09:24:00,09:24:00,2951182,19,1
7991160,,,2937783,20,0
7991160,,,2940542,21,0
7991160,,,2940543,22,0
7991160,,,2949773,23,0
7991160,,,2940565,24,0
7991160,09:40:00,09:40:00,2940566,25,1
7991161,09:40:00,09:40:00,2951167,0,1
7991161,,,2951168,1,0
7991161,,,2951169,2,0
7991161,,,2951170,3,0
7991161,,,2951171,4,0
7991161,09:42:00,09:42:00,2951172,5,1
7991161,,,2951173,6,0
7991161,,,2951174,7,0
7991161,09:44:00,09:44:00,2951175,8,1
7991161,,,2951176,9,0
7991161,09:47:00,09:47:00,2951177,10,1
7991161,,,2951178,11,0
7991161,,,2951179,12,0
7991161,09:49:00,09:49:00,2951180,13,1
7991161,,,2933825,14,0
7991161,,,2933826,15,0
7991161,09:52:00,09:52:00,2933827,16,1
7991161,,,2933829,17,0
7991161,,,2951181,18,0
7991161,09:54:00,09:54:00,2951182,19,1
7991161,,,2937783,20,0
7991161,,,2940542,21,0
7991161,,,2940543,22,0
7991161,,,2949773,23,0
7991161,,,2940565,24,0
7991161,10:10:00,10:10:00,2940566,25,1
7991162,10:10:00,10:10:00,2951167,0,1
7991162,,,2951168,1,0
7991162,,,2951169,2,0
7991162,,,2951170,3,0
7991162,,,2951171,4,0
7991162,10:12:00,10:12:00,2951172,5,1
7991162,,,2951173,6,0
7991162,,,2951174,7,0
7991162,10:14:00,10:14:00,2951175,8,1
7991162,,,2951176,9,0
7991162,10:17:00,10:17:00,2951177,10,1
7991162,,,2951178,11,0
7991162,,,2951179,12,0
7991162,10:19:00,10:19:00,2951180,13,1
7991162,,,2933825,14,0
7991162,,,2933826,15,0
7991162,10:22:00,10:22:00,2933827,16,1
7991162,,,2933829,17,0
7991162,,,2951181,18,0
7991162,10:24:00,10:24:00,2951182,19,1
7991162,,,2937783,20,0
7991162,,,2940542,21,0
7991162,,,2940543,22,0
7991162,,,2949773,23,0
7991162,,,2940565,24,0
7991162,10:40:00,10:40:00,2940566,25,1
7991163,10:40:00,10:40:00,2951167,0,1
7991163,,,2951168,1,0
7991163,,,2951169,2,0
7991163,,,2951170,3,0
7991163,,,2951171,4,0
7991163,10:42:00,10:42:00,2951172,5,1
7991163,,,2951173,6,0
7991163,,,2951174,7,0
7991163,10:44:00,10:44:00,2951175,8,1
7991163,,,2951176,9,0
7991163,10:47:00,10:47:00,2951177,10,1
7991163,,,2951178,11,0
7991163,,,2951179,12,0
7991163,10:49:00,10:49:00,2951180,13,1
7991163,,,2933825,14,0
7991163,,,2933826,15,0
7991163,10:52:00,10:52:00,2933827,16,1
7991163,,,2933829,17,0
7991163,,,2951181,18,0
7991163,10:54:00,10:54:00,2951182,19,1
7991163,,,2937783,20,0
7991163,,,2940542,21,0
7991163,,,2940543,22,0
7991163,,,2949773,23,0
7991163,,,2940565,24,0
7991163,11:10:00,11:10:00,2940566,25,1
7991164,11:10:00,11:10:00,2951167,0,1
7991164,,,2951168,1,0
7991164,,,2951169,2,0
7991164,,,2951170,3,0
7991164,,,2951171,4,0
7991164,11:12:00,11:12:00,2951172,5,1
7991164,,,2951173,6,0
7991164,,,2951174,7,0
7991164,11:14:00,11:14:00,2951175,8,1
7991164,,,2951176,9,0
7991164,11:17:00,11:17:00,2951177,10,1
7991164,,,2951178,11,0
7991164,,,2951179,12,0
7991164,11:19:00,11:19:00,2951180,13,1
7991164,,,2933825,14,0
7991164,,,2933826,15,0
7991164,11:22:00,11:22:00,2933827,16,1
7991164,,,2933829,17,0
7991164,,,2951181,18,0
7991164,11:24:00,11:24:00,2951182,19,1
7991164,,,2937783,20,0
7991164,,,2940542,21,0
7991164,,,2940543,22,0
7991164,,,2949773,23,0
7991164,,,2940565,24,0
7991164,11:40:00,11:40:00,2940566,25,1
7991165,11:40:00,11:40:00,2951167,0,1
7991165,,,2951168,1,0
7991165,,,2951169,2,0
7991165,,,2951170,3,0
7991165,,,2951171,4,0
7991165,11:42:00,11:42:00,2951172,5,1
7991165,,,2951173,6,0
7991165,,,2951174,7,0
7991165,11:44:00,11:44:00,2951175,8,1
7991165,,,2951176,9,0
7991165,11:47:00,11:47:00,2951177,10,1
7991165,,,2951178,11,0
7991165,,,2951179,12,0
7991165,11:49:00,11:49:00,2951180,13,1
7991165,,,2933825,14,0
7991165,,,2933826,15,0
7991165,11:52:00,11:52:00,2933827,16,1
7991165,,,2933829,17,0
7991165,,,2951181,18,0
7991165,11:54:00,11:54:00,2951182,19,1
7991165,,,2937783,20,0
7991165,,,2940542,21,0
7991165,,,2940543,22,0
7991165,,,2949773,23,0
7991165,,,2940565,24,0
7991165,12:10:00,12:10:00,2940566,25,1
7991166,12:10:00,12:10:00,2951167,0,1
7991166,,,2951168,1,0
7991166,,,2951169,2,0
7991166,,,2951170,3,0
7991166,,,2951171,4,0
7991166,12:12:00,12:12:00,2951172,5,1
7991166,,,2951173,6,0
7991166,,,2951174,7,0
7991166,12:14:00,12:14:00,2951175,8,1
7991166,,,2951176,9,0
7991166,12:17:00,12:17:00,2951177,10,1
7991166,,,2951178,11,0
7991166,,,2951179,12,0
7991166,12:19:00,12:19:00,2951180,13,1
7991166,,,2933825,14,0
7991166,,,2933826,15,0
7991166,12:22:00,12:22:00,2933827,16,1
7991166,,,2933829,17,0
7991166,,,2951181,18,0
7991166,12:24:00,12:24:00,2951182,19,1
7991166,,,2937783,20,0
7991166,,,2940542,21,0
7991166,,,2940543,22,0
7991166,,,2949773,23,0
7991166,,,2940565,24,0
7991166,12:40:00,12:40:00,2940566,25,1
7991167,12:40:00,12:40:00,2951167,0,1
7991167,,,2951168,1,0
7991167,,,2951169,2,0
7991167,,,2951170,3,0
7991167,,,2951171,4,0
7991167,12:42:00,12:42:00,2951172,5,1
7991167,,,2951173,6,0
7991167,,,2951174,7,0
7991167,12:44:00,12:44:00,2951175,8,1
7991167,,,2951176,9,0
7991167,12:47:00,12:47:00,2951177,10,1
7991167,,,2951178,11,0
7991167,,,2951179,12,0
7991167,12:49:00,12:49:00,2951180,13,1
7991167,,,2933825,14,0
7991167,,,2933826,15,0
7991167,12:52:00,12:52:00,2933827,16,1
7991167,,,2933829,17,0
7991167,,,2951181,18,0
7991167,12:54:00,12:54:00,2951182,19,1
7991167,,,2937783,20,0
7991167,,,2940542,21,0
7991167,,,2940543,22,0
7991167,,,2949773,23,0
7991167,,,2940565,24,0
7991167,13:10:00,13:10:00,2940566,25,1
7991168,13:10:00,13:10:00,2951167,0,1
7991168,,,2951168,1,0
7991168,,,2951169,2,0
7991168,,,2951170,3,0
7991168,,,2951171,4,0
7991168,13:12:00,13:12:00,2951172,5,1
7991168,,,2951173,6,0
7991168,,,2951174,7,0
7991168,13:14:00,13:14:00,2951175,8,1
7991168,,,2951176,9,0
7991168,13:17:00,13:17:00,2951177,10,1
7991168,,,2951178,11,0
7991168,,,2951179,12,0
7991168,13:19:00,13:19:00,2951180,13,1
7991168,,,2933825,14,0
7991168,,,2933826,15,0
7991168,13:22:00,13:22:00,2933827,16,1
7991168,,,2933829,17,0
7991168,,,2951181,18,0
7991168,13:24:00,13:24:00,2951182,19,1
7991168,,,2937783,20,0
7991168,,,2940542,21,0
7991168,,,2940543,22,0
7991168,,,2949773,23,0
7991168,,,2940565,24,0
7991168,13:40:00,13:40:00,2940566,25,1
7991169,13:40:00,13:40:00,2951167,0,1
7991169,,,2951168,1,0
7991169,,,2951169,2,0
7991169,,,2951170,3,0
7991169,,,2951171,4,0
7991169,13:42:00,13:42:00,2951172,5,1
7991169,,,2951173,6,0
7991169,,,2951174,7,0
7991169,13:44:00,13:44:00,2951175,8,1
7991169,,,2951176,9,0
7991169,13:47:00,13:47:00,2951177,10,1
7991169,,,2951178,11,0
7991169,,,2951179,12,0
7991169,13:49:00,13:49:00,2951180,13,1
7991169,,,2933825,14,0
7991169,,,2933826,15,0
7991169,13:52:00,13:52:00,2933827,16,1
7991169,,,2933829,17,0
7991169,,,2951181,18,0
7991169,13:54:00,13:54:00,2951182,19,1
7991169,,,2937783,20,0
7991169,,,2940542,21,0
7991169,,,2940543,22,0
7991169,,,2949773,23,0
7991169,,,2940565,24,0
7991169,14:10:00,14:10:00,2940566,25,1
7991170,14:10:00,14:10:00,2951167,0,1
7991170,,,2951168,1,0
7991170,,,2951169,2,0
7991170,,,2951170,3,0
7991170,,,2951171,4,0
7991170,14:12:00,14:12:00,2951172,5,1
7991170,,,2951173,6,0
7991170,,,2951174,7,0
7991170,14:14:00,14:14:00,2951175,8,1
7991170,,,2951176,9,0
7991170,14:17:00,14:17:00,2951177,10,1
7991170,,,2951178,11,0
7991170,,,2951179,12,0
7991170,14:19:00,14:19:00,2951180,13,1
7991170,,,2933825,14,0
7991170,,,2933826,15,0
7991170,14:22:00,14:22:00,2933827,16,1
7991170,,,2933829,17,0
7991170,,,2951181,18,0
7991170,14:24:00,14:24:00,2951182,19,1
7991170,,,2937783,20,0
7991170,,,2940542,21,0
7991170,,,2940543,22,0
7991170,,,2949773,23,0
7991170,,,2940565,24,0
7991170,14:40:00,14:40:00,2940566,25,1
7991171,14:40:00,14:40:00,2951167,0,1
7991171,,,2951168,1,0
7991171,,,2951169,2,0
7991171,,,2951170,3,0
7991171,,,2951171,4,0
7991171,14:42:00,14:42:00,2951172,5,1
7991171,,,2951173,6,0
7991171,,,2951174,7,0
7991171,14:44:00,14:44:00,2951175,8,1
7991171,,,2951176,9,0
7991171,14:47:00,14:47:00,2951177,10,1
7991171,,,2951178,11,0
7991171,,,2951179,12,0
7991171,14:49:00,14:49:00,2951180,13,1
7991171,,,2933825,14,0
7991171,,,2933826,15,0
7991171,14:52:00,14:52:00,2933827,16,1
7991171,,,2933829,17,0
7991171,,,2951181,18,0
7991171,14:54:00,14:54:00,2951182,19,1
7991171,,,2937783,20,0
7991171,,,2940542,21,0
7991171,,,2940543,22,0
7991171,,,2949773,23,0
7991171,,,2940565,24,0
7991171,15:10:00,15:10:00,2940566,25,1
7991172,15:10:00,15:10:00,2951167,0,1
7991172,,,2951168,1,0
7991172,,,2951169,2,0
7991172,,,2951170,3,0
7991172,,,2951171,4,0
7991172,15:12:00,15:12:00,2951172,5,1
7991172,,,2951173,6,0
7991172,,,2951174,7,0
7991172,15:14:00,15:14:00,2951175,8,1
7991172,,,2951176,9,0
7991172,15:17:00,15:17:00,2951177,10,1
7991172,,,2951178,11,0
7991172,,,2951179,12,0
7991172,15:19:00,15:19:00,2951180,13,1
7991172,,,2933825,14,0
7991172,,,2933826,15,0
7991172,15:22:00,15:22:00,2933827,16,1
7991172,,,2933829,17,0
7991172,,,2951181,18,0
7991172,15:24:00,15:24:00,2951182,19,1
7991172,,,2937783,20,0
7991172,,,2940542,21,0
7991172,,,2940543,22,0
7991172,,,2949773,23,0
7991172,,,2940565,24,0
7991172,15:40:00,15:40:00,2940566,25,1
7991173,15:40:00,15:40:00,2951167,0,1
7991173,,,2951168,1,0
7991173,,,2951169,2,0
7991173,,,2951170,3,0
7991173,,,2951171,4,0
7991173,15:42:00,15:42:00,2951172,5,1
7991173,,,2951173,6,0
7991173,,,2951174,7,0
7991173,15:44:00,15:44:00,2951175,8,1
7991173,,,2951176,9,0
7991173,15:47:00,15:47:00,2951177,10,1
7991173,,,2951178,11,0
7991173,,,2951179,12,0
7991173,15:49:00,15:49:00,2951180,13,1
7991173,,,2933825,14,0
7991173,,,2933826,15,0
7991173,15:52:00,15:52:00,2933827,16,1
7991173,,,2933829,17,0
7991173,,,2951181,18,0
7991173,15:54:00,15:54:00,2951182,19,1
7991173,,,2937783,20,0
7991173,,,2940542,21,0
7991173,,,2940543,22,0
7991173,,,2949773,23,0
7991173,,,2940565,24,0
7991173,16:10:00,16:10:00,2940566,25,1
7991174,16:10:00,16:10:00,2951167,0,1
7991174,,,2951168,1,0
7991174,,,2951169,2,0
7991174,,,2951170,3,0
7991174,,,2951171,4,0
7991174,16:12:00,16:12:00,2951172,5,1
7991174,,,2951173,6,0
7991174,,,2951174,7,0
7991174,16:14:00,16:14:00,2951175,8,1
7991174,,,2951176,9,0
7991174,16:17:00,16:17:00,2951177,10,1
7991174,,,2951178,11,0
7991174,,,2951179,12,0
7991174,16:19:00,16:19:00,2951180,13,1
7991174,,,2933825,14,0
7991174,,,2933826,15,0
7991174,16:22:00,16:22:00,2933827,16,1
7991174,,,2933829,17,0
7991174,,,2951181,18,0
7991174,16:24:00,16:24:00,2951182,19,1
7991174,,,2937783,20,0
7991174,,,2940542,21,0
7991174,,,2940543,22,0
7991174,,,2949773,23,0
7991174,,,2940565,24,0
7991174,16:40:00,16:40:00,2940566,25,1
7991175,16:40:00,16:40:00,2951167,0,1
7991175,,,2951168,1,0
7991175,,,2951169,2,0
7991175,,,2951170,3,0
7991175,,,2951171,4,0
7991175,16:42:00,16:42:00,2951172,5,1
7991175,,,2951173,6,0
7991175,,,2951174,7,0
7991175,16:44:00,16:44:00,2951175,8,1
7991175,,,2951176,9,0
7991175,16:47:00,16:47:00,2951177,10,1
7991175,,,2951178,11,0
7991175,,,2951179,12,0
7991175,16:49:00,16:49:00,2951180,13,1
7991175,,,2933825,14,0
7991175,,,2933826,15,0
7991175,16:52:00,16:52:00,2933827,16,1
7991175,,,2933829,17,0
7991175,,,2951181,18,0
7991175,16:54:00,16:54:00,2951182,19,1
7991175,,,2937783,20,0
7991175,,,2940542,21,0
7991175,,,2940543,22,0
7991175,,,2949773,23,0
7991175,,,2940565,24,0
7991175,17:10:00,17:10:00,2940566,25,1
7991176,17:10:00,17:10:00,2951167,0,1
7991176,,,2951168,1,0
7991176,,,2951169,2,0
7991176,,,2951170,3,0
7991176,,,2951171,4,0
7991176,17:12:00,17:12:00,2951172,5,1
7991176,,,2951173,6,0
7991176,,,2951174,7,0
7991176,17:14:00,17:14:00,2951175,8,1
7991176,,,2951176,9,0
7991176,17:17:00,17:17:00,2951177,10,1
7991176,,,2951178,11,0
7991176,,,2951179,12,0
7991176,17:19:00,17:19:00,2951180,13,1
7991176,,,2933825,14,0
7991176,,,2933826,15,0
7991176,17:22:00,17:22:00,2933827,16,1
7991176,,,2933829,17,0
7991176,,,2951181,18,0
7991176,17:24:00,17:24:00,2951182,19,1
7991176,,,2937783,20,0
7991176,,,2940542,21,0
7991176,,,2940543,22,0
7991176,,,2949773,23,0
7991176,,,2940565,24,0
7991176,17:40:00,17:40:00,2940566,25,1
7991177,17:40:00,17:40:00,2951167,0,1
7991177,,,2951168,1,0
7991177,,,2951169,2,0
7991177,,,2951170,3,0
7991177,,,2951171,4,0
7991177,17:42:00,17:42:00,2951172,5,1
7991177,,,2951173,6,0
7991177,,,2951174,7,0
7991177,17:44:00,17:44:00,2951175,8,1
7991177,,,2951176,9,0
7991177,17:47:00,17:47:00,2951177,10,1
7991177,,,2951178,11,0
7991177,,,2951179,12,0
7991177,17:49:00,17:49:00,2951180,13,1
7991177,,,2933825,14,0
7991177,,,2933826,15,0
7991177,17:52:00,17:52:00,2933827,16,1
7991177,,,2933829,17,0
7991177,,,2951181,18,0
7991177,17:54:00,17:54:00,2951182,19,1
7991177,,,2937783,20,0
7991177,,,2940542,21,0
7991177,,,2940543,22,0
7991177,,,2949773,23,0
7991177,,,2940565,24,0
7991177,18:10:00,18:10:00,2940566,25,1
7991178,18:10:00,18:10:00,2951167,0,1
7991178,,,2951168,1,0
7991178,,,2951169,2,0
7991178,,,2951170,3,0
7991178,,,2951171,4,0
7991178,18:12:00,18:12:00,2951172,5,1
7991178,,,2951173,6,0
7991178,,,2951174,7,0
7991178,18:14:00,18:14:00,2951175,8,1
7991178,,,2951176,9,0
7991178,18:17:00,18:17:00,2951177,10,1
7991178,,,2951178,11,0
7991178,,,2951179,12,0
7991178,18:19:00,18:19:00,2951180,13,1
7991178,,,2933825,14,0
7991178,,,2933826,15,0
7991178,18:22:00,18:22:00,2933827,16,1
7991178,,,2933829,17,0
7991178,,,2951181,18,0
7991178,18:24:00,18:24:00,2951182,19,1
7991178,,,2937783,20,0
7991178,,,2940542,21,0
7991178,,,2940543,22,0
7991178,,,2949773,23,0
7991178,,,2940565,24,0
7991178,18:40:00,18:40:00,2940566,25,1
7991179,18:40:00,18:40:00,2951167,0,1
7991179,,,2951168,1,0
7991179,,,2951169,2,0
7991179,,,2951170,3,0
7991179,,,2951171,4,0
7991179,18:42:00,18:42:00,2951172,5,1
7991179,,,2951173,6,0
7991179,,,2951174,7,0
7991179,18:44:00,18:44:00,2951175,8,1
7991179,,,2951176,9,0
7991179,18:47:00,18:47:00,2951177,10,1
7991179,,,2951178,11,0
7991179,,,2951179,12,0
7991179,18:49:00,18:49:00,2951180,13,1
7991179,,,2933825,14,0
7991179,,,2933826,15,0
7991179,18:52:00,18:52:00,2933827,16,1
7991179,,,2933829,17,0
7991179,,,2951181,18,0
7991179,18:54:00,18:54:00,2951182,19,1
7991179,,,2937783,20,0
7991179,,,2940542,21,0
7991179,,,2940543,22,0
7991179,,,2949773,23,0
7991179,,,2940565,24,0
7991179,19:10:00,19:10:00,2940566,25,1
7991180,19:10:00,19:10:00,2951167,0,1
7991180,,,2951168,1,0
7991180,,,2951169,2,0
7991180,,,2951170,3,0
7991180,,,2951171,4,0
7991180,19:12:00,19:12:00,2951172,5,1
7991180,,,2951173,6,0
7991180,,,2951174,7,0
7991180,19:14:00,19:14:00,2951175,8,1
7991180,,,2951176,9,0
7991180,19:17:00,19:17:00,2951177,10,1
7991180,,,2951178,11,0
7991180,,,2951179,12,0
7991180,19:19:00,19:19:00,2951180,13,1
7991180,,,2933825,14,0
7991180,,,2933826,15,0
7991180,19:22:00,19:22:00,2933827,16,1
7991180,,,2933829,17,0
7991180,,,2951181,18,0
7991180,19:24:00,19:24:00,2951182,19,1
7991180,,,2937783,20,0
7991180,,,2940542,21,0
7991180,,,2940543,22,0
7991180,,,2949773,23,0
7991180,,,2940565,24,0
7991180,19:40:00,19:40:00,2940566,25,1
7991195,07:10:00,07:10:00,2940566,0,1
7991195,,,2940567,1,0
7991195,,,2949774,2,0
7991195,07:13:00,07:13:00,2927980,3,1
7991195,,,2927981,4,0
7991195,,,2927982,5,0
7991195,07:16:00,07:16:00,2949775,6,1
7991195,,,2949776,7,0
7991195,,,2949777,8,0
7991195,07:18:00,07:18:00,2949778,9,1
7991195,,,2949780,10,0
7991195,,,2949781,11,0
7991195,07:21:00,07:21:00,2949782,12,1
7991195,,,2949783,13,0
7991195,,,2949784,14,0
7991195,07:23:00,07:23:00,2949785,15,0
7991195,,,2949786,16,0
7991195,,,2949787,17,0
7991195,,,2949790,18,0
7991195,07:40:00,07:40:00,2951167,19,1
7998085,07:40:00,07:40:00,2940566,0,1
7998085,,,2940567,1,0
7998085,,,2949774,2,0
7998085,07:43:00,07:43:00,2927980,3,1
7998085,,,2927981,4,0
7998085,,,2927982,5,0
7998085,07:46:00,07:46:00,2949775,6,1
7998085,,,2949776,7,0
7998085,,,2949777,8,0
7998085,07:48:00,07:48:00,2949778,9,1
7998085,,,2949780,10,0
7998085,,,2949781,11,0
7998085,07:51:00,07:51:00,2949782,12,1
7998085,,,2949783,13,0
7998085,,,2949784,14,0
7998085,07:53:00,07:53:00,2949785,15,0
7998085,,,2949786,16,0
7998085,,,2949787,17,0
7998085,,,2949790,18,0
7998085,08:10:00,08:10:00,2951167,19,1
7998086,08:10:00,08:10:00,2940566,0,1
7998086,,,2940567,1,0
7998086,,,2949774,2,0
7998086,08:13:00,08:13:00,2927980,3,1
7998086,,,2927981,4,0
7998086,,,2927982,5,0
7998086,08:16:00,08:16:00,2949775,6,1
7998086,,,2949776,7,0
7998086,,,2949777,8,0
7998086,08:18:00,08:18:00,2949778,9,1
7998086,,,2949780,10,0
7998086,,,2949781,11,0
7998086,08:21:00,08:21:00,2949782,12,1
7998086,,,2949783,13,0
7998086,,,2949784,14,0
7998086,08:23:00,08:23:00,2949785,15,0
7998086,,,2949786,16,0
7998086,,,2949787,17,0
7998086,,,2949790,18,0
7998086,08:40:00,08:40:00,2951167,19,1
7998087,08:40:00,08:40:00,2940566,0,1
7998087,,,2940567,1,0
7998087,,,2949774,2,0
7998087,08:43:00,08:43:00,2927980,3,1
7998087,,,2927981,4,0
7998087,,,2927982,5,0
7998087,08:46:00,08:46:00,2949775,6,1
7998087,,,2949776,7,0
7998087,,,2949777,8,0
7998087,08:48:00,08:48:00,2949778,9,1
7998087,,,2949780,10,0
7998087,,,2949781,11,0
7998087,08:51:00,08:51:00,2949782,12,1
7998087,,,2949783,13,0
7998087,,,2949784,14,0
7998087,08:53:00,08:53:00,2949785,15,0
7998087,,,2949786,16,0
7998087,,,2949787,17,0
7998087,,,2949790,18,0
7998087,09:10:00,09:10:00,2951167,19,1
7998088,09:10:00,09:10:00,2940566,0,1
7998088,,,2940567,1,0
7998088,,,2949774,2,0
7998088,09:13:00,09:13:00,2927980,3,1
7998088,,,2927981,4,0
7998088,,,2927982,5,0
7998088,09:16:00,09:16:00,2949775,6,1
7998088,,,2949776,7,0
7998088,,,2949777,8,0
7998088,09:18:00,09:18:00,2949778,9,1
7998088,,,2949780,10,0
7998088,,,2949781,11,0
7998088,09:21:00,09:21:00,2949782,12,1
7998088,,,2949783,13,0
7998088,,,2949784,14,0
7998088,09:23:00,09:23:00,2949785,15,0
7998088,,,2949786,16,0
7998088,,,2949787,17,0
7998088,,,2949790,18,0
7998088,09:40:00,09:40:00,2951167,19,1
7998089,09:40:00,09:40:00,2940566,0,1
7998089,,,2940567,1,0
7998089,,,2949774,2,0
7998089,09:43:00,09:43:00,2927980,3,1
7998089,,,2927981,4,0
7998089,,,2927982,5,0
7998089,09:46:00,09:46:00,2949775,6,1
7998089,,,2949776,7,0
7998089,,,2949777,8,0
7998089,09:48:00,09:48:00,2949778,9,1
7998089,,,2949780,10,0
7998089,,,2949781,11,0
7998089,09:51:00,09:51:00,2949782,12,1
7998089,,,2949783,13,0
7998089,,,2949784,14,0
7998089,09:53:00,09:53:00,2949785,15,0
7998089,,,2949786,16,0
7998089,,,2949787,17,0
7998089,,,2949790,18,0
7998089,10:10:00,10:10:00,2951167,19,1
7998090,10:10:00,10:10:00,2940566,0,1
7998090,,,2940567,1,0
7998090,,,2949774,2,0
7998090,10:13:00,10:13:00,2927980,3,1
7998090,,,2927981,4,0
7998090,,,2927982,5,0
7998090,10:16:00,10:16:00,2949775,6,1
7998090,,,2949776,7,0
7998090,,,2949777,8,0
7998090,10:18:00,10:18:00,2949778,9,1
7998090,,,2949780,10,0
7998090,,,2949781,11,0
7998090,10:21:00,10:21:00,2949782,12,1
7998090,,,2949783,13,0
7998090,,,2949784,14,0
7998090,10:23:00,10:23:00,2949785,15,0
7998090,,,2949786,16,0
7998090,,,2949787,17,0
7998090,,,2949790,18,0
7998090,10:40:00,10:40:00,2951167,19,1
7998091,10:40:00,10:40:00,2940566,0,1
7998091,,,2940567,1,0
7998091,,,2949774,2,0
7998091,10:43:00,10:43:00,2927980,3,1
7998091,,,2927981,4,0
7998091,,,2927982,5,0
7998091,10:46:00,10:46:00,2949775,6,1
7998091,,,2949776,7,0
7998091,,,2949777,8,0
7998091,10:48:00,10:48:00,2949778,9,1
7998091,,,2949780,10,0
7998091,,,2949781,11,0
7998091,10:51:00,10:51:00,2949782,12,1
7998091,,,2949783,13,0
7998091,,,2949784,14,0
7998091,10:53:00,10:53:00,2949785,15,0
7998091,,,2949786,16,0
7998091,,,2949787,17,0
7998091,,,2949790,18,0
7998091,11:10:00,11:10:00,2951167,19,1
7998092,11:10:00,11:10:00,2940566,0,1
7998092,,,2940567,1,0
7998092,,,2949774,2,0
7998092,11:13:00,11:13:00,2927980,3,1
7998092,,,2927981,4,0
7998092,,,2927982,5,0
7998092,11:16:00,11:16:00,2949775,6,1
7998092,,,2949776,7,0
7998092,,,2949777,8,0
7998092,11:18:00,11:18:00,2949778,9,1
7998092,,,2949780,10,0
7998092,,,2949781,11,0
7998092,11:21:00,11:21:00,2949782,12,1
7998092,,,2949783,13,0
7998092,,,2949784,14,0
7998092,11:23:00,11:23:00,2949785,15,0
7998092,,,2949786,16,0
7998092,,,2949787,17,0
7998092,,,2949790,18,0
7998092,11:40:00,11:40:00,2951167,19,1
7998093,11:40:00,11:40:00,2940566,0,1
7998093,,,2940567,1,0
7998093,,,2949774,2,0
7998093,11:43:00,11:43:00,2927980,3,1
7998093,,,2927981,4,0
7998093,,,2927982,5,0
7998093,11:46:00,11:46:00,2949775,6,1
7998093,,,2949776,7,0
7998093,,,2949777,8,0
7998093,11:48:00,11:48:00,2949778,9,1
7998093,,,2949780,10,0
7998093,,,2949781,11,0
7998093,11:51:00,11:51:00,2949782,12,1
7998093,,,2949783,13,0
7998093,,,2949784,14,0
7998093,11:53:00,11:53:00,2949785,15,0
7998093,,,2949786,16,0
7998093,,,2949787,17,0
7998093,,,2949790,18,0
7998093,12:10:00,12:10:00,2951167,19,1
7998094,12:10:00,12:10:00,2940566,0,1
7998094,,,2940567,1,0
7998094,,,2949774,2,0
7998094,12:13:00,12:13:00,2927980,3,1
7998094,,,2927981,4,0
7998094,,,2927982,5,0
7998094,12:16:00,12:16:00,2949775,6,1
7998094,,,2949776,7,0
7998094,,,2949777,8,0
7998094,12:18:00,12:18:00,2949778,9,1
7998094,,,2949780,10,0
7998094,,,2949781,11,0
7998094,12:21:00,12:21:00,2949782,12,1
7998094,,,2949783,13,0
7998094,,,2949784,14,0
7998094,12:23:00,12:23:00,2949785,15,0
7998094,,,2949786,16,0
7998094,,,2949787,17,0
7998094,,,2949790,18,0
7998094,12:40:00,12:40:00,2951167,19,1
7998095,12:40:00,12:40:00,2940566,0,1
7998095,,,2940567,1,0
7998095,,,2949774,2,0
7998095,12:43:00,12:43:00,2927980,3,1
7998095,,,2927981,4,0
7998095,,,2927982,5,0
7998095,12:46:00,12:46:00,2949775,6,1
7998095,,,2949776,7,0
7998095,,,2949777,8,0
7998095,12:48:00,12:48:00,2949778,9,1
7998095,,,2949780,10,0
7998095,,,2949781,11,0
7998095,12:51:00,12:51:00,2949782,12,1
7998095,,,2949783,13,0
7998095,,,2949784,14,0
7998095,12:53:00,12:53:00,2949785,15,0
7998095,,,2949786,16,0
7998095,,,2949787,17,0
7998095,,,2949790,18,0
7998095,13:10:00,13:10:00,2951167,19,1
7998096,13:10:00,13:10:00,2940566,0,1
7998096,,,2940567,1,0
7998096,,,2949774,2,0
7998096,13:13:00,13:13:00,2927980,3,1
7998096,,,2927981,4,0
7998096,,,2927982,5,0
7998096,13:16:00,13:16:00,2949775,6,1
7998096,,,2949776,7,0
7998096,,,2949777,8,0
7998096,13:18:00,13:18:00,2949778,9,1
7998096,,,2949780,10,0
7998096,,,2949781,11,0
7998096,13:21:00,13:21:00,2949782,12,1
7998096,,,2949783,13,0
7998096,,,2949784,14,0
7998096,13:23:00,13:23:00,2949785,15,0
7998096,,,2949786,16,0
7998096,,,2949787,17,0
7998096,,,2949790,18,0
7998096,13:40:00,13:40:00,2951167,19,1
7998097,13:40:00,13:40:00,2940566,0,1
7998097,,,2940567,1,0
7998097,,,2949774,2,0
7998097,13:43:00,13:43:00,2927980,3,1
7998097,,,2927981,4,0
7998097,,,2927982,5,0
7998097,13:46:00,13:46:00,2949775,6,1
7998097,,,2949776,7,0
7998097,,,2949777,8,0
7998097,13:48:00,13:48:00,2949778,9,1
7998097,,,2949780,10,0
7998097,,,2949781,11,0
7998097,13:51:00,13:51:00,2949782,12,1
7998097,,,2949783,13,0
7998097,,,2949784,14,0
7998097,13:53:00,13:53:00,2949785,15,0
7998097,,,2949786,16,0
7998097,,,2949787,17,0
7998097,,,2949790,18,0
7998097,14:10:00,14:10:00,2951167,19,1
7998098,14:10:00,14:10:00,2940566,0,1
7998098,,,2940567,1,0
7998098,,,2949774,2,0
7998098,14:13:00,14:13:00,2927980,3,1
7998098,,,2927981,4,0
7998098,,,2927982,5,0
7998098,14:16:00,14:16:00,2949775,6,1
7998098,,,2949776,7,0
7998098,,,2949777,8,0
7998098,14:18:00,14:18:00,2949778,9,1
7998098,,,2949780,10,0
7998098,,,2949781,11,0
7998098,14:21:00,14:21:00,2949782,12,1
7998098,,,2949783,13,0
7998098,,,2949784,14,0
7998098,14:23:00,14:23:00,2949785,15,0
7998098,,,2949786,16,0
7998098,,,2949787,17,0
7998098,,,2949790,18,0
7998098,14:40:00,14:40:00,2951167,19,1
7998099,14:40:00,14:40:00,2940566,0,1
7998099,,,2940567,1,0
7998099,,,2949774,2,0
7998099,14:43:00,14:43:00,2927980,3,1
7998099,,,2927981,4,0
7998099,,,2927982,5,0
7998099,14:46:00,14:46:00,2949775,6,1
7998099,,,2949776,7,0
7998099,,,2949777,8,0
7998099,14:48:00,14:48:00,2949778,9,1
7998099,,,2949780,10,0
7998099,,,2949781,11,0
7998099,14:51:00,14:51:00,2949782,12,1
7998099,,,2949783,13,0
7998099,,,2949784,14,0
7998099,14:53:00,14:53:00,2949785,15,0
7998099,,,2949786,16,0
7998099,,,2949787,17,0
7998099,,,2949790,18,0
7998099,15:10:00,15:10:00,2951167,19,1
7998100,15:10:00,15:10:00,2940566,0,1
7998100,,,2940567,1,0
7998100,,,2949774,2,0
7998100,15:13:00,15:13:00,2927980,3,1
7998100,,,2927981,4,0
7998100,,,2927982,5,0
7998100,15:16:00,15:16:00,2949775,6,1
7998100,,,2949776,7,0
7998100,,,2949777,8,0
7998100,15:18:00,15:18:00,2949778,9,1
7998100,,,2949780,10,0
7998100,,,2949781,11,0
7998100,15:21:00,15:21:00,2949782,12,1
7998100,,,2949783,13,0
7998100,,,2949784,14,0
7998100,15:23:00,15:23:00,2949785,15,0
7998100,,,2949786,16,0
7998100,,,2949787,17,0
7998100,,,2949790,18,0
7998100,15:40:00,15:40:00,2951167,19,1
7998101,15:40:00,15:40:00,2940566,0,1
7998101,,,2940567,1,0
7998101,,,2949774,2,0
7998101,15:43:00,15:43:00,2927980,3,1
7998101,,,2927981,4,0
7998101,,,2927982,5,0
7998101,15:46:00,15:46:00,2949775,6,1
7998101,,,2949776,7,0
7998101,,,2949777,8,0
7998101,15:48:00,15:48:00,2949778,9,1
7998101,,,2949780,10,0
7998101,,,2949781,11,0
7998101,15:51:00,15:51:00,2949782,12,1
7998101,,,2949783,13,0
7998101,,,2949784,14,0
7998101,15:53:00,15:53:00,2949785,15,0
7998101,,,2949786,16,0
7998101,,,2949787,17,0
7998101,,,2949790,18,0
7998101,16:10:00,16:10:00,2951167,19,1
7998102,16:10:00,16:10:00,2940566,0,1
7998102,,,2940567,1,0
7998102,,,2949774,2,0
7998102,16:13:00,16:13:00,2927980,3,1
7998102,,,2927981,4,0
7998102,,,2927982,5,0
7998102,16:16:00,16:16:00,2949775,6,1
7998102,,,2949776,7,0
7998102,,,2949777,8,0
7998102,16:18:00,16:18:00,2949778,9,1
7998102,,,2949780,10,0
7998102,,,2949781,11,0
7998102,16:21:00,16:21:00,2949782,12,1
7998102,,,2949783,13,0
7998102,,,2949784,14,0
7998102,16:23:00,16:23:00,2949785,15,0
7998102,,,2949786,16,0
7998102,,,2949787,17,0
7998102,,,2949790,18,0
7998102,16:40:00,16:40:00,2951167,19,1
7998103,16:40:00,16:40:00,2940566,0,1
7998103,,,2940567,1,0
7998103,,,2949774,2,0
7998103,16:43:00,16:43:00,2927980,3,1
7998103,,,2927981,4,0
7998103,,,2927982,5,0
7998103,16:46:00,16:46:00,2949775,6,1
7998103,,,2949776,7,0
7998103,,,2949777,8,0
7998103,16:48:00,16:48:00,2949778,9,1
7998103,,,2949780,10,0
7998103,,,2949781,11,0
7998103,16:51:00,16:51:00,2949782,12,1
7998103,,,2949783,13,0
7998103,,,2949784,14,0
7998103,16:53:00,16:53:00,2949785,15,0
7998103,,,2949786,16,0
7998103,,,2949787,17,0
7998103,,,2949790,18,0
7998103,17:10:00,17:10:00,2951167,19,1
7998104,17:10:00,17:10:00,2940566,0,1
7998104,,,2940567,1,0
7998104,,,2949774,2,0
7998104,17:13:00,17:13:00,2927980,3,1
7998104,,,2927981,4,0
7998104,,,2927982,5,0
7998104,17:16:00,17:16:00,2949775,6,1
7998104,,,2949776,7,0
7998104,,,2949777,8,0
7998104,17:18:00,17:18:00,2949778,9,1
7998104,,,2949780,10,0
7998104,,,2949781,11,0
7998104,17:21:00,17:21:00,2949782,12,1
7998104,,,2949783,13,0
7998104,,,2949784,14,0
7998104,17:23:00,17:23:00,2949785,15,0
7998104,,,2949786,16,0
7998104,,,2949787,17,0
7998104,,,2949790,18,0
7998104,17:40:00,17:40:00,2951167,19,1
7998105,17:40:00,17:40:00,2940566,0,1
7998105,,,2940567,1,0
7998105,,,2949774,2,0
7998105,17:43:00,17:43:00,2927980,3,1
7998105,,,2927981,4,0
7998105,,,2927982,5,0
7998105,17:46:00,17:46:00,2949775,6,1
7998105,,,2949776,7,0
7998105,,,2949777,8,0
7998105,17:48:00,17:48:00,2949778,9,1
7998105,,,2949780,10,0
7998105,,,2949781,11,0
7998105,17:51:00,17:51:00,2949782,12,1
7998105,,,2949783,13,0
7998105,,,2949784,14,0
7998105,17:53:00,17:53:00,2949785,15,0
7998105,,,2949786,16,0
7998105,,,2949787,17,0
7998105,,,2949790,18,0
7998105,18:10:00,18:10:00,2951167,19,1
7998106,18:10:00,18:10:00,2940566,0,1
7998106,,,2940567,1,0
7998106,,,2949774,2,0
7998106,18:13:00,18:13:00,2927980,3,1
7998106,,,2927981,4,0
7998106,,,2927982,5,0
7998106,18:16:00,18:16:00,2949775,6,1
7998106,,,2949776,7,0
7998106,,,2949777,8,0
7998106,18:18:00,18:18:00,2949778,9,1
7998106,,,2949780,10,0
7998106,,,2949781,11,0
7998106,18:21:00,18:21:00,2949782,12,1
7998106,,,2949783,13,0
7998106,,,2949784,14,0
7998106,18:23:00,18:23:00,2949785,15,0
7998106,,,2949786,16,0
7998106,,,2949787,17,0
7998106,,,2949790,18,0
7998106,18:40:00,18:40:00,2951167,19,1
7998107,18:40:00,18:40:00,2940566,0,1
7998107,,,2940567,1,0
7998107,,,2949774,2,0
7998107,18:43:00,18:43:00,2927980,3,1
7998107,,,2927981,4,0
7998107,,,2927982,5,0
7998107,18:46:00,18:46:00,2949775,6,1
7998107,,,2949776,7,0
7998107,,,2949777,8,0
7998107,18:48:00,18:48:00,2949778,9,1
7998107,,,2949780,10,0
7998107,,,2949781,11,0
7998107,18:51:00,18:51:00,2949782,12,1
7998107,,,2949783,13,0
7998107,,,2949784,14,0
7998107,18:53:00,18:53:00,2949785,15,0
7998107,,,2949786,16,0
7998107,,,2949787,17,0
7998107,,,2949790,18,0
7998107,19:10:00,19:10:00,2951167,19,1
7998108,19:10:00,19:10:00,2940566,0,1
7998108,,,2940567,1,0
7998108,,,2949774,2,0
7998108,19:13:00,19:13:00,2927980,3,1
7998108,,,2927981,4,0
7998108,,,2927982,5,0
7998108,19:16:00,19:16:00,2949775,6,1
7998108,,,2949776,7,0
7998108,,,2949777,8,0
7998108,19:18:00,19:18:00,2949778,9,1
7998108,,,2949780,10,0
7998108,,,2949781,11,0
7998108,19:21:00,19:21:00,2949782,12,1
7998108,,,2949783,13,0
7998108,,,2949784,14,0
7998108,19:23:00,19:23:00,2949785,15,0
7998108,,,2949786,16,0
7998108,,,2949787,17,0
7998108,,,2949790,18,0
7998108,19:40:00,19:40:00,2951167,19,1
7998119,08:27:00,08:27:00,2952338,0,1
7998119,,,2952339,1,0
7998119,,,2952340,2,0
7998119,,,2952341,3,0
7998119,,,2951171,4,0
7998119,08:30:00,08:30:00,2951172,5,1
7998119,,,2951173,6,0
7998119,,,2951174,7,0
7998119,,,2951175,8,0
7998119,,,2952342,9,0
7998119,,,2952343,10,0
7998119,08:35:00,08:35:00,2952344,11,1
7998119,,,2952345,12,0
7998119,,,2952346,13,0
7998119,,,2952347,14,0
7998119,,,2952348,15,0
7998119,,,2952349,16,0
7998119,,,2952350,17,0
7998119,08:41:00,08:41:00,2952351,18,1
7998119,,,2952352,19,0
7998119,,,2952353,20,0
7998119,,,2952355,21,0
7998119,08:50:00,08:50:00,2952356,22,1
7998119,,,2952357,23,0
7998119,,,2952358,24,0
7998119,,,2952359,25,0
7998119,08:56:00,08:56:00,2952360,26,1
7998119,,,2952361,27,0
7998119,,,2952362,28,0
7998119,,,2952363,29,0
7998119,,,2952364,30,0
7998119,,,2952365,31,0
7998119,,,2952366,32,0
7998119,,,2952367,33,0
7998119,,,2952368,34,0
7998119,,,2952369,35,0
7998119,,,2952370,36,0
7998119,09:08:00,09:08:00,2952371,37,1
7998119,,,2952372,38,0
7998119,,,2952373,39,0
7998119,,,2952374,40,0
7998119,,,2952375,41,0
7998119,,,2952376,42,0
7998119,,,2952377,43,0
7998119,,,2952378,44,0
7998119,,,2952379,45,0
7998119,,,2952380,46,0
7998119,,,2952381,47,0
7998119,,,2952359,48,0
7998119,09:14:00,09:14:00,2952360,49,1
7998119,,,2952382,50,0
7998119,,,2952383,51,0
7998119,,,2952384,52,0
7998119,,,2952355,53,0
7998119,09:21:00,09:21:00,2952356,54,1
7998119,,,2952350,55,0
7998119,09:25:00,09:25:00,2952351,56,1
7998119,,,2952352,57,0
7998119,09:27:00,09:27:00,2952338,58,1
7998120,09:27:00,09:27:00,2952338,0,1
7998120,,,2952339,1,0
7998120,,,2952340,2,0
7998120,,,2952341,3,0
7998120,,,2951171,4,0
7998120,09:30:00,09:30:00,2951172,5,1
7998120,,,2951173,6,0
7998120,,,2951174,7,0
7998120,,,2951175,8,0
7998120,,,2952342,9,0
7998120,,,2952343,10,0
7998120,09:35:00,09:35:00,2952344,11,1
7998120,,,2952345,12,0
7998120,,,2952346,13,0
7998120,,,2952347,14,0
7998120,,,2952348,15,0
7998120,,,2952349,16,0
7998120,,,2952350,17,0
7998120,09:41:00,09:41:00,2952351,18,1
7998120,,,2952352,19,0
7998120,,,2952353,20,0
7998120,,,2952355,21,0
7998120,09:50:00,09:50:00,2952356,22,1
7998120,,,2952357,23,0
7998120,,,2952358,24,0
7998120,,,2952359,25,0
7998120,09:56:00,09:56:00,2952360,26,1
7998120,,,2952361,27,0
7998120,,,2952362,28,0
7998120,,,2952363,29,0
7998120,,,2952364,30,0
7998120,,,2952365,31,0
7998120,,,2952366,32,0
7998120,,,2952367,33,0
7998120,,,2952368,34,0
7998120,,,2952369,35,0
7998120,,,2952370,36,0
7998120,10:08:00,10:08:00,2952371,37,1
7998120,,,2952372,38,0
7998120,,,2952373,39,0
7998120,,,2952374,40,0
7998120,,,2952375,41,0
7998120,,,2952376,42,0
7998120,,,2952377,43,0
7998120,,,2952378,44,0
7998120,,,2952379,45,0
7998120,,,2952380,46,0
7998120,,,2952381,47,0
7998120,,,2952359,48,0
7998120,10:14:00,10:14:00,2952360,49,1
7998120,,,2952382,50,0
7998120,,,2952383,51,0
7998120,,,2952384,52,0
7998120,,,2952355,53,0
7998120,10:21:00,10:21:00,2952356,54,1
7998120,,,2952350,55,0
7998120,10:25:00,10:25:00,2952351,56,1
7998120,,,2952352,57,0
7998120,10:27:00,10:27:00,2952338,58,1
7998121,10:27:00,10:27:00,2952338,0,1
7998121,,,2952339,1,0
7998121,,,2952340,2,0
7998121,,,2952341,3,0
7998121,,,2951171,4,0
7998121,10:30:00,10:30:00,2951172,5,1
7998121,,,2951173,6,0
7998121,,,2951174,7,0
7998121,,,2951175,8,0
7998121,,,2952342,9,0
7998121,,,2952343,10,0
7998121,10:35:00,10:35:00,2952344,11,1
7998121,,,2952345,12,0
7998121,,,2952346,13,0
7998121,,,2952347,14,0
7998121,,,2952348,15,0
7998121,,,2952349,16,0
7998121,,,2952350,17,0
7998121,10:41:00,10:41:00,2952351,18,1
7998121,,,2952352,19,0
7998121,,,2952353,20,0
7998121,,,2952355,21,0
7998121,10:50:00,10:50:00,2952356,22,1
7998121,,,2952357,23,0
7998121,,,2952358,24,0
7998121,,,2952359,25,0
7998121,10:56:00,10:56:00,2952360,26,1
7998121,,,2952361,27,0
7998121,,,2952362,28,0
7998121,,,2952363,29,0
7998121,,,2952364,30,0
7998121,,,2952365,31,0
7998121,,,2952366,32,0
7998121,,,2952367,33,0
7998121,,,2952368,34,0
7998121,,,2952369,35,0
7998121,,,2952370,36,0
7998121,11:08:00,11:08:00,2952371,37,1
7998121,,,2952372,38,0
7998121,,,2952373,39,0
7998121,,,2952374,40,0
7998121,,,2952375,41,0
7998121,,,2952376,42,0
7998121,,,2952377,43,0
7998121,,,2952378,44,0
7998121,,,2952379,45,0
7998121,,,2952380,46,0
7998121,,,2952381,47,0
7998121,,,2952359,48,0
7998121,11:14:00,11:14:00,2952360,49,1
7998121,,,2952382,50,0
7998121,,,2952383,51,0
7998121,,,2952384,52,0
7998121,,,2952355,53,0
7998121,11:21:00,11:21:00,2952356,54,1
7998121,,,2952350,55,0
7998121,11:25:00,11:25:00,2952351,56,1
7998121,,,2952352,57,0
7998121,11:27:00,11:27:00,2952338,58,1
7998122,11:27:00,11:27:00,2952338,0,1
7998122,,,2952339,1,0
7998122,,,2952340,2,0
7998122,,,2952341,3,0
7998122,,,2951171,4,0
7998122,11:30:00,11:30:00,2951172,5,1
7998122,,,2951173,6,0
7998122,,,2951174,7,0
7998122,,,2951175,8,0
7998122,,,2952342,9,0
7998122,,,2952343,10,0
7998122,11:35:00,11:35:00,2952344,11,1
7998122,,,2952345,12,0
7998122,,,2952346,13,0
7998122,,,2952347,14,0
7998122,,,2952348,15,0
7998122,,,2952349,16,0
7998122,,,2952350,17,0
7998122,11:41:00,11:41:00,2952351,18,1
7998122,,,2952352,19,0
7998122,,,2952353,20,0
7998122,,,2952355,21,0
7998122,11:50:00,11:50:00,2952356,22,1
7998122,,,2952357,23,0
7998122,,,2952358,24,0
7998122,,,2952359,25,0
7998122,11:56:00,11:56:00,2952360,26,1
7998122,,,2952361,27,0
7998122,,,2952362,28,0
7998122,,,2952363,29,0
7998122,,,2952364,30,0
7998122,,,2952365,31,0
7998122,,,2952366,32,0
7998122,,,2952367,33,0
7998122,,,2952368,34,0
7998122,,,2952369,35,0
7998122,,,2952370,36,0
7998122,12:08:00,12:08:00,2952371,37,1
7998122,,,2952372,38,0
7998122,,,2952373,39,0
7998122,,,2952374,40,0
7998122,,,2952375,41,0
7998122,,,2952376,42,0
7998122,,,2952377,43,0
7998122,,,2952378,44,0
7998122,,,2952379,45,0
7998122,,,2952380,46,0
7998122,,,2952381,47,0
7998122,,,2952359,48,0
7998122,12:14:00,12:14:00,2952360,49,1
7998122,,,2952382,50,0
7998122,,,2952383,51,0
7998122,,,2952384,52,0
7998122,,,2952355,53,0
7998122,12:21:00,12:21:00,2952356,54,1
7998122,,,2952350,55,0
7998122,12:25:00,12:25:00,2952351,56,1
7998122,,,2952352,57,0
7998122,12:27:00,12:27:00,2952338,58,1
7998123,12:27:00,12:27:00,2952338,0,1
7998123,,,2952339,1,0
7998123,,,2952340,2,0
7998123,,,2952341,3,0
7998123,,,2951171,4,0
7998123,12:30:00,12:30:00,2951172,5,1
7998123,,,2951173,6,0
7998123,,,2951174,7,0
7998123,,,2951175,8,0
7998123,,,2952342,9,0
7998123,,,2952343,10,0
7998123,12:35:00,12:35:00,2952344,11,1
7998123,,,2952345,12,0
7998123,,,2952346,13,0
7998123,,,2952347,14,0
7998123,,,2952348,15,0
7998123,,,2952349,16,0
7998123,,,2952350,17,0
7998123,12:41:00,12:41:00,2952351,18,1
7998123,,,2952352,19,0
7998123,,,2952353,20,0
7998123,,,2952355,21,0
7998123,12:50:00,12:50:00,2952356,22,1
7998123,,,2952357,23,0
7998123,,,2952358,24,0
7998123,,,2952359,25,0
7998123,12:56:00,12:56:00,2952360,26,1
7998123,,,2952361,27,0
7998123,,,2952362,28,0
7998123,,,2952363,29,0
7998123,,,2952364,30,0
7998123,,,2952365,31,0
7998123,,,2952366,32,0
7998123,,,2952367,33,0
7998123,,,2952368,34,0
7998123,,,2952369,35,0
7998123,,,2952370,36,0
7998123,13:08:00,13:08:00,2952371,37,1
7998123,,,2952372,38,0
7998123,,,2952373,39,0
7998123,,,2952374,40,0
7998123,,,2952375,41,0
7998123,,,2952376,42,0
7998123,,,2952377,43,0
7998123,,,2952378,44,0
7998123,,,2952379,45,0
7998123,,,2952380,46,0
7998123,,,2952381,47,0
7998123,,,2952359,48,0
7998123,13:14:00,13:14:00,2952360,49,1
7998123,,,2952382,50,0
7998123,,,2952383,51,0
7998123,,,2952384,52,0
7998123,,,2952355,53,0
7998123,13:21:00,13:21:00,2952356,54,1
7998123,,,2952350,55,0
7998123,13:25:00,13:25:00,2952351,56,1
7998123,,,2952352,57,0
7998123,13:27:00,13:27:00,2952338,58,1
7998124,13:27:00,13:27:00,2952338,0,1
7998124,,,2952339,1,0
7998124,,,2952340,2,0
7998124,,,2952341,3,0
7998124,,,2951171,4,0
7998124,13:30:00,13:30:00,2951172,5,1
7998124,,,2951173,6,0
7998124,,,2951174,7,0
7998124,,,2951175,8,0
7998124,,,2952342,9,0
7998124,,,2952343,10,0
7998124,13:35:00,13:35:00,2952344,11,1
7998124,,,2952345,12,0
7998124,,,2952346,13,0
7998124,,,2952347,14,0
7998124,,,2952348,15,0
7998124,,,2952349,16,0
7998124,,,2952350,17,0
7998124,13:41:00,13:41:00,2952351,18,1
7998124,,,2952352,19,0
7998124,,,2952353,20,0
7998124,,,2952355,21,0
7998124,13:50:00,13:50:00,2952356,22,1
7998124,,,2952357,23,0
7998124,,,2952358,24,0
7998124,,,2952359,25,0
7998124,13:56:00,13:56:00,2952360,26,1
7998124,,,2952361,27,0
7998124,,,2952362,28,0
7998124,,,2952363,29,0
7998124,,,2952364,30,0
7998124,,,2952365,31,0
7998124,,,2952366,32,0
7998124,,,2952367,33,0
7998124,,,2952368,34,0
7998124,,,2952369,35,0
7998124,,,2952370,36,0
7998124,14:08:00,14:08:00,2952371,37,1
7998124,,,2952372,38,0
7998124,,,2952373,39,0
7998124,,,2952374,40,0
7998124,,,2952375,41,0
7998124,,,2952376,42,0
7998124,,,2952377,43,0
7998124,,,2952378,44,0
7998124,,,2952379,45,0
7998124,,,2952380,46,0
7998124,,,2952381,47,0
7998124,,,2952359,48,0
7998124,14:14:00,14:14:00,2952360,49,1
7998124,,,2952382,50,0
7998124,,,2952383,51,0
7998124,,,2952384,52,0
7998124,,,2952355,53,0
7998124,14:21:00,14:21:00,2952356,54,1
7998124,,,2952350,55,0
7998124,14:25:00,14:25:00,2952351,56,1
7998124,,,2952352,57,0
7998124,14:27:00,14:27:00,2952338,58,1
7998125,14:27:00,14:27:00,2952338,0,1
7998125,,,2952339,1,0
7998125,,,2952340,2,0
7998125,,,2952341,3,0
7998125,,,2951171,4,0
7998125,14:30:00,14:30:00,2951172,5,1
7998125,,,2951173,6,0
7998125,,,2951174,7,0
7998125,,,2951175,8,0
7998125,,,2952342,9,0
7998125,,,2952343,10,0
7998125,14:35:00,14:35:00,2952344,11,1
7998125,,,2952345,12,0
7998125,,,2952346,13,0
7998125,,,2952347,14,0
7998125,,,2952348,15,0
7998125,,,2952349,16,0
7998125,,,2952350,17,0
7998125,14:41:00,14:41:00,2952351,18,1
7998125,,,2952352,19,0
7998125,,,2952353,20,0
7998125,,,2952355,21,0
7998125,14:50:00,14:50:00,2952356,22,1
7998125,,,2952357,23,0
7998125,,,2952358,24,0
7998125,,,2952359,25,0
7998125,14:56:00,14:56:00,2952360,26,1
7998125,,,2952361,27,0
7998125,,,2952362,28,0
7998125,,,2952363,29,0
7998125,,,2952364,30,0
7998125,,,2952365,31,0
7998125,,,2952366,32,0
7998125,,,2952367,33,0
7998125,,,2952368,34,0
7998125,,,2952369,35,0
7998125,,,2952370,36,0
7998125,15:08:00,15:08:00,2952371,37,1
7998125,,,2952372,38,0
7998125,,,2952373,39,0
7998125,,,2952374,40,0
7998125,,,2952375,41,0
7998125,,,2952376,42,0
7998125,,,2952377,43,0
7998125,,,2952378,44,0
7998125,,,2952379,45,0
7998125,,,2952380,46,0
7998125,,,2952381,47,0
7998125,,,2952359,48,0
7998125,15:14:00,15:14:00,2952360,49,1
7998125,,,2952382,50,0
7998125,,,2952383,51,0
7998125,,,2952384,52,0
7998125,,,2952355,53,0
7998125,15:21:00,15:21:00,2952356,54,1
7998125,,,2952350,55,0
7998125,15:25:00,15:25:00,2952351,56,1
7998125,,,2952352,57,0
7998125,15:27:00,15:27:00,2952338,58,1
7998126,15:27:00,15:27:00,2952338,0,1
7998126,,,2952339,1,0
7998126,,,2952340,2,0
7998126,,,2952341,3,0
7998126,,,2951171,4,0
7998126,15:30:00,15:30:00,2951172,5,1
7998126,,,2951173,6,0
7998126,,,2951174,7,0
7998126,,,2951175,8,0
7998126,,,2952342,9,0
7998126,,,2952343,10,0
7998126,15:35:00,15:35:00,2952344,11,1
7998126,,,2952345,12,0
7998126,,,2952346,13,0
7998126,,,2952347,14,0
7998126,,,2952348,15,0
7998126,,,2952349,16,0
7998126,,,2952350,17,0
7998126,15:41:00,15:41:00,2952351,18,1
7998126,,,2952352,19,0
7998126,,,2952353,20,0
7998126,,,2952355,21,0
7998126,15:50:00,15:50:00,2952356,22,1
7998126,,,2952357,23,0
7998126,,,2952358,24,0
7998126,,,2952359,25,0
7998126,15:56:00,15:56:00,2952360,26,1
7998126,,,2952361,27,0
7998126,,,2952362,28,0
7998126,,,2952363,29,0
7998126,,,2952364,30,0
7998126,,,2952365,31,0
7998126,,,2952366,32,0
7998126,,,2952367,33,0
7998126,,,2952368,34,0
7998126,,,2952369,35,0
7998126,,,2952370,36,0
7998126,16:08:00,16:08:00,2952371,37,1
7998126,,,2952372,38,0
7998126,,,2952373,39,0
7998126,,,2952374,40,0
7998126,,,2952375,41,0
7998126,,,2952376,42,0
7998126,,,2952377,43,0
7998126,,,2952378,44,0
7998126,,,2952379,45,0
7998126,,,2952380,46,0
7998126,,,2952381,47,0
7998126,,,2952359,48,0
7998126,16:14:00,16:14:00,2952360,49,1
7998126,,,2952382,50,0
7998126,,,2952383,51,0
7998126,,,2952384,52,0
7998126,,,2952355,53,0
7998126,16:21:00,16:21:00,2952356,54,1
7998126,,,2952350,55,0
7998126,16:25:00,16:25:00,2952351,56,1
7998126,,,2952352,57,0
7998126,16:27:00,16:27:00,2952338,58,1
7998127,16:27:00,16:27:00,2952338,0,1
7998127,,,2952339,1,0
7998127,,,2952340,2,0
7998127,,,2952341,3,0
7998127,,,2951171,4,0
7998127,16:30:00,16:30:00,2951172,5,1
7998127,,,2951173,6,0
7998127,,,2951174,7,0
7998127,,,2951175,8,0
7998127,,,2952342,9,0
7998127,,,2952343,10,0
7998127,16:35:00,16:35:00,2952344,11,1
7998127,,,2952345,12,0
7998127,,,2952346,13,0
7998127,,,2952347,14,0
7998127,,,2952348,15,0
7998127,,,2952349,16,0
7998127,,,2952350,17,0
7998127,16:41:00,16:41:00,2952351,18,1
7998127,,,2952352,19,0
7998127,,,2952353,20,0
7998127,,,2952355,21,0
7998127,16:50:00,16:50:00,2952356,22,1
7998127,,,2952357,23,0
7998127,,,2952358,24,0
7998127,,,2952359,25,0
7998127,16:56:00,16:56:00,2952360,26,1
7998127,,,2952361,27,0
7998127,,,2952362,28,0
7998127,,,2952363,29,0
7998127,,,2952364,30,0
7998127,,,2952365,31,0
7998127,,,2952366,32,0
7998127,,,2952367,33,0
7998127,,,2952368,34,0
7998127,,,2952369,35,0
7998127,,,2952370,36,0
7998127,17:08:00,17:08:00,2952371,37,1
7998127,,,2952372,38,0
7998127,,,2952373,39,0
7998127,,,2952374,40,0
7998127,,,2952375,41,0
7998127,,,2952376,42,0
7998127,,,2952377,43,0
7998127,,,2952378,44,0
7998127,,,2952379,45,0
7998127,,,2952380,46,0
7998127,,,2952381,47,0
7998127,,,2952359,48,0
7998127,17:14:00,17:14:00,2952360,49,1
7998127,,,2952382,50,0
7998127,,,2952383,51,0
7998127,,,2952384,52,0
7998127,,,2952355,53,0
7998127,17:21:00,17:21:00,2952356,54,1
7998127,,,2952350,55,0
7998127,17:25:00,17:25:00,2952351,56,1
7998127,,,2952352,57,0
7998127,17:27:00,17:27:00,2952338,58,1
7998128,17:27:00,17:27:00,2952338,0,1
7998128,,,2952339,1,0
7998128,,,2952340,2,0
7998128,,,2952341,3,0
7998128,,,2951171,4,0
7998128,17:30:00,17:30:00,2951172,5,1
7998128,,,2951173,6,0
7998128,,,2951174,7,0
7998128,,,2951175,8,0
7998128,,,2952342,9,0
7998128,,,2952343,10,0
7998128,17:35:00,17:35:00,2952344,11,1
7998128,,,2952345,12,0
7998128,,,2952346,13,0
7998128,,,2952347,14,0
7998128,,,2952348,15,0
7998128,,,2952349,16,0
7998128,,,2952350,17,0
7998128,17:41:00,17:41:00,2952351,18,1
7998128,,,2952352,19,0
7998128,,,2952353,20,0
7998128,,,2952355,21,0
7998128,17:50:00,17:50:00,2952356,22,1
7998128,,,2952357,23,0
7998128,,,2952358,24,0
7998128,,,2952359,25,0
7998128,17:56:00,17:56:00,2952360,26,1
7998128,,,2952361,27,0
7998128,,,2952362,28,0
7998128,,,2952363,29,0
7998128,,,2952364,30,0
7998128,,,2952365,31,0
7998128,,,2952366,32,0
7998128,,,2952367,33,0
7998128,,,2952368,34,0
7998128,,,2952369,35,0
7998128,,,2952370,36,0
7998128,18:08:00,18:08:00,2952371,37,1
7998128,,,2952372,38,0
7998128,,,2952373,39,0
7998128,,,2952374,40,0
7998128,,,2952375,41,0
7998128,,,2952376,42,0
7998128,,,2952377,43,0
7998128,,,2952378,44,0
7998128,,,2952379,45,0
7998128,,,2952380,46,0
7998128,,,2952381,47,0
7998128,,,2952359,48,0
7998128,18:14:00,18:14:00,2952360,49,1
7998128,,,2952382,50,0
7998128,,,2952383,51,0
7998128,,,2952384,52,0
7998128,,,2952355,53,0
7998128,18:21:00,18:21:00,2952356,54,1
7998128,,,2952350,55,0
7998128,18:25:00,18:25:00,2952351,56,1
7998128,,,2952352,57,0
7998128,18:27:00,18:27:00,2952338,58,1
7998129,18:27:00,18:27:00,2952338,0,1
7998129,,,2952339,1,0
7998129,,,2952340,2,0
7998129,,,2952341,3,0
7998129,,,2951171,4,0
7998129,18:30:00,18:30:00,2951172,5,1
7998129,,,2951173,6,0
7998129,,,2951174,7,0
7998129,,,2951175,8,0
7998129,,,2952342,9,0
7998129,,,2952343,10,0
7998129,18:35:00,18:35:00,2952344,11,1
7998129,,,2952345,12,0
7998129,,,2952346,13,0
7998129,,,2952347,14,0
7998129,,,2952348,15,0
7998129,,,2952349,16,0
7998129,,,2952350,17,0
7998129,18:41:00,18:41:00,2952351,18,1
7998129,,,2952352,19,0
7998129,,,2952353,20,0
7998129,,,2952355,21,0
7998129,18:50:00,18:50:00,2952356,22,1
7998129,,,2952357,23,0
7998129,,,2952358,24,0
7998129,,,2952359,25,0
7998129,18:56:00,18:56:00,2952360,26,1
7998129,,,2952361,27,0
7998129,,,2952362,28,0
7998129,,,2952363,29,0
7998129,,,2952364,30,0
7998129,,,2952365,31,0
7998129,,,2952366,32,0
7998129,,,2952367,33,0
7998129,,,2952368,34,0
7998129,,,2952369,35,0
7998129,,,2952370,36,0
7998129,19:08:00,19:08:00,2952371,37,1
7998129,,,2952372,38,0
7998129,,,2952373,39,0
7998129,,,2952374,40,0
7998129,,,2952375,41,0
7998129,,,2952376,42,0
7998129,,,2952377,43,0
7998129,,,2952378,44,0
7998129,,,2952379,45,0
7998129,,,2952380,46,0
7998129,,,2952381,47,0
7998129,,,2952359,48,0
7998129,19:14:00,19:14:00,2952360,49,1
7998129,,,2952382,50,0
7998129,,,2952383,51,0
7998129,,,2952384,52,0
7998129,,,2952355,53,0
7998129,19:21:00,19:21:00,2952356,54,1
7998129,,,2952350,55,0
7998129,19:25:00,19:25:00,2952351,56,1
7998129,,,2952352,57,0
7998129,19:27:00,19:27:00,2952338,58,1
7998130,06:25:00,06:25:00,2949500,0,1
7998130,,,2949501,1,0
7998130,,,2949502,2,0
7998130,06:30:00,06:30:00,2949503,3,1
7998130,,,2949504,4,0
7998130,,,2947029,5,0
7998130,,,2949505,6,0
7998130,,,2949506,7,0
7998130,,,2949507,8,0
7998130,06:34:00,06:34:00,2949491,9,1
7998130,,,2949509,10,0
7998130,,,2949510,11,0
7998130,,,2949511,12,0
7998130,,,2949512,13,0
7998130,,,2949513,14,0
7998130,,,2949514,15,0
7998130,,,2949515,16,0
7998130,,,2949516,17,0
7998130,,,2949517,18,0
7998130,,,2949518,19,0
7998130,,,2949519,20,0
7998130,,,2949520,21,0
7998130,,,2949521,22,0
7998130,06:41:00,06:41:00,2949522,23,1
7998130,,,2949523,24,0
7998130,,,2949524,25,0
7998130,,,2949525,26,0
7998130,,,2940594,27,0
7998130,,,2911892,28,0
7998130,,,2947000,29,0
7998130,,,2947001,30,0
7998130,06:47:00,06:47:00,2947053,31,1
7998130,,,2947055,32,0
7998130,,,2933832,33,0
7998130,,,2933833,34,0
7998130,,,2933834,35,0
7998130,07:00:00,07:00:00,2759335,36,1
7998131,06:55:00,06:55:00,2949500,0,1
7998131,,,2949501,1,0
7998131,,,2949502,2,0
7998131,07:00:00,07:00:00,2949503,3,1
7998131,,,2949504,4,0
7998131,,,2947029,5,0
7998131,,,2949505,6,0
7998131,,,2949506,7,0
7998131,,,2949507,8,0
7998131,07:04:00,07:04:00,2949491,9,1
7998131,,,2949509,10,0
7998131,,,2949510,11,0
7998131,,,2949511,12,0
7998131,,,2949512,13,0
7998131,,,2949513,14,0
7998131,,,2949514,15,0
7998131,,,2949515,16,0
7998131,,,2949516,17,0
7998131,,,2949517,18,0
7998131,,,2949518,19,0
7998131,,,2949519,20,0
7998131,,,2949520,21,0
7998131,,,2949521,22,0
7998131,07:11:00,07:11:00,2949522,23,1
7998131,,,2949523,24,0
7998131,,,2949524,25,0
7998131,,,2949525,26,0
7998131,,,2940594,27,0
7998131,,,2911892,28,0
7998131,,,2947000,29,0
7998131,,,2947001,30,0
7998131,07:17:00,07:17:00,2947053,31,1
7998131,,,2947055,32,0
7998131,,,2933832,33,0
7998131,,,2933833,34,0
7998131,,,2933834,35,0
7998131,07:30:00,07:30:00,2759335,36,1
7998133,17:40:00,17:40:00,2759346,0,1
7998133,,,2947148,1,0
7998133,,,2940569,2,0
7998133,,,2947150,3,0
7998133,,,2947151,4,0
7998133,,,2947152,5,0
7998133,17:44:00,17:44:00,2947153,6,1
7998133,,,2947154,7,0
7998133,,,2947155,8,0
7998133,,,2947156,9,0
7998133,,,2947157,10,0
7998133,,,2947158,11,0
7998133,,,2947159,12,0
7998133,,,2947160,13,0
7998133,,,2947161,14,0
7998133,,,2947162,15,0
7998133,,,2947163,16,0
7998133,,,2947164,17,0
7998133,,,2949489,18,0
7998133,,,2949490,19,0
7998133,17:49:00,17:49:00,2949491,20,1
7998133,,,2949492,21,0
7998133,,,2949493,22,0
7998133,,,2949494,23,0
7998133,,,2949495,24,0
7998133,,,2949496,25,0
7998133,,,2949497,26,0
7998133,,,2949498,27,0
7998133,,,2949499,28,0
7998133,17:55:00,17:55:00,2949500,29,1
7998133,,,2949501,30,0
7998133,,,2949502,31,0
7998133,18:00:00,18:00:00,2949503,32,1
7998132,23:10:00,23:10:00,2759346,0,1
7998132,,,2947148,1,0
7998132,,,2940569,2,0
7998132,,,2947150,3,0
7998132,,,2947151,4,0
7998132,,,2947152,5,0
7998132,23:14:00,23:14:00,2947153,6,1
7998132,,,2947154,7,0
7998132,,,2947155,8,0
7998132,,,2947156,9,0
7998132,,,2947157,10,0
7998132,,,2947158,11,0
7998132,,,2947159,12,0
7998132,,,2947160,13,0
7998132,,,2947161,14,0
7998132,,,2947162,15,0
7998132,,,2947163,16,0
7998132,,,2947164,17,0
7998132,,,2949489,18,0
7998132,,,2949490,19,0
7998132,23:19:00,23:19:00,2949491,20,1
7998132,,,2949492,21,0
7998132,,,2949493,22,0
7998132,,,2949494,23,0
7998132,,,2949495,24,0
7998132,,,2949496,25,0
7998132,,,2949497,26,0
7998132,,,2949498,27,0
7998132,,,2949499,28,0
7998132,23:25:00,23:25:00,2949500,29,1
7998132,,,2949501,30,0
7998132,,,2949502,31,0
7998132,23:30:00,23:30:00,2949503,32,1
7998134,07:25:00,07:25:00,2949500,0,1
7998134,,,2949501,1,0
7998134,07:30:00,07:30:00,2949502,2,1
7998134,,,2949503,3,0
7998134,,,2949504,4,0
7998134,,,2947029,5,0
7998134,,,2949505,6,0
7998134,,,2949506,7,0
7998134,07:34:00,07:34:00,2949507,8,1
7998134,,,2949509,9,0
7998134,,,2949510,10,0
7998134,,,2949511,11,0
7998134,,,2949512,12,0
7998134,,,2949513,13,0
7998134,,,2949514,14,0
7998134,,,2949515,15,0
7998134,,,2949516,16,0
7998134,,,2949517,17,0
7998134,,,2949518,18,0
7998134,,,2949519,19,0
7998134,,,2949520,20,0
7998134,,,2949521,21,0
7998134,07:41:00,07:41:00,2949522,22,1
7998134,,,2949523,23,0
7998134,,,2949524,24,0
7998134,,,2949525,25,0
7998134,,,2940594,26,0
7998134,,,2947000,27,0
7998134,,,2947001,28,0
7998134,07:47:00,07:47:00,2947053,29,1
7998134,,,2947055,30,0
7998134,,,2933832,31,0
7998134,,,2933833,32,0
7998134,,,2933834,33,0
7998134,08:00:00,08:00:00,2759335,34,1
7998135,08:10:00,08:10:00,2759346,0,1
7998135,,,2947148,1,0
7998135,,,2947149,2,0
7998135,,,2947150,3,0
7998135,,,2947151,4,0
7998135,,,2947152,5,0
7998135,08:14:00,08:14:00,2947153,6,1
7998135,,,2947154,7,0
7998135,,,2947155,8,0
7998135,,,2947156,9,0
7998135,,,2947157,10,0
7998135,,,2947158,11,0
7998135,,,2947159,12,0
7998135,,,2947160,13,0
7998135,,,2947161,14,0
7998135,,,2947162,15,0
7998135,,,2947163,16,0
7998135,,,2947164,17,0
7998135,,,2949489,18,0
7998135,,,2949490,19,0
7998135,,,2949491,20,0
7998135,08:19:00,08:19:00,2949492,21,1
7998135,,,2949493,22,0
7998135,,,2949494,23,0
7998135,,,2949495,24,0
7998135,,,2949496,25,0
7998135,,,2949497,26,0
7998135,,,2949498,27,0
7998135,,,2949499,28,0
7998135,08:25:00,08:25:00,2949500,29,1
7998135,,,2949501,30,0
7998135,,,2949502,31,0
7998135,08:30:00,08:30:00,2949503,32,1
7998135,,,2949504,33,0
7998135,,,2947029,34,0
7998135,,,2949505,35,0
7998135,,,2949506,36,0
7998135,08:34:00,08:34:00,2949507,37,1
7998135,,,2949509,38,0
7998135,,,2949510,39,0
7998135,,,2949511,40,0
7998135,,,2949512,41,0
7998135,,,2949513,42,0
7998135,,,2949514,43,0
7998135,,,2949515,44,0
7998135,,,2949516,45,0
7998135,,,2949517,46,0
7998135,,,2949518,47,0
7998135,,,2949519,48,0
7998135,,,2949520,49,0
7998135,,,2949521,50,0
7998135,08:41:00,08:41:00,2949522,51,1
7998135,,,2949523,52,0
7998135,,,2949524,53,0
7998135,,,2949525,54,0
7998135,,,2940594,55,0
7998135,,,2911892,56,0
7998135,,,2947000,57,0
7998135,,,2947001,58,0
7998135,08:47:00,08:47:00,2947053,59,1
7998135,,,2947055,60,0
7998135,,,2933831,61,0
7998135,,,2933832,62,0
7998135,,,2933833,63,0
7998135,,,2933834,64,0
7998135,09:00:00,09:00:00,2759335,65,1
7998136,09:10:00,09:10:00,2759346,0,1
7998136,,,2947148,1,0
7998136,,,2947149,2,0
7998136,,,2947150,3,0
7998136,,,2947151,4,0
7998136,,,2947152,5,0
7998136,09:14:00,09:14:00,2947153,6,1
7998136,,,2947154,7,0
7998136,,,2947155,8,0
7998136,,,2947156,9,0
7998136,,,2947157,10,0
7998136,,,2947158,11,0
7998136,,,2947159,12,0
7998136,,,2947160,13,0
7998136,,,2947161,14,0
7998136,,,2947162,15,0
7998136,,,2947163,16,0
7998136,,,2947164,17,0
7998136,,,2949489,18,0
7998136,,,2949490,19,0
7998136,,,2949491,20,0
7998136,09:19:00,09:19:00,2949492,21,1
7998136,,,2949493,22,0
7998136,,,2949494,23,0
7998136,,,2949495,24,0
7998136,,,2949496,25,0
7998136,,,2949497,26,0
7998136,,,2949498,27,0
7998136,,,2949499,28,0
7998136,09:25:00,09:25:00,2949500,29,1
7998136,,,2949501,30,0
7998136,,,2949502,31,0
7998136,09:30:00,09:30:00,2949503,32,1
7998136,,,2949504,33,0
7998136,,,2947029,34,0
7998136,,,2949505,35,0
7998136,,,2949506,36,0
7998136,09:34:00,09:34:00,2949507,37,1
7998136,,,2949509,38,0
7998136,,,2949510,39,0
7998136,,,2949511,40,0
7998136,,,2949512,41,0
7998136,,,2949513,42,0
7998136,,,2949514,43,0
7998136,,,2949515,44,0
7998136,,,2949516,45,0
7998136,,,2949517,46,0
7998136,,,2949518,47,0
7998136,,,2949519,48,0
7998136,,,2949520,49,0
7998136,,,2949521,50,0
7998136,09:41:00,09:41:00,2949522,51,1
7998136,,,2949523,52,0
7998136,,,2949524,53,0
7998136,,,2949525,54,0
7998136,,,2940594,55,0
7998136,,,2911892,56,0
7998136,,,2947000,57,0
7998136,,,2947001,58,0
7998136,09:47:00,09:47:00,2947053,59,1
7998136,,,2947055,60,0
7998136,,,2933831,61,0
7998136,,,2933832,62,0
7998136,,,2933833,63,0
7998136,,,2933834,64,0
7998136,10:00:00,10:00:00,2759335,65,1
7998137,10:10:00,10:10:00,2759346,0,1
7998137,,,2947148,1,0
7998137,,,2947149,2,0
7998137,,,2947150,3,0
7998137,,,2947151,4,0
7998137,,,2947152,5,0
7998137,10:14:00,10:14:00,2947153,6,1
7998137,,,2947154,7,0
7998137,,,2947155,8,0
7998137,,,2947156,9,0
7998137,,,2947157,10,0
7998137,,,2947158,11,0
7998137,,,2947159,12,0
7998137,,,2947160,13,0
7998137,,,2947161,14,0
7998137,,,2947162,15,0
7998137,,,2947163,16,0
7998137,,,2947164,17,0
7998137,,,2949489,18,0
7998137,,,2949490,19,0
7998137,,,2949491,20,0
7998137,10:19:00,10:19:00,2949492,21,1
7998137,,,2949493,22,0
7998137,,,2949494,23,0
7998137,,,2949495,24,0
7998137,,,2949496,25,0
7998137,,,2949497,26,0
7998137,,,2949498,27,0
7998137,,,2949499,28,0
7998137,10:25:00,10:25:00,2949500,29,1
7998137,,,2949501,30,0
7998137,,,2949502,31,0
7998137,10:30:00,10:30:00,2949503,32,1
7998137,,,2949504,33,0
7998137,,,2947029,34,0
7998137,,,2949505,35,0
7998137,,,2949506,36,0
7998137,10:34:00,10:34:00,2949507,37,1
7998137,,,2949509,38,0
7998137,,,2949510,39,0
7998137,,,2949511,40,0
7998137,,,2949512,41,0
7998137,,,2949513,42,0
7998137,,,2949514,43,0
7998137,,,2949515,44,0
7998137,,,2949516,45,0
7998137,,,2949517,46,0
7998137,,,2949518,47,0
7998137,,,2949519,48,0
7998137,,,2949520,49,0
7998137,,,2949521,50,0
7998137,10:41:00,10:41:00,2949522,51,1
7998137,,,2949523,52,0
7998137,,,2949524,53,0
7998137,,,2949525,54,0
7998137,,,2940594,55,0
7998137,,,2911892,56,0
7998137,,,2947000,57,0
7998137,,,2947001,58,0
7998137,10:47:00,10:47:00,2947053,59,1
7998137,,,2947055,60,0
7998137,,,2933831,61,0
7998137,,,2933832,62,0
7998137,,,2933833,63,0
7998137,,,2933834,64,0
7998137,11:00:00,11:00:00,2759335,65,1
7998138,11:10:00,11:10:00,2759346,0,1
7998138,,,2947148,1,0
7998138,,,2947149,2,0
7998138,,,2947150,3,0
7998138,,,2947151,4,0
7998138,,,2947152,5,0
7998138,11:14:00,11:14:00,2947153,6,1
7998138,,,2947154,7,0
7998138,,,2947155,8,0
7998138,,,2947156,9,0
7998138,,,2947157,10,0
7998138,,,2947158,11,0
7998138,,,2947159,12,0
7998138,,,2947160,13,0
7998138,,,2947161,14,0
7998138,,,2947162,15,0
7998138,,,2947163,16,0
7998138,,,2947164,17,0
7998138,,,2949489,18,0
7998138,,,2949490,19,0
7998138,,,2949491,20,0
7998138,11:19:00,11:19:00,2949492,21,1
7998138,,,2949493,22,0
7998138,,,2949494,23,0
7998138,,,2949495,24,0
7998138,,,2949496,25,0
7998138,,,2949497,26,0
7998138,,,2949498,27,0
7998138,,,2949499,28,0
7998138,11:25:00,11:25:00,2949500,29,1
7998138,,,2949501,30,0
7998138,,,2949502,31,0
7998138,11:30:00,11:30:00,2949503,32,1
7998138,,,2949504,33,0
7998138,,,2947029,34,0
7998138,,,2949505,35,0
7998138,,,2949506,36,0
7998138,11:34:00,11:34:00,2949507,37,1
7998138,,,2949509,38,0
7998138,,,2949510,39,0
7998138,,,2949511,40,0
7998138,,,2949512,41,0
7998138,,,2949513,42,0
7998138,,,2949514,43,0
7998138,,,2949515,44,0
7998138,,,2949516,45,0
7998138,,,2949517,46,0
7998138,,,2949518,47,0
7998138,,,2949519,48,0
7998138,,,2949520,49,0
7998138,,,2949521,50,0
7998138,11:41:00,11:41:00,2949522,51,1
7998138,,,2949523,52,0
7998138,,,2949524,53,0
7998138,,,2949525,54,0
7998138,,,2940594,55,0
7998138,,,2911892,56,0
7998138,,,2947000,57,0
7998138,,,2947001,58,0
7998138,11:47:00,11:47:00,2947053,59,1
7998138,,,2947055,60,0
7998138,,,2933831,61,0
7998138,,,2933832,62,0
7998138,,,2933833,63,0
7998138,,,2933834,64,0
7998138,12:00:00,12:00:00,2759335,65,1
7998139,12:10:00,12:10:00,2759346,0,1
7998139,,,2947148,1,0
7998139,,,2947149,2,0
7998139,,,2947150,3,0
7998139,,,2947151,4,0
7998139,,,2947152,5,0
7998139,12:14:00,12:14:00,2947153,6,1
7998139,,,2947154,7,0
7998139,,,2947155,8,0
7998139,,,2947156,9,0
7998139,,,2947157,10,0
7998139,,,2947158,11,0
7998139,,,2947159,12,0
7998139,,,2947160,13,0
7998139,,,2947161,14,0
7998139,,,2947162,15,0
7998139,,,2947163,16,0
7998139,,,2947164,17,0
7998139,,,2949489,18,0
7998139,,,2949490,19,0
7998139,,,2949491,20,0
7998139,12:19:00,12:19:00,2949492,21,1
7998139,,,2949493,22,0
7998139,,,2949494,23,0
7998139,,,2949495,24,0
7998139,,,2949496,25,0
7998139,,,2949497,26,0
7998139,,,2949498,27,0
7998139,,,2949499,28,0
7998139,12:25:00,12:25:00,2949500,29,1
7998139,,,2949501,30,0
7998139,,,2949502,31,0
7998139,12:30:00,12:30:00,2949503,32,1
7998139,,,2949504,33,0
7998139,,,2947029,34,0
7998139,,,2949505,35,0
7998139,,,2949506,36,0
7998139,12:34:00,12:34:00,2949507,37,1
7998139,,,2949509,38,0
7998139,,,2949510,39,0
7998139,,,2949511,40,0
7998139,,,2949512,41,0
7998139,,,2949513,42,0
7998139,,,2949514,43,0
7998139,,,2949515,44,0
7998139,,,2949516,45,0
7998139,,,2949517,46,0
7998139,,,2949518,47,0
7998139,,,2949519,48,0
7998139,,,2949520,49,0
7998139,,,2949521,50,0
7998139,12:41:00,12:41:00,2949522,51,1
7998139,,,2949523,52,0
7998139,,,2949524,53,0
7998139,,,2949525,54,0
7998139,,,2940594,55,0
7998139,,,2911892,56,0
7998139,,,2947000,57,0
7998139,,,2947001,58,0
7998139,12:47:00,12:47:00,2947053,59,1
7998139,,,2947055,60,0
7998139,,,2933831,61,0
7998139,,,2933832,62,0
7998139,,,2933833,63,0
7998139,,,2933834,64,0
7998139,13:00:00,13:00:00,2759335,65,1
7998140,13:10:00,13:10:00,2759346,0,1
7998140,,,2947148,1,0
7998140,,,2947149,2,0
7998140,,,2947150,3,0
7998140,,,2947151,4,0
7998140,,,2947152,5,0
7998140,13:14:00,13:14:00,2947153,6,1
7998140,,,2947154,7,0
7998140,,,2947155,8,0
7998140,,,2947156,9,0
7998140,,,2947157,10,0
7998140,,,2947158,11,0
7998140,,,2947159,12,0
7998140,,,2947160,13,0
7998140,,,2947161,14,0
7998140,,,2947162,15,0
7998140,,,2947163,16,0
7998140,,,2947164,17,0
7998140,,,2949489,18,0
7998140,,,2949490,19,0
7998140,,,2949491,20,0
7998140,13:19:00,13:19:00,2949492,21,1
7998140,,,2949493,22,0
7998140,,,2949494,23,0
7998140,,,2949495,24,0
7998140,,,2949496,25,0
7998140,,,2949497,26,0
7998140,,,2949498,27,0
7998140,,,2949499,28,0
7998140,13:25:00,13:25:00,2949500,29,1
7998140,,,2949501,30,0
7998140,,,2949502,31,0
7998140,13:30:00,13:30:00,2949503,32,1
7998140,,,2949504,33,0
7998140,,,2947029,34,0
7998140,,,2949505,35,0
7998140,,,2949506,36,0
7998140,13:34:00,13:34:00,2949507,37,1
7998140,,,2949509,38,0
7998140,,,2949510,39,0
7998140,,,2949511,40,0
7998140,,,2949512,41,0
7998140,,,2949513,42,0
7998140,,,2949514,43,0
7998140,,,2949515,44,0
7998140,,,2949516,45,0
7998140,,,2949517,46,0
7998140,,,2949518,47,0
7998140,,,2949519,48,0
7998140,,,2949520,49,0
7998140,,,2949521,50,0
7998140,13:41:00,13:41:00,2949522,51,1
7998140,,,2949523,52,0
7998140,,,2949524,53,0
7998140,,,2949525,54,0
7998140,,,2940594,55,0
7998140,,,2911892,56,0
7998140,,,2947000,57,0
7998140,,,2947001,58,0
7998140,13:47:00,13:47:00,2947053,59,1
7998140,,,2947055,60,0
7998140,,,2933831,61,0
7998140,,,2933832,62,0
7998140,,,2933833,63,0
7998140,,,2933834,64,0
7998140,14:00:00,14:00:00,2759335,65,1
7998141,14:10:00,14:10:00,2759346,0,1
7998141,,,2947148,1,0
7998141,,,2947149,2,0
7998141,,,2947150,3,0
7998141,,,2947151,4,0
7998141,,,2947152,5,0
7998141,14:14:00,14:14:00,2947153,6,1
7998141,,,2947154,7,0
7998141,,,2947155,8,0
7998141,,,2947156,9,0
7998141,,,2947157,10,0
7998141,,,2947158,11,0
7998141,,,2947159,12,0
7998141,,,2947160,13,0
7998141,,,2947161,14,0
7998141,,,2947162,15,0
7998141,,,2947163,16,0
7998141,,,2947164,17,0
7998141,,,2949489,18,0
7998141,,,2949490,19,0
7998141,,,2949491,20,0
7998141,14:19:00,14:19:00,2949492,21,1
7998141,,,2949493,22,0
7998141,,,2949494,23,0
7998141,,,2949495,24,0
7998141,,,2949496,25,0
7998141,,,2949497,26,0
7998141,,,2949498,27,0
7998141,,,2949499,28,0
7998141,14:25:00,14:25:00,2949500,29,1
7998141,,,2949501,30,0
7998141,,,2949502,31,0
7998141,14:30:00,14:30:00,2949503,32,1
7998141,,,2949504,33,0
7998141,,,2947029,34,0
7998141,,,2949505,35,0
7998141,,,2949506,36,0
7998141,14:34:00,14:34:00,2949507,37,1
7998141,,,2949509,38,0
7998141,,,2949510,39,0
7998141,,,2949511,40,0
7998141,,,2949512,41,0
7998141,,,2949513,42,0
7998141,,,2949514,43,0
7998141,,,2949515,44,0
7998141,,,2949516,45,0
7998141,,,2949517,46,0
7998141,,,2949518,47,0
7998141,,,2949519,48,0
7998141,,,2949520,49,0
7998141,,,2949521,50,0
7998141,14:41:00,14:41:00,2949522,51,1
7998141,,,2949523,52,0
7998141,,,2949524,53,0
7998141,,,2949525,54,0
7998141,,,2940594,55,0
7998141,,,2911892,56,0
7998141,,,2947000,57,0
7998141,,,2947001,58,0
7998141,14:47:00,14:47:00,2947053,59,1
7998141,,,2947055,60,0
7998141,,,2933831,61,0
7998141,,,2933832,62,0
7998141,,,2933833,63,0
7998141,,,2933834,64,0
7998141,15:00:00,15:00:00,2759335,65,1
7998142,15:10:00,15:10:00,2759346,0,1
7998142,,,2947148,1,0
7998142,,,2947149,2,0
7998142,,,2947150,3,0
7998142,,,2947151,4,0
7998142,,,2947152,5,0
7998142,15:14:00,15:14:00,2947153,6,1
7998142,,,2947154,7,0
7998142,,,2947155,8,0
7998142,,,2947156,9,0
7998142,,,2947157,10,0
7998142,,,2947158,11,0
7998142,,,2947159,12,0
7998142,,,2947160,13,0
7998142,,,2947161,14,0
7998142,,,2947162,15,0
7998142,,,2947163,16,0
7998142,,,2947164,17,0
7998142,,,2949489,18,0
7998142,,,2949490,19,0
7998142,,,2949491,20,0
7998142,15:19:00,15:19:00,2949492,21,1
7998142,,,2949493,22,0
7998142,,,2949494,23,0
7998142,,,2949495,24,0
7998142,,,2949496,25,0
7998142,,,2949497,26,0
7998142,,,2949498,27,0
7998142,,,2949499,28,0
7998142,15:25:00,15:25:00,2949500,29,1
7998142,,,2949501,30,0
7998142,,,2949502,31,0
7998142,15:30:00,15:30:00,2949503,32,1
7998142,,,2949504,33,0
7998142,,,2947029,34,0
7998142,,,2949505,35,0
7998142,,,2949506,36,0
7998142,15:34:00,15:34:00,2949507,37,1
7998142,,,2949509,38,0
7998142,,,2949510,39,0
7998142,,,2949511,40,0
7998142,,,2949512,41,0
7998142,,,2949513,42,0
7998142,,,2949514,43,0
7998142,,,2949515,44,0
7998142,,,2949516,45,0
7998142,,,2949517,46,0
7998142,,,2949518,47,0
7998142,,,2949519,48,0
7998142,,,2949520,49,0
7998142,,,2949521,50,0
7998142,15:41:00,15:41:00,2949522,51,1
7998142,,,2949523,52,0
7998142,,,2949524,53,0
7998142,,,2949525,54,0
7998142,,,2940594,55,0
7998142,,,2911892,56,0
7998142,,,2947000,57,0
7998142,,,2947001,58,0
7998142,15:47:00,15:47:00,2947053,59,1
7998142,,,2947055,60,0
7998142,,,2933831,61,0
7998142,,,2933832,62,0
7998142,,,2933833,63,0
7998142,,,2933834,64,0
7998142,16:00:00,16:00:00,2759335,65,1
7998143,16:10:00,16:10:00,2759346,0,1
7998143,,,2947148,1,0
7998143,,,2947149,2,0
7998143,,,2947150,3,0
7998143,,,2947151,4,0
7998143,,,2947152,5,0
7998143,16:14:00,16:14:00,2947153,6,1
7998143,,,2947154,7,0
7998143,,,2947155,8,0
7998143,,,2947156,9,0
7998143,,,2947157,10,0
7998143,,,2947158,11,0
7998143,,,2947159,12,0
7998143,,,2947160,13,0
7998143,,,2947161,14,0
7998143,,,2947162,15,0
7998143,,,2947163,16,0
7998143,,,2947164,17,0
7998143,,,2949489,18,0
7998143,,,2949490,19,0
7998143,,,2949491,20,0
7998143,16:19:00,16:19:00,2949492,21,1
7998143,,,2949493,22,0
7998143,,,2949494,23,0
7998143,,,2949495,24,0
7998143,,,2949496,25,0
7998143,,,2949497,26,0
7998143,,,2949498,27,0
7998143,,,2949499,28,0
7998143,16:25:00,16:25:00,2949500,29,1
7998143,,,2949501,30,0
7998143,,,2949502,31,0
7998143,16:30:00,16:30:00,2949503,32,1
7998143,,,2949504,33,0
7998143,,,2947029,34,0
7998143,,,2949505,35,0
7998143,,,2949506,36,0
7998143,16:34:00,16:34:00,2949507,37,1
7998143,,,2949509,38,0
7998143,,,2949510,39,0
7998143,,,2949511,40,0
7998143,,,2949512,41,0
7998143,,,2949513,42,0
7998143,,,2949514,43,0
7998143,,,2949515,44,0
7998143,,,2949516,45,0
7998143,,,2949517,46,0
7998143,,,2949518,47,0
7998143,,,2949519,48,0
7998143,,,2949520,49,0
7998143,,,2949521,50,0
7998143,16:41:00,16:41:00,2949522,51,1
7998143,,,2949523,52,0
7998143,,,2949524,53,0
7998143,,,2949525,54,0
7998143,,,2940594,55,0
7998143,,,2911892,56,0
7998143,,,2947000,57,0
7998143,,,2947001,58,0
7998143,16:47:00,16:47:00,2947053,59,1
7998143,,,2947055,60,0
7998143,,,2933831,61,0
7998143,,,2933832,62,0
7998143,,,2933833,63,0
7998143,,,2933834,64,0
7998143,17:00:00,17:00:00,2759335,65,1
7998144,17:10:00,17:10:00,2759346,0,1
7998144,,,2947148,1,0
7998144,,,2947149,2,0
7998144,,,2947150,3,0
7998144,,,2947151,4,0
7998144,,,2947152,5,0
7998144,17:14:00,17:14:00,2947153,6,1
7998144,,,2947154,7,0
7998144,,,2947155,8,0
7998144,,,2947156,9,0
7998144,,,2947157,10,0
7998144,,,2947158,11,0
7998144,,,2947159,12,0
7998144,,,2947160,13,0
7998144,,,2947161,14,0
7998144,,,2947162,15,0
7998144,,,2947163,16,0
7998144,,,2947164,17,0
7998144,,,2949489,18,0
7998144,,,2949490,19,0
7998144,,,2949491,20,0
7998144,17:19:00,17:19:00,2949492,21,1
7998144,,,2949493,22,0
7998144,,,2949494,23,0
7998144,,,2949495,24,0
7998144,,,2949496,25,0
7998144,,,2949497,26,0
7998144,,,2949498,27,0
7998144,,,2949499,28,0
7998144,17:25:00,17:25:00,2949500,29,1
7998144,,,2949501,30,0
7998144,,,2949502,31,0
7998144,17:30:00,17:30:00,2949503,32,1
7998144,,,2949504,33,0
7998144,,,2947029,34,0
7998144,,,2949505,35,0
7998144,,,2949506,36,0
7998144,17:34:00,17:34:00,2949507,37,1
7998144,,,2949509,38,0
7998144,,,2949510,39,0
7998144,,,2949511,40,0
7998144,,,2949512,41,0
7998144,,,2949513,42,0
7998144,,,2949514,43,0
7998144,,,2949515,44,0
7998144,,,2949516,45,0
7998144,,,2949517,46,0
7998144,,,2949518,47,0
7998144,,,2949519,48,0
7998144,,,2949520,49,0
7998144,,,2949521,50,0
7998144,17:41:00,17:41:00,2949522,51,1
7998144,,,2949523,52,0
7998144,,,2949524,53,0
7998144,,,2949525,54,0
7998144,,,2940594,55,0
7998144,,,2911892,56,0
7998144,,,2947000,57,0
7998144,,,2947001,58,0
7998144,17:47:00,17:47:00,2947053,59,1
7998144,,,2947055,60,0
7998144,,,2933831,61,0
7998144,,,2933832,62,0
7998144,,,2933833,63,0
7998144,,,2933834,64,0
7998144,18:00:00,18:00:00,2759335,65,1
7998145,18:10:00,18:10:00,2759346,0,1
7998145,,,2947148,1,0
7998145,,,2940569,2,0
7998145,,,2947150,3,0
7998145,,,2947151,4,0
7998145,,,2947152,5,0
7998145,18:14:00,18:14:00,2947153,6,1
7998145,,,2947154,7,0
7998145,,,2947155,8,0
7998145,,,2947156,9,0
7998145,,,2947157,10,0
7998145,,,2947158,11,0
7998145,,,2947159,12,0
7998145,,,2947160,13,0
7998145,,,2947161,14,0
7998145,,,2947162,15,0
7998145,,,2947163,16,0
7998145,,,2947164,17,0
7998145,,,2949489,18,0
7998145,,,2949490,19,0
7998145,18:19:00,18:19:00,2949491,20,1
7998145,,,2949492,21,0
7998145,,,2949493,22,0
7998145,,,2949494,23,0
7998145,,,2949495,24,0
7998145,,,2949496,25,0
7998145,,,2949497,26,0
7998145,,,2949498,27,0
7998145,,,2949499,28,0
7998145,18:25:00,18:25:00,2949500,29,1
7998145,,,2949501,30,0
7998145,,,2949502,31,0
7998145,18:30:00,18:30:00,2949503,32,1
7998146,07:35:00,07:35:00,2928707,0,1
7998146,,,2928708,1,0
7998146,,,2928708,2,0
7998146,,,2928709,3,0
7998146,,,2928710,4,0
7998146,,,2928711,5,0
7998146,,,2928712,6,0
7998146,,,2928713,7,0
7998146,,,2928714,8,0
7998146,,,2928715,9,0
7998146,,,2928716,10,0
7998146,07:41:00,07:41:00,2933815,11,1
7998146,,,2933816,12,0
7998146,,,2933817,13,0
7998146,,,2933818,14,0
7998146,,,2951183,15,0
7998146,,,2933835,16,0
7998146,07:46:00,07:46:00,2933836,17,1
7998146,,,2933819,18,0
7998146,,,2933820,19,0
7998146,,,2933821,20,0
7998146,,,2933822,21,0
7998146,,,2933823,22,0
7998146,07:51:00,07:51:00,2933824,23,1
7998146,,,2933825,24,0
7998146,,,2933826,25,0
7998146,,,2933827,26,0
7998146,,,2933828,27,0
7998146,,,2933829,28,0
7998146,,,2933830,29,0
7998146,,,2933831,30,0
7998146,,,2933832,31,0
7998146,,,2933833,32,0
7998146,,,2933834,33,0
7998146,08:02:00,08:02:00,2759335,34,1
7998147,08:10:00,08:10:00,2759346,0,1
7998147,,,2927977,1,0
7998147,,,2927978,2,0
7998147,,,2927979,3,0
7998147,,,2927980,4,0
7998147,,,2927981,5,0
7998147,,,2927982,6,0
7998147,08:15:00,08:15:00,2933837,7,1
7998147,,,2927983,8,0
7998147,,,2927984,9,0
7998147,,,2927985,10,0
7998147,,,2927986,11,0
7998147,08:21:00,08:21:00,2933838,12,1
7998147,,,2927987,13,0
7998147,08:26:00,08:26:00,2927988,14,1
7998147,,,2927989,15,0
7998147,,,2927990,16,0
7998147,,,2927991,17,0
7998147,,,2927992,18,0
7998147,,,2927993,19,0
7998147,,,2928387,20,0
7998147,,,2928388,21,0
7998147,,,2928389,22,0
7998147,,,2928702,23,0
7998147,,,2928703,24,0
7998147,,,2928704,25,0
7998147,,,2928705,26,0
7998147,08:30:00,08:30:00,2759362,27,1
7998147,08:35:00,08:35:00,2928707,28,1
7998147,,,2928708,29,0
7998147,,,2928709,30,0
7998147,,,2928710,31,0
7998147,,,2928711,32,0
7998147,,,2928712,33,0
7998147,,,2928713,34,0
7998147,,,2928714,35,0
7998147,,,2928715,36,0
7998147,,,2928716,37,0
7998147,08:41:00,08:41:00,2933815,38,1
7998147,,,2933816,39,0
7998147,,,2933817,40,0
7998147,,,2933818,41,0
7998147,,,2933835,42,0
7998147,08:46:00,08:46:00,2933836,43,1
7998147,,,2933819,44,0
7998147,,,2933820,45,0
7998147,,,2933821,46,0
7998147,,,2933822,47,0
7998147,,,2933823,48,0
7998147,08:51:00,08:51:00,2933824,49,1
7998147,,,2933825,50,0
7998147,,,2933826,51,0
7998147,,,2933827,52,0
7998147,,,2933828,53,0
7998147,,,2933829,54,0
7998147,,,2933830,55,0
7998147,,,2933831,56,0
7998147,,,2933832,57,0
7998147,,,2933833,58,0
7998147,,,2933834,59,0
7998147,09:02:00,09:02:00,2759335,60,1
7998148,09:10:00,09:10:00,2759346,0,1
7998148,,,2927977,1,0
7998148,,,2927978,2,0
7998148,,,2927979,3,0
7998148,,,2927980,4,0
7998148,,,2927981,5,0
7998148,,,2927982,6,0
7998148,09:15:00,09:15:00,2933837,7,1
7998148,,,2927983,8,0
7998148,,,2927984,9,0
7998148,,,2927985,10,0
7998148,,,2927986,11,0
7998148,09:21:00,09:21:00,2933838,12,1
7998148,,,2927987,13,0
7998148,09:26:00,09:26:00,2927988,14,1
7998148,,,2927989,15,0
7998148,,,2927990,16,0
7998148,,,2927991,17,0
7998148,,,2927992,18,0
7998148,,,2927993,19,0
7998148,,,2928387,20,0
7998148,,,2928388,21,0
7998148,,,2928389,22,0
7998148,,,2928702,23,0
7998148,,,2928703,24,0
7998148,,,2928704,25,0
7998148,,,2928705,26,0
7998148,09:30:00,09:30:00,2759362,27,1
7998148,09:35:00,09:35:00,2928707,28,1
7998148,,,2928708,29,0
7998148,,,2928709,30,0
7998148,,,2928710,31,0
7998148,,,2928711,32,0
7998148,,,2928712,33,0
7998148,,,2928713,34,0
7998148,,,2928714,35,0
7998148,,,2928715,36,0
7998148,,,2928716,37,0
7998148,09:41:00,09:41:00,2933815,38,1
7998148,,,2933816,39,0
7998148,,,2933817,40,0
7998148,,,2933818,41,0
7998148,,,2933835,42,0
7998148,09:46:00,09:46:00,2933836,43,1
7998148,,,2933819,44,0
7998148,,,2933820,45,0
7998148,,,2933821,46,0
7998148,,,2933822,47,0
7998148,,,2933823,48,0
7998148,09:51:00,09:51:00,2933824,49,1
7998148,,,2933825,50,0
7998148,,,2933826,51,0
7998148,,,2933827,52,0
7998148,,,2933828,53,0
7998148,,,2933829,54,0
7998148,,,2933830,55,0
7998148,,,2933831,56,0
7998148,,,2933832,57,0
7998148,,,2933833,58,0
7998148,,,2933834,59,0
7998148,10:02:00,10:02:00,2759335,60,1
7998149,10:10:00,10:10:00,2759346,0,1
7998149,,,2927977,1,0
7998149,,,2927978,2,0
7998149,,,2927979,3,0
7998149,,,2927980,4,0
7998149,,,2927981,5,0
7998149,,,2927982,6,0
7998149,10:15:00,10:15:00,2933837,7,1
7998149,,,2927983,8,0
7998149,,,2927984,9,0
7998149,,,2927985,10,0
7998149,,,2927986,11,0
7998149,10:21:00,10:21:00,2933838,12,1
7998149,,,2927987,13,0
7998149,10:26:00,10:26:00,2927988,14,1
7998149,,,2927989,15,0
7998149,,,2927990,16,0
7998149,,,2927991,17,0
7998149,,,2927992,18,0
7998149,,,2927993,19,0
7998149,,,2928387,20,0
7998149,,,2928388,21,0
7998149,,,2928389,22,0
7998149,,,2928702,23,0
7998149,,,2928703,24,0
7998149,,,2928704,25,0
7998149,,,2928705,26,0
7998149,10:30:00,10:30:00,2759362,27,1
7998149,10:35:00,10:35:00,2928707,28,1
7998149,,,2928708,29,0
7998149,,,2928709,30,0
7998149,,,2928710,31,0
7998149,,,2928711,32,0
7998149,,,2928712,33,0
7998149,,,2928713,34,0
7998149,,,2928714,35,0
7998149,,,2928715,36,0
7998149,,,2928716,37,0
7998149,10:41:00,10:41:00,2933815,38,1
7998149,,,2933816,39,0
7998149,,,2933817,40,0
7998149,,,2933818,41,0
7998149,,,2933835,42,0
7998149,10:46:00,10:46:00,2933836,43,1
7998149,,,2933819,44,0
7998149,,,2933820,45,0
7998149,,,2933821,46,0
7998149,,,2933822,47,0
7998149,,,2933823,48,0
7998149,10:51:00,10:51:00,2933824,49,1
7998149,,,2933825,50,0
7998149,,,2933826,51,0
7998149,,,2933827,52,0
7998149,,,2933828,53,0
7998149,,,2933829,54,0
7998149,,,2933830,55,0
7998149,,,2933831,56,0
7998149,,,2933832,57,0
7998149,,,2933833,58,0
7998149,,,2933834,59,0
7998149,11:02:00,11:02:00,2759335,60,1
7998150,11:10:00,11:10:00,2759346,0,1
7998150,,,2927977,1,0
7998150,,,2927978,2,0
7998150,,,2927979,3,0
7998150,,,2927980,4,0
7998150,,,2927981,5,0
7998150,,,2927982,6,0
7998150,11:15:00,11:15:00,2933837,7,1
7998150,,,2927983,8,0
7998150,,,2927984,9,0
7998150,,,2927985,10,0
7998150,,,2927986,11,0
7998150,11:21:00,11:21:00,2933838,12,1
7998150,,,2927987,13,0
7998150,11:26:00,11:26:00,2927988,14,1
7998150,,,2927989,15,0
7998150,,,2927990,16,0
7998150,,,2927991,17,0
7998150,,,2927992,18,0
7998150,,,2927993,19,0
7998150,,,2928387,20,0
7998150,,,2928388,21,0
7998150,,,2928389,22,0
7998150,,,2928702,23,0
7998150,,,2928703,24,0
7998150,,,2928704,25,0
7998150,,,2928705,26,0
7998150,11:30:00,11:30:00,2759362,27,1
7998150,11:35:00,11:35:00,2928707,28,1
7998150,,,2928708,29,0
7998150,,,2928709,30,0
7998150,,,2928710,31,0
7998150,,,2928711,32,0
7998150,,,2928712,33,0
7998150,,,2928713,34,0
7998150,,,2928714,35,0
7998150,,,2928715,36,0
7998150,,,2928716,37,0
7998150,11:41:00,11:41:00,2933815,38,1
7998150,,,2933816,39,0
7998150,,,2933817,40,0
7998150,,,2933818,41,0
7998150,,,2933835,42,0
7998150,11:46:00,11:46:00,2933836,43,1
7998150,,,2933819,44,0
7998150,,,2933820,45,0
7998150,,,2933821,46,0
7998150,,,2933822,47,0
7998150,,,2933823,48,0
7998150,11:51:00,11:51:00,2933824,49,1
7998150,,,2933825,50,0
7998150,,,2933826,51,0
7998150,,,2933827,52,0
7998150,,,2933828,53,0
7998150,,,2933829,54,0
7998150,,,2933830,55,0
7998150,,,2933831,56,0
7998150,,,2933832,57,0
7998150,,,2933833,58,0
7998150,,,2933834,59,0
7998150,12:02:00,12:02:00,2759335,60,1
7998151,12:10:00,12:10:00,2759346,0,1
7998151,,,2927977,1,0
7998151,,,2927978,2,0
7998151,,,2927979,3,0
7998151,,,2927980,4,0
7998151,,,2927981,5,0
7998151,,,2927982,6,0
7998151,12:15:00,12:15:00,2933837,7,1
7998151,,,2927983,8,0
7998151,,,2927984,9,0
7998151,,,2927985,10,0
7998151,,,2927986,11,0
7998151,12:21:00,12:21:00,2933838,12,1
7998151,,,2927987,13,0
7998151,12:26:00,12:26:00,2927988,14,1
7998151,,,2927989,15,0
7998151,,,2927990,16,0
7998151,,,2927991,17,0
7998151,,,2927992,18,0
7998151,,,2927993,19,0
7998151,,,2928387,20,0
7998151,,,2928388,21,0
7998151,,,2928389,22,0
7998151,,,2928702,23,0
7998151,,,2928703,24,0
7998151,,,2928704,25,0
7998151,,,2928705,26,0
7998151,12:30:00,12:30:00,2759362,27,1
7998151,12:35:00,12:35:00,2928707,28,1
7998151,,,2928708,29,0
7998151,,,2928709,30,0
7998151,,,2928710,31,0
7998151,,,2928711,32,0
7998151,,,2928712,33,0
7998151,,,2928713,34,0
7998151,,,2928714,35,0
7998151,,,2928715,36,0
7998151,,,2928716,37,0
7998151,12:41:00,12:41:00,2933815,38,1
7998151,,,2933816,39,0
7998151,,,2933817,40,0
7998151,,,2933818,41,0
7998151,,,2933835,42,0
7998151,12:46:00,12:46:00,2933836,43,1
7998151,,,2933819,44,0
7998151,,,2933820,45,0
7998151,,,2933821,46,0
7998151,,,2933822,47,0
7998151,,,2933823,48,0
7998151,12:51:00,12:51:00,2933824,49,1
7998151,,,2933825,50,0
7998151,,,2933826,51,0
7998151,,,2933827,52,0
7998151,,,2933828,53,0
7998151,,,2933829,54,0
7998151,,,2933830,55,0
7998151,,,2933831,56,0
7998151,,,2933832,57,0
7998151,,,2933833,58,0
7998151,,,2933834,59,0
7998151,13:02:00,13:02:00,2759335,60,1
7998152,13:10:00,13:10:00,2759346,0,1
7998152,,,2927977,1,0
7998152,,,2927978,2,0
7998152,,,2927979,3,0
7998152,,,2927980,4,0
7998152,,,2927981,5,0
7998152,,,2927982,6,0
7998152,13:15:00,13:15:00,2933837,7,1
7998152,,,2927983,8,0
7998152,,,2927984,9,0
7998152,,,2927985,10,0
7998152,,,2927986,11,0
7998152,13:21:00,13:21:00,2933838,12,1
7998152,,,2927987,13,0
7998152,13:26:00,13:26:00,2927988,14,1
7998152,,,2927989,15,0
7998152,,,2927990,16,0
7998152,,,2927991,17,0
7998152,,,2927992,18,0
7998152,,,2927993,19,0
7998152,,,2928387,20,0
7998152,,,2928388,21,0
7998152,,,2928389,22,0
7998152,,,2928702,23,0
7998152,,,2928703,24,0
7998152,,,2928704,25,0
7998152,,,2928705,26,0
7998152,13:30:00,13:30:00,2759362,27,1
7998152,13:35:00,13:35:00,2928707,28,1
7998152,,,2928708,29,0
7998152,,,2928709,30,0
7998152,,,2928710,31,0
7998152,,,2928711,32,0
7998152,,,2928712,33,0
7998152,,,2928713,34,0
7998152,,,2928714,35,0
7998152,,,2928715,36,0
7998152,,,2928716,37,0
7998152,13:41:00,13:41:00,2933815,38,1
7998152,,,2933816,39,0
7998152,,,2933817,40,0
7998152,,,2933818,41,0
7998152,,,2933835,42,0
7998152,13:46:00,13:46:00,2933836,43,1
7998152,,,2933819,44,0
7998152,,,2933820,45,0
7998152,,,2933821,46,0
7998152,,,2933822,47,0
7998152,,,2933823,48,0
7998152,13:51:00,13:51:00,2933824,49,1
7998152,,,2933825,50,0
7998152,,,2933826,51,0
7998152,,,2933827,52,0
7998152,,,2933828,53,0
7998152,,,2933829,54,0
7998152,,,2933830,55,0
7998152,,,2933831,56,0
7998152,,,2933832,57,0
7998152,,,2933833,58,0
7998152,,,2933834,59,0
7998152,14:02:00,14:02:00,2759335,60,1
7998153,14:10:00,14:10:00,2759346,0,1
7998153,,,2927977,1,0
7998153,,,2927978,2,0
7998153,,,2927979,3,0
7998153,,,2927980,4,0
7998153,,,2927981,5,0
7998153,,,2927982,6,0
7998153,14:15:00,14:15:00,2933837,7,1
7998153,,,2927983,8,0
7998153,,,2927984,9,0
7998153,,,2927985,10,0
7998153,,,2927986,11,0
7998153,14:21:00,14:21:00,2933838,12,1
7998153,,,2927987,13,0
7998153,14:26:00,14:26:00,2927988,14,1
7998153,,,2927989,15,0
7998153,,,2927990,16,0
7998153,,,2927991,17,0
7998153,,,2927992,18,0
7998153,,,2927993,19,0
7998153,,,2928387,20,0
7998153,,,2928388,21,0
7998153,,,2928389,22,0
7998153,,,2928702,23,0
7998153,,,2928703,24,0
7998153,,,2928704,25,0
7998153,,,2928705,26,0
7998153,14:30:00,14:30:00,2759362,27,1
7998153,14:35:00,14:35:00,2928707,28,1
7998153,,,2928708,29,0
7998153,,,2928709,30,0
7998153,,,2928710,31,0
7998153,,,2928711,32,0
7998153,,,2928712,33,0
7998153,,,2928713,34,0
7998153,,,2928714,35,0
7998153,,,2928715,36,0
7998153,,,2928716,37,0
7998153,14:41:00,14:41:00,2933815,38,1
7998153,,,2933816,39,0
7998153,,,2933817,40,0
7998153,,,2933818,41,0
7998153,,,2933835,42,0
7998153,14:46:00,14:46:00,2933836,43,1
7998153,,,2933819,44,0
7998153,,,2933820,45,0
7998153,,,2933821,46,0
7998153,,,2933822,47,0
7998153,,,2933823,48,0
7998153,14:51:00,14:51:00,2933824,49,1
7998153,,,2933825,50,0
7998153,,,2933826,51,0
7998153,,,2933827,52,0
7998153,,,2933828,53,0
7998153,,,2933829,54,0
7998153,,,2933830,55,0
7998153,,,2933831,56,0
7998153,,,2933832,57,0
7998153,,,2933833,58,0
7998153,,,2933834,59,0
7998153,15:02:00,15:02:00,2759335,60,1
7998154,15:10:00,15:10:00,2759346,0,1
7998154,,,2927977,1,0
7998154,,,2927978,2,0
7998154,,,2927979,3,0
7998154,,,2927980,4,0
7998154,,,2927981,5,0
7998154,,,2927982,6,0
7998154,15:15:00,15:15:00,2933837,7,1
7998154,,,2927983,8,0
7998154,,,2927984,9,0
7998154,,,2927985,10,0
7998154,,,2927986,11,0
7998154,15:21:00,15:21:00,2933838,12,1
7998154,,,2927987,13,0
7998154,15:26:00,15:26:00,2927988,14,1
7998154,,,2927989,15,0
7998154,,,2927990,16,0
7998154,,,2927991,17,0
7998154,,,2927992,18,0
7998154,,,2927993,19,0
7998154,,,2928387,20,0
7998154,,,2928388,21,0
7998154,,,2928389,22,0
7998154,,,2928702,23,0
7998154,,,2928703,24,0
7998154,,,2928704,25,0
7998154,,,2928705,26,0
7998154,15:30:00,15:30:00,2759362,27,1
7998154,15:35:00,15:35:00,2928707,28,1
7998154,,,2928708,29,0
7998154,,,2928709,30,0
7998154,,,2928710,31,0
7998154,,,2928711,32,0
7998154,,,2928712,33,0
7998154,,,2928713,34,0
7998154,,,2928714,35,0
7998154,,,2928715,36,0
7998154,,,2928716,37,0
7998154,15:41:00,15:41:00,2933815,38,1
7998154,,,2933816,39,0
7998154,,,2933817,40,0
7998154,,,2933818,41,0
7998154,,,2933835,42,0
7998154,15:46:00,15:46:00,2933836,43,1
7998154,,,2933819,44,0
7998154,,,2933820,45,0
7998154,,,2933821,46,0
7998154,,,2933822,47,0
7998154,,,2933823,48,0
7998154,15:51:00,15:51:00,2933824,49,1
7998154,,,2933825,50,0
7998154,,,2933826,51,0
7998154,,,2933827,52,0
7998154,,,2933828,53,0
7998154,,,2933829,54,0
7998154,,,2933830,55,0
7998154,,,2933831,56,0
7998154,,,2933832,57,0
7998154,,,2933833,58,0
7998154,,,2933834,59,0
7998154,16:02:00,16:02:00,2759335,60,1
7998155,16:10:00,16:10:00,2759346,0,1
7998155,,,2927977,1,0
7998155,,,2927978,2,0
7998155,,,2927979,3,0
7998155,,,2927980,4,0
7998155,,,2927981,5,0
7998155,,,2927982,6,0
7998155,16:15:00,16:15:00,2933837,7,1
7998155,,,2927983,8,0
7998155,,,2927984,9,0
7998155,,,2927985,10,0
7998155,,,2927986,11,0
7998155,16:21:00,16:21:00,2933838,12,1
7998155,,,2927987,13,0
7998155,16:26:00,16:26:00,2927988,14,1
7998155,,,2927989,15,0
7998155,,,2927990,16,0
7998155,,,2927991,17,0
7998155,,,2927992,18,0
7998155,,,2927993,19,0
7998155,,,2928387,20,0
7998155,,,2928388,21,0
7998155,,,2928389,22,0
7998155,,,2928702,23,0
7998155,,,2928703,24,0
7998155,,,2928704,25,0
7998155,,,2928705,26,0
7998155,16:30:00,16:30:00,2759362,27,1
7998155,16:35:00,16:35:00,2928707,28,1
7998155,,,2928708,29,0
7998155,,,2928709,30,0
7998155,,,2928710,31,0
7998155,,,2928711,32,0
7998155,,,2928712,33,0
7998155,,,2928713,34,0
7998155,,,2928714,35,0
7998155,,,2928715,36,0
7998155,,,2928716,37,0
7998155,16:41:00,16:41:00,2933815,38,1
7998155,,,2933816,39,0
7998155,,,2933817,40,0
7998155,,,2933818,41,0
7998155,,,2933835,42,0
7998155,16:46:00,16:46:00,2933836,43,1
7998155,,,2933819,44,0
7998155,,,2933820,45,0
7998155,,,2933821,46,0
7998155,,,2933822,47,0
7998155,,,2933823,48,0
7998155,16:51:00,16:51:00,2933824,49,1
7998155,,,2933825,50,0
7998155,,,2933826,51,0
7998155,,,2933827,52,0
7998155,,,2933828,53,0
7998155,,,2933829,54,0
7998155,,,2933830,55,0
7998155,,,2933831,56,0
7998155,,,2933832,57,0
7998155,,,2933833,58,0
7998155,,,2933834,59,0
7998155,17:02:00,17:02:00,2759335,60,1
7998156,17:10:00,17:10:00,2759346,0,1
7998156,,,2927977,1,0
7998156,,,2927978,2,0
7998156,,,2927979,3,0
7998156,,,2927980,4,0
7998156,,,2927981,5,0
7998156,,,2927982,6,0
7998156,17:15:00,17:15:00,2933837,7,1
7998156,,,2927983,8,0
7998156,,,2927984,9,0
7998156,,,2927985,10,0
7998156,,,2927986,11,0
7998156,17:21:00,17:21:00,2933838,12,1
7998156,,,2927987,13,0
7998156,17:26:00,17:26:00,2927988,14,1
7998156,,,2927989,15,0
7998156,,,2927990,16,0
7998156,,,2927991,17,0
7998156,,,2927992,18,0
7998156,,,2927993,19,0
7998156,,,2928387,20,0
7998156,,,2928388,21,0
7998156,,,2928389,22,0
7998156,,,2928702,23,0
7998156,,,2928703,24,0
7998156,,,2928704,25,0
7998156,,,2928705,26,0
7998156,17:30:00,17:30:00,2759362,27,1
7998156,17:35:00,17:35:00,2928707,28,1
7998156,,,2928708,29,0
7998156,,,2928709,30,0
7998156,,,2928710,31,0
7998156,,,2928711,32,0
7998156,,,2928712,33,0
7998156,,,2928713,34,0
7998156,,,2928714,35,0
7998156,,,2928715,36,0
7998156,,,2928716,37,0
7998156,17:41:00,17:41:00,2933815,38,1
7998156,,,2933816,39,0
7998156,,,2933817,40,0
7998156,,,2933818,41,0
7998156,,,2933835,42,0
7998156,17:46:00,17:46:00,2933836,43,1
7998156,,,2933819,44,0
7998156,,,2933820,45,0
7998156,,,2933821,46,0
7998156,,,2933822,47,0
7998156,,,2933823,48,0
7998156,17:51:00,17:51:00,2933824,49,1
7998156,,,2933825,50,0
7998156,,,2933826,51,0
7998156,,,2933827,52,0
7998156,,,2933828,53,0
7998156,,,2933829,54,0
7998156,,,2933830,55,0
7998156,,,2933831,56,0
7998156,,,2933832,57,0
7998156,,,2933833,58,0
7998156,,,2933834,59,0
7998156,18:02:00,18:02:00,2759335,60,1
7998157,18:10:00,18:10:00,2759346,0,1
7998157,,,2927977,1,0
7998157,,,2927978,2,0
7998157,,,2927979,3,0
7998157,,,2927980,4,0
7998157,,,2927981,5,0
7998157,,,2927982,6,0
7998157,18:15:00,18:15:00,2933837,7,1
7998157,,,2927983,8,0
7998157,,,2927984,9,0
7998157,,,2927985,10,0
7998157,,,2927986,11,0
7998157,18:21:00,18:21:00,2933838,12,1
7998157,,,2927987,13,0
7998157,18:26:00,18:26:00,2927988,14,1
7998157,,,2927989,15,0
7998157,,,2927990,16,0
7998157,,,2927991,17,0
7998157,,,2927992,18,0
7998157,,,2927993,19,0
7998157,,,2928387,20,0
7998157,,,2928388,21,0
7998157,,,2928389,22,0
7998157,,,2928702,23,0
7998157,,,2928703,24,0
7998157,,,2928704,25,0
7998157,,,2928705,26,0
7998157,18:30:00,18:30:00,2928706,27,1
7998157,,,2928707,28,0
7998157,18:35:00,18:35:00,2928708,29,1
7998158,18:27:00,18:27:00,2952338,0,1
7998158,,,2952339,1,0
7998158,,,2952340,2,0
7998158,,,2952341,3,0
7998158,,,2951171,4,0
7998158,18:30:00,18:30:00,2951172,5,1
7998158,,,2951173,6,0
7998158,,,2951174,7,0
7998158,,,2951175,8,0
7998158,,,2952342,9,0
7998158,,,2952343,10,0
7998158,18:35:00,18:35:00,2952344,11,1
7998158,,,2952345,12,0
7998158,,,2952346,13,0
7998158,,,2952347,14,0
7998158,,,2952348,15,0
7998158,,,2952349,16,0
7998158,,,2952350,17,0
7998158,18:41:00,18:41:00,2952351,18,1
7998158,,,2952352,19,0
7998158,,,2952353,20,0
7998158,,,2952355,21,0
7998158,18:50:00,18:50:00,2952356,22,1
7998158,,,2952357,23,0
7998158,,,2952358,24,0
7998158,,,2952359,25,0
7998158,18:56:00,18:56:00,2952360,26,1
7998158,,,2952361,27,0
7998158,,,2952362,28,0
7998158,,,2952363,29,0
7998158,,,2952364,30,0
7998158,,,2952365,31,0
7998158,,,2952366,32,0
7998158,,,2952367,33,0
7998158,,,2952368,34,0
7998158,,,2952369,35,0
7998158,,,2952370,36,0
7998158,19:08:00,19:08:00,2952371,37,1
7998159,07:10:00,07:10:00,2759346,0,1
7998159,,,2947000,1,0
7998159,,,2947001,2,0
7998159,,,2947002,3,0
7998159,,,2947003,4,0
7998159,,,2947004,5,0
7998159,07:16:00,07:16:00,2947050,6,1
7998159,,,2947051,7,0
7998159,,,2947052,8,0
7998159,,,2947053,9,0
7998159,,,2947054,10,0
7998159,07:21:00,07:21:00,2927980,11,1
7998159,,,2927981,12,0
7998159,,,2927982,13,0
7998159,,,2949775,14,0
7998159,,,2949776,15,0
7998159,,,2949777,16,0
7998159,,,2949778,17,0
7998159,07:26:00,07:26:00,2949779,18,1
7998159,,,2949780,19,0
7998159,,,2949781,20,0
7998159,07:30:00,07:30:00,2952385,21,1
7998159,07:32:00,07:32:00,2952386,22,1
7998159,07:38:00,07:38:00,2949779,23,1
7998159,,,2951177,24,0
7998159,,,2951178,25,0
7998159,,,2951179,26,0
7998159,,,2951180,27,0
7998159,,,2933825,28,0
7998159,,,2933826,29,0
7998159,07:42:00,07:42:00,2933827,30,1
7998159,,,2933829,31,0
7998159,,,2951181,32,0
7998159,,,2940568,33,0
7998159,07:47:00,07:47:00,2759335,34,1
7998160,08:10:00,08:10:00,2759346,0,1
7998160,,,2947000,1,0
7998160,,,2947001,2,0
7998160,,,2947002,3,0
7998160,,,2947003,4,0
7998160,,,2947004,5,0
7998160,08:16:00,08:16:00,2947050,6,1
7998160,,,2947051,7,0
7998160,,,2947052,8,0
7998160,,,2947053,9,0
7998160,,,2947054,10,0
7998160,08:21:00,08:21:00,2927980,11,1
7998160,,,2927981,12,0
7998160,,,2927982,13,0
7998160,,,2949775,14,0
7998160,,,2949776,15,0
7998160,,,2949777,16,0
7998160,,,2949778,17,0
7998160,08:26:00,08:26:00,2949779,18,1
7998160,,,2949780,19,0
7998160,,,2949781,20,0
7998160,08:30:00,08:30:00,2952385,21,1
7998160,08:32:00,08:32:00,2952386,22,1
7998160,08:38:00,08:38:00,2949779,23,1
7998160,,,2951177,24,0
7998160,,,2951178,25,0
7998160,,,2951179,26,0
7998160,,,2951180,27,0
7998160,,,2933825,28,0
7998160,,,2933826,29,0
7998160,08:42:00,08:42:00,2933827,30,1
7998160,,,2933829,31,0
7998160,,,2951181,32,0
7998160,,,2940568,33,0
7998160,08:47:00,08:47:00,2759335,34,1
7998161,09:10:00,09:10:00,2759346,0,1
7998161,,,2947000,1,0
7998161,,,2947001,2,0
7998161,,,2947002,3,0
7998161,,,2947003,4,0
7998161,,,2947004,5,0
7998161,09:16:00,09:16:00,2947050,6,1
7998161,,,2947051,7,0
7998161,,,2947052,8,0
7998161,,,2947053,9,0
7998161,,,2947054,10,0
7998161,09:21:00,09:21:00,2927980,11,1
7998161,,,2927981,12,0
7998161,,,2927982,13,0
7998161,,,2949775,14,0
7998161,,,2949776,15,0
7998161,,,2949777,16,0
7998161,,,2949778,17,0
7998161,09:26:00,09:26:00,2949779,18,1
7998161,,,2949780,19,0
7998161,,,2949781,20,0
7998161,09:30:00,09:30:00,2952385,21,1
7998161,09:32:00,09:32:00,2952386,22,1
7998161,09:38:00,09:38:00,2949779,23,1
7998161,,,2951177,24,0
7998161,,,2951178,25,0
7998161,,,2951179,26,0
7998161,,,2951180,27,0
7998161,,,2933825,28,0
7998161,,,2933826,29,0
7998161,09:42:00,09:42:00,2933827,30,1
7998161,,,2933829,31,0
7998161,,,2951181,32,0
7998161,,,2940568,33,0
7998161,09:47:00,09:47:00,2759335,34,1
7998162,10:10:00,10:10:00,2759346,0,1
7998162,,,2947000,1,0
7998162,,,2947001,2,0
7998162,,,2947002,3,0
7998162,,,2947003,4,0
7998162,,,2947004,5,0
7998162,10:16:00,10:16:00,2947050,6,1
7998162,,,2947051,7,0
7998162,,,2947052,8,0
7998162,,,2947053,9,0
7998162,,,2947054,10,0
7998162,10:21:00,10:21:00,2927980,11,1
7998162,,,2927981,12,0
7998162,,,2927982,13,0
7998162,,,2949775,14,0
7998162,,,2949776,15,0
7998162,,,2949777,16,0
7998162,,,2949778,17,0
7998162,10:26:00,10:26:00,2949779,18,1
7998162,,,2949780,19,0
7998162,,,2949781,20,0
7998162,10:30:00,10:30:00,2952385,21,1
7998162,10:32:00,10:32:00,2952386,22,1
7998162,10:38:00,10:38:00,2949779,23,1
7998162,,,2951177,24,0
7998162,,,2951178,25,0
7998162,,,2951179,26,0
7998162,,,2951180,27,0
7998162,,,2933825,28,0
7998162,,,2933826,29,0
7998162,10:42:00,10:42:00,2933827,30,1
7998162,,,2933829,31,0
7998162,,,2951181,32,0
7998162,,,2940568,33,0
7998162,10:47:00,10:47:00,2759335,34,1
7998163,11:10:00,11:10:00,2759346,0,1
7998163,,,2947000,1,0
7998163,,,2947001,2,0
7998163,,,2947002,3,0
7998163,,,2947003,4,0
7998163,,,2947004,5,0
7998163,11:16:00,11:16:00,2947050,6,1
7998163,,,2947051,7,0
7998163,,,2947052,8,0
7998163,,,2947053,9,0
7998163,,,2947054,10,0
7998163,11:21:00,11:21:00,2927980,11,1
7998163,,,2927981,12,0
7998163,,,2927982,13,0
7998163,,,2949775,14,0
7998163,,,2949776,15,0
7998163,,,2949777,16,0
7998163,,,2949778,17,0
7998163,11:26:00,11:26:00,2949779,18,1
7998163,,,2949780,19,0
7998163,,,2949781,20,0
7998163,11:30:00,11:30:00,2952385,21,1
7998163,11:32:00,11:32:00,2952386,22,1
7998163,11:38:00,11:38:00,2949779,23,1
7998163,,,2951177,24,0
7998163,,,2951178,25,0
7998163,,,2951179,26,0
7998163,,,2951180,27,0
7998163,,,2933825,28,0
7998163,,,2933826,29,0
7998163,11:42:00,11:42:00,2933827,30,1
7998163,,,2933829,31,0
7998163,,,2951181,32,0
7998163,,,2940568,33,0
7998163,11:47:00,11:47:00,2759335,34,1
7998164,12:10:00,12:10:00,2759346,0,1
7998164,,,2947000,1,0
7998164,,,2947001,2,0
7998164,,,2947002,3,0
7998164,,,2947003,4,0
7998164,,,2947004,5,0
7998164,12:16:00,12:16:00,2947050,6,1
7998164,,,2947051,7,0
7998164,,,2947052,8,0
7998164,,,2947053,9,0
7998164,,,2947054,10,0
7998164,12:21:00,12:21:00,2927980,11,1
7998164,,,2927981,12,0
7998164,,,2927982,13,0
7998164,,,2949775,14,0
7998164,,,2949776,15,0
7998164,,,2949777,16,0
7998164,,,2949778,17,0
7998164,12:26:00,12:26:00,2949779,18,1
7998164,,,2949780,19,0
7998164,,,2949781,20,0
7998164,12:30:00,12:30:00,2952385,21,1
7998164,12:32:00,12:32:00,2952386,22,1
7998164,12:38:00,12:38:00,2949779,23,1
7998164,,,2951177,24,0
7998164,,,2951178,25,0
7998164,,,2951179,26,0
7998164,,,2951180,27,0
7998164,,,2933825,28,0
7998164,,,2933826,29,0
7998164,12:42:00,12:42:00,2933827,30,1
7998164,,,2933829,31,0
7998164,,,2951181,32,0
7998164,,,2940568,33,0
7998164,12:47:00,12:47:00,2759335,34,1
7998165,13:10:00,13:10:00,2759346,0,1
7998165,,,2947000,1,0
7998165,,,2947001,2,0
7998165,,,2947002,3,0
7998165,,,2947003,4,0
7998165,,,2947004,5,0
7998165,13:16:00,13:16:00,2947050,6,1
7998165,,,2947051,7,0
7998165,,,2947052,8,0
7998165,,,2947053,9,0
7998165,,,2947054,10,0
7998165,13:21:00,13:21:00,2927980,11,1
7998165,,,2927981,12,0
7998165,,,2927982,13,0
7998165,,,2949775,14,0
7998165,,,2949776,15,0
7998165,,,2949777,16,0
7998165,,,2949778,17,0
7998165,13:26:00,13:26:00,2949779,18,1
7998165,,,2949780,19,0
7998165,,,2949781,20,0
7998165,13:30:00,13:30:00,2952385,21,1
7998165,13:32:00,13:32:00,2952386,22,1
7998165,13:38:00,13:38:00,2949779,23,1
7998165,,,2951177,24,0
7998165,,,2951178,25,0
7998165,,,2951179,26,0
7998165,,,2951180,27,0
7998165,,,2933825,28,0
7998165,,,2933826,29,0
7998165,13:42:00,13:42:00,2933827,30,1
7998165,,,2933829,31,0
7998165,,,2951181,32,0
7998165,,,2940568,33,0
7998165,13:47:00,13:47:00,2759335,34,1
7998166,14:10:00,14:10:00,2759346,0,1
7998166,,,2947000,1,0
7998166,,,2947001,2,0
7998166,,,2947002,3,0
7998166,,,2947003,4,0
7998166,,,2947004,5,0
7998166,14:16:00,14:16:00,2947050,6,1
7998166,,,2947051,7,0
7998166,,,2947052,8,0
7998166,,,2947053,9,0
7998166,,,2947054,10,0
7998166,14:21:00,14:21:00,2927980,11,1
7998166,,,2927981,12,0
7998166,,,2927982,13,0
7998166,,,2949775,14,0
7998166,,,2949776,15,0
7998166,,,2949777,16,0
7998166,,,2949778,17,0
7998166,14:26:00,14:26:00,2949779,18,1
7998166,,,2949780,19,0
7998166,,,2949781,20,0
7998166,14:30:00,14:30:00,2952385,21,1
7998166,14:32:00,14:32:00,2952386,22,1
7998166,14:38:00,14:38:00,2949779,23,1
7998166,,,2951177,24,0
7998166,,,2951178,25,0
7998166,,,2951179,26,0
7998166,,,2951180,27,0
7998166,,,2933825,28,0
7998166,,,2933826,29,0
7998166,14:42:00,14:42:00,2933827,30,1
7998166,,,2933829,31,0
7998166,,,2951181,32,0
7998166,,,2940568,33,0
7998166,14:47:00,14:47:00,2759335,34,1
7998167,15:10:00,15:10:00,2759346,0,1
7998167,,,2947000,1,0
7998167,,,2947001,2,0
7998167,,,2947002,3,0
7998167,,,2947003,4,0
7998167,,,2947004,5,0
7998167,15:16:00,15:16:00,2947050,6,1
7998167,,,2947051,7,0
7998167,,,2947052,8,0
7998167,,,2947053,9,0
7998167,,,2947054,10,0
7998167,15:21:00,15:21:00,2927980,11,1
7998167,,,2927981,12,0
7998167,,,2927982,13,0
7998167,,,2949775,14,0
7998167,,,2949776,15,0
7998167,,,2949777,16,0
7998167,,,2949778,17,0
7998167,15:26:00,15:26:00,2949779,18,1
7998167,,,2949780,19,0
7998167,,,2949781,20,0
7998167,15:30:00,15:30:00,2952385,21,1
7998167,15:32:00,15:32:00,2952386,22,1
7998167,15:38:00,15:38:00,2949779,23,1
7998167,,,2951177,24,0
7998167,,,2951178,25,0
7998167,,,2951179,26,0
7998167,,,2951180,27,0
7998167,,,2933825,28,0
7998167,,,2933826,29,0
7998167,15:42:00,15:42:00,2933827,30,1
7998167,,,2933829,31,0
7998167,,,2951181,32,0
7998167,,,2940568,33,0
7998167,15:47:00,15:47:00,2759335,34,1
7998168,16:10:00,16:10:00,2759346,0,1
7998168,,,2947000,1,0
7998168,,,2947001,2,0
7998168,,,2947002,3,0
7998168,,,2947003,4,0
7998168,,,2947004,5,0
7998168,16:16:00,16:16:00,2947050,6,1
7998168,,,2947051,7,0
7998168,,,2947052,8,0
7998168,,,2947053,9,0
7998168,,,2947054,10,0
7998168,16:21:00,16:21:00,2927980,11,1
7998168,,,2927981,12,0
7998168,,,2927982,13,0
7998168,,,2949775,14,0
7998168,,,2949776,15,0
7998168,,,2949777,16,0
7998168,,,2949778,17,0
7998168,16:26:00,16:26:00,2949779,18,1
7998168,,,2949780,19,0
7998168,,,2949781,20,0
7998168,16:30:00,16:30:00,2952385,21,1
7998168,16:32:00,16:32:00,2952386,22,1
7998168,16:38:00,16:38:00,2949779,23,1
7998168,,,2951177,24,0
7998168,,,2951178,25,0
7998168,,,2951179,26,0
7998168,,,2951180,27,0
7998168,,,2933825,28,0
7998168,,,2933826,29,0
7998168,16:42:00,16:42:00,2933827,30,1
7998168,,,2933829,31,0
7998168,,,2951181,32,0
7998168,,,2940568,33,0
7998168,16:47:00,16:47:00,2759335,34,1
7998169,17:10:00,17:10:00,2759346,0,1
7998169,,,2947000,1,0
7998169,,,2947001,2,0
7998169,,,2947002,3,0
7998169,,,2947003,4,0
7998169,,,2947004,5,0
7998169,17:16:00,17:16:00,2947050,6,1
7998169,,,2947051,7,0
7998169,,,2947052,8,0
7998169,,,2947053,9,0
7998169,,,2947054,10,0
7998169,17:21:00,17:21:00,2927980,11,1
7998169,,,2927981,12,0
7998169,,,2927982,13,0
7998169,,,2949775,14,0
7998169,,,2949776,15,0
7998169,,,2949777,16,0
7998169,,,2949778,17,0
7998169,17:26:00,17:26:00,2949779,18,1
7998169,,,2949780,19,0
7998169,,,2949781,20,0
7998169,17:30:00,17:30:00,2952385,21,1
7998169,17:32:00,17:32:00,2952386,22,1
7998169,17:38:00,17:38:00,2949779,23,1
7998169,,,2951177,24,0
7998169,,,2951178,25,0
7998169,,,2951179,26,0
7998169,,,2951180,27,0
7998169,,,2933825,28,0
7998169,,,2933826,29,0
7998169,17:42:00,17:42:00,2933827,30,1
7998169,,,2933829,31,0
7998169,,,2951181,32,0
7998169,,,2940568,33,0
7998169,17:47:00,17:47:00,2759335,34,1
7998170,18:10:00,18:10:00,2759346,0,1
7998170,,,2947000,1,0
7998170,,,2947001,2,0
7998170,,,2947002,3,0
7998170,,,2947003,4,0
7998170,,,2947004,5,0
7998170,18:16:00,18:16:00,2947050,6,1
7998170,,,2947051,7,0
7998170,,,2947052,8,0
7998170,,,2947053,9,0
7998170,,,2947054,10,0
7998170,18:21:00,18:21:00,2927980,11,1
7998170,,,2927981,12,0
7998170,,,2927982,13,0
7998170,,,2949775,14,0
7998170,,,2949776,15,0
7998170,,,2949777,16,0
7998170,,,2949778,17,0
7998170,18:26:00,18:26:00,2949779,18,1
7998170,,,2949780,19,0
7998170,,,2949781,20,0
7998170,18:30:00,18:30:00,2952385,21,1
7998170,18:32:00,18:32:00,2952386,22,1
7998170,18:38:00,18:38:00,2949779,23,1
7998170,,,2951177,24,0
7998170,,,2951178,25,0
7998170,,,2951179,26,0
7998170,,,2951180,27,0
7998170,,,2933825,28,0
7998170,,,2933826,29,0
7998170,18:42:00,18:42:00,2933827,30,1
7998170,,,2933829,31,0
7998170,,,2951181,32,0
7998170,,,2940568,33,0
7998170,18:47:00,18:47:00,2759335,34,1
7998171,19:10:00,19:10:00,2759346,0,1
7998171,,,2947000,1,0
7998171,,,2947001,2,0
7998171,,,2947002,3,0
7998171,,,2947003,4,0
7998171,,,2947004,5,0
7998171,19:16:00,19:16:00,2947050,6,1
7998171,,,2947051,7,0
7998171,,,2947052,8,0
7998171,,,2947053,9,0
7998171,,,2947054,10,0
7998171,19:21:00,19:21:00,2927980,11,1
7998171,,,2927981,12,0
7998171,,,2927982,13,0
7998171,,,2949775,14,0
7998171,,,2949776,15,0
7998171,,,2949777,16,0
7998171,,,2949778,17,0
7998171,19:26:00,19:26:00,2949779,18,1
7998171,,,2949780,19,0
7998171,,,2949781,20,0
7998171,19:30:00,19:30:00,2952385,21,1
7998171,19:32:00,19:32:00,2952386,22,1
7998171,19:38:00,19:38:00,2949779,23,1
7998171,,,2951177,24,0
7998171,,,2951178,25,0
7998171,,,2951179,26,0
7998171,,,2951180,27,0
7998171,,,2933825,28,0
7998171,,,2933826,29,0
7998171,19:42:00,19:42:00,2933827,30,1
7998171,,,2933829,31,0
7998171,,,2951181,32,0
7998171,,,2940568,33,0
7998171,19:47:00,19:47:00,2759335,34,1
7998172,20:10:00,20:10:00,2759346,0,1
7998172,,,2947000,1,0
7998172,,,2947001,2,0
7998172,,,2947002,3,0
7998172,,,2947003,4,0
7998172,,,2947004,5,0
7998172,20:16:00,20:16:00,2947050,6,1
7998172,,,2947051,7,0
7998172,,,2947052,8,0
7998172,,,2947053,9,0
7998172,,,2947054,10,0
7998172,20:21:00,20:21:00,2927980,11,1
7998172,,,2927981,12,0
7998172,,,2927982,13,0
7998172,,,2949775,14,0
7998172,,,2949776,15,0
7998172,,,2949777,16,0
7998172,,,2949778,17,0
7998172,20:26:00,20:26:00,2949779,18,1
7998172,,,2949780,19,0
7998172,,,2949781,20,0
7998172,20:30:00,20:30:00,2952385,21,1
7998172,20:32:00,20:32:00,2952386,22,1
7998172,20:38:00,20:38:00,2949779,23,1
7998172,,,2951177,24,0
7998172,,,2951178,25,0
7998172,,,2951179,26,0
7998172,,,2951180,27,0
7998172,,,2933825,28,0
7998172,,,2933826,29,0
7998172,20:42:00,20:42:00,2933827,30,1
7998172,,,2933829,31,0
7998172,,,2951181,32,0
7998172,,,2940568,33,0
7998172,20:47:00,20:47:00,2759335,34,1
7998173,08:10:00,08:10:00,2759346,0,1
7998173,,,2947000,1,0
7998173,,,2947001,2,0
7998173,,,2947002,3,0
7998173,,,2947003,4,0
7998173,,,2947004,5,0
7998173,08:16:00,08:16:00,2947050,6,1
7998173,,,2947051,7,0
7998173,,,2947052,8,0
7998173,,,2947053,9,0
7998173,,,2947054,10,0
7998173,08:21:00,08:21:00,2927980,11,1
7998173,,,2927981,12,0
7998173,,,2927982,13,0
7998173,,,2949775,14,0
7998173,,,2949776,15,0
7998173,,,2949777,16,0
7998173,,,2949778,17,0
7998173,08:26:00,08:26:00,2949779,18,1
7998173,,,2949780,19,0
7998173,,,2949781,20,0
7998173,08:30:00,08:30:00,2952385,21,1
7998173,08:32:00,08:32:00,2952386,22,1
7998173,08:38:00,08:38:00,2949779,23,1
7998173,,,2951177,24,0
7998173,,,2951178,25,0
7998173,,,2951179,26,0
7998173,,,2951180,27,0
7998173,,,2933825,28,0
7998173,,,2933826,29,0
7998173,08:42:00,08:42:00,2933827,30,1
7998173,,,2933829,31,0
7998173,,,2951181,32,0
7998173,,,2940568,33,0
7998173,08:47:00,08:47:00,2759335,34,1
7998174,09:10:00,09:10:00,2759346,0,1
7998174,,,2947000,1,0
7998174,,,2947001,2,0
7998174,,,2947002,3,0
7998174,,,2947003,4,0
7998174,,,2947004,5,0
7998174,09:16:00,09:16:00,2947050,6,1
7998174,,,2947051,7,0
7998174,,,2947052,8,0
7998174,,,2947053,9,0
7998174,,,2947054,10,0
7998174,09:21:00,09:21:00,2927980,11,1
7998174,,,2927981,12,0
7998174,,,2927982,13,0
7998174,,,2949775,14,0
7998174,,,2949776,15,0
7998174,,,2949777,16,0
7998174,,,2949778,17,0
7998174,09:26:00,09:26:00,2949779,18,1
7998174,,,2949780,19,0
7998174,,,2949781,20,0
7998174,09:30:00,09:30:00,2952385,21,1
7998174,09:32:00,09:32:00,2952386,22,1
7998174,09:38:00,09:38:00,2949779,23,1
7998174,,,2951177,24,0
7998174,,,2951178,25,0
7998174,,,2951179,26,0
7998174,,,2951180,27,0
7998174,,,2933825,28,0
7998174,,,2933826,29,0
7998174,09:42:00,09:42:00,2933827,30,1
7998174,,,2933829,31,0
7998174,,,2951181,32,0
7998174,,,2940568,33,0
7998174,09:47:00,09:47:00,2759335,34,1
7998175,10:10:00,10:10:00,2759346,0,1
7998175,,,2947000,1,0
7998175,,,2947001,2,0
7998175,,,2947002,3,0
7998175,,,2947003,4,0
7998175,,,2947004,5,0
7998175,10:16:00,10:16:00,2947050,6,1
7998175,,,2947051,7,0
7998175,,,2947052,8,0
7998175,,,2947053,9,0
7998175,,,2947054,10,0
7998175,10:21:00,10:21:00,2927980,11,1
7998175,,,2927981,12,0
7998175,,,2927982,13,0
7998175,,,2949775,14,0
7998175,,,2949776,15,0
7998175,,,2949777,16,0
7998175,,,2949778,17,0
7998175,10:26:00,10:26:00,2949779,18,1
7998175,,,2949780,19,0
7998175,,,2949781,20,0
7998175,10:30:00,10:30:00,2952385,21,1
7998175,10:32:00,10:32:00,2952386,22,1
7998175,10:38:00,10:38:00,2949779,23,1
7998175,,,2951177,24,0
7998175,,,2951178,25,0
7998175,,,2951179,26,0
7998175,,,2951180,27,0
7998175,,,2933825,28,0
7998175,,,2933826,29,0
7998175,10:42:00,10:42:00,2933827,30,1
7998175,,,2933829,31,0
7998175,,,2951181,32,0
7998175,,,2940568,33,0
7998175,10:47:00,10:47:00,2759335,34,1
7998176,11:10:00,11:10:00,2759346,0,1
7998176,,,2947000,1,0
7998176,,,2947001,2,0
7998176,,,2947002,3,0
7998176,,,2947003,4,0
7998176,,,2947004,5,0
7998176,11:16:00,11:16:00,2947050,6,1
7998176,,,2947051,7,0
7998176,,,2947052,8,0
7998176,,,2947053,9,0
7998176,,,2947054,10,0
7998176,11:21:00,11:21:00,2927980,11,1
7998176,,,2927981,12,0
7998176,,,2927982,13,0
7998176,,,2949775,14,0
7998176,,,2949776,15,0
7998176,,,2949777,16,0
7998176,,,2949778,17,0
7998176,11:26:00,11:26:00,2949779,18,1
7998176,,,2949780,19,0
7998176,,,2949781,20,0
7998176,11:30:00,11:30:00,2952385,21,1
7998176,11:32:00,11:32:00,2952386,22,1
7998176,11:38:00,11:38:00,2949779,23,1
7998176,,,2951177,24,0
7998176,,,2951178,25,0
7998176,,,2951179,26,0
7998176,,,2951180,27,0
7998176,,,2933825,28,0
7998176,,,2933826,29,0
7998176,11:42:00,11:42:00,2933827,30,1
7998176,,,2933829,31,0
7998176,,,2951181,32,0
7998176,,,2940568,33,0
7998176,11:47:00,11:47:00,2759335,34,1
7998177,12:10:00,12:10:00,2759346,0,1
7998177,,,2947000,1,0
7998177,,,2947001,2,0
7998177,,,2947002,3,0
7998177,,,2947003,4,0
7998177,,,2947004,5,0
7998177,12:16:00,12:16:00,2947050,6,1
7998177,,,2947051,7,0
7998177,,,2947052,8,0
7998177,,,2947053,9,0
7998177,,,2947054,10,0
7998177,12:21:00,12:21:00,2927980,11,1
7998177,,,2927981,12,0
7998177,,,2927982,13,0
7998177,,,2949775,14,0
7998177,,,2949776,15,0
7998177,,,2949777,16,0
7998177,,,2949778,17,0
7998177,12:26:00,12:26:00,2949779,18,1
7998177,,,2949780,19,0
7998177,,,2949781,20,0
7998177,12:30:00,12:30:00,2952385,21,1
7998177,12:32:00,12:32:00,2952386,22,1
7998177,12:38:00,12:38:00,2949779,23,1
7998177,,,2951177,24,0
7998177,,,2951178,25,0
7998177,,,2951179,26,0
7998177,,,2951180,27,0
7998177,,,2933825,28,0
7998177,,,2933826,29,0
7998177,12:42:00,12:42:00,2933827,30,1
7998177,,,2933829,31,0
7998177,,,2951181,32,0
7998177,,,2940568,33,0
7998177,12:47:00,12:47:00,2759335,34,1
7998178,13:10:00,13:10:00,2759346,0,1
7998178,,,2947000,1,0
7998178,,,2947001,2,0
7998178,,,2947002,3,0
7998178,,,2947003,4,0
7998178,,,2947004,5,0
7998178,13:16:00,13:16:00,2947050,6,1
7998178,,,2947051,7,0
7998178,,,2947052,8,0
7998178,,,2947053,9,0
7998178,,,2947054,10,0
7998178,13:21:00,13:21:00,2927980,11,1
7998178,,,2927981,12,0
7998178,,,2927982,13,0
7998178,,,2949775,14,0
7998178,,,2949776,15,0
7998178,,,2949777,16,0
7998178,,,2949778,17,0
7998178,13:26:00,13:26:00,2949779,18,1
7998178,,,2949780,19,0
7998178,,,2949781,20,0
7998178,13:30:00,13:30:00,2952385,21,1
7998178,13:32:00,13:32:00,2952386,22,1
7998178,13:38:00,13:38:00,2949779,23,1
7998178,,,2951177,24,0
7998178,,,2951178,25,0
7998178,,,2951179,26,0
7998178,,,2951180,27,0
7998178,,,2933825,28,0
7998178,,,2933826,29,0
7998178,13:42:00,13:42:00,2933827,30,1
7998178,,,2933829,31,0
7998178,,,2951181,32,0
7998178,,,2940568,33,0
7998178,13:47:00,13:47:00,2759335,34,1
7998179,14:10:00,14:10:00,2759346,0,1
7998179,,,2947000,1,0
7998179,,,2947001,2,0
7998179,,,2947002,3,0
7998179,,,2947003,4,0
7998179,,,2947004,5,0
7998179,14:16:00,14:16:00,2947050,6,1
7998179,,,2947051,7,0
7998179,,,2947052,8,0
7998179,,,2947053,9,0
7998179,,,2947054,10,0
7998179,14:21:00,14:21:00,2927980,11,1
7998179,,,2927981,12,0
7998179,,,2927982,13,0
7998179,,,2949775,14,0
7998179,,,2949776,15,0
7998179,,,2949777,16,0
7998179,,,2949778,17,0
7998179,14:26:00,14:26:00,2949779,18,1
7998179,,,2949780,19,0
7998179,,,2949781,20,0
7998179,14:30:00,14:30:00,2952385,21,1
7998179,14:32:00,14:32:00,2952386,22,1
7998179,14:38:00,14:38:00,2949779,23,1
7998179,,,2951177,24,0
7998179,,,2951178,25,0
7998179,,,2951179,26,0
7998179,,,2951180,27,0
7998179,,,2933825,28,0
7998179,,,2933826,29,0
7998179,14:42:00,14:42:00,2933827,30,1
7998179,,,2933829,31,0
7998179,,,2951181,32,0
7998179,,,2940568,33,0
7998179,14:47:00,14:47:00,2759335,34,1
7998180,15:10:00,15:10:00,2759346,0,1
7998180,,,2947000,1,0
7998180,,,2947001,2,0
7998180,,,2947002,3,0
7998180,,,2947003,4,0
7998180,,,2947004,5,0
7998180,15:16:00,15:16:00,2947050,6,1
7998180,,,2947051,7,0
7998180,,,2947052,8,0
7998180,,,2947053,9,0
7998180,,,2947054,10,0
7998180,15:21:00,15:21:00,2927980,11,1
7998180,,,2927981,12,0
7998180,,,2927982,13,0
7998180,,,2949775,14,0
7998180,,,2949776,15,0
7998180,,,2949777,16,0
7998180,,,2949778,17,0
7998180,15:26:00,15:26:00,2949779,18,1
7998180,,,2949780,19,0
7998180,,,2949781,20,0
7998180,15:30:00,15:30:00,2952385,21,1
7998180,15:32:00,15:32:00,2952386,22,1
7998180,15:38:00,15:38:00,2949779,23,1
7998180,,,2951177,24,0
7998180,,,2951178,25,0
7998180,,,2951179,26,0
7998180,,,2951180,27,0
7998180,,,2933825,28,0
7998180,,,2933826,29,0
7998180,15:42:00,15:42:00,2933827,30,1
7998180,,,2933829,31,0
7998180,,,2951181,32,0
7998180,,,2940568,33,0
7998180,15:47:00,15:47:00,2759335,34,1
7998181,16:10:00,16:10:00,2759346,0,1
7998181,,,2947000,1,0
7998181,,,2947001,2,0
7998181,,,2947002,3,0
7998181,,,2947003,4,0
7998181,,,2947004,5,0
7998181,16:16:00,16:16:00,2947050,6,1
7998181,,,2947051,7,0
7998181,,,2947052,8,0
7998181,,,2947053,9,0
7998181,,,2947054,10,0
7998181,16:21:00,16:21:00,2927980,11,1
7998181,,,2927981,12,0
7998181,,,2927982,13,0
7998181,,,2949775,14,0
7998181,,,2949776,15,0
7998181,,,2949777,16,0
7998181,,,2949778,17,0
7998181,16:26:00,16:26:00,2949779,18,1
7998181,,,2949780,19,0
7998181,,,2949781,20,0
7998181,16:30:00,16:30:00,2952385,21,1
7998181,16:32:00,16:32:00,2952386,22,1
7998181,16:38:00,16:38:00,2949779,23,1
7998181,,,2951177,24,0
7998181,,,2951178,25,0
7998181,,,2951179,26,0
7998181,,,2951180,27,0
7998181,,,2933825,28,0
7998181,,,2933826,29,0
7998181,16:42:00,16:42:00,2933827,30,1
7998181,,,2933829,31,0
7998181,,,2951181,32,0
7998181,,,2940568,33,0
7998181,16:47:00,16:47:00,2759335,34,1
7998182,17:10:00,17:10:00,2759346,0,1
7998182,,,2947000,1,0
7998182,,,2947001,2,0
7998182,,,2947002,3,0
7998182,,,2947003,4,0
7998182,,,2947004,5,0
7998182,17:16:00,17:16:00,2947050,6,1
7998182,,,2947051,7,0
7998182,,,2947052,8,0
7998182,,,2947053,9,0
7998182,,,2947054,10,0
7998182,17:21:00,17:21:00,2927980,11,1
7998182,,,2927981,12,0
7998182,,,2927982,13,0
7998182,,,2949775,14,0
7998182,,,2949776,15,0
7998182,,,2949777,16,0
7998182,,,2949778,17,0
7998182,17:26:00,17:26:00,2949779,18,1
7998182,,,2949780,19,0
7998182,,,2949781,20,0
7998182,17:30:00,17:30:00,2952385,21,1
7998182,17:32:00,17:32:00,2952386,22,1
7998182,17:38:00,17:38:00,2949779,23,1
7998182,,,2951177,24,0
7998182,,,2951178,25,0
7998182,,,2951179,26,0
7998182,,,2951180,27,0
7998182,,,2933825,28,0
7998182,,,2933826,29,0
7998182,17:42:00,17:42:00,2933827,30,1
7998182,,,2933829,31,0
7998182,,,2951181,32,0
7998182,,,2940568,33,0
7998182,17:47:00,17:47:00,2759335,34,1
7998183,18:10:00,18:10:00,2759346,0,1
7998183,,,2947000,1,0
7998183,,,2947001,2,0
7998183,,,2947002,3,0
7998183,,,2947003,4,0
7998183,,,2947004,5,0
7998183,18:16:00,18:16:00,2947050,6,1
7998183,,,2947051,7,0
7998183,,,2947052,8,0
7998183,,,2947053,9,0
7998183,,,2947054,10,0
7998183,18:21:00,18:21:00,2927980,11,1
7998183,,,2927981,12,0
7998183,,,2927982,13,0
7998183,,,2949775,14,0
7998183,,,2949776,15,0
7998183,,,2949777,16,0
7998183,,,2949778,17,0
7998183,18:26:00,18:26:00,2949779,18,1
7998183,,,2949780,19,0
7998183,,,2949781,20,0
7998183,18:30:00,18:30:00,2952385,21,1
7998183,18:32:00,18:32:00,2952386,22,1
7998183,18:38:00,18:38:00,2949779,23,1
7998183,,,2951177,24,0
7998183,,,2951178,25,0
7998183,,,2951179,26,0
7998183,,,2951180,27,0
7998183,,,2933825,28,0
7998183,,,2933826,29,0
7998183,18:42:00,18:42:00,2933827,30,1
7998183,,,2933829,31,0
7998183,,,2951181,32,0
7998183,,,2940568,33,0
7998183,18:47:00,18:47:00,2759335,34,1
7998337,06:31:00,06:31:00,2951167,0,1
7998337,,,2951168,1,0
7998337,,,2951169,2,0
7998337,,,2951170,3,0
7998337,,,2951171,4,0
7998337,,,2951172,5,0
7998337,,,2951173,6,0
7998337,,,2951174,7,0
7998337,06:37:00,06:37:00,2951175,8,0
7998337,,,2952342,9,0
7998337,,,2952343,10,0
7998337,,,2952346,11,0
7998337,,,2952347,12,0
7998337,,,2952348,13,0
7998337,,,2952349,14,0
7998337,,,2952350,15,0
7998337,06:41:00,06:41:00,2952351,16,1
7998337,,,2952413,17,0
7998337,,,2952414,18,0
7998337,,,2952415,19,0
7998337,06:45:00,06:45:00,2952416,20,1
7998337,,,2952417,21,0
7998337,,,2952382,22,0
7998337,,,2952392,23,0
7998337,06:50:00,06:50:00,2952418,24,1
7998337,,,2952354,25,0
7998337,,,2952419,26,0
7998337,,,2952420,27,0
7998337,,,2952421,28,0
7998337,,,2952422,29,0
7998337,06:53:00,06:53:00,2947050,30,1
7998337,,,2947051,31,0
7998337,,,2947052,32,0
7998337,,,2947053,33,0
7998337,,,2947055,34,0
7998337,,,2933832,35,0
7998337,,,2933833,36,0
7998337,,,2933834,37,0
7998337,07:01:00,07:01:00,2759335,38,1
7998338,07:31:00,07:31:00,2951167,0,1
7998338,,,2951168,1,0
7998338,,,2951169,2,0
7998338,,,2951170,3,0
7998338,,,2951171,4,0
7998338,,,2951172,5,0
7998338,,,2951173,6,0
7998338,,,2951174,7,0
7998338,07:37:00,07:37:00,2951175,8,1
7998338,,,2952342,9,0
7998338,,,2952343,10,0
7998338,,,2952346,11,0
7998338,,,2952347,12,0
7998338,,,2952348,13,0
7998338,,,2952349,14,0
7998338,,,2952350,15,0
7998338,07:41:00,07:41:00,2952351,16,1
7998338,,,2952413,17,0
7998338,,,2952414,18,0
7998338,,,2952415,19,0
7998338,07:45:00,07:45:00,2952416,20,1
7998338,,,2952417,21,0
7998338,,,2952382,22,0
7998338,,,2952392,23,0
7998338,07:50:00,07:50:00,2952418,24,1
7998338,,,2952354,25,0
7998338,,,2952419,26,0
7998338,,,2952420,27,0
7998338,,,2952421,28,0
7998338,,,2952422,29,0
7998338,07:53:00,07:53:00,2947050,30,1
7998338,,,2947051,31,0
7998338,,,2947052,32,0
7998338,,,2947053,33,0
7998338,,,2947055,34,0
7998338,,,2933832,35,0
7998338,,,2933833,36,0
7998338,,,2933834,37,0
7998338,08:01:00,08:01:00,2759335,38,1
7998339,08:01:00,08:01:00,2951167,0,1
7998339,,,2951168,1,0
7998339,,,2951169,2,0
7998339,,,2951170,3,0
7998339,,,2951171,4,0
7998339,,,2951172,5,0
7998339,,,2951173,6,0
7998339,,,2951174,7,0
7998339,08:07:00,08:07:00,2951175,8,1
7998339,,,2952342,9,0
7998339,,,2952343,10,0
7998339,,,2952346,11,0
7998339,,,2952347,12,0
7998339,,,2952348,13,0
7998339,,,2952349,14,0
7998339,,,2952350,15,0
7998339,08:11:00,08:11:00,2952351,16,1
7998339,,,2952413,17,0
7998339,,,2952414,18,0
7998339,,,2952415,19,0
7998339,08:15:00,08:15:00,2952416,20,1
7998339,,,2952417,21,0
7998339,,,2952382,22,0
7998339,,,2952392,23,0
7998339,08:20:00,08:20:00,2952418,24,1
7998339,,,2952354,25,0
7998339,,,2952419,26,0
7998339,,,2952420,27,0
7998339,,,2952421,28,0
7998339,,,2952422,29,0
7998339,08:23:00,08:23:00,2947050,30,1
7998339,,,2947051,31,0
7998339,,,2947052,32,0
7998339,,,2947053,33,0
7998339,,,2947055,34,0
7998339,,,2933832,35,0
7998339,,,2933833,36,0
7998339,,,2933834,37,0
7998339,08:31:00,08:31:00,2759335,38,1
8027705,06:40:00,06:40:00,2759346,0,1
8027705,,,2947000,1,0
8027705,,,2947001,2,0
8027705,,,2947002,3,0
8027705,,,2947003,4,0
8027705,,,2947004,5,0
8027705,06:43:00,06:43:00,2947005,6,1
8027705,,,2976968,7,0
8027705,,,2976969,8,0
8027705,,,2976970,9,0
8027705,,,2952353,10,0
8027705,,,2952355,11,0
8027705,06:49:00,06:49:00,2952356,12,1
8027705,,,2952357,13,0
8027705,,,2952358,14,0
8027705,,,2952398,15,0
8027705,,,2952387,16,0
8027705,06:52:00,06:52:00,2952388,17,1
8027705,,,2952389,18,0
8027705,,,2952390,19,0
8027705,,,2976971,20,0
8027705,,,2976972,21,0
8027705,06:56:00,06:56:00,2952351,22,1
8027705,,,2952352,23,0
8027705,,,2949788,24,0
8027705,07:01:00,07:01:00,2949789,25,1
8027705,,,2949790,26,0
8027705,,,2952338,27,0
8027705,,,2952339,28,0
8027705,,,2952340,29,0
8027705,,,2952341,30,0
8027705,,,2951171,31,0
8027705,,,2951172,32,0
8027705,,,2951173,33,0
8027705,,,2951174,34,0
8027705,07:07:00,07:07:00,2951175,35,1
8027705,,,2952342,36,0
8027705,,,2952343,37,0
8027705,,,2952346,38,0
8027705,,,2952347,39,0
8027705,,,2952348,40,0
8027705,,,2952349,41,0
8027705,,,2952350,42,0
8027705,07:11:00,07:11:00,2976973,43,1
8027705,,,2952413,44,0
8027705,,,2952414,45,0
8027705,,,2952415,46,0
8027705,07:15:00,07:15:00,2952416,47,1
8027705,,,2952417,48,0
8027705,,,2952382,49,0
8027705,07:20:00,07:20:00,2952418,50,1
8027705,,,2952354,51,0
8027705,,,2952419,52,0
8027705,,,2952420,53,0
8027705,,,2952421,54,0
8027705,,,2952422,55,0
8027705,07:23:00,07:23:00,2947050,56,1
8027705,,,2947051,57,0
8027705,,,2947052,58,0
8027705,,,2947053,59,0
8027705,,,2947055,60,0
8027705,,,2933832,61,0
8027705,,,2933833,62,0
8027705,,,2933834,63,0
8027705,07:31:00,07:31:00,2759335,64,1
8027706,07:10:00,07:10:00,2759346,0,1
8027706,,,2947000,1,0
8027706,,,2947001,2,0
8027706,,,2947002,3,0
8027706,,,2947003,4,0
8027706,,,2947004,5,0
8027706,07:13:00,07:13:00,2947005,6,1
8027706,,,2976968,7,0
8027706,,,2976969,8,0
8027706,,,2976970,9,0
8027706,,,2952353,10,0
8027706,,,2952355,11,0
8027706,07:19:00,07:19:00,2952356,12,1
8027706,,,2952357,13,0
8027706,,,2952358,14,0
8027706,,,2952398,15,0
8027706,,,2952387,16,0
8027706,07:22:00,07:22:00,2952388,17,1
8027706,,,2952389,18,0
8027706,,,2952390,19,0
8027706,,,2976971,20,0
8027706,,,2976972,21,0
8027706,07:26:00,07:26:00,2952351,22,1
8027706,,,2952352,23,0
8027706,,,2949788,24,0
8027706,07:31:00,07:31:00,2949789,25,1
8027706,,,2949790,26,0
8027706,,,2952338,27,0
8027706,,,2952339,28,0
8027706,,,2952340,29,0
8027706,,,2952341,30,0
8027706,,,2951171,31,0
8027706,,,2951172,32,0
8027706,,,2951173,33,0
8027706,,,2951174,34,0
8027706,07:37:00,07:37:00,2951175,35,1
8027706,,,2952342,36,0
8027706,,,2952343,37,0
8027706,,,2952346,38,0
8027706,,,2952347,39,0
8027706,,,2952348,40,0
8027706,,,2952349,41,0
8027706,,,2952350,42,0
8027706,07:41:00,07:41:00,2976973,43,1
8027706,,,2952413,44,0
8027706,,,2952414,45,0
8027706,,,2952415,46,0
8027706,07:45:00,07:45:00,2952416,47,1
8027706,,,2952417,48,0
8027706,,,2952382,49,0
8027706,07:50:00,07:50:00,2952418,50,1
8027706,,,2952354,51,0
8027706,,,2952419,52,0
8027706,,,2952420,53,0
8027706,,,2952421,54,0
8027706,,,2952422,55,0
8027706,07:53:00,07:53:00,2947050,56,1
8027706,,,2947051,57,0
8027706,,,2947052,58,0
8027706,,,2947053,59,0
8027706,,,2947055,60,0
8027706,,,2933832,61,0
8027706,,,2933833,62,0
8027706,,,2933834,63,0
8027706,08:01:00,08:01:00,2759335,64,1
8027707,07:40:00,07:40:00,2759346,0,1
8027707,,,2947000,1,0
8027707,,,2947001,2,0
8027707,,,2947002,3,0
8027707,,,2947003,4,0
8027707,,,2947004,5,0
8027707,07:43:00,07:43:00,2947005,6,1
8027707,,,2976968,7,0
8027707,,,2976969,8,0
8027707,,,2976970,9,0
8027707,,,2952353,10,0
8027707,,,2952355,11,0
8027707,07:49:00,07:49:00,2952356,12,1
8027707,,,2952357,13,0
8027707,,,2952358,14,0
8027707,,,2952398,15,0
8027707,,,2952387,16,0
8027707,07:52:00,07:52:00,2952388,17,1
8027707,,,2952389,18,0
8027707,,,2952390,19,0
8027707,,,2976971,20,0
8027707,,,2976972,21,0
8027707,07:56:00,07:56:00,2952351,22,1
8027707,,,2952352,23,0
8027707,,,2949788,24,0
8027707,08:01:00,08:01:00,2949789,25,1
8027707,,,2949790,26,0
8027707,,,2952338,27,0
8027707,,,2952339,28,0
8027707,,,2952340,29,0
8027707,,,2952341,30,0
8027707,,,2951171,31,0
8027707,,,2951172,32,0
8027707,,,2951173,33,0
8027707,,,2951174,34,0
8027707,08:07:00,08:07:00,2951175,35,1
8027707,,,2952342,36,0
8027707,,,2952343,37,0
8027707,,,2952346,38,0
8027707,,,2952347,39,0
8027707,,,2952348,40,0
8027707,,,2952349,41,0
8027707,,,2952350,42,0
8027707,08:11:00,08:11:00,2976973,43,1
8027707,,,2952413,44,0
8027707,,,2952414,45,0
8027707,,,2952415,46,0
8027707,08:15:00,08:15:00,2952416,47,1
8027707,,,2952417,48,0
8027707,,,2952382,49,0
8027707,08:20:00,08:20:00,2952418,50,1
8027707,,,2952354,51,0
8027707,,,2952419,52,0
8027707,,,2952420,53,0
8027707,,,2952421,54,0
8027707,,,2952422,55,0
8027707,08:23:00,08:23:00,2947050,56,1
8027707,,,2947051,57,0
8027707,,,2947052,58,0
8027707,,,2947053,59,0
8027707,,,2947055,60,0
8027707,,,2933832,61,0
8027707,,,2933833,62,0
8027707,,,2933834,63,0
8027707,08:31:00,08:31:00,2759335,64,1
8027708,18:40:00,18:40:00,2759346,0,1
8027708,,,2947000,1,0
8027708,,,2947001,2,0
8027708,,,2947002,3,0
8027708,,,2947003,4,0
8027708,,,2947004,5,0
8027708,18:43:00,18:43:00,2947005,6,1
8027708,,,2976968,7,0
8027708,,,2976969,8,0
8027708,,,2976970,9,0
8027708,,,2952353,10,0
8027708,,,2952355,11,0
8027708,18:49:00,18:49:00,2952356,12,1
8027708,,,2952357,13,0
8027708,,,2952358,14,0
8027708,,,2952398,15,0
8027708,,,2952387,16,0
8027708,18:52:00,18:52:00,2952388,17,1
8027708,,,2952389,18,0
8027708,,,2952390,19,0
8027708,,,2976971,20,0
8027708,,,2976972,21,0
8027708,18:56:00,18:56:00,2952351,22,1
8027708,,,2952352,23,0
8027708,,,2949788,24,0
8027708,19:01:00,19:01:00,2949789,25,1
8027708,,,2949790,26,0
8027708,,,2952338,27,0
8027708,,,2952339,28,0
8027708,,,2952340,29,0
8027708,,,2952341,30,0
8027708,,,2951171,31,0
8027708,,,2951172,32,0
8027708,,,2951173,33,0
8027708,,,2951174,34,0
8027708,19:07:00,19:07:00,2951175,35,1
8027708,,,2952342,36,0
8027708,,,2952343,37,0
8027708,,,2952346,38,0
8027708,,,2952347,39,0
8027708,,,2952348,40,0
8027708,,,2952349,41,0
8027708,,,2952350,42,0
8027708,19:11:00,19:11:00,2976973,43,1
8027708,,,2952413,44,0
8027708,,,2952414,45,0
8027708,,,2952415,46,0
8027708,19:15:00,19:15:00,2952416,47,1
8027708,,,2952417,48,0
8027708,,,2952382,49,0
8027708,19:20:00,19:20:00,2952418,50,1
8027708,,,2952354,51,0
8027708,,,2952419,52,0
8027708,,,2952420,53,0
8027708,,,2952421,54,0
8027708,,,2952422,55,0
8027708,19:23:00,19:23:00,2947050,56,1
8027708,,,2947051,57,0
8027708,,,2947052,58,0
8027708,,,2947053,59,0
8027708,,,2947055,60,0
8027708,,,2933832,61,0
8027708,,,2933833,62,0
8027708,,,2933834,63,0
8027708,19:31:00,19:31:00,2759335,64,1
8027709,19:10:00,19:10:00,2759346,0,1
8027709,,,2947000,1,0
8027709,,,2947001,2,0
8027709,,,2947002,3,0
8027709,,,2947003,4,0
8027709,,,2947004,5,0
8027709,19:13:00,19:13:00,2947005,6,1
8027709,,,2976968,7,0
8027709,,,2976969,8,0
8027709,,,2976970,9,0
8027709,,,2952353,10,0
8027709,,,2952355,11,0
8027709,19:19:00,19:19:00,2952356,12,1
8027709,,,2952357,13,0
8027709,,,2952358,14,0
8027709,,,2952398,15,0
8027709,,,2952387,16,0
8027709,19:22:00,19:22:00,2952388,17,1
8027709,,,2952389,18,0
8027709,,,2952390,19,0
8027709,,,2976971,20,0
8027709,,,2976972,21,0
8027709,19:26:00,19:26:00,2952351,22,1
8027709,,,2952352,23,0
8027709,,,2949788,24,0
8027709,19:31:00,19:31:00,2949789,25,1
8027709,,,2949790,26,0
8027709,,,2952338,27,0
8027709,,,2952339,28,0
8027709,,,2952340,29,0
8027709,,,2952341,30,0
8027709,,,2951171,31,0
8027709,,,2951172,32,0
8027709,,,2951173,33,0
8027709,,,2951174,34,0
8027709,19:37:00,19:37:00,2951175,35,1
8027709,,,2952342,36,0
8027709,,,2952343,37,0
8027709,,,2952346,38,0
8027709,,,2952347,39,0
8027709,,,2952348,40,0
8027709,,,2952349,41,0
8027709,,,2952350,42,0
8027709,19:41:00,19:41:00,2976973,43,1
8027709,,,2952413,44,0
8027709,,,2952414,45,0
8027709,,,2952415,46,0
8027709,19:45:00,19:45:00,2952416,47,1
8027709,,,2952417,48,0
8027709,,,2952382,49,0
8027709,19:50:00,19:50:00,2952418,50,1
8027709,,,2952354,51,0
8027709,,,2952419,52,0
8027709,,,2952420,53,0
8027709,,,2952421,54,0
8027709,,,2952422,55,0
8027709,19:53:00,19:53:00,2947050,56,1
8027709,,,2947051,57,0
8027709,,,2947052,58,0
8027709,,,2947053,59,0
8027709,,,2947055,60,0
8027709,,,2933832,61,0
8027709,,,2933833,62,0
8027709,,,2933834,63,0
8027709,20:01:00,20:01:00,2759335,64,1
8027710,19:40:00,19:40:00,2759346,0,1
8027710,,,2947000,1,0
8027710,,,2947001,2,0
8027710,,,2947002,3,0
8027710,,,2947003,4,0
8027710,,,2947004,5,0
8027710,19:43:00,19:43:00,2947005,6,1
8027710,,,2976968,7,0
8027710,,,2976969,8,0
8027710,,,2976970,9,0
8027710,,,2952353,10,0
8027710,,,2952355,11,0
8027710,19:49:00,19:49:00,2952356,12,1
8027710,,,2952357,13,0
8027710,,,2952358,14,0
8027710,,,2952398,15,0
8027710,,,2952387,16,0
8027710,19:52:00,19:52:00,2952388,17,1
8027710,,,2952389,18,0
8027710,,,2952390,19,0
8027710,,,2976971,20,0
8027710,,,2976972,21,0
8027710,19:56:00,19:56:00,2952351,22,1
8027710,,,2952352,23,0
8027710,,,2949788,24,0
8027710,20:01:00,20:01:00,2949789,25,1
8027710,,,2949790,26,0
8027710,,,2952338,27,0
8027710,,,2952339,28,0
8027710,,,2952340,29,0
8027710,,,2952341,30,0
8027710,,,2951171,31,0
8027710,,,2951172,32,0
8027710,,,2951173,33,0
8027710,,,2951174,34,0
8027710,20:07:00,20:07:00,2951175,35,1
8027710,,,2952342,36,0
8027710,,,2952343,37,0
8027710,,,2952346,38,0
8027710,,,2952347,39,0
8027710,,,2952348,40,0
8027710,,,2952349,41,0
8027710,,,2952350,42,0
8027710,20:11:00,20:11:00,2976973,43,1
8027710,,,2952413,44,0
8027710,,,2952414,45,0
8027710,,,2952415,46,0
8027710,20:15:00,20:15:00,2952416,47,1
8027710,,,2952417,48,0
8027710,,,2952382,49,0
8027710,20:20:00,20:20:00,2952418,50,1
8027710,,,2952354,51,0
8027710,,,2952419,52,0
8027710,,,2952420,53,0
8027710,,,2952421,54,0
8027710,,,2952422,55,0
8027710,20:23:00,20:23:00,2947050,56,1
8027710,,,2947051,57,0
8027710,,,2947052,58,0
8027710,,,2947053,59,0
8027710,,,2947055,60,0
8027710,,,2933832,61,0
8027710,,,2933833,62,0
8027710,,,2933834,63,0
8027710,20:31:00,20:31:00,2759335,64,1
8027711,20:10:00,20:10:00,2759346,0,1
8027711,,,2947000,1,0
8027711,,,2947001,2,0
8027711,,,2947002,3,0
8027711,,,2947003,4,0
8027711,,,2947004,5,0
8027711,20:13:00,20:13:00,2947005,6,1
8027711,,,2976968,7,0
8027711,,,2976969,8,0
8027711,,,2976970,9,0
8027711,,,2952353,10,0
8027711,,,2952355,11,0
8027711,20:19:00,20:19:00,2952356,12,1
8027711,,,2952357,13,0
8027711,,,2952358,14,0
8027711,,,2952398,15,0
8027711,,,2952387,16,0
8027711,20:22:00,20:22:00,2952388,17,1
8027711,,,2952389,18,0
8027711,,,2952390,19,0
8027711,,,2976971,20,0
8027711,,,2976972,21,0
8027711,20:26:00,20:26:00,2952351,22,1
8027711,,,2952352,23,0
8027711,,,2949788,24,0
8027711,20:31:00,20:31:00,2949789,25,1
8027711,,,2949790,26,0
8027711,,,2952338,27,0
8027711,,,2952339,28,0
8027711,,,2952340,29,0
8027711,,,2952341,30,0
8027711,,,2951171,31,0
8027711,,,2951172,32,0
8027711,,,2951173,33,0
8027711,,,2951174,34,0
8027711,20:37:00,20:37:00,2951175,35,1
8027711,,,2952342,36,0
8027711,,,2952343,37,0
8027711,,,2952346,38,0
8027711,,,2952347,39,0
8027711,,,2952348,40,0
8027711,,,2952349,41,0
8027711,,,2952350,42,0
8027711,20:41:00,20:41:00,2976973,43,1
8027711,,,2952413,44,0
8027711,,,2952414,45,0
8027711,,,2952415,46,0
8027711,20:45:00,20:45:00,2952416,47,1
8027711,,,2952417,48,0
8027711,,,2952382,49,0
8027711,20:50:00,20:50:00,2952418,50,1
8027711,,,2952354,51,0
8027711,,,2952419,52,0
8027711,,,2952420,53,0
8027711,,,2952421,54,0
8027711,,,2952422,55,0
8027711,20:53:00,20:53:00,2947050,56,1
8027711,,,2947051,57,0
8027711,,,2947052,58,0
8027711,,,2947053,59,0
8027711,,,2947055,60,0
8027711,,,2933832,61,0
8027711,,,2933833,62,0
8027711,,,2933834,63,0
8027711,21:01:00,21:01:00,2759335,64,1
8027712,20:40:00,20:40:00,2759346,0,1
8027712,,,2947000,1,0
8027712,,,2947001,2,0
8027712,,,2947002,3,0
8027712,,,2947003,4,0
8027712,,,2947004,5,0
8027712,20:43:00,20:43:00,2947005,6,1
8027712,,,2976968,7,0
8027712,,,2976969,8,0
8027712,,,2976970,9,0
8027712,,,2952353,10,0
8027712,,,2952355,11,0
8027712,20:49:00,20:49:00,2952356,12,1
8027712,,,2952357,13,0
8027712,,,2952358,14,0
8027712,,,2952398,15,0
8027712,,,2952387,16,0
8027712,20:52:00,20:52:00,2952388,17,1
8027712,,,2952389,18,0
8027712,,,2952390,19,0
8027712,,,2976971,20,0
8027712,,,2976972,21,0
8027712,20:56:00,20:56:00,2952351,22,1
8027712,,,2952352,23,0
8027712,,,2949788,24,0
8027712,21:01:00,21:01:00,2949789,25,1
8027712,,,2949790,26,0
8027712,,,2952338,27,0
8027712,,,2952339,28,0
8027712,,,2952340,29,0
8027712,,,2952341,30,0
8027712,,,2951171,31,0
8027712,,,2951172,32,0
8027712,,,2951173,33,0
8027712,,,2951174,34,0
8027712,21:07:00,21:07:00,2951175,35,1
8027712,,,2952342,36,0
8027712,,,2952343,37,0
8027712,,,2952346,38,0
8027712,,,2952347,39,0
8027712,,,2952348,40,0
8027712,,,2952349,41,0
8027712,,,2952350,42,0
8027712,21:11:00,21:11:00,2976973,43,1
8027712,,,2952413,44,0
8027712,,,2952414,45,0
8027712,,,2952415,46,0
8027712,21:15:00,21:15:00,2952416,47,1
8027712,,,2952417,48,0
8027712,,,2952382,49,0
8027712,21:20:00,21:20:00,2952418,50,1
8027712,,,2952354,51,0
8027712,,,2952419,52,0
8027712,,,2952420,53,0
8027712,,,2952421,54,0
8027712,,,2952422,55,0
8027712,21:23:00,21:23:00,2947050,56,1
8027712,,,2947051,57,0
8027712,,,2947052,58,0
8027712,,,2947053,59,0
8027712,,,2947055,60,0
8027712,,,2933832,61,0
8027712,,,2933833,62,0
8027712,,,2933834,63,0
8027712,21:31:00,21:31:00,2759335,64,1
8027713,21:10:00,21:10:00,2759346,0,1
8027713,,,2947000,1,0
8027713,,,2947001,2,0
8027713,,,2947002,3,0
8027713,,,2947003,4,0
8027713,,,2947004,5,0
8027713,21:13:00,21:13:00,2947005,6,1
8027713,,,2976968,7,0
8027713,,,2976969,8,0
8027713,,,2976970,9,0
8027713,,,2952353,10,0
8027713,,,2952355,11,0
8027713,21:19:00,21:19:00,2952356,12,1
8027713,,,2952357,13,0
8027713,,,2952358,14,0
8027713,,,2952398,15,0
8027713,,,2952387,16,0
8027713,21:22:00,21:22:00,2952388,17,1
8027713,,,2952389,18,0
8027713,,,2952390,19,0
8027713,,,2976971,20,0
8027713,,,2976972,21,0
8027713,21:26:00,21:26:00,2952351,22,1
8027713,,,2952352,23,0
8027713,,,2949788,24,0
8027713,21:31:00,21:31:00,2949789,25,1
8027713,,,2949790,26,0
8027713,,,2952338,27,0
8027713,,,2952339,28,0
8027713,,,2952340,29,0
8027713,,,2952341,30,0
8027713,,,2951171,31,0
8027713,,,2951172,32,0
8027713,,,2951173,33,0
8027713,,,2951174,34,0
8027713,21:37:00,21:37:00,2951175,35,1
8027713,,,2952342,36,0
8027713,,,2952343,37,0
8027713,,,2952346,38,0
8027713,,,2952347,39,0
8027713,,,2952348,40,0
8027713,,,2952349,41,0
8027713,,,2952350,42,0
8027713,21:41:00,21:41:00,2976973,43,1
8027713,,,2952413,44,0
8027713,,,2952414,45,0
8027713,,,2952415,46,0
8027713,21:45:00,21:45:00,2952416,47,1
8027713,,,2952417,48,0
8027713,,,2952382,49,0
8027713,21:50:00,21:50:00,2952418,50,1
8027713,,,2952354,51,0
8027713,,,2952419,52,0
8027713,,,2952420,53,0
8027713,,,2952421,54,0
8027713,,,2952422,55,0
8027713,21:53:00,21:53:00,2947050,56,1
8027713,,,2947051,57,0
8027713,,,2947052,58,0
8027713,,,2947053,59,0
8027713,,,2947055,60,0
8027713,,,2933832,61,0
8027713,,,2933833,62,0
8027713,,,2933834,63,0
8027713,22:01:00,22:01:00,2759335,64,1
8027714,22:10:00,22:10:00,2759346,0,1
8027714,,,2947000,1,0
8027714,,,2947001,2,0
8027714,,,2947002,3,0
8027714,,,2947003,4,0
8027714,,,2947004,5,0
8027714,22:13:00,22:13:00,2947005,6,1
8027714,,,2976968,7,0
8027714,,,2976969,8,0
8027714,,,2976970,9,0
8027714,,,2952353,10,0
8027714,,,2952355,11,0
8027714,22:19:00,22:19:00,2952356,12,1
8027714,,,2952357,13,0
8027714,,,2952358,14,0
8027714,,,2952398,15,0
8027714,,,2952387,16,0
8027714,22:22:00,22:22:00,2952388,17,1
8027714,,,2952389,18,0
8027714,,,2952390,19,0
8027714,,,2976971,20,0
8027714,,,2976972,21,0
8027714,22:26:00,22:26:00,2952351,22,1
8027714,,,2952352,23,0
8027714,,,2949788,24,0
8027714,22:31:00,22:31:00,2949789,25,1
8027714,,,2949790,26,0
8027714,,,2952338,27,0
8027714,,,2952339,28,0
8027714,,,2952340,29,0
8027714,,,2952341,30,0
8027714,,,2951171,31,0
8027714,,,2951172,32,0
8027714,,,2951173,33,0
8027714,,,2951174,34,0
8027714,22:37:00,22:37:00,2951175,35,1
8027714,,,2952342,36,0
8027714,,,2952343,37,0
8027714,,,2952346,38,0
8027714,,,2952347,39,0
8027714,,,2952348,40,0
8027714,,,2952349,41,0
8027714,,,2952350,42,0
8027714,22:41:00,22:41:00,2976973,43,1
8027714,,,2952413,44,0
8027714,,,2952414,45,0
8027714,,,2952415,46,0
8027714,22:45:00,22:45:00,2952416,47,1
8027714,,,2952417,48,0
8027714,,,2952382,49,0
8027714,22:50:00,22:50:00,2952418,50,1
8027714,,,2952354,51,0
8027714,,,2952419,52,0
8027714,,,2952420,53,0
8027714,,,2952421,54,0
8027714,,,2952422,55,0
8027714,22:53:00,22:53:00,2947050,56,1
8027714,,,2947051,57,0
8027714,,,2947052,58,0
8027714,,,2947053,59,0
8027714,,,2947055,60,0
8027714,,,2933832,61,0
8027714,,,2933833,62,0
8027714,,,2933834,63,0
8027714,23:01:00,23:01:00,2759335,64,1
8027715,23:10:00,23:10:00,2759346,0,1
8027715,,,2947000,1,0
8027715,,,2947001,2,0
8027715,,,2947002,3,0
8027715,,,2947003,4,0
8027715,,,2947004,5,0
8027715,23:13:00,23:13:00,2947005,6,1
8027715,,,2976968,7,0
8027715,,,2976969,8,0
8027715,,,2976970,9,0
8027715,,,2952353,10,0
8027715,,,2952355,11,0
8027715,23:19:00,23:19:00,2952356,12,1
8027715,,,2952357,13,0
8027715,,,2952358,14,0
8027715,,,2952398,15,0
8027715,,,2952387,16,0
8027715,23:22:00,23:22:00,2952388,17,1
8027715,,,2952389,18,0
8027715,,,2952390,19,0
8027715,,,2976971,20,0
8027715,,,2976972,21,0
8027715,23:26:00,23:26:00,2952351,22,1
8027715,,,2952352,23,0
8027715,,,2949788,24,0
8027715,23:31:00,23:31:00,2949789,25,1
8027715,,,2949790,26,0
8027715,,,2952338,27,0
8027715,,,2952339,28,0
8027715,,,2952340,29,0
8027715,,,2952341,30,0
8027715,,,2951171,31,0
8027715,,,2951172,32,0
8027715,,,2951173,33,0
8027715,,,2951174,34,0
8027715,23:37:00,23:37:00,2951175,35,1
8027716,08:10:00,08:10:00,2759346,0,1
8027716,,,2947000,1,0
8027716,,,2947001,2,0
8027716,,,2947002,3,0
8027716,,,2947003,4,0
8027716,,,2947004,5,0
8027716,08:13:00,08:13:00,2947005,6,1
8027716,,,2976968,7,0
8027716,,,2976969,8,0
8027716,,,2976970,9,0
8027716,,,2952353,10,0
8027716,,,2952355,11,0
8027716,08:19:00,08:19:00,2952356,12,1
8027716,,,2952357,13,0
8027716,,,2952358,14,0
8027716,,,2952398,15,0
8027716,,,2952387,16,0
8027716,08:22:00,08:22:00,2952388,17,1
8027716,,,2952389,18,0
8027716,,,2952390,19,0
8027716,,,2976971,20,0
8027716,,,2976972,21,0
8027716,08:26:00,08:26:00,2952351,22,1
8027716,,,2952352,23,0
8027716,08:31:00,08:31:00,2951167,24,1
8027716,,,2951168,25,0
8027716,,,2951169,26,0
8027716,,,2952350,27,0
8027716,08:41:00,08:41:00,2976973,28,1
8027716,,,2952413,29,0
8027716,,,2952414,30,0
8027716,,,2952415,31,0
8027716,08:45:00,08:45:00,2952416,32,0
8027716,,,2952417,33,0
8027716,,,2952382,34,0
8027716,08:50:00,08:50:00,2952418,35,1
8027716,,,2952354,36,0
8027716,,,2952419,37,0
8027716,,,2952420,38,0
8027716,,,2952421,39,0
8027716,,,2952422,40,0
8027716,08:53:00,08:53:00,2947050,41,1
8027716,,,2947051,42,0
8027716,,,2947052,43,0
8027716,,,2947053,44,0
8027716,,,2947055,45,0
8027716,,,2933832,46,0
8027716,,,2933833,47,0
8027716,,,2933834,48,0
8027716,09:01:00,09:01:00,2759335,49,1
8027717,08:40:00,08:40:00,2759346,0,1
8027717,,,2947000,1,0
8027717,,,2947001,2,0
8027717,,,2947002,3,0
8027717,,,2947003,4,0
8027717,,,2947004,5,0
8027717,08:43:00,08:43:00,2947005,6,1
8027717,,,2976968,7,0
8027717,,,2976969,8,0
8027717,,,2976970,9,0
8027717,,,2952353,10,0
8027717,,,2952355,11,0
8027717,08:49:00,08:49:00,2952356,12,1
8027717,,,2952357,13,0
8027717,,,2952358,14,0
8027717,,,2952398,15,0
8027717,,,2952387,16,0
8027717,08:52:00,08:52:00,2952388,17,1
8027717,,,2952389,18,0
8027717,,,2952390,19,0
8027717,,,2976971,20,0
8027717,,,2976972,21,0
8027717,08:56:00,08:56:00,2952351,22,1
8027717,,,2952352,23,0
8027717,09:01:00,09:01:00,2951167,24,1
8027717,,,2951168,25,0
8027717,,,2951169,26,0
8027717,,,2952350,27,0
8027717,09:11:00,09:11:00,2976973,28,1
8027717,,,2952413,29,0
8027717,,,2952414,30,0
8027717,,,2952415,31,0
8027717,09:15:00,09:15:00,2952416,32,0
8027717,,,2952417,33,0
8027717,,,2952382,34,0
8027717,09:20:00,09:20:00,2952418,35,1
8027717,,,2952354,36,0
8027717,,,2952419,37,0
8027717,,,2952420,38,0
8027717,,,2952421,39,0
8027717,,,2952422,40,0
8027717,09:23:00,09:23:00,2947050,41,1
8027717,,,2947051,42,0
8027717,,,2947052,43,0
8027717,,,2947053,44,0
8027717,,,2947055,45,0
8027717,,,2933832,46,0
8027717,,,2933833,47,0
8027717,,,2933834,48,0
8027717,09:31:00,09:31:00,2759335,49,1
8027718,09:10:00,09:10:00,2759346,0,1
8027718,,,2947000,1,0
8027718,,,2947001,2,0
8027718,,,2947002,3,0
8027718,,,2947003,4,0
8027718,,,2947004,5,0
8027718,09:13:00,09:13:00,2947005,6,1
8027718,,,2976968,7,0
8027718,,,2976969,8,0
8027718,,,2976970,9,0
8027718,,,2952353,10,0
8027718,,,2952355,11,0
8027718,09:19:00,09:19:00,2952356,12,1
8027718,,,2952357,13,0
8027718,,,2952358,14,0
8027718,,,2952398,15,0
8027718,,,2952387,16,0
8027718,09:22:00,09:22:00,2952388,17,1
8027718,,,2952389,18,0
8027718,,,2952390,19,0
8027718,,,2976971,20,0
8027718,,,2976972,21,0
8027718,09:26:00,09:26:00,2952351,22,1
8027718,,,2952352,23,0
8027718,09:31:00,09:31:00,2951167,24,1
8027718,,,2951168,25,0
8027718,,,2951169,26,0
8027718,,,2952350,27,0
8027718,09:41:00,09:41:00,2976973,28,1
8027718,,,2952413,29,0
8027718,,,2952414,30,0
8027718,,,2952415,31,0
8027718,09:45:00,09:45:00,2952416,32,0
8027718,,,2952417,33,0
8027718,,,2952382,34,0
8027718,09:50:00,09:50:00,2952418,35,1
8027718,,,2952354,36,0
8027718,,,2952419,37,0
8027718,,,2952420,38,0
8027718,,,2952421,39,0
8027718,,,2952422,40,0
8027718,09:53:00,09:53:00,2947050,41,1
8027718,,,2947051,42,0
8027718,,,2947052,43,0
8027718,,,2947053,44,0
8027718,,,2947055,45,0
8027718,,,2933832,46,0
8027718,,,2933833,47,0
8027718,,,2933834,48,0
8027718,10:01:00,10:01:00,2759335,49,1
8027719,09:40:00,09:40:00,2759346,0,1
8027719,,,2947000,1,0
8027719,,,2947001,2,0
8027719,,,2947002,3,0
8027719,,,2947003,4,0
8027719,,,2947004,5,0
8027719,09:43:00,09:43:00,2947005,6,1
8027719,,,2976968,7,0
8027719,,,2976969,8,0
8027719,,,2976970,9,0
8027719,,,2952353,10,0
8027719,,,2952355,11,0
8027719,09:49:00,09:49:00,2952356,12,1
8027719,,,2952357,13,0
8027719,,,2952358,14,0
8027719,,,2952398,15,0
8027719,,,2952387,16,0
8027719,09:52:00,09:52:00,2952388,17,1
8027719,,,2952389,18,0
8027719,,,2952390,19,0
8027719,,,2976971,20,0
8027719,,,2976972,21,0
8027719,09:56:00,09:56:00,2952351,22,1
8027719,,,2952352,23,0
8027719,10:01:00,10:01:00,2951167,24,1
8027719,,,2951168,25,0
8027719,,,2951169,26,0
8027719,,,2952350,27,0
8027719,10:11:00,10:11:00,2976973,28,1
8027719,,,2952413,29,0
8027719,,,2952414,30,0
8027719,,,2952415,31,0
8027719,10:15:00,10:15:00,2952416,32,0
8027719,,,2952417,33,0
8027719,,,2952382,34,0
8027719,10:20:00,10:20:00,2952418,35,1
8027719,,,2952354,36,0
8027719,,,2952419,37,0
8027719,,,2952420,38,0
8027719,,,2952421,39,0
8027719,,,2952422,40,0
8027719,10:23:00,10:23:00,2947050,41,1
8027719,,,2947051,42,0
8027719,,,2947052,43,0
8027719,,,2947053,44,0
8027719,,,2947055,45,0
8027719,,,2933832,46,0
8027719,,,2933833,47,0
8027719,,,2933834,48,0
8027719,10:31:00,10:31:00,2759335,49,1
8027720,10:10:00,10:10:00,2759346,0,1
8027720,,,2947000,1,0
8027720,,,2947001,2,0
8027720,,,2947002,3,0
8027720,,,2947003,4,0
8027720,,,2947004,5,0
8027720,10:13:00,10:13:00,2947005,6,1
8027720,,,2976968,7,0
8027720,,,2976969,8,0
8027720,,,2976970,9,0
8027720,,,2952353,10,0
8027720,,,2952355,11,0
8027720,10:19:00,10:19:00,2952356,12,1
8027720,,,2952357,13,0
8027720,,,2952358,14,0
8027720,,,2952398,15,0
8027720,,,2952387,16,0
8027720,10:22:00,10:22:00,2952388,17,1
8027720,,,2952389,18,0
8027720,,,2952390,19,0
8027720,,,2976971,20,0
8027720,,,2976972,21,0
8027720,10:26:00,10:26:00,2952351,22,1
8027720,,,2952352,23,0
8027720,10:31:00,10:31:00,2951167,24,1
8027720,,,2951168,25,0
8027720,,,2951169,26,0
8027720,,,2952350,27,0
8027720,10:41:00,10:41:00,2976973,28,1
8027720,,,2952413,29,0
8027720,,,2952414,30,0
8027720,,,2952415,31,0
8027720,10:45:00,10:45:00,2952416,32,0
8027720,,,2952417,33,0
8027720,,,2952382,34,0
8027720,10:50:00,10:50:00,2952418,35,1
8027720,,,2952354,36,0
8027720,,,2952419,37,0
8027720,,,2952420,38,0
8027720,,,2952421,39,0
8027720,,,2952422,40,0
8027720,10:53:00,10:53:00,2947050,41,1
8027720,,,2947051,42,0
8027720,,,2947052,43,0
8027720,,,2947053,44,0
8027720,,,2947055,45,0
8027720,,,2933832,46,0
8027720,,,2933833,47,0
8027720,,,2933834,48,0
8027720,11:01:00,11:01:00,2759335,49,1
8027721,10:40:00,10:40:00,2759346,0,1
8027721,,,2947000,1,0
8027721,,,2947001,2,0
8027721,,,2947002,3,0
8027721,,,2947003,4,0
8027721,,,2947004,5,0
8027721,10:43:00,10:43:00,2947005,6,1
8027721,,,2976968,7,0
8027721,,,2976969,8,0
8027721,,,2976970,9,0
8027721,,,2952353,10,0
8027721,,,2952355,11,0
8027721,10:49:00,10:49:00,2952356,12,1
8027721,,,2952357,13,0
8027721,,,2952358,14,0
8027721,,,2952398,15,0
8027721,,,2952387,16,0
8027721,10:52:00,10:52:00,2952388,17,1
8027721,,,2952389,18,0
8027721,,,2952390,19,0
8027721,,,2976971,20,0
8027721,,,2976972,21,0
8027721,10:56:00,10:56:00,2952351,22,1
8027721,,,2952352,23,0
8027721,11:01:00,11:01:00,2951167,24,1
8027721,,,2951168,25,0
8027721,,,2951169,26,0
8027721,,,2952350,27,0
8027721,11:11:00,11:11:00,2976973,28,1
8027721,,,2952413,29,0
8027721,,,2952414,30,0
8027721,,,2952415,31,0
8027721,11:15:00,11:15:00,2952416,32,0
8027721,,,2952417,33,0
8027721,,,2952382,34,0
8027721,11:20:00,11:20:00,2952418,35,1
8027721,,,2952354,36,0
8027721,,,2952419,37,0
8027721,,,2952420,38,0
8027721,,,2952421,39,0
8027721,,,2952422,40,0
8027721,11:23:00,11:23:00,2947050,41,1
8027721,,,2947051,42,0
8027721,,,2947052,43,0
8027721,,,2947053,44,0
8027721,,,2947055,45,0
8027721,,,2933832,46,0
8027721,,,2933833,47,0
8027721,,,2933834,48,0
8027721,11:31:00,11:31:00,2759335,49,1
8027722,11:10:00,11:10:00,2759346,0,1
8027722,,,2947000,1,0
8027722,,,2947001,2,0
8027722,,,2947002,3,0
8027722,,,2947003,4,0
8027722,,,2947004,5,0
8027722,11:13:00,11:13:00,2947005,6,1
8027722,,,2976968,7,0
8027722,,,2976969,8,0
8027722,,,2976970,9,0
8027722,,,2952353,10,0
8027722,,,2952355,11,0
8027722,11:19:00,11:19:00,2952356,12,1
8027722,,,2952357,13,0
8027722,,,2952358,14,0
8027722,,,2952398,15,0
8027722,,,2952387,16,0
8027722,11:22:00,11:22:00,2952388,17,1
8027722,,,2952389,18,0
8027722,,,2952390,19,0
8027722,,,2976971,20,0
8027722,,,2976972,21,0
8027722,11:26:00,11:26:00,2952351,22,1
8027722,,,2952352,23,0
8027722,11:31:00,11:31:00,2951167,24,1
8027722,,,2951168,25,0
8027722,,,2951169,26,0
8027722,,,2952350,27,0
8027722,11:41:00,11:41:00,2976973,28,1
8027722,,,2952413,29,0
8027722,,,2952414,30,0
8027722,,,2952415,31,0
8027722,11:45:00,11:45:00,2952416,32,0
8027722,,,2952417,33,0
8027722,,,2952382,34,0
8027722,11:50:00,11:50:00,2952418,35,1
8027722,,,2952354,36,0
8027722,,,2952419,37,0
8027722,,,2952420,38,0
8027722,,,2952421,39,0
8027722,,,2952422,40,0
8027722,11:53:00,11:53:00,2947050,41,1
8027722,,,2947051,42,0
8027722,,,2947052,43,0
8027722,,,2947053,44,0
8027722,,,2947055,45,0
8027722,,,2933832,46,0
8027722,,,2933833,47,0
8027722,,,2933834,48,0
8027722,12:01:00,12:01:00,2759335,49,1
8027723,11:40:00,11:40:00,2759346,0,1
8027723,,,2947000,1,0
8027723,,,2947001,2,0
8027723,,,2947002,3,0
8027723,,,2947003,4,0
8027723,,,2947004,5,0
8027723,11:43:00,11:43:00,2947005,6,1
8027723,,,2976968,7,0
8027723,,,2976969,8,0
8027723,,,2976970,9,0
8027723,,,2952353,10,0
8027723,,,2952355,11,0
8027723,11:49:00,11:49:00,2952356,12,1
8027723,,,2952357,13,0
8027723,,,2952358,14,0
8027723,,,2952398,15,0
8027723,,,2952387,16,0
8027723,11:52:00,11:52:00,2952388,17,1
8027723,,,2952389,18,0
8027723,,,2952390,19,0
8027723,,,2976971,20,0
8027723,,,2976972,21,0
8027723,11:56:00,11:56:00,2952351,22,1
8027723,,,2952352,23,0
8027723,12:01:00,12:01:00,2951167,24,1
8027723,,,2951168,25,0
8027723,,,2951169,26,0
8027723,,,2952350,27,0
8027723,12:11:00,12:11:00,2976973,28,1
8027723,,,2952413,29,0
8027723,,,2952414,30,0
8027723,,,2952415,31,0
8027723,12:15:00,12:15:00,2952416,32,0
8027723,,,2952417,33,0
8027723,,,2952382,34,0
8027723,12:20:00,12:20:00,2952418,35,1
8027723,,,2952354,36,0
8027723,,,2952419,37,0
8027723,,,2952420,38,0
8027723,,,2952421,39,0
8027723,,,2952422,40,0
8027723,12:23:00,12:23:00,2947050,41,1
8027723,,,2947051,42,0
8027723,,,2947052,43,0
8027723,,,2947053,44,0
8027723,,,2947055,45,0
8027723,,,2933832,46,0
8027723,,,2933833,47,0
8027723,,,2933834,48,0
8027723,12:31:00,12:31:00,2759335,49,1
8027724,12:10:00,12:10:00,2759346,0,1
8027724,,,2947000,1,0
8027724,,,2947001,2,0
8027724,,,2947002,3,0
8027724,,,2947003,4,0
8027724,,,2947004,5,0
8027724,12:13:00,12:13:00,2947005,6,1
8027724,,,2976968,7,0
8027724,,,2976969,8,0
8027724,,,2976970,9,0
8027724,,,2952353,10,0
8027724,,,2952355,11,0
8027724,12:19:00,12:19:00,2952356,12,1
8027724,,,2952357,13,0
8027724,,,2952358,14,0
8027724,,,2952398,15,0
8027724,,,2952387,16,0
8027724,12:22:00,12:22:00,2952388,17,1
8027724,,,2952389,18,0
8027724,,,2952390,19,0
8027724,,,2976971,20,0
8027724,,,2976972,21,0
8027724,12:26:00,12:26:00,2952351,22,1
8027724,,,2952352,23,0
8027724,12:31:00,12:31:00,2951167,24,1
8027724,,,2951168,25,0
8027724,,,2951169,26,0
8027724,,,2952350,27,0
8027724,12:41:00,12:41:00,2976973,28,1
8027724,,,2952413,29,0
8027724,,,2952414,30,0
8027724,,,2952415,31,0
8027724,12:45:00,12:45:00,2952416,32,0
8027724,,,2952417,33,0
8027724,,,2952382,34,0
8027724,12:50:00,12:50:00,2952418,35,1
8027724,,,2952354,36,0
8027724,,,2952419,37,0
8027724,,,2952420,38,0
8027724,,,2952421,39,0
8027724,,,2952422,40,0
8027724,12:53:00,12:53:00,2947050,41,1
8027724,,,2947051,42,0
8027724,,,2947052,43,0
8027724,,,2947053,44,0
8027724,,,2947055,45,0
8027724,,,2933832,46,0
8027724,,,2933833,47,0
8027724,,,2933834,48,0
8027724,13:01:00,13:01:00,2759335,49,1
8027725,12:40:00,12:40:00,2759346,0,1
8027725,,,2947000,1,0
8027725,,,2947001,2,0
8027725,,,2947002,3,0
8027725,,,2947003,4,0
8027725,,,2947004,5,0
8027725,12:43:00,12:43:00,2947005,6,1
8027725,,,2976968,7,0
8027725,,,2976969,8,0
8027725,,,2976970,9,0
8027725,,,2952353,10,0
8027725,,,2952355,11,0
8027725,12:49:00,12:49:00,2952356,12,1
8027725,,,2952357,13,0
8027725,,,2952358,14,0
8027725,,,2952398,15,0
8027725,,,2952387,16,0
8027725,12:52:00,12:52:00,2952388,17,1
8027725,,,2952389,18,0
8027725,,,2952390,19,0
8027725,,,2976971,20,0
8027725,,,2976972,21,0
8027725,12:56:00,12:56:00,2952351,22,1
8027725,,,2952352,23,0
8027725,13:01:00,13:01:00,2951167,24,1
8027725,,,2951168,25,0
8027725,,,2951169,26,0
8027725,,,2952350,27,0
8027725,13:11:00,13:11:00,2976973,28,1
8027725,,,2952413,29,0
8027725,,,2952414,30,0
8027725,,,2952415,31,0
8027725,13:15:00,13:15:00,2952416,32,0
8027725,,,2952417,33,0
8027725,,,2952382,34,0
8027725,13:20:00,13:20:00,2952418,35,1
8027725,,,2952354,36,0
8027725,,,2952419,37,0
8027725,,,2952420,38,0
8027725,,,2952421,39,0
8027725,,,2952422,40,0
8027725,13:23:00,13:23:00,2947050,41,1
8027725,,,2947051,42,0
8027725,,,2947052,43,0
8027725,,,2947053,44,0
8027725,,,2947055,45,0
8027725,,,2933832,46,0
8027725,,,2933833,47,0
8027725,,,2933834,48,0
8027725,13:31:00,13:31:00,2759335,49,1
8027726,13:10:00,13:10:00,2759346,0,1
8027726,,,2947000,1,0
8027726,,,2947001,2,0
8027726,,,2947002,3,0
8027726,,,2947003,4,0
8027726,,,2947004,5,0
8027726,13:13:00,13:13:00,2947005,6,1
8027726,,,2976968,7,0
8027726,,,2976969,8,0
8027726,,,2976970,9,0
8027726,,,2952353,10,0
8027726,,,2952355,11,0
8027726,13:19:00,13:19:00,2952356,12,1
8027726,,,2952357,13,0
8027726,,,2952358,14,0
8027726,,,2952398,15,0
8027726,,,2952387,16,0
8027726,13:22:00,13:22:00,2952388,17,1
8027726,,,2952389,18,0
8027726,,,2952390,19,0
8027726,,,2976971,20,0
8027726,,,2976972,21,0
8027726,13:26:00,13:26:00,2952351,22,1
8027726,,,2952352,23,0
8027726,13:31:00,13:31:00,2951167,24,1
8027726,,,2951168,25,0
8027726,,,2951169,26,0
8027726,,,2952350,27,0
8027726,13:41:00,13:41:00,2976973,28,1
8027726,,,2952413,29,0
8027726,,,2952414,30,0
8027726,,,2952415,31,0
8027726,13:45:00,13:45:00,2952416,32,0
8027726,,,2952417,33,0
8027726,,,2952382,34,0
8027726,13:50:00,13:50:00,2952418,35,1
8027726,,,2952354,36,0
8027726,,,2952419,37,0
8027726,,,2952420,38,0
8027726,,,2952421,39,0
8027726,,,2952422,40,0
8027726,13:53:00,13:53:00,2947050,41,1
8027726,,,2947051,42,0
8027726,,,2947052,43,0
8027726,,,2947053,44,0
8027726,,,2947055,45,0
8027726,,,2933832,46,0
8027726,,,2933833,47,0
8027726,,,2933834,48,0
8027726,14:01:00,14:01:00,2759335,49,1
8027727,13:40:00,13:40:00,2759346,0,1
8027727,,,2947000,1,0
8027727,,,2947001,2,0
8027727,,,2947002,3,0
8027727,,,2947003,4,0
8027727,,,2947004,5,0
8027727,13:43:00,13:43:00,2947005,6,1
8027727,,,2976968,7,0
8027727,,,2976969,8,0
8027727,,,2976970,9,0
8027727,,,2952353,10,0
8027727,,,2952355,11,0
8027727,13:49:00,13:49:00,2952356,12,1
8027727,,,2952357,13,0
8027727,,,2952358,14,0
8027727,,,2952398,15,0
8027727,,,2952387,16,0
8027727,13:52:00,13:52:00,2952388,17,1
8027727,,,2952389,18,0
8027727,,,2952390,19,0
8027727,,,2976971,20,0
8027727,,,2976972,21,0
8027727,13:56:00,13:56:00,2952351,22,1
8027727,,,2952352,23,0
8027727,14:01:00,14:01:00,2951167,24,1
8027727,,,2951168,25,0
8027727,,,2951169,26,0
8027727,,,2952350,27,0
8027727,14:11:00,14:11:00,2976973,28,1
8027727,,,2952413,29,0
8027727,,,2952414,30,0
8027727,,,2952415,31,0
8027727,14:15:00,14:15:00,2952416,32,0
8027727,,,2952417,33,0
8027727,,,2952382,34,0
8027727,14:20:00,14:20:00,2952418,35,1
8027727,,,2952354,36,0
8027727,,,2952419,37,0
8027727,,,2952420,38,0
8027727,,,2952421,39,0
8027727,,,2952422,40,0
8027727,14:23:00,14:23:00,2947050,41,1
8027727,,,2947051,42,0
8027727,,,2947052,43,0
8027727,,,2947053,44,0
8027727,,,2947055,45,0
8027727,,,2933832,46,0
8027727,,,2933833,47,0
8027727,,,2933834,48,0
8027727,14:31:00,14:31:00,2759335,49,1
8027728,14:10:00,14:10:00,2759346,0,1
8027728,,,2947000,1,0
8027728,,,2947001,2,0
8027728,,,2947002,3,0
8027728,,,2947003,4,0
8027728,,,2947004,5,0
8027728,14:13:00,14:13:00,2947005,6,1
8027728,,,2976968,7,0
8027728,,,2976969,8,0
8027728,,,2976970,9,0
8027728,,,2952353,10,0
8027728,,,2952355,11,0
8027728,14:19:00,14:19:00,2952356,12,1
8027728,,,2952357,13,0
8027728,,,2952358,14,0
8027728,,,2952398,15,0
8027728,,,2952387,16,0
8027728,14:22:00,14:22:00,2952388,17,1
8027728,,,2952389,18,0
8027728,,,2952390,19,0
8027728,,,2976971,20,0
8027728,,,2976972,21,0
8027728,14:26:00,14:26:00,2952351,22,1
8027728,,,2952352,23,0
8027728,14:31:00,14:31:00,2951167,24,1
8027728,,,2951168,25,0
8027728,,,2951169,26,0
8027728,,,2952350,27,0
8027728,14:41:00,14:41:00,2976973,28,1
8027728,,,2952413,29,0
8027728,,,2952414,30,0
8027728,,,2952415,31,0
8027728,14:45:00,14:45:00,2952416,32,0
8027728,,,2952417,33,0
8027728,,,2952382,34,0
8027728,14:50:00,14:50:00,2952418,35,1
8027728,,,2952354,36,0
8027728,,,2952419,37,0
8027728,,,2952420,38,0
8027728,,,2952421,39,0
8027728,,,2952422,40,0
8027728,14:53:00,14:53:00,2947050,41,1
8027728,,,2947051,42,0
8027728,,,2947052,43,0
8027728,,,2947053,44,0
8027728,,,2947055,45,0
8027728,,,2933832,46,0
8027728,,,2933833,47,0
8027728,,,2933834,48,0
8027728,15:01:00,15:01:00,2759335,49,1
8027729,14:40:00,14:40:00,2759346,0,1
8027729,,,2947000,1,0
8027729,,,2947001,2,0
8027729,,,2947002,3,0
8027729,,,2947003,4,0
8027729,,,2947004,5,0
8027729,14:43:00,14:43:00,2947005,6,1
8027729,,,2976968,7,0
8027729,,,2976969,8,0
8027729,,,2976970,9,0
8027729,,,2952353,10,0
8027729,,,2952355,11,0
8027729,14:49:00,14:49:00,2952356,12,1
8027729,,,2952357,13,0
8027729,,,2952358,14,0
8027729,,,2952398,15,0
8027729,,,2952387,16,0
8027729,14:52:00,14:52:00,2952388,17,1
8027729,,,2952389,18,0
8027729,,,2952390,19,0
8027729,,,2976971,20,0
8027729,,,2976972,21,0
8027729,14:56:00,14:56:00,2952351,22,1
8027729,,,2952352,23,0
8027729,15:01:00,15:01:00,2951167,24,1
8027729,,,2951168,25,0
8027729,,,2951169,26,0
8027729,,,2952350,27,0
8027729,15:11:00,15:11:00,2976973,28,1
8027729,,,2952413,29,0
8027729,,,2952414,30,0
8027729,,,2952415,31,0
8027729,15:15:00,15:15:00,2952416,32,0
8027729,,,2952417,33,0
8027729,,,2952382,34,0
8027729,15:20:00,15:20:00,2952418,35,1
8027729,,,2952354,36,0
8027729,,,2952419,37,0
8027729,,,2952420,38,0
8027729,,,2952421,39,0
8027729,,,2952422,40,0
8027729,15:23:00,15:23:00,2947050,41,1
8027729,,,2947051,42,0
8027729,,,2947052,43,0
8027729,,,2947053,44,0
8027729,,,2947055,45,0
8027729,,,2933832,46,0
8027729,,,2933833,47,0
8027729,,,2933834,48,0
8027729,15:31:00,15:31:00,2759335,49,1
8027730,15:10:00,15:10:00,2759346,0,1
8027730,,,2947000,1,0
8027730,,,2947001,2,0
8027730,,,2947002,3,0
8027730,,,2947003,4,0
8027730,,,2947004,5,0
8027730,15:13:00,15:13:00,2947005,6,1
8027730,,,2976968,7,0
8027730,,,2976969,8,0
8027730,,,2976970,9,0
8027730,,,2952353,10,0
8027730,,,2952355,11,0
8027730,15:19:00,15:19:00,2952356,12,1
8027730,,,2952357,13,0
8027730,,,2952358,14,0
8027730,,,2952398,15,0
8027730,,,2952387,16,0
8027730,15:22:00,15:22:00,2952388,17,1
8027730,,,2952389,18,0
8027730,,,2952390,19,0
8027730,,,2976971,20,0
8027730,,,2976972,21,0
8027730,15:26:00,15:26:00,2952351,22,1
8027730,,,2952352,23,0
8027730,15:31:00,15:31:00,2951167,24,1
8027730,,,2951168,25,0
8027730,,,2951169,26,0
8027730,,,2952350,27,0
8027730,15:41:00,15:41:00,2976973,28,1
8027730,,,2952413,29,0
8027730,,,2952414,30,0
8027730,,,2952415,31,0
8027730,15:45:00,15:45:00,2952416,32,0
8027730,,,2952417,33,0
8027730,,,2952382,34,0
8027730,15:50:00,15:50:00,2952418,35,1
8027730,,,2952354,36,0
8027730,,,2952419,37,0
8027730,,,2952420,38,0
8027730,,,2952421,39,0
8027730,,,2952422,40,0
8027730,15:53:00,15:53:00,2947050,41,1
8027730,,,2947051,42,0
8027730,,,2947052,43,0
8027730,,,2947053,44,0
8027730,,,2947055,45,0
8027730,,,2933832,46,0
8027730,,,2933833,47,0
8027730,,,2933834,48,0
8027730,16:01:00,16:01:00,2759335,49,1
8027731,15:40:00,15:40:00,2759346,0,1
8027731,,,2947000,1,0
8027731,,,2947001,2,0
8027731,,,2947002,3,0
8027731,,,2947003,4,0
8027731,,,2947004,5,0
8027731,15:43:00,15:43:00,2947005,6,1
8027731,,,2976968,7,0
8027731,,,2976969,8,0
8027731,,,2976970,9,0
8027731,,,2952353,10,0
8027731,,,2952355,11,0
8027731,15:49:00,15:49:00,2952356,12,1
8027731,,,2952357,13,0
8027731,,,2952358,14,0
8027731,,,2952398,15,0
8027731,,,2952387,16,0
8027731,15:52:00,15:52:00,2952388,17,1
8027731,,,2952389,18,0
8027731,,,2952390,19,0
8027731,,,2976971,20,0
8027731,,,2976972,21,0
8027731,15:56:00,15:56:00,2952351,22,1
8027731,,,2952352,23,0
8027731,16:01:00,16:01:00,2951167,24,1
8027731,,,2951168,25,0
8027731,,,2951169,26,0
8027731,,,2952350,27,0
8027731,16:11:00,16:11:00,2976973,28,1
8027731,,,2952413,29,0
8027731,,,2952414,30,0
8027731,,,2952415,31,0
8027731,16:15:00,16:15:00,2952416,32,0
8027731,,,2952417,33,0
8027731,,,2952382,34,0
8027731,16:20:00,16:20:00,2952418,35,1
8027731,,,2952354,36,0
8027731,,,2952419,37,0
8027731,,,2952420,38,0
8027731,,,2952421,39,0
8027731,,,2952422,40,0
8027731,16:23:00,16:23:00,2947050,41,1
8027731,,,2947051,42,0
8027731,,,2947052,43,0
8027731,,,2947053,44,0
8027731,,,2947055,45,0
8027731,,,2933832,46,0
8027731,,,2933833,47,0
8027731,,,2933834,48,0
8027731,16:31:00,16:31:00,2759335,49,1
8027732,16:10:00,16:10:00,2759346,0,1
8027732,,,2947000,1,0
8027732,,,2947001,2,0
8027732,,,2947002,3,0
8027732,,,2947003,4,0
8027732,,,2947004,5,0
8027732,16:13:00,16:13:00,2947005,6,1
8027732,,,2976968,7,0
8027732,,,2976969,8,0
8027732,,,2976970,9,0
8027732,,,2952353,10,0
8027732,,,2952355,11,0
8027732,16:19:00,16:19:00,2952356,12,1
8027732,,,2952357,13,0
8027732,,,2952358,14,0
8027732,,,2952398,15,0
8027732,,,2952387,16,0
8027732,16:22:00,16:22:00,2952388,17,1
8027732,,,2952389,18,0
8027732,,,2952390,19,0
8027732,,,2976971,20,0
8027732,,,2976972,21,0
8027732,16:26:00,16:26:00,2952351,22,1
8027732,,,2952352,23,0
8027732,16:31:00,16:31:00,2951167,24,1
8027732,,,2951168,25,0
8027732,,,2951169,26,0
8027732,,,2952350,27,0
8027732,16:41:00,16:41:00,2976973,28,1
8027732,,,2952413,29,0
8027732,,,2952414,30,0
8027732,,,2952415,31,0
8027732,16:45:00,16:45:00,2952416,32,0
8027732,,,2952417,33,0
8027732,,,2952382,34,0
8027732,16:50:00,16:50:00,2952418,35,1
8027732,,,2952354,36,0
8027732,,,2952419,37,0
8027732,,,2952420,38,0
8027732,,,2952421,39,0
8027732,,,2952422,40,0
8027732,16:53:00,16:53:00,2947050,41,1
8027732,,,2947051,42,0
8027732,,,2947052,43,0
8027732,,,2947053,44,0
8027732,,,2947055,45,0
8027732,,,2933832,46,0
8027732,,,2933833,47,0
8027732,,,2933834,48,0
8027732,17:01:00,17:01:00,2759335,49,1
8027733,16:40:00,16:40:00,2759346,0,1
8027733,,,2947000,1,0
8027733,,,2947001,2,0
8027733,,,2947002,3,0
8027733,,,2947003,4,0
8027733,,,2947004,5,0
8027733,16:43:00,16:43:00,2947005,6,1
8027733,,,2976968,7,0
8027733,,,2976969,8,0
8027733,,,2976970,9,0
8027733,,,2952353,10,0
8027733,,,2952355,11,0
8027733,16:49:00,16:49:00,2952356,12,1
8027733,,,2952357,13,0
8027733,,,2952358,14,0
8027733,,,2952398,15,0
8027733,,,2952387,16,0
8027733,16:52:00,16:52:00,2952388,17,1
8027733,,,2952389,18,0
8027733,,,2952390,19,0
8027733,,,2976971,20,0
8027733,,,2976972,21,0
8027733,16:56:00,16:56:00,2952351,22,1
8027733,,,2952352,23,0
8027733,17:01:00,17:01:00,2951167,24,1
8027733,,,2951168,25,0
8027733,,,2951169,26,0
8027733,,,2952350,27,0
8027733,17:11:00,17:11:00,2976973,28,1
8027733,,,2952413,29,0
8027733,,,2952414,30,0
8027733,,,2952415,31,0
8027733,17:15:00,17:15:00,2952416,32,0
8027733,,,2952417,33,0
8027733,,,2952382,34,0
8027733,17:20:00,17:20:00,2952418,35,1
8027733,,,2952354,36,0
8027733,,,2952419,37,0
8027733,,,2952420,38,0
8027733,,,2952421,39,0
8027733,,,2952422,40,0
8027733,17:23:00,17:23:00,2947050,41,1
8027733,,,2947051,42,0
8027733,,,2947052,43,0
8027733,,,2947053,44,0
8027733,,,2947055,45,0
8027733,,,2933832,46,0
8027733,,,2933833,47,0
8027733,,,2933834,48,0
8027733,17:31:00,17:31:00,2759335,49,1
8027734,17:10:00,17:10:00,2759346,0,1
8027734,,,2947000,1,0
8027734,,,2947001,2,0
8027734,,,2947002,3,0
8027734,,,2947003,4,0
8027734,,,2947004,5,0
8027734,17:13:00,17:13:00,2947005,6,1
8027734,,,2976968,7,0
8027734,,,2976969,8,0
8027734,,,2976970,9,0
8027734,,,2952353,10,0
8027734,,,2952355,11,0
8027734,17:19:00,17:19:00,2952356,12,1
8027734,,,2952357,13,0
8027734,,,2952358,14,0
8027734,,,2952398,15,0
8027734,,,2952387,16,0
8027734,17:22:00,17:22:00,2952388,17,1
8027734,,,2952389,18,0
8027734,,,2952390,19,0
8027734,,,2976971,20,0
8027734,,,2976972,21,0
8027734,17:26:00,17:26:00,2952351,22,1
8027734,,,2952352,23,0
8027734,17:31:00,17:31:00,2951167,24,1
8027734,,,2951168,25,0
8027734,,,2951169,26,0
8027734,,,2952350,27,0
8027734,17:41:00,17:41:00,2976973,28,1
8027734,,,2952413,29,0
8027734,,,2952414,30,0
8027734,,,2952415,31,0
8027734,17:45:00,17:45:00,2952416,32,0
8027734,,,2952417,33,0
8027734,,,2952382,34,0
8027734,17:50:00,17:50:00,2952418,35,1
8027734,,,2952354,36,0
8027734,,,2952419,37,0
8027734,,,2952420,38,0
8027734,,,2952421,39,0
8027734,,,2952422,40,0
8027734,17:53:00,17:53:00,2947050,41,1
8027734,,,2947051,42,0
8027734,,,2947052,43,0
8027734,,,2947053,44,0
8027734,,,2947055,45,0
8027734,,,2933832,46,0
8027734,,,2933833,47,0
8027734,,,2933834,48,0
8027734,18:01:00,18:01:00,2759335,49,1
8027735,17:40:00,17:40:00,2759346,0,1
8027735,,,2947000,1,0
8027735,,,2947001,2,0
8027735,,,2947002,3,0
8027735,,,2947003,4,0
8027735,,,2947004,5,0
8027735,17:43:00,17:43:00,2947005,6,1
8027735,,,2976968,7,0
8027735,,,2976969,8,0
8027735,,,2976970,9,0
8027735,,,2952353,10,0
8027735,,,2952355,11,0
8027735,17:49:00,17:49:00,2952356,12,1
8027735,,,2952357,13,0
8027735,,,2952358,14,0
8027735,,,2952398,15,0
8027735,,,2952387,16,0
8027735,17:52:00,17:52:00,2952388,17,1
8027735,,,2952389,18,0
8027735,,,2952390,19,0
8027735,,,2976971,20,0
8027735,,,2976972,21,0
8027735,17:56:00,17:56:00,2952351,22,1
8027735,,,2952352,23,0
8027735,18:01:00,18:01:00,2951167,24,1
8027735,,,2951168,25,0
8027735,,,2951169,26,0
8027735,,,2952350,27,0
8027735,18:11:00,18:11:00,2976973,28,1
8027735,,,2952413,29,0
8027735,,,2952414,30,0
8027735,,,2952415,31,0
8027735,18:15:00,18:15:00,2952416,32,0
8027735,,,2952417,33,0
8027735,,,2952382,34,0
8027735,18:20:00,18:20:00,2952418,35,1
8027735,,,2952354,36,0
8027735,,,2952419,37,0
8027735,,,2952420,38,0
8027735,,,2952421,39,0
8027735,,,2952422,40,0
8027735,18:23:00,18:23:00,2947050,41,1
8027735,,,2947051,42,0
8027735,,,2947052,43,0
8027735,,,2947053,44,0
8027735,,,2947055,45,0
8027735,,,2933832,46,0
8027735,,,2933833,47,0
8027735,,,2933834,48,0
8027735,18:31:00,18:31:00,2759335,49,1
8027736,18:10:00,18:10:00,2759346,0,1
8027736,,,2947000,1,0
8027736,,,2947001,2,0
8027736,,,2947002,3,0
8027736,,,2947003,4,0
8027736,,,2947004,5,0
8027736,18:13:00,18:13:00,2947005,6,1
8027736,,,2976968,7,0
8027736,,,2976969,8,0
8027736,,,2976970,9,0
8027736,,,2952353,10,0
8027736,,,2952355,11,0
8027736,18:19:00,18:19:00,2952356,12,1
8027736,,,2952357,13,0
8027736,,,2952358,14,0
8027736,,,2952398,15,0
8027736,,,2952387,16,0
8027736,18:22:00,18:22:00,2952388,17,1
8027736,,,2952389,18,0
8027736,,,2952390,19,0
8027736,,,2976971,20,0
8027736,,,2976972,21,0
8027736,18:26:00,18:26:00,2952351,22,1
8027736,,,2952352,23,0
8027736,18:31:00,18:31:00,2951167,24,1
8027736,,,2951168,25,0
8027736,,,2951169,26,0
8027736,,,2952350,27,0
8027736,18:41:00,18:41:00,2976973,28,1
8027736,,,2952413,29,0
8027736,,,2952414,30,0
8027736,,,2952415,31,0
8027736,18:45:00,18:45:00,2952416,32,0
8027736,,,2952417,33,0
8027736,,,2952382,34,0
8027736,18:50:00,18:50:00,2952418,35,1
8027736,,,2952354,36,0
8027736,,,2952419,37,0
8027736,,,2952420,38,0
8027736,,,2952421,39,0
8027736,,,2952422,40,0
8027736,18:53:00,18:53:00,2947050,41,1
8027736,,,2947051,42,0
8027736,,,2947052,43,0
8027736,,,2947053,44,0
8027736,,,2947055,45,0
8027736,,,2933832,46,0
8027736,,,2933833,47,0
8027736,,,2933834,48,0
8027736,19:01:00,19:01:00,2759335,49,1
8027737,08:10:00,08:10:00,2759346,0,1
8027737,,,2947000,1,0
8027737,,,2947001,2,0
8027737,,,2947002,3,0
8027737,,,2947003,4,0
8027737,,,2947004,5,0
8027737,08:13:00,08:13:00,2947005,6,1
8027737,,,2976968,7,0
8027737,,,2976969,8,0
8027737,,,2976970,9,0
8027737,,,2952353,10,0
8027737,,,2952355,11,0
8027737,08:19:00,08:19:00,2952356,12,1
8027737,,,2952357,13,0
8027737,,,2952358,14,0
8027737,,,2952398,15,0
8027737,,,2952387,16,0
8027737,08:22:00,08:22:00,2952388,17,1
8027737,,,2952389,18,0
8027737,,,2952390,19,0
8027737,,,2976971,20,0
8027737,,,2976972,21,0
8027737,08:26:00,08:26:00,2952351,22,1
8027737,,,2952352,23,0
8027737,08:31:00,08:31:00,2951167,24,1
8027737,,,2951168,25,0
8027737,,,2951169,26,0
8027737,,,2952350,27,0
8027737,08:41:00,08:41:00,2976973,28,1
8027737,,,2952413,29,0
8027737,,,2952414,30,0
8027737,,,2952415,31,0
8027737,08:45:00,08:45:00,2952416,32,0
8027737,,,2952417,33,0
8027737,,,2952382,34,0
8027737,08:50:00,08:50:00,2952418,35,1
8027737,,,2952354,36,0
8027737,,,2952419,37,0
8027737,,,2952420,38,0
8027737,,,2952421,39,0
8027737,,,2952422,40,0
8027737,08:53:00,08:53:00,2947050,41,1
8027737,,,2947051,42,0
8027737,,,2947052,43,0
8027737,,,2947053,44,0
8027737,,,2947055,45,0
8027737,,,2933832,46,0
8027737,,,2933833,47,0
8027737,,,2933834,48,0
8027737,09:01:00,09:01:00,2759335,49,1
8027738,08:40:00,08:40:00,2759346,0,1
8027738,,,2947000,1,0
8027738,,,2947001,2,0
8027738,,,2947002,3,0
8027738,,,2947003,4,0
8027738,,,2947004,5,0
8027738,08:43:00,08:43:00,2947005,6,1
8027738,,,2976968,7,0
8027738,,,2976969,8,0
8027738,,,2976970,9,0
8027738,,,2952353,10,0
8027738,,,2952355,11,0
8027738,08:49:00,08:49:00,2952356,12,1
8027738,,,2952357,13,0
8027738,,,2952358,14,0
8027738,,,2952398,15,0
8027738,,,2952387,16,0
8027738,08:52:00,08:52:00,2952388,17,1
8027738,,,2952389,18,0
8027738,,,2952390,19,0
8027738,,,2976971,20,0
8027738,,,2976972,21,0
8027738,08:56:00,08:56:00,2952351,22,1
8027738,,,2952352,23,0
8027738,09:01:00,09:01:00,2951167,24,1
8027738,,,2951168,25,0
8027738,,,2951169,26,0
8027738,,,2952350,27,0
8027738,09:11:00,09:11:00,2976973,28,1
8027738,,,2952413,29,0
8027738,,,2952414,30,0
8027738,,,2952415,31,0
8027738,09:15:00,09:15:00,2952416,32,0
8027738,,,2952417,33,0
8027738,,,2952382,34,0
8027738,09:20:00,09:20:00,2952418,35,1
8027738,,,2952354,36,0
8027738,,,2952419,37,0
8027738,,,2952420,38,0
8027738,,,2952421,39,0
8027738,,,2952422,40,0
8027738,09:23:00,09:23:00,2947050,41,1
8027738,,,2947051,42,0
8027738,,,2947052,43,0
8027738,,,2947053,44,0
8027738,,,2947055,45,0
8027738,,,2933832,46,0
8027738,,,2933833,47,0
8027738,,,2933834,48,0
8027738,09:31:00,09:31:00,2759335,49,1
8027739,09:10:00,09:10:00,2759346,0,1
8027739,,,2947000,1,0
8027739,,,2947001,2,0
8027739,,,2947002,3,0
8027739,,,2947003,4,0
8027739,,,2947004,5,0
8027739,09:13:00,09:13:00,2947005,6,1
8027739,,,2976968,7,0
8027739,,,2976969,8,0
8027739,,,2976970,9,0
8027739,,,2952353,10,0
8027739,,,2952355,11,0
8027739,09:19:00,09:19:00,2952356,12,1
8027739,,,2952357,13,0
8027739,,,2952358,14,0
8027739,,,2952398,15,0
8027739,,,2952387,16,0
8027739,09:22:00,09:22:00,2952388,17,1
8027739,,,2952389,18,0
8027739,,,2952390,19,0
8027739,,,2976971,20,0
8027739,,,2976972,21,0
8027739,09:26:00,09:26:00,2952351,22,1
8027739,,,2952352,23,0
8027739,09:31:00,09:31:00,2951167,24,1
8027739,,,2951168,25,0
8027739,,,2951169,26,0
8027739,,,2952350,27,0
8027739,09:41:00,09:41:00,2976973,28,1
8027739,,,2952413,29,0
8027739,,,2952414,30,0
8027739,,,2952415,31,0
8027739,09:45:00,09:45:00,2952416,32,0
8027739,,,2952417,33,0
8027739,,,2952382,34,0
8027739,09:50:00,09:50:00,2952418,35,1
8027739,,,2952354,36,0
8027739,,,2952419,37,0
8027739,,,2952420,38,0
8027739,,,2952421,39,0
8027739,,,2952422,40,0
8027739,09:53:00,09:53:00,2947050,41,1
8027739,,,2947051,42,0
8027739,,,2947052,43,0
8027739,,,2947053,44,0
8027739,,,2947055,45,0
8027739,,,2933832,46,0
8027739,,,2933833,47,0
8027739,,,2933834,48,0
8027739,10:01:00,10:01:00,2759335,49,1
8027740,09:40:00,09:40:00,2759346,0,1
8027740,,,2947000,1,0
8027740,,,2947001,2,0
8027740,,,2947002,3,0
8027740,,,2947003,4,0
8027740,,,2947004,5,0
8027740,09:43:00,09:43:00,2947005,6,1
8027740,,,2976968,7,0
8027740,,,2976969,8,0
8027740,,,2976970,9,0
8027740,,,2952353,10,0
8027740,,,2952355,11,0
8027740,09:49:00,09:49:00,2952356,12,1
8027740,,,2952357,13,0
8027740,,,2952358,14,0
8027740,,,2952398,15,0
8027740,,,2952387,16,0
8027740,09:52:00,09:52:00,2952388,17,1
8027740,,,2952389,18,0
8027740,,,2952390,19,0
8027740,,,2976971,20,0
8027740,,,2976972,21,0
8027740,09:56:00,09:56:00,2952351,22,1
8027740,,,2952352,23,0
8027740,10:01:00,10:01:00,2951167,24,1
8027740,,,2951168,25,0
8027740,,,2951169,26,0
8027740,,,2952350,27,0
8027740,10:11:00,10:11:00,2976973,28,1
8027740,,,2952413,29,0
8027740,,,2952414,30,0
8027740,,,2952415,31,0
8027740,10:15:00,10:15:00,2952416,32,0
8027740,,,2952417,33,0
8027740,,,2952382,34,0
8027740,10:20:00,10:20:00,2952418,35,1
8027740,,,2952354,36,0
8027740,,,2952419,37,0
8027740,,,2952420,38,0
8027740,,,2952421,39,0
8027740,,,2952422,40,0
8027740,10:23:00,10:23:00,2947050,41,1
8027740,,,2947051,42,0
8027740,,,2947052,43,0
8027740,,,2947053,44,0
8027740,,,2947055,45,0
8027740,,,2933832,46,0
8027740,,,2933833,47,0
8027740,,,2933834,48,0
8027740,10:31:00,10:31:00,2759335,49,1
8027741,10:10:00,10:10:00,2759346,0,1
8027741,,,2947000,1,0
8027741,,,2947001,2,0
8027741,,,2947002,3,0
8027741,,,2947003,4,0
8027741,,,2947004,5,0
8027741,10:13:00,10:13:00,2947005,6,1
8027741,,,2976968,7,0
8027741,,,2976969,8,0
8027741,,,2976970,9,0
8027741,,,2952353,10,0
8027741,,,2952355,11,0
8027741,10:19:00,10:19:00,2952356,12,1
8027741,,,2952357,13,0
8027741,,,2952358,14,0
8027741,,,2952398,15,0
8027741,,,2952387,16,0
8027741,10:22:00,10:22:00,2952388,17,1
8027741,,,2952389,18,0
8027741,,,2952390,19,0
8027741,,,2976971,20,0
8027741,,,2976972,21,0
8027741,10:26:00,10:26:00,2952351,22,1
8027741,,,2952352,23,0
8027741,10:31:00,10:31:00,2951167,24,1
8027741,,,2951168,25,0
8027741,,,2951169,26,0
8027741,,,2952350,27,0
8027741,10:41:00,10:41:00,2976973,28,1
8027741,,,2952413,29,0
8027741,,,2952414,30,0
8027741,,,2952415,31,0
8027741,10:45:00,10:45:00,2952416,32,0
8027741,,,2952417,33,0
8027741,,,2952382,34,0
8027741,10:50:00,10:50:00,2952418,35,1
8027741,,,2952354,36,0
8027741,,,2952419,37,0
8027741,,,2952420,38,0
8027741,,,2952421,39,0
8027741,,,2952422,40,0
8027741,10:53:00,10:53:00,2947050,41,1
8027741,,,2947051,42,0
8027741,,,2947052,43,0
8027741,,,2947053,44,0
8027741,,,2947055,45,0
8027741,,,2933832,46,0
8027741,,,2933833,47,0
8027741,,,2933834,48,0
8027741,11:01:00,11:01:00,2759335,49,1
8027742,10:40:00,10:40:00,2759346,0,1
8027742,,,2947000,1,0
8027742,,,2947001,2,0
8027742,,,2947002,3,0
8027742,,,2947003,4,0
8027742,,,2947004,5,0
8027742,10:43:00,10:43:00,2947005,6,1
8027742,,,2976968,7,0
8027742,,,2976969,8,0
8027742,,,2976970,9,0
8027742,,,2952353,10,0
8027742,,,2952355,11,0
8027742,10:49:00,10:49:00,2952356,12,1
8027742,,,2952357,13,0
8027742,,,2952358,14,0
8027742,,,2952398,15,0
8027742,,,2952387,16,0
8027742,10:52:00,10:52:00,2952388,17,1
8027742,,,2952389,18,0
8027742,,,2952390,19,0
8027742,,,2976971,20,0
8027742,,,2976972,21,0
8027742,10:56:00,10:56:00,2952351,22,1
8027742,,,2952352,23,0
8027742,11:01:00,11:01:00,2951167,24,1
8027742,,,2951168,25,0
8027742,,,2951169,26,0
8027742,,,2952350,27,0
8027742,11:11:00,11:11:00,2976973,28,1
8027742,,,2952413,29,0
8027742,,,2952414,30,0
8027742,,,2952415,31,0
8027742,11:15:00,11:15:00,2952416,32,0
8027742,,,2952417,33,0
8027742,,,2952382,34,0
8027742,11:20:00,11:20:00,2952418,35,1
8027742,,,2952354,36,0
8027742,,,2952419,37,0
8027742,,,2952420,38,0
8027742,,,2952421,39,0
8027742,,,2952422,40,0
8027742,11:23:00,11:23:00,2947050,41,1
8027742,,,2947051,42,0
8027742,,,2947052,43,0
8027742,,,2947053,44,0
8027742,,,2947055,45,0
8027742,,,2933832,46,0
8027742,,,2933833,47,0
8027742,,,2933834,48,0
8027742,11:31:00,11:31:00,2759335,49,1
8027743,11:10:00,11:10:00,2759346,0,1
8027743,,,2947000,1,0
8027743,,,2947001,2,0
8027743,,,2947002,3,0
8027743,,,2947003,4,0
8027743,,,2947004,5,0
8027743,11:13:00,11:13:00,2947005,6,1
8027743,,,2976968,7,0
8027743,,,2976969,8,0
8027743,,,2976970,9,0
8027743,,,2952353,10,0
8027743,,,2952355,11,0
8027743,11:19:00,11:19:00,2952356,12,1
8027743,,,2952357,13,0
8027743,,,2952358,14,0
8027743,,,2952398,15,0
8027743,,,2952387,16,0
8027743,11:22:00,11:22:00,2952388,17,1
8027743,,,2952389,18,0
8027743,,,2952390,19,0
8027743,,,2976971,20,0
8027743,,,2976972,21,0
8027743,11:26:00,11:26:00,2952351,22,1
8027743,,,2952352,23,0
8027743,11:31:00,11:31:00,2951167,24,1
8027743,,,2951168,25,0
8027743,,,2951169,26,0
8027743,,,2952350,27,0
8027743,11:41:00,11:41:00,2976973,28,1
8027743,,,2952413,29,0
8027743,,,2952414,30,0
8027743,,,2952415,31,0
8027743,11:45:00,11:45:00,2952416,32,0
8027743,,,2952417,33,0
8027743,,,2952382,34,0
8027743,11:50:00,11:50:00,2952418,35,1
8027743,,,2952354,36,0
8027743,,,2952419,37,0
8027743,,,2952420,38,0
8027743,,,2952421,39,0
8027743,,,2952422,40,0
8027743,11:53:00,11:53:00,2947050,41,1
8027743,,,2947051,42,0
8027743,,,2947052,43,0
8027743,,,2947053,44,0
8027743,,,2947055,45,0
8027743,,,2933832,46,0
8027743,,,2933833,47,0
8027743,,,2933834,48,0
8027743,12:01:00,12:01:00,2759335,49,1
8027744,11:40:00,11:40:00,2759346,0,1
8027744,,,2947000,1,0
8027744,,,2947001,2,0
8027744,,,2947002,3,0
8027744,,,2947003,4,0
8027744,,,2947004,5,0
8027744,11:43:00,11:43:00,2947005,6,1
8027744,,,2976968,7,0
8027744,,,2976969,8,0
8027744,,,2976970,9,0
8027744,,,2952353,10,0
8027744,,,2952355,11,0
8027744,11:49:00,11:49:00,2952356,12,1
8027744,,,2952357,13,0
8027744,,,2952358,14,0
8027744,,,2952398,15,0
8027744,,,2952387,16,0
8027744,11:52:00,11:52:00,2952388,17,1
8027744,,,2952389,18,0
8027744,,,2952390,19,0
8027744,,,2976971,20,0
8027744,,,2976972,21,0
8027744,11:56:00,11:56:00,2952351,22,1
8027744,,,2952352,23,0
8027744,12:01:00,12:01:00,2951167,24,1
8027744,,,2951168,25,0
8027744,,,2951169,26,0
8027744,,,2952350,27,0
8027744,12:11:00,12:11:00,2976973,28,1
8027744,,,2952413,29,0
8027744,,,2952414,30,0
8027744,,,2952415,31,0
8027744,12:15:00,12:15:00,2952416,32,0
8027744,,,2952417,33,0
8027744,,,2952382,34,0
8027744,12:20:00,12:20:00,2952418,35,1
8027744,,,2952354,36,0
8027744,,,2952419,37,0
8027744,,,2952420,38,0
8027744,,,2952421,39,0
8027744,,,2952422,40,0
8027744,12:23:00,12:23:00,2947050,41,1
8027744,,,2947051,42,0
8027744,,,2947052,43,0
8027744,,,2947053,44,0
8027744,,,2947055,45,0
8027744,,,2933832,46,0
8027744,,,2933833,47,0
8027744,,,2933834,48,0
8027744,12:31:00,12:31:00,2759335,49,1
8027745,12:10:00,12:10:00,2759346,0,1
8027745,,,2947000,1,0
8027745,,,2947001,2,0
8027745,,,2947002,3,0
8027745,,,2947003,4,0
8027745,,,2947004,5,0
8027745,12:13:00,12:13:00,2947005,6,1
8027745,,,2976968,7,0
8027745,,,2976969,8,0
8027745,,,2976970,9,0
8027745,,,2952353,10,0
8027745,,,2952355,11,0
8027745,12:19:00,12:19:00,2952356,12,1
8027745,,,2952357,13,0
8027745,,,2952358,14,0
8027745,,,2952398,15,0
8027745,,,2952387,16,0
8027745,12:22:00,12:22:00,2952388,17,1
8027745,,,2952389,18,0
8027745,,,2952390,19,0
8027745,,,2976971,20,0
8027745,,,2976972,21,0
8027745,12:26:00,12:26:00,2952351,22,1
8027745,,,2952352,23,0
8027745,12:31:00,12:31:00,2951167,24,1
8027745,,,2951168,25,0
8027745,,,2951169,26,0
8027745,,,2952350,27,0
8027745,12:41:00,12:41:00,2976973,28,1
8027745,,,2952413,29,0
8027745,,,2952414,30,0
8027745,,,2952415,31,0
8027745,12:45:00,12:45:00,2952416,32,0
8027745,,,2952417,33,0
8027745,,,2952382,34,0
8027745,12:50:00,12:50:00,2952418,35,1
8027745,,,2952354,36,0
8027745,,,2952419,37,0
8027745,,,2952420,38,0
8027745,,,2952421,39,0
8027745,,,2952422,40,0
8027745,12:53:00,12:53:00,2947050,41,1
8027745,,,2947051,42,0
8027745,,,2947052,43,0
8027745,,,2947053,44,0
8027745,,,2947055,45,0
8027745,,,2933832,46,0
8027745,,,2933833,47,0
8027745,,,2933834,48,0
8027745,13:01:00,13:01:00,2759335,49,1
8027746,12:40:00,12:40:00,2759346,0,1
8027746,,,2947000,1,0
8027746,,,2947001,2,0
8027746,,,2947002,3,0
8027746,,,2947003,4,0
8027746,,,2947004,5,0
8027746,12:43:00,12:43:00,2947005,6,1
8027746,,,2976968,7,0
8027746,,,2976969,8,0
8027746,,,2976970,9,0
8027746,,,2952353,10,0
8027746,,,2952355,11,0
8027746,12:49:00,12:49:00,2952356,12,1
8027746,,,2952357,13,0
8027746,,,2952358,14,0
8027746,,,2952398,15,0
8027746,,,2952387,16,0
8027746,12:52:00,12:52:00,2952388,17,1
8027746,,,2952389,18,0
8027746,,,2952390,19,0
8027746,,,2976971,20,0
8027746,,,2976972,21,0
8027746,12:56:00,12:56:00,2952351,22,1
8027746,,,2952352,23,0
8027746,13:01:00,13:01:00,2951167,24,1
8027746,,,2951168,25,0
8027746,,,2951169,26,0
8027746,,,2952350,27,0
8027746,13:11:00,13:11:00,2976973,28,1
8027746,,,2952413,29,0
8027746,,,2952414,30,0
8027746,,,2952415,31,0
8027746,13:15:00,13:15:00,2952416,32,0
8027746,,,2952417,33,0
8027746,,,2952382,34,0
8027746,13:20:00,13:20:00,2952418,35,1
8027746,,,2952354,36,0
8027746,,,2952419,37,0
8027746,,,2952420,38,0
8027746,,,2952421,39,0
8027746,,,2952422,40,0
8027746,13:23:00,13:23:00,2947050,41,1
8027746,,,2947051,42,0
8027746,,,2947052,43,0
8027746,,,2947053,44,0
8027746,,,2947055,45,0
8027746,,,2933832,46,0
8027746,,,2933833,47,0
8027746,,,2933834,48,0
8027746,13:31:00,13:31:00,2759335,49,1
8027747,13:10:00,13:10:00,2759346,0,1
8027747,,,2947000,1,0
8027747,,,2947001,2,0
8027747,,,2947002,3,0
8027747,,,2947003,4,0
8027747,,,2947004,5,0
8027747,13:13:00,13:13:00,2947005,6,1
8027747,,,2976968,7,0
8027747,,,2976969,8,0
8027747,,,2976970,9,0
8027747,,,2952353,10,0
8027747,,,2952355,11,0
8027747,13:19:00,13:19:00,2952356,12,1
8027747,,,2952357,13,0
8027747,,,2952358,14,0
8027747,,,2952398,15,0
8027747,,,2952387,16,0
8027747,13:22:00,13:22:00,2952388,17,1
8027747,,,2952389,18,0
8027747,,,2952390,19,0
8027747,,,2976971,20,0
8027747,,,2976972,21,0
8027747,13:26:00,13:26:00,2952351,22,1
8027747,,,2952352,23,0
8027747,13:31:00,13:31:00,2951167,24,1
8027747,,,2951168,25,0
8027747,,,2951169,26,0
8027747,,,2952350,27,0
8027747,13:41:00,13:41:00,2976973,28,1
8027747,,,2952413,29,0
8027747,,,2952414,30,0
8027747,,,2952415,31,0
8027747,13:45:00,13:45:00,2952416,32,0
8027747,,,2952417,33,0
8027747,,,2952382,34,0
8027747,13:50:00,13:50:00,2952418,35,1
8027747,,,2952354,36,0
8027747,,,2952419,37,0
8027747,,,2952420,38,0
8027747,,,2952421,39,0
8027747,,,2952422,40,0
8027747,13:53:00,13:53:00,2947050,41,1
8027747,,,2947051,42,0
8027747,,,2947052,43,0
8027747,,,2947053,44,0
8027747,,,2947055,45,0
8027747,,,2933832,46,0
8027747,,,2933833,47,0
8027747,,,2933834,48,0
8027747,14:01:00,14:01:00,2759335,49,1
8027748,13:40:00,13:40:00,2759346,0,1
8027748,,,2947000,1,0
8027748,,,2947001,2,0
8027748,,,2947002,3,0
8027748,,,2947003,4,0
8027748,,,2947004,5,0
8027748,13:43:00,13:43:00,2947005,6,1
8027748,,,2976968,7,0
8027748,,,2976969,8,0
8027748,,,2976970,9,0
8027748,,,2952353,10,0
8027748,,,2952355,11,0
8027748,13:49:00,13:49:00,2952356,12,1
8027748,,,2952357,13,0
8027748,,,2952358,14,0
8027748,,,2952398,15,0
8027748,,,2952387,16,0
8027748,13:52:00,13:52:00,2952388,17,1
8027748,,,2952389,18,0
8027748,,,2952390,19,0
8027748,,,2976971,20,0
8027748,,,2976972,21,0
8027748,13:56:00,13:56:00,2952351,22,1
8027748,,,2952352,23,0
8027748,14:01:00,14:01:00,2951167,24,1
8027748,,,2951168,25,0
8027748,,,2951169,26,0
8027748,,,2952350,27,0
8027748,14:11:00,14:11:00,2976973,28,1
8027748,,,2952413,29,0
8027748,,,2952414,30,0
8027748,,,2952415,31,0
8027748,14:15:00,14:15:00,2952416,32,0
8027748,,,2952417,33,0
8027748,,,2952382,34,0
8027748,14:20:00,14:20:00,2952418,35,1
8027748,,,2952354,36,0
8027748,,,2952419,37,0
8027748,,,2952420,38,0
8027748,,,2952421,39,0
8027748,,,2952422,40,0
8027748,14:23:00,14:23:00,2947050,41,1
8027748,,,2947051,42,0
8027748,,,2947052,43,0
8027748,,,2947053,44,0
8027748,,,2947055,45,0
8027748,,,2933832,46,0
8027748,,,2933833,47,0
8027748,,,2933834,48,0
8027748,14:31:00,14:31:00,2759335,49,1
8027749,14:10:00,14:10:00,2759346,0,1
8027749,,,2947000,1,0
8027749,,,2947001,2,0
8027749,,,2947002,3,0
8027749,,,2947003,4,0
8027749,,,2947004,5,0
8027749,14:13:00,14:13:00,2947005,6,1
8027749,,,2976968,7,0
8027749,,,2976969,8,0
8027749,,,2976970,9,0
8027749,,,2952353,10,0
8027749,,,2952355,11,0
8027749,14:19:00,14:19:00,2952356,12,1
8027749,,,2952357,13,0
8027749,,,2952358,14,0
8027749,,,2952398,15,0
8027749,,,2952387,16,0
8027749,14:22:00,14:22:00,2952388,17,1
8027749,,,2952389,18,0
8027749,,,2952390,19,0
8027749,,,2976971,20,0
8027749,,,2976972,21,0
8027749,14:26:00,14:26:00,2952351,22,1
8027749,,,2952352,23,0
8027749,14:31:00,14:31:00,2951167,24,1
8027749,,,2951168,25,0
8027749,,,2951169,26,0
8027749,,,2952350,27,0
8027749,14:41:00,14:41:00,2976973,28,1
8027749,,,2952413,29,0
8027749,,,2952414,30,0
8027749,,,2952415,31,0
8027749,14:45:00,14:45:00,2952416,32,0
8027749,,,2952417,33,0
8027749,,,2952382,34,0
8027749,14:50:00,14:50:00,2952418,35,1
8027749,,,2952354,36,0
8027749,,,2952419,37,0
8027749,,,2952420,38,0
8027749,,,2952421,39,0
8027749,,,2952422,40,0
8027749,14:53:00,14:53:00,2947050,41,1
8027749,,,2947051,42,0
8027749,,,2947052,43,0
8027749,,,2947053,44,0
8027749,,,2947055,45,0
8027749,,,2933832,46,0
8027749,,,2933833,47,0
8027749,,,2933834,48,0
8027749,15:01:00,15:01:00,2759335,49,1
8027750,14:40:00,14:40:00,2759346,0,1
8027750,,,2947000,1,0
8027750,,,2947001,2,0
8027750,,,2947002,3,0
8027750,,,2947003,4,0
8027750,,,2947004,5,0
8027750,14:43:00,14:43:00,2947005,6,1
8027750,,,2976968,7,0
8027750,,,2976969,8,0
8027750,,,2976970,9,0
8027750,,,2952353,10,0
8027750,,,2952355,11,0
8027750,14:49:00,14:49:00,2952356,12,1
8027750,,,2952357,13,0
8027750,,,2952358,14,0
8027750,,,2952398,15,0
8027750,,,2952387,16,0
8027750,14:52:00,14:52:00,2952388,17,1
8027750,,,2952389,18,0
8027750,,,2952390,19,0
8027750,,,2976971,20,0
8027750,,,2976972,21,0
8027750,14:56:00,14:56:00,2952351,22,1
8027750,,,2952352,23,0
8027750,15:01:00,15:01:00,2951167,24,1
8027750,,,2951168,25,0
8027750,,,2951169,26,0
8027750,,,2952350,27,0
8027750,15:11:00,15:11:00,2976973,28,1
8027750,,,2952413,29,0
8027750,,,2952414,30,0
8027750,,,2952415,31,0
8027750,15:15:00,15:15:00,2952416,32,0
8027750,,,2952417,33,0
8027750,,,2952382,34,0
8027750,15:20:00,15:20:00,2952418,35,1
8027750,,,2952354,36,0
8027750,,,2952419,37,0
8027750,,,2952420,38,0
8027750,,,2952421,39,0
8027750,,,2952422,40,0
8027750,15:23:00,15:23:00,2947050,41,1
8027750,,,2947051,42,0
8027750,,,2947052,43,0
8027750,,,2947053,44,0
8027750,,,2947055,45,0
8027750,,,2933832,46,0
8027750,,,2933833,47,0
8027750,,,2933834,48,0
8027750,15:31:00,15:31:00,2759335,49,1
8027751,15:10:00,15:10:00,2759346,0,1
8027751,,,2947000,1,0
8027751,,,2947001,2,0
8027751,,,2947002,3,0
8027751,,,2947003,4,0
8027751,,,2947004,5,0
8027751,15:13:00,15:13:00,2947005,6,1
8027751,,,2976968,7,0
8027751,,,2976969,8,0
8027751,,,2976970,9,0
8027751,,,2952353,10,0
8027751,,,2952355,11,0
8027751,15:19:00,15:19:00,2952356,12,1
8027751,,,2952357,13,0
8027751,,,2952358,14,0
8027751,,,2952398,15,0
8027751,,,2952387,16,0
8027751,15:22:00,15:22:00,2952388,17,1
8027751,,,2952389,18,0
8027751,,,2952390,19,0
8027751,,,2976971,20,0
8027751,,,2976972,21,0
8027751,15:26:00,15:26:00,2952351,22,1
8027751,,,2952352,23,0
8027751,15:31:00,15:31:00,2951167,24,1
8027751,,,2951168,25,0
8027751,,,2951169,26,0
8027751,,,2952350,27,0
8027751,15:41:00,15:41:00,2976973,28,1
8027751,,,2952413,29,0
8027751,,,2952414,30,0
8027751,,,2952415,31,0
8027751,15:45:00,15:45:00,2952416,32,0
8027751,,,2952417,33,0
8027751,,,2952382,34,0
8027751,15:50:00,15:50:00,2952418,35,1
8027751,,,2952354,36,0
8027751,,,2952419,37,0
8027751,,,2952420,38,0
8027751,,,2952421,39,0
8027751,,,2952422,40,0
8027751,15:53:00,15:53:00,2947050,41,1
8027751,,,2947051,42,0
8027751,,,2947052,43,0
8027751,,,2947053,44,0
8027751,,,2947055,45,0
8027751,,,2933832,46,0
8027751,,,2933833,47,0
8027751,,,2933834,48,0
8027751,16:01:00,16:01:00,2759335,49,1
8027752,15:40:00,15:40:00,2759346,0,1
8027752,,,2947000,1,0
8027752,,,2947001,2,0
8027752,,,2947002,3,0
8027752,,,2947003,4,0
8027752,,,2947004,5,0
8027752,15:43:00,15:43:00,2947005,6,1
8027752,,,2976968,7,0
8027752,,,2976969,8,0
8027752,,,2976970,9,0
8027752,,,2952353,10,0
8027752,,,2952355,11,0
8027752,15:49:00,15:49:00,2952356,12,1
8027752,,,2952357,13,0
8027752,,,2952358,14,0
8027752,,,2952398,15,0
8027752,,,2952387,16,0
8027752,15:52:00,15:52:00,2952388,17,1
8027752,,,2952389,18,0
8027752,,,2952390,19,0
8027752,,,2976971,20,0
8027752,,,2976972,21,0
8027752,15:56:00,15:56:00,2952351,22,1
8027752,,,2952352,23,0
8027752,16:01:00,16:01:00,2951167,24,1
8027752,,,2951168,25,0
8027752,,,2951169,26,0
8027752,,,2952350,27,0
8027752,16:11:00,16:11:00,2976973,28,1
8027752,,,2952413,29,0
8027752,,,2952414,30,0
8027752,,,2952415,31,0
8027752,16:15:00,16:15:00,2952416,32,0
8027752,,,2952417,33,0
8027752,,,2952382,34,0
8027752,16:20:00,16:20:00,2952418,35,1
8027752,,,2952354,36,0
8027752,,,2952419,37,0
8027752,,,2952420,38,0
8027752,,,2952421,39,0
8027752,,,2952422,40,0
8027752,16:23:00,16:23:00,2947050,41,1
8027752,,,2947051,42,0
8027752,,,2947052,43,0
8027752,,,2947053,44,0
8027752,,,2947055,45,0
8027752,,,2933832,46,0
8027752,,,2933833,47,0
8027752,,,2933834,48,0
8027752,16:31:00,16:31:00,2759335,49,1
8027753,16:10:00,16:10:00,2759346,0,1
8027753,,,2947000,1,0
8027753,,,2947001,2,0
8027753,,,2947002,3,0
8027753,,,2947003,4,0
8027753,,,2947004,5,0
8027753,16:13:00,16:13:00,2947005,6,1
8027753,,,2976968,7,0
8027753,,,2976969,8,0
8027753,,,2976970,9,0
8027753,,,2952353,10,0
8027753,,,2952355,11,0
8027753,16:19:00,16:19:00,2952356,12,1
8027753,,,2952357,13,0
8027753,,,2952358,14,0
8027753,,,2952398,15,0
8027753,,,2952387,16,0
8027753,16:22:00,16:22:00,2952388,17,1
8027753,,,2952389,18,0
8027753,,,2952390,19,0
8027753,,,2976971,20,0
8027753,,,2976972,21,0
8027753,16:26:00,16:26:00,2952351,22,1
8027753,,,2952352,23,0
8027753,16:31:00,16:31:00,2951167,24,1
8027753,,,2951168,25,0
8027753,,,2951169,26,0
8027753,,,2952350,27,0
8027753,16:41:00,16:41:00,2976973,28,1
8027753,,,2952413,29,0
8027753,,,2952414,30,0
8027753,,,2952415,31,0
8027753,16:45:00,16:45:00,2952416,32,0
8027753,,,2952417,33,0
8027753,,,2952382,34,0
8027753,16:50:00,16:50:00,2952418,35,1
8027753,,,2952354,36,0
8027753,,,2952419,37,0
8027753,,,2952420,38,0
8027753,,,2952421,39,0
8027753,,,2952422,40,0
8027753,16:53:00,16:53:00,2947050,41,1
8027753,,,2947051,42,0
8027753,,,2947052,43,0
8027753,,,2947053,44,0
8027753,,,2947055,45,0
8027753,,,2933832,46,0
8027753,,,2933833,47,0
8027753,,,2933834,48,0
8027753,17:01:00,17:01:00,2759335,49,1
8027754,16:40:00,16:40:00,2759346,0,1
8027754,,,2947000,1,0
8027754,,,2947001,2,0
8027754,,,2947002,3,0
8027754,,,2947003,4,0
8027754,,,2947004,5,0
8027754,16:43:00,16:43:00,2947005,6,1
8027754,,,2976968,7,0
8027754,,,2976969,8,0
8027754,,,2976970,9,0
8027754,,,2952353,10,0
8027754,,,2952355,11,0
8027754,16:49:00,16:49:00,2952356,12,1
8027754,,,2952357,13,0
8027754,,,2952358,14,0
8027754,,,2952398,15,0
8027754,,,2952387,16,0
8027754,16:52:00,16:52:00,2952388,17,1
8027754,,,2952389,18,0
8027754,,,2952390,19,0
8027754,,,2976971,20,0
8027754,,,2976972,21,0
8027754,16:56:00,16:56:00,2952351,22,1
8027754,,,2952352,23,0
8027754,17:01:00,17:01:00,2951167,24,1
8027754,,,2951168,25,0
8027754,,,2951169,26,0
8027754,,,2952350,27,0
8027754,17:11:00,17:11:00,2976973,28,1
8027754,,,2952413,29,0
8027754,,,2952414,30,0
8027754,,,2952415,31,0
8027754,17:15:00,17:15:00,2952416,32,0
8027754,,,2952417,33,0
8027754,,,2952382,34,0
8027754,17:20:00,17:20:00,2952418,35,1
8027754,,,2952354,36,0
8027754,,,2952419,37,0
8027754,,,2952420,38,0
8027754,,,2952421,39,0
8027754,,,2952422,40,0
8027754,17:23:00,17:23:00,2947050,41,1
8027754,,,2947051,42,0
8027754,,,2947052,43,0
8027754,,,2947053,44,0
8027754,,,2947055,45,0
8027754,,,2933832,46,0
8027754,,,2933833,47,0
8027754,,,2933834,48,0
8027754,17:31:00,17:31:00,2759335,49,1
8027755,17:10:00,17:10:00,2759346,0,1
8027755,,,2947000,1,0
8027755,,,2947001,2,0
8027755,,,2947002,3,0
8027755,,,2947003,4,0
8027755,,,2947004,5,0
8027755,17:13:00,17:13:00,2947005,6,1
8027755,,,2976968,7,0
8027755,,,2976969,8,0
8027755,,,2976970,9,0
8027755,,,2952353,10,0
8027755,,,2952355,11,0
8027755,17:19:00,17:19:00,2952356,12,1
8027755,,,2952357,13,0
8027755,,,2952358,14,0
8027755,,,2952398,15,0
8027755,,,2952387,16,0
8027755,17:22:00,17:22:00,2952388,17,1
8027755,,,2952389,18,0
8027755,,,2952390,19,0
8027755,,,2976971,20,0
8027755,,,2976972,21,0
8027755,17:26:00,17:26:00,2952351,22,1
8027755,,,2952352,23,0
8027755,17:31:00,17:31:00,2951167,24,1
8027755,,,2951168,25,0
8027755,,,2951169,26,0
8027755,,,2952350,27,0
8027755,17:41:00,17:41:00,2976973,28,1
8027755,,,2952413,29,0
8027755,,,2952414,30,0
8027755,,,2952415,31,0
8027755,17:45:00,17:45:00,2952416,32,0
8027755,,,2952417,33,0
8027755,,,2952382,34,0
8027755,17:50:00,17:50:00,2952418,35,1
8027755,,,2952354,36,0
8027755,,,2952419,37,0
8027755,,,2952420,38,0
8027755,,,2952421,39,0
8027755,,,2952422,40,0
8027755,17:53:00,17:53:00,2947050,41,1
8027755,,,2947051,42,0
8027755,,,2947052,43,0
8027755,,,2947053,44,0
8027755,,,2947055,45,0
8027755,,,2933832,46,0
8027755,,,2933833,47,0
8027755,,,2933834,48,0
8027755,18:01:00,18:01:00,2759335,49,1
8027756,17:40:00,17:40:00,2759346,0,1
8027756,,,2947000,1,0
8027756,,,2947001,2,0
8027756,,,2947002,3,0
8027756,,,2947003,4,0
8027756,,,2947004,5,0
8027756,17:43:00,17:43:00,2947005,6,1
8027756,,,2976968,7,0
8027756,,,2976969,8,0
8027756,,,2976970,9,0
8027756,,,2952353,10,0
8027756,,,2952355,11,0
8027756,17:49:00,17:49:00,2952356,12,1
8027756,,,2952357,13,0
8027756,,,2952358,14,0
8027756,,,2952398,15,0
8027756,,,2952387,16,0
8027756,17:52:00,17:52:00,2952388,17,1
8027756,,,2952389,18,0
8027756,,,2952390,19,0
8027756,,,2976971,20,0
8027756,,,2976972,21,0
8027756,17:56:00,17:56:00,2952351,22,1
8027756,,,2952352,23,0
8027756,18:01:00,18:01:00,2951167,24,1
8027756,,,2951168,25,0
8027756,,,2951169,26,0
8027756,,,2952350,27,0
8027756,18:11:00,18:11:00,2976973,28,1
8027756,,,2952413,29,0
8027756,,,2952414,30,0
8027756,,,2952415,31,0
8027756,18:15:00,18:15:00,2952416,32,0
8027756,,,2952417,33,0
8027756,,,2952382,34,0
8027756,18:20:00,18:20:00,2952418,35,1
8027756,,,2952354,36,0
8027756,,,2952419,37,0
8027756,,,2952420,38,0
8027756,,,2952421,39,0
8027756,,,2952422,40,0
8027756,18:23:00,18:23:00,2947050,41,1
8027756,,,2947051,42,0
8027756,,,2947052,43,0
8027756,,,2947053,44,0
8027756,,,2947055,45,0
8027756,,,2933832,46,0
8027756,,,2933833,47,0
8027756,,,2933834,48,0
8027756,18:31:00,18:31:00,2759335,49,1
8027757,18:10:00,18:10:00,2759346,0,1
8027757,,,2947000,1,0
8027757,,,2947001,2,0
8027757,,,2947002,3,0
8027757,,,2947003,4,0
8027757,,,2947004,5,0
8027757,18:13:00,18:13:00,2947005,6,1
8027757,,,2976968,7,0
8027757,,,2976969,8,0
8027757,,,2976970,9,0
8027757,,,2952353,10,0
8027757,,,2952355,11,0
8027757,18:19:00,18:19:00,2952356,12,1
8027757,,,2952357,13,0
8027757,,,2952358,14,0
8027757,,,2952398,15,0
8027757,,,2952387,16,0
8027757,18:22:00,18:22:00,2952388,17,1
8027757,,,2952389,18,0
8027757,,,2952390,19,0
8027757,,,2976971,20,0
8027757,,,2976972,21,0
8027757,18:26:00,18:26:00,2952351,22,1
8027757,,,2952352,23,0
8027757,18:31:00,18:31:00,2951167,24,1
8027757,,,2951168,25,0
8027757,,,2951169,26,0
8027757,,,2952350,27,0
8027757,18:41:00,18:41:00,2976973,28,1
8027757,,,2952413,29,0
8027757,,,2952414,30,0
8027757,,,2952415,31,0
8027757,18:45:00,18:45:00,2952416,32,0
8027757,,,2952417,33,0
8027757,,,2952382,34,0
8027757,18:50:00,18:50:00,2952418,35,1
8027757,,,2952354,36,0
8027757,,,2952419,37,0
8027757,,,2952420,38,0
8027757,,,2952421,39,0
8027757,,,2952422,40,0
8027757,18:53:00,18:53:00,2947050,41,1
8027757,,,2947051,42,0
8027757,,,2947052,43,0
8027757,,,2947053,44,0
8027757,,,2947055,45,0
8027757,,,2933832,46,0
8027757,,,2933833,47,0
8027757,,,2933834,48,0
8027757,19:01:00,19:01:00,2759335,49,1
8034555,07:03:00,07:03:00,2952371,0,1
8034555,,,2952372,1,0
8034555,,,2952373,2,0
8034555,,,2952374,3,0
8034555,,,2952375,4,0
8034555,,,2952376,5,0
8034555,07:07:00,07:07:00,2952377,6,1
8034555,,,2977508,7,0
8034555,,,2977505,8,0
8034555,07:09:00,07:09:00,2977496,9,1
8034555,,,2977493,10,0
8034555,,,2977491,11,0
8034555,,,2977486,12,0
8034555,,,2947042,13,0
8034555,,,2947043,14,0
8034555,,,2947044,15,0
8034555,,,2947045,16,0
8034555,,,2947046,17,0
8034555,,,2947047,18,0
8034555,,,2947048,19,0
8034555,,,2947049,20,0
8034555,07:15:00,07:15:00,2947050,21,1
8034555,,,2947051,22,0
8034555,,,2947052,23,0
8034555,,,2947053,24,0
8034555,,,2947055,25,0
8034555,,,2933832,26,0
8034555,,,2933833,27,0
8034555,,,2933834,28,0
8034555,07:23:00,07:23:00,2759335,29,1
8034556,08:03:00,08:03:00,2952371,0,1
8034556,,,2952372,1,0
8034556,,,2952373,2,0
8034556,,,2952374,3,0
8034556,,,2952375,4,0
8034556,,,2952376,5,0
8034556,08:07:00,08:07:00,2952377,6,1
8034556,,,2977508,7,0
8034556,,,2977505,8,0
8034556,08:09:00,08:09:00,2977496,9,1
8034556,,,2977493,10,0
8034556,,,2977491,11,0
8034556,,,2977486,12,0
8034556,,,2947042,13,0
8034556,,,2947043,14,0
8034556,,,2947044,15,0
8034556,,,2947045,16,0
8034556,,,2947046,17,0
8034556,,,2947047,18,0
8034556,,,2947048,19,0
8034556,,,2947049,20,0
8034556,08:15:00,08:15:00,2947050,21,1
8034556,,,2947051,22,0
8034556,,,2947052,23,0
8034556,,,2947053,24,0
8034556,,,2947055,25,0
8034556,,,2933832,26,0
8034556,,,2933833,27,0
8034556,,,2933834,28,0
8034556,08:23:00,08:23:00,2759335,29,1
8034557,22:40:00,22:40:00,2759346,0,1
8034557,,,2927977,1,0
8034557,,,2927978,2,0
8034557,,,2927979,3,0
8034557,,,2977483,4,0
8034557,,,2947002,5,0
8034557,,,2947003,6,0
8034557,,,2947004,7,0
8034557,22:45:00,22:45:00,2947005,8,1
8034557,,,2947006,9,0
8034557,,,2947007,10,0
8034557,,,2947008,11,0
8034557,,,2947009,12,0
8034557,,,2947010,13,0
8034557,,,2947011,14,0
8034557,,,2947012,15,0
8034557,,,2977485,16,0
8034557,,,2977489,17,0
8034557,22:53:00,22:53:00,2977495,18,1
8034557,,,2977506,19,0
8034557,,,2977507,20,0
8034557,22:56:00,22:56:00,2977509,21,1
8034557,,,2952366,22,0
8034557,,,2952367,23,0
8034557,,,2952368,24,0
8034557,,,2952369,25,0
8034557,,,2952370,26,0
8034557,23:00:00,23:00:00,2952371,27,1
8034558,18:40:00,18:40:00,2759346,0,1
8034558,,,2927977,1,0
8034558,,,2927978,2,0
8034558,,,2927979,3,0
8034558,,,2977483,4,0
8034558,,,2947002,5,0
8034558,,,2947003,6,0
8034558,,,2947004,7,0
8034558,18:46:00,18:46:00,2947005,8,1
8034558,,,2947006,9,0
8034558,,,2947007,10,0
8034558,,,2947008,11,0
8034558,,,2947009,12,0
8034558,,,2947010,13,0
8034558,,,2947011,14,0
8034558,,,2947012,15,0
8034558,,,2977485,16,0
8034558,,,2977489,17,0
8034558,18:54:00,18:54:00,2977495,18,1
8034558,,,2977506,19,0
8034558,,,2977507,20,0
8034558,18:56:00,18:56:00,2977509,21,1
8034558,,,2952366,22,0
8034558,,,2952367,23,0
8034558,,,2952368,24,0
8034558,,,2952369,25,0
8034558,,,2952370,26,0
8034558,19:00:00,19:00:00,2952371,27,1
8034805,06:40:00,06:40:00,2759346,0,1
8034805,,,2940595,1,0
8034805,,,2940596,2,0
8034805,,,2940597,3,0
8034805,,,2940598,4,0
8034805,,,2940599,5,0
8034805,,,2940600,6,0
8034805,,,2940601,7,0
8034805,,,2940602,8,0
8034805,,,2940603,9,0
8034805,,,2940604,10,0
8034805,,,2940605,11,0
8034805,,,2940606,12,0
8034805,,,2940607,13,0
8034805,,,2940608,14,0
8034805,06:52:00,06:52:00,2940609,15,1
8034805,,,2940610,16,0
8034805,,,2940611,17,0
8034805,06:54:00,06:54:00,2940612,18,1
8034805,,,2940613,19,0
8034805,,,2940614,20,0
8034805,,,2940615,21,0
8034805,,,2940616,22,0
8034805,,,2940617,23,0
8034805,,,2940618,24,0
8034805,,,2940619,25,0
8034805,,,2940620,26,0
8034805,,,2940621,27,0
8034805,,,2940622,28,0
8034805,07:00:00,07:00:00,2977511,29,1
8034805,,,2977512,30,0
8034805,,,2977513,31,0
8034805,,,2977516,32,0
8034805,,,2977517,33,0
8034805,,,2977518,34,0
8034805,,,2977519,35,0
8034805,,,2977520,36,0
8034805,,,2977521,37,0
8034805,,,2977522,38,0
8034805,07:02:00,07:02:00,2946972,39,1
8034805,,,2977523,40,0
8034805,,,2977524,41,0
8034805,,,2977525,42,0
8034805,,,2977526,43,0
8034805,,,2977527,44,0
8034805,,,2977528,45,0
8034805,,,2977514,46,0
8034805,07:10:00,07:10:00,2977515,47,1
8034805,,,2977510,48,0
8034805,,,2977529,49,0
8034805,,,2977530,50,0
8034805,,,2977531,51,0
8034805,,,2977532,52,0
8034805,,,2977533,53,0
8034805,,,2977534,54,0
8034805,,,2977535,55,0
8034805,,,2977538,56,0
8034805,07:15:00,07:15:00,2977539,57,1
8034805,,,2977540,58,0
8034805,,,2977541,59,0
8034805,,,2940608,60,0
8034805,07:17:00,07:17:00,2940609,61,1
8034805,,,2940610,62,0
8034805,,,2940611,63,0
8034805,,,2977542,64,0
8034805,,,2977543,65,0
8034805,,,2977544,66,0
8034805,,,2977545,67,0
8034805,,,2977546,68,0
8034805,,,2977547,69,0
8034805,,,2977548,70,0
8034805,,,2977549,71,0
8034805,,,2977550,72,0
8034805,,,2977551,73,0
8034805,07:31:00,07:31:00,2977552,74,1
8034820,07:10:00,07:10:00,2759346,0,1
8034820,,,2940595,1,0
8034820,,,2940596,2,0
8034820,,,2940597,3,0
8034820,,,2940598,4,0
8034820,,,2940599,5,0
8034820,,,2940600,6,0
8034820,,,2940601,7,0
8034820,,,2940602,8,0
8034820,,,2940603,9,0
8034820,,,2940604,10,0
8034820,,,2940605,11,0
8034820,,,2940606,12,0
8034820,,,2940607,13,0
8034820,,,2940608,14,0
8034820,07:22:00,07:22:00,2940609,15,1
8034820,,,2940610,16,0
8034820,,,2940611,17,0
8034820,07:24:00,07:24:00,2940612,18,1
8034820,,,2940613,19,0
8034820,,,2940614,20,0
8034820,,,2940615,21,0
8034820,,,2940616,22,0
8034820,,,2940617,23,0
8034820,,,2940618,24,0
8034820,,,2940619,25,0
8034820,,,2940620,26,0
8034820,,,2940621,27,0
8034820,,,2940622,28,0
8034820,07:30:00,07:30:00,2977511,29,1
8034820,,,2977512,30,0
8034820,,,2977513,31,0
8034820,,,2977516,32,0
8034820,,,2977517,33,0
8034820,,,2977518,34,0
8034820,,,2977519,35,0
8034820,,,2977520,36,0
8034820,,,2977521,37,0
8034820,,,2977522,38,0
8034820,07:32:00,07:32:00,2946972,39,1
8034820,,,2977523,40,0
8034820,,,2977524,41,0
8034820,,,2977525,42,0
8034820,,,2977526,43,0
8034820,,,2977527,44,0
8034820,,,2977528,45,0
8034820,,,2977514,46,0
8034820,07:40:00,07:40:00,2977515,47,1
8034820,,,2977510,48,0
8034820,,,2977529,49,0
8034820,,,2977530,50,0
8034820,,,2977531,51,0
8034820,,,2977532,52,0
8034820,,,2977533,53,0
8034820,,,2977534,54,0
8034820,,,2977535,55,0
8034820,,,2977538,56,0
8034820,07:45:00,07:45:00,2977539,57,1
8034820,,,2977540,58,0
8034820,,,2977541,59,0
8034820,,,2940608,60,0
8034820,07:47:00,07:47:00,2940609,61,1
8034820,,,2940610,62,0
8034820,,,2940611,63,0
8034820,,,2977542,64,0
8034820,,,2977543,65,0
8034820,,,2977544,66,0
8034820,,,2977545,67,0
8034820,,,2977546,68,0
8034820,,,2977547,69,0
8034820,,,2977548,70,0
8034820,,,2977549,71,0
8034820,,,2977550,72,0
8034820,,,2977551,73,0
8034820,08:01:00,08:01:00,2977552,74,1
8034821,07:40:00,07:40:00,2759346,0,1
8034821,,,2940595,1,0
8034821,,,2940596,2,0
8034821,,,2940597,3,0
8034821,,,2940598,4,0
8034821,,,2940599,5,0
8034821,,,2940600,6,0
8034821,,,2940601,7,0
8034821,,,2940602,8,0
8034821,,,2940603,9,0
8034821,,,2940604,10,0
8034821,,,2940605,11,0
8034821,,,2940606,12,0
8034821,,,2940607,13,0
8034821,,,2940608,14,0
8034821,07:52:00,07:52:00,2940609,15,1
8034821,,,2940610,16,0
8034821,,,2940611,17,0
8034821,07:54:00,07:54:00,2940612,18,1
8034821,,,2940613,19,0
8034821,,,2940614,20,0
8034821,,,2940615,21,0
8034821,,,2940616,22,0
8034821,,,2940617,23,0
8034821,,,2940618,24,0
8034821,,,2940619,25,0
8034821,,,2940620,26,0
8034821,,,2940621,27,0
8034821,,,2940622,28,0
8034821,08:00:00,08:00:00,2977511,29,1
8034821,,,2977512,30,0
8034821,,,2977513,31,0
8034821,,,2977516,32,0
8034821,,,2977517,33,0
8034821,,,2977518,34,0
8034821,,,2977519,35,0
8034821,,,2977520,36,0
8034821,,,2977521,37,0
8034821,,,2977522,38,0
8034821,08:02:00,08:02:00,2946972,39,1
8034821,,,2977523,40,0
8034821,,,2977524,41,0
8034821,,,2977525,42,0
8034821,,,2977526,43,0
8034821,,,2977527,44,0
8034821,,,2977528,45,0
8034821,,,2977514,46,0
8034821,08:10:00,08:10:00,2977515,47,1
8034821,,,2977510,48,0
8034821,,,2977529,49,0
8034821,,,2977530,50,0
8034821,,,2977531,51,0
8034821,,,2977532,52,0
8034821,,,2977533,53,0
8034821,,,2977534,54,0
8034821,,,2977535,55,0
8034821,,,2977538,56,0
8034821,08:15:00,08:15:00,2977539,57,1
8034821,,,2977540,58,0
8034821,,,2977541,59,0
8034821,,,2940608,60,0
8034821,08:17:00,08:17:00,2940609,61,1
8034821,,,2940610,62,0
8034821,,,2940611,63,0
8034821,,,2977542,64,0
8034821,,,2977543,65,0
8034821,,,2977544,66,0
8034821,,,2977545,67,0
8034821,,,2977546,68,0
8034821,,,2977547,69,0
8034821,,,2977548,70,0
8034821,,,2977549,71,0
8034821,,,2977550,72,0
8034821,,,2977551,73,0
8034821,08:31:00,08:31:00,2977552,74,1
8034822,08:10:00,08:10:00,2759346,0,1
8034822,,,2940595,1,0
8034822,,,2940596,2,0
8034822,,,2940597,3,0
8034822,,,2940598,4,0
8034822,,,2940599,5,0
8034822,,,2940600,6,0
8034822,,,2940601,7,0
8034822,,,2940602,8,0
8034822,,,2940603,9,0
8034822,,,2940604,10,0
8034822,,,2940605,11,0
8034822,,,2940606,12,0
8034822,,,2940607,13,0
8034822,,,2940608,14,0
8034822,08:22:00,08:22:00,2940609,15,1
8034822,,,2940610,16,0
8034822,,,2940611,17,0
8034822,08:24:00,08:24:00,2940612,18,1
8034822,,,2940613,19,0
8034822,,,2940614,20,0
8034822,,,2940615,21,0
8034822,,,2940616,22,0
8034822,,,2940617,23,0
8034822,,,2940618,24,0
8034822,,,2940619,25,0
8034822,,,2940620,26,0
8034822,,,2940621,27,0
8034822,,,2940622,28,0
8034822,08:30:00,08:30:00,2977511,29,1
8034822,,,2977512,30,0
8034822,,,2977513,31,0
8034822,,,2977516,32,0
8034822,,,2977517,33,0
8034822,,,2977518,34,0
8034822,,,2977519,35,0
8034822,,,2977520,36,0
8034822,,,2977521,37,0
8034822,,,2977522,38,0
8034822,08:32:00,08:32:00,2946972,39,1
8034822,,,2977523,40,0
8034822,,,2977524,41,0
8034822,,,2977525,42,0
8034822,,,2977526,43,0
8034822,,,2977527,44,0
8034822,,,2977528,45,0
8034822,,,2977514,46,0
8034822,08:40:00,08:40:00,2977515,47,1
8034822,,,2977510,48,0
8034822,,,2977529,49,0
8034822,,,2977530,50,0
8034822,,,2977531,51,0
8034822,,,2977532,52,0
8034822,,,2977533,53,0
8034822,,,2977534,54,0
8034822,,,2977535,55,0
8034822,,,2977538,56,0
8034822,08:45:00,08:45:00,2977539,57,1
8034822,,,2977540,58,0
8034822,,,2977541,59,0
8034822,,,2940608,60,0
8034822,08:47:00,08:47:00,2940609,61,1
8034822,,,2940610,62,0
8034822,,,2940611,63,0
8034822,,,2977542,64,0
8034822,,,2977543,65,0
8034822,,,2977544,66,0
8034822,,,2977545,67,0
8034822,,,2977546,68,0
8034822,,,2977547,69,0
8034822,,,2977548,70,0
8034822,,,2977549,71,0
8034822,,,2977550,72,0
8034822,,,2977551,73,0
8034822,09:01:00,09:01:00,2977552,74,1
8034823,08:40:00,08:40:00,2759346,0,1
8034823,,,2940595,1,0
8034823,,,2940596,2,0
8034823,,,2940597,3,0
8034823,,,2940598,4,0
8034823,,,2940599,5,0
8034823,,,2940600,6,0
8034823,,,2940601,7,0
8034823,,,2940602,8,0
8034823,,,2940603,9,0
8034823,,,2940604,10,0
8034823,,,2940605,11,0
8034823,,,2940606,12,0
8034823,,,2940607,13,0
8034823,,,2940608,14,0
8034823,08:52:00,08:52:00,2940609,15,1
8034823,,,2940610,16,0
8034823,,,2940611,17,0
8034823,08:54:00,08:54:00,2940612,18,1
8034823,,,2940613,19,0
8034823,,,2940614,20,0
8034823,,,2940615,21,0
8034823,,,2940616,22,0
8034823,,,2940617,23,0
8034823,,,2940618,24,0
8034823,,,2940619,25,0
8034823,,,2940620,26,0
8034823,,,2940621,27,0
8034823,,,2940622,28,0
8034823,09:00:00,09:00:00,2977511,29,1
8034823,,,2977512,30,0
8034823,,,2977513,31,0
8034823,,,2977516,32,0
8034823,,,2977517,33,0
8034823,,,2977518,34,0
8034823,,,2977519,35,0
8034823,,,2977520,36,0
8034823,,,2977521,37,0
8034823,,,2977522,38,0
8034823,09:02:00,09:02:00,2946972,39,1
8034823,,,2977523,40,0
8034823,,,2977524,41,0
8034823,,,2977525,42,0
8034823,,,2977526,43,0
8034823,,,2977527,44,0
8034823,,,2977528,45,0
8034823,,,2977514,46,0
8034823,09:10:00,09:10:00,2977515,47,1
8034823,,,2977510,48,0
8034823,,,2977529,49,0
8034823,,,2977530,50,0
8034823,,,2977531,51,0
8034823,,,2977532,52,0
8034823,,,2977533,53,0
8034823,,,2977534,54,0
8034823,,,2977535,55,0
8034823,,,2977538,56,0
8034823,09:15:00,09:15:00,2977539,57,1
8034823,,,2977540,58,0
8034823,,,2977541,59,0
8034823,,,2940608,60,0
8034823,09:17:00,09:17:00,2940609,61,1
8034823,,,2940610,62,0
8034823,,,2940611,63,0
8034823,,,2977542,64,0
8034823,,,2977543,65,0
8034823,,,2977544,66,0
8034823,,,2977545,67,0
8034823,,,2977546,68,0
8034823,,,2977547,69,0
8034823,,,2977548,70,0
8034823,,,2977549,71,0
8034823,,,2977550,72,0
8034823,,,2977551,73,0
8034823,09:31:00,09:31:00,2977552,74,1
8034824,09:10:00,09:10:00,2759346,0,1
8034824,,,2940595,1,0
8034824,,,2940596,2,0
8034824,,,2940597,3,0
8034824,,,2940598,4,0
8034824,,,2940599,5,0
8034824,,,2940600,6,0
8034824,,,2940601,7,0
8034824,,,2940602,8,0
8034824,,,2940603,9,0
8034824,,,2940604,10,0
8034824,,,2940605,11,0
8034824,,,2940606,12,0
8034824,,,2940607,13,0
8034824,,,2940608,14,0
8034824,09:22:00,09:22:00,2940609,15,1
8034824,,,2940610,16,0
8034824,,,2940611,17,0
8034824,09:24:00,09:24:00,2940612,18,1
8034824,,,2940613,19,0
8034824,,,2940614,20,0
8034824,,,2940615,21,0
8034824,,,2940616,22,0
8034824,,,2940617,23,0
8034824,,,2940618,24,0
8034824,,,2940619,25,0
8034824,,,2940620,26,0
8034824,,,2940621,27,0
8034824,,,2940622,28,0
8034824,09:30:00,09:30:00,2977511,29,1
8034824,,,2977512,30,0
8034824,,,2977513,31,0
8034824,,,2977516,32,0
8034824,,,2977517,33,0
8034824,,,2977518,34,0
8034824,,,2977519,35,0
8034824,,,2977520,36,0
8034824,,,2977521,37,0
8034824,,,2977522,38,0
8034824,09:32:00,09:32:00,2946972,39,1
8034824,,,2977523,40,0
8034824,,,2977524,41,0
8034824,,,2977525,42,0
8034824,,,2977526,43,0
8034824,,,2977527,44,0
8034824,,,2977528,45,0
8034824,,,2977514,46,0
8034824,09:40:00,09:40:00,2977515,47,1
8034824,,,2977510,48,0
8034824,,,2977529,49,0
8034824,,,2977530,50,0
8034824,,,2977531,51,0
8034824,,,2977532,52,0
8034824,,,2977533,53,0
8034824,,,2977534,54,0
8034824,,,2977535,55,0
8034824,,,2977538,56,0
8034824,09:45:00,09:45:00,2977539,57,1
8034824,,,2977540,58,0
8034824,,,2977541,59,0
8034824,,,2940608,60,0
8034824,09:47:00,09:47:00,2940609,61,1
8034824,,,2940610,62,0
8034824,,,2940611,63,0
8034824,,,2977542,64,0
8034824,,,2977543,65,0
8034824,,,2977544,66,0
8034824,,,2977545,67,0
8034824,,,2977546,68,0
8034824,,,2977547,69,0
8034824,,,2977548,70,0
8034824,,,2977549,71,0
8034824,,,2977550,72,0
8034824,,,2977551,73,0
8034824,10:01:00,10:01:00,2977552,74,1
8034825,09:40:00,09:40:00,2759346,0,1
8034825,,,2940595,1,0
8034825,,,2940596,2,0
8034825,,,2940597,3,0
8034825,,,2940598,4,0
8034825,,,2940599,5,0
8034825,,,2940600,6,0
8034825,,,2940601,7,0
8034825,,,2940602,8,0
8034825,,,2940603,9,0
8034825,,,2940604,10,0
8034825,,,2940605,11,0
8034825,,,2940606,12,0
8034825,,,2940607,13,0
8034825,,,2940608,14,0
8034825,09:52:00,09:52:00,2940609,15,1
8034825,,,2940610,16,0
8034825,,,2940611,17,0
8034825,09:54:00,09:54:00,2940612,18,1
8034825,,,2940613,19,0
8034825,,,2940614,20,0
8034825,,,2940615,21,0
8034825,,,2940616,22,0
8034825,,,2940617,23,0
8034825,,,2940618,24,0
8034825,,,2940619,25,0
8034825,,,2940620,26,0
8034825,,,2940621,27,0
8034825,,,2940622,28,0
8034825,10:00:00,10:00:00,2977511,29,1
8034825,,,2977512,30,0
8034825,,,2977513,31,0
8034825,,,2977516,32,0
8034825,,,2977517,33,0
8034825,,,2977518,34,0
8034825,,,2977519,35,0
8034825,,,2977520,36,0
8034825,,,2977521,37,0
8034825,,,2977522,38,0
8034825,10:02:00,10:02:00,2946972,39,1
8034825,,,2977523,40,0
8034825,,,2977524,41,0
8034825,,,2977525,42,0
8034825,,,2977526,43,0
8034825,,,2977527,44,0
8034825,,,2977528,45,0
8034825,,,2977514,46,0
8034825,10:10:00,10:10:00,2977515,47,1
8034825,,,2977510,48,0
8034825,,,2977529,49,0
8034825,,,2977530,50,0
8034825,,,2977531,51,0
8034825,,,2977532,52,0
8034825,,,2977533,53,0
8034825,,,2977534,54,0
8034825,,,2977535,55,0
8034825,,,2977538,56,0
8034825,10:15:00,10:15:00,2977539,57,1
8034825,,,2977540,58,0
8034825,,,2977541,59,0
8034825,,,2940608,60,0
8034825,10:17:00,10:17:00,2940609,61,1
8034825,,,2940610,62,0
8034825,,,2940611,63,0
8034825,,,2977542,64,0
8034825,,,2977543,65,0
8034825,,,2977544,66,0
8034825,,,2977545,67,0
8034825,,,2977546,68,0
8034825,,,2977547,69,0
8034825,,,2977548,70,0
8034825,,,2977549,71,0
8034825,,,2977550,72,0
8034825,,,2977551,73,0
8034825,10:31:00,10:31:00,2977552,74,1
8034826,10:10:00,10:10:00,2759346,0,1
8034826,,,2940595,1,0
8034826,,,2940596,2,0
8034826,,,2940597,3,0
8034826,,,2940598,4,0
8034826,,,2940599,5,0
8034826,,,2940600,6,0
8034826,,,2940601,7,0
8034826,,,2940602,8,0
8034826,,,2940603,9,0
8034826,,,2940604,10,0
8034826,,,2940605,11,0
8034826,,,2940606,12,0
8034826,,,2940607,13,0
8034826,,,2940608,14,0
8034826,10:22:00,10:22:00,2940609,15,1
8034826,,,2940610,16,0
8034826,,,2940611,17,0
8034826,10:24:00,10:24:00,2940612,18,1
8034826,,,2940613,19,0
8034826,,,2940614,20,0
8034826,,,2940615,21,0
8034826,,,2940616,22,0
8034826,,,2940617,23,0
8034826,,,2940618,24,0
8034826,,,2940619,25,0
8034826,,,2940620,26,0
8034826,,,2940621,27,0
8034826,,,2940622,28,0
8034826,10:30:00,10:30:00,2977511,29,1
8034826,,,2977512,30,0
8034826,,,2977513,31,0
8034826,,,2977516,32,0
8034826,,,2977517,33,0
8034826,,,2977518,34,0
8034826,,,2977519,35,0
8034826,,,2977520,36,0
8034826,,,2977521,37,0
8034826,,,2977522,38,0
8034826,10:32:00,10:32:00,2946972,39,1
8034826,,,2977523,40,0
8034826,,,2977524,41,0
8034826,,,2977525,42,0
8034826,,,2977526,43,0
8034826,,,2977527,44,0
8034826,,,2977528,45,0
8034826,,,2977514,46,0
8034826,10:40:00,10:40:00,2977515,47,1
8034826,,,2977510,48,0
8034826,,,2977529,49,0
8034826,,,2977530,50,0
8034826,,,2977531,51,0
8034826,,,2977532,52,0
8034826,,,2977533,53,0
8034826,,,2977534,54,0
8034826,,,2977535,55,0
8034826,,,2977538,56,0
8034826,10:45:00,10:45:00,2977539,57,1
8034826,,,2977540,58,0
8034826,,,2977541,59,0
8034826,,,2940608,60,0
8034826,10:47:00,10:47:00,2940609,61,1
8034826,,,2940610,62,0
8034826,,,2940611,63,0
8034826,,,2977542,64,0
8034826,,,2977543,65,0
8034826,,,2977544,66,0
8034826,,,2977545,67,0
8034826,,,2977546,68,0
8034826,,,2977547,69,0
8034826,,,2977548,70,0
8034826,,,2977549,71,0
8034826,,,2977550,72,0
8034826,,,2977551,73,0
8034826,11:01:00,11:01:00,2977552,74,1
8034827,10:40:00,10:40:00,2759346,0,1
8034827,,,2940595,1,0
8034827,,,2940596,2,0
8034827,,,2940597,3,0
8034827,,,2940598,4,0
8034827,,,2940599,5,0
8034827,,,2940600,6,0
8034827,,,2940601,7,0
8034827,,,2940602,8,0
8034827,,,2940603,9,0
8034827,,,2940604,10,0
8034827,,,2940605,11,0
8034827,,,2940606,12,0
8034827,,,2940607,13,0
8034827,,,2940608,14,0
8034827,10:52:00,10:52:00,2940609,15,1
8034827,,,2940610,16,0
8034827,,,2940611,17,0
8034827,10:54:00,10:54:00,2940612,18,1
8034827,,,2940613,19,0
8034827,,,2940614,20,0
8034827,,,2940615,21,0
8034827,,,2940616,22,0
8034827,,,2940617,23,0
8034827,,,2940618,24,0
8034827,,,2940619,25,0
8034827,,,2940620,26,0
8034827,,,2940621,27,0
8034827,,,2940622,28,0
8034827,11:00:00,11:00:00,2977511,29,1
8034827,,,2977512,30,0
8034827,,,2977513,31,0
8034827,,,2977516,32,0
8034827,,,2977517,33,0
8034827,,,2977518,34,0
8034827,,,2977519,35,0
8034827,,,2977520,36,0
8034827,,,2977521,37,0
8034827,,,2977522,38,0
8034827,11:02:00,11:02:00,2946972,39,1
8034827,,,2977523,40,0
8034827,,,2977524,41,0
8034827,,,2977525,42,0
8034827,,,2977526,43,0
8034827,,,2977527,44,0
8034827,,,2977528,45,0
8034827,,,2977514,46,0
8034827,11:10:00,11:10:00,2977515,47,1
8034827,,,2977510,48,0
8034827,,,2977529,49,0
8034827,,,2977530,50,0
8034827,,,2977531,51,0
8034827,,,2977532,52,0
8034827,,,2977533,53,0
8034827,,,2977534,54,0
8034827,,,2977535,55,0
8034827,,,2977538,56,0
8034827,11:15:00,11:15:00,2977539,57,1
8034827,,,2977540,58,0
8034827,,,2977541,59,0
8034827,,,2940608,60,0
8034827,11:17:00,11:17:00,2940609,61,1
8034827,,,2940610,62,0
8034827,,,2940611,63,0
8034827,,,2977542,64,0
8034827,,,2977543,65,0
8034827,,,2977544,66,0
8034827,,,2977545,67,0
8034827,,,2977546,68,0
8034827,,,2977547,69,0
8034827,,,2977548,70,0
8034827,,,2977549,71,0
8034827,,,2977550,72,0
8034827,,,2977551,73,0
8034827,11:31:00,11:31:00,2977552,74,1
8034828,11:10:00,11:10:00,2759346,0,1
8034828,,,2940595,1,0
8034828,,,2940596,2,0
8034828,,,2940597,3,0
8034828,,,2940598,4,0
8034828,,,2940599,5,0
8034828,,,2940600,6,0
8034828,,,2940601,7,0
8034828,,,2940602,8,0
8034828,,,2940603,9,0
8034828,,,2940604,10,0
8034828,,,2940605,11,0
8034828,,,2940606,12,0
8034828,,,2940607,13,0
8034828,,,2940608,14,0
8034828,11:22:00,11:22:00,2940609,15,1
8034828,,,2940610,16,0
8034828,,,2940611,17,0
8034828,11:24:00,11:24:00,2940612,18,1
8034828,,,2940613,19,0
8034828,,,2940614,20,0
8034828,,,2940615,21,0
8034828,,,2940616,22,0
8034828,,,2940617,23,0
8034828,,,2940618,24,0
8034828,,,2940619,25,0
8034828,,,2940620,26,0
8034828,,,2940621,27,0
8034828,,,2940622,28,0
8034828,11:30:00,11:30:00,2977511,29,1
8034828,,,2977512,30,0
8034828,,,2977513,31,0
8034828,,,2977516,32,0
8034828,,,2977517,33,0
8034828,,,2977518,34,0
8034828,,,2977519,35,0
8034828,,,2977520,36,0
8034828,,,2977521,37,0
8034828,,,2977522,38,0
8034828,11:32:00,11:32:00,2946972,39,1
8034828,,,2977523,40,0
8034828,,,2977524,41,0
8034828,,,2977525,42,0
8034828,,,2977526,43,0
8034828,,,2977527,44,0
8034828,,,2977528,45,0
8034828,,,2977514,46,0
8034828,11:40:00,11:40:00,2977515,47,1
8034828,,,2977510,48,0
8034828,,,2977529,49,0
8034828,,,2977530,50,0
8034828,,,2977531,51,0
8034828,,,2977532,52,0
8034828,,,2977533,53,0
8034828,,,2977534,54,0
8034828,,,2977535,55,0
8034828,,,2977538,56,0
8034828,11:45:00,11:45:00,2977539,57,1
8034828,,,2977540,58,0
8034828,,,2977541,59,0
8034828,,,2940608,60,0
8034828,11:47:00,11:47:00,2940609,61,1
8034828,,,2940610,62,0
8034828,,,2940611,63,0
8034828,,,2977542,64,0
8034828,,,2977543,65,0
8034828,,,2977544,66,0
8034828,,,2977545,67,0
8034828,,,2977546,68,0
8034828,,,2977547,69,0
8034828,,,2977548,70,0
8034828,,,2977549,71,0
8034828,,,2977550,72,0
8034828,,,2977551,73,0
8034828,12:01:00,12:01:00,2977552,74,1
8034829,11:40:00,11:40:00,2759346,0,1
8034829,,,2940595,1,0
8034829,,,2940596,2,0
8034829,,,2940597,3,0
8034829,,,2940598,4,0
8034829,,,2940599,5,0
8034829,,,2940600,6,0
8034829,,,2940601,7,0
8034829,,,2940602,8,0
8034829,,,2940603,9,0
8034829,,,2940604,10,0
8034829,,,2940605,11,0
8034829,,,2940606,12,0
8034829,,,2940607,13,0
8034829,,,2940608,14,0
8034829,11:52:00,11:52:00,2940609,15,1
8034829,,,2940610,16,0
8034829,,,2940611,17,0
8034829,11:54:00,11:54:00,2940612,18,1
8034829,,,2940613,19,0
8034829,,,2940614,20,0
8034829,,,2940615,21,0
8034829,,,2940616,22,0
8034829,,,2940617,23,0
8034829,,,2940618,24,0
8034829,,,2940619,25,0
8034829,,,2940620,26,0
8034829,,,2940621,27,0
8034829,,,2940622,28,0
8034829,12:00:00,12:00:00,2977511,29,1
8034829,,,2977512,30,0
8034829,,,2977513,31,0
8034829,,,2977516,32,0
8034829,,,2977517,33,0
8034829,,,2977518,34,0
8034829,,,2977519,35,0
8034829,,,2977520,36,0
8034829,,,2977521,37,0
8034829,,,2977522,38,0
8034829,12:02:00,12:02:00,2946972,39,1
8034829,,,2977523,40,0
8034829,,,2977524,41,0
8034829,,,2977525,42,0
8034829,,,2977526,43,0
8034829,,,2977527,44,0
8034829,,,2977528,45,0
8034829,,,2977514,46,0
8034829,12:10:00,12:10:00,2977515,47,1
8034829,,,2977510,48,0
8034829,,,2977529,49,0
8034829,,,2977530,50,0
8034829,,,2977531,51,0
8034829,,,2977532,52,0
8034829,,,2977533,53,0
8034829,,,2977534,54,0
8034829,,,2977535,55,0
8034829,,,2977538,56,0
8034829,12:15:00,12:15:00,2977539,57,1
8034829,,,2977540,58,0
8034829,,,2977541,59,0
8034829,,,2940608,60,0
8034829,12:17:00,12:17:00,2940609,61,1
8034829,,,2940610,62,0
8034829,,,2940611,63,0
8034829,,,2977542,64,0
8034829,,,2977543,65,0
8034829,,,2977544,66,0
8034829,,,2977545,67,0
8034829,,,2977546,68,0
8034829,,,2977547,69,0
8034829,,,2977548,70,0
8034829,,,2977549,71,0
8034829,,,2977550,72,0
8034829,,,2977551,73,0
8034829,12:31:00,12:31:00,2977552,74,1
8034830,12:10:00,12:10:00,2759346,0,1
8034830,,,2940595,1,0
8034830,,,2940596,2,0
8034830,,,2940597,3,0
8034830,,,2940598,4,0
8034830,,,2940599,5,0
8034830,,,2940600,6,0
8034830,,,2940601,7,0
8034830,,,2940602,8,0
8034830,,,2940603,9,0
8034830,,,2940604,10,0
8034830,,,2940605,11,0
8034830,,,2940606,12,0
8034830,,,2940607,13,0
8034830,,,2940608,14,0
8034830,12:22:00,12:22:00,2940609,15,1
8034830,,,2940610,16,0
8034830,,,2940611,17,0
8034830,12:24:00,12:24:00,2940612,18,1
8034830,,,2940613,19,0
8034830,,,2940614,20,0
8034830,,,2940615,21,0
8034830,,,2940616,22,0
8034830,,,2940617,23,0
8034830,,,2940618,24,0
8034830,,,2940619,25,0
8034830,,,2940620,26,0
8034830,,,2940621,27,0
8034830,,,2940622,28,0
8034830,12:30:00,12:30:00,2977511,29,1
8034830,,,2977512,30,0
8034830,,,2977513,31,0
8034830,,,2977516,32,0
8034830,,,2977517,33,0
8034830,,,2977518,34,0
8034830,,,2977519,35,0
8034830,,,2977520,36,0
8034830,,,2977521,37,0
8034830,,,2977522,38,0
8034830,12:32:00,12:32:00,2946972,39,1
8034830,,,2977523,40,0
8034830,,,2977524,41,0
8034830,,,2977525,42,0
8034830,,,2977526,43,0
8034830,,,2977527,44,0
8034830,,,2977528,45,0
8034830,,,2977514,46,0
8034830,12:40:00,12:40:00,2977515,47,1
8034830,,,2977510,48,0
8034830,,,2977529,49,0
8034830,,,2977530,50,0
8034830,,,2977531,51,0
8034830,,,2977532,52,0
8034830,,,2977533,53,0
8034830,,,2977534,54,0
8034830,,,2977535,55,0
8034830,,,2977538,56,0
8034830,12:45:00,12:45:00,2977539,57,1
8034830,,,2977540,58,0
8034830,,,2977541,59,0
8034830,,,2940608,60,0
8034830,12:47:00,12:47:00,2940609,61,1
8034830,,,2940610,62,0
8034830,,,2940611,63,0
8034830,,,2977542,64,0
8034830,,,2977543,65,0
8034830,,,2977544,66,0
8034830,,,2977545,67,0
8034830,,,2977546,68,0
8034830,,,2977547,69,0
8034830,,,2977548,70,0
8034830,,,2977549,71,0
8034830,,,2977550,72,0
8034830,,,2977551,73,0
8034830,13:01:00,13:01:00,2977552,74,1
8034831,12:40:00,12:40:00,2759346,0,1
8034831,,,2940595,1,0
8034831,,,2940596,2,0
8034831,,,2940597,3,0
8034831,,,2940598,4,0
8034831,,,2940599,5,0
8034831,,,2940600,6,0
8034831,,,2940601,7,0
8034831,,,2940602,8,0
8034831,,,2940603,9,0
8034831,,,2940604,10,0
8034831,,,2940605,11,0
8034831,,,2940606,12,0
8034831,,,2940607,13,0
8034831,,,2940608,14,0
8034831,12:52:00,12:52:00,2940609,15,1
8034831,,,2940610,16,0
8034831,,,2940611,17,0
8034831,12:54:00,12:54:00,2940612,18,1
8034831,,,2940613,19,0
8034831,,,2940614,20,0
8034831,,,2940615,21,0
8034831,,,2940616,22,0
8034831,,,2940617,23,0
8034831,,,2940618,24,0
8034831,,,2940619,25,0
8034831,,,2940620,26,0
8034831,,,2940621,27,0
8034831,,,2940622,28,0
8034831,13:00:00,13:00:00,2977511,29,1
8034831,,,2977512,30,0
8034831,,,2977513,31,0
8034831,,,2977516,32,0
8034831,,,2977517,33,0
8034831,,,2977518,34,0
8034831,,,2977519,35,0
8034831,,,2977520,36,0
8034831,,,2977521,37,0
8034831,,,2977522,38,0
8034831,13:02:00,13:02:00,2946972,39,1
8034831,,,2977523,40,0
8034831,,,2977524,41,0
8034831,,,2977525,42,0
8034831,,,2977526,43,0
8034831,,,2977527,44,0
8034831,,,2977528,45,0
8034831,,,2977514,46,0
8034831,13:10:00,13:10:00,2977515,47,1
8034831,,,2977510,48,0
8034831,,,2977529,49,0
8034831,,,2977530,50,0
8034831,,,2977531,51,0
8034831,,,2977532,52,0
8034831,,,2977533,53,0
8034831,,,2977534,54,0
8034831,,,2977535,55,0
8034831,,,2977538,56,0
8034831,13:15:00,13:15:00,2977539,57,1
8034831,,,2977540,58,0
8034831,,,2977541,59,0
8034831,,,2940608,60,0
8034831,13:17:00,13:17:00,2940609,61,1
8034831,,,2940610,62,0
8034831,,,2940611,63,0
8034831,,,2977542,64,0
8034831,,,2977543,65,0
8034831,,,2977544,66,0
8034831,,,2977545,67,0
8034831,,,2977546,68,0
8034831,,,2977547,69,0
8034831,,,2977548,70,0
8034831,,,2977549,71,0
8034831,,,2977550,72,0
8034831,,,2977551,73,0
8034831,13:31:00,13:31:00,2977552,74,1
8034832,13:10:00,13:10:00,2759346,0,1
8034832,,,2940595,1,0
8034832,,,2940596,2,0
8034832,,,2940597,3,0
8034832,,,2940598,4,0
8034832,,,2940599,5,0
8034832,,,2940600,6,0
8034832,,,2940601,7,0
8034832,,,2940602,8,0
8034832,,,2940603,9,0
8034832,,,2940604,10,0
8034832,,,2940605,11,0
8034832,,,2940606,12,0
8034832,,,2940607,13,0
8034832,,,2940608,14,0
8034832,13:22:00,13:22:00,2940609,15,1
8034832,,,2940610,16,0
8034832,,,2940611,17,0
8034832,13:24:00,13:24:00,2940612,18,1
8034832,,,2940613,19,0
8034832,,,2940614,20,0
8034832,,,2940615,21,0
8034832,,,2940616,22,0
8034832,,,2940617,23,0
8034832,,,2940618,24,0
8034832,,,2940619,25,0
8034832,,,2940620,26,0
8034832,,,2940621,27,0
8034832,,,2940622,28,0
8034832,13:30:00,13:30:00,2977511,29,1
8034832,,,2977512,30,0
8034832,,,2977513,31,0
8034832,,,2977516,32,0
8034832,,,2977517,33,0
8034832,,,2977518,34,0
8034832,,,2977519,35,0
8034832,,,2977520,36,0
8034832,,,2977521,37,0
8034832,,,2977522,38,0
8034832,13:32:00,13:32:00,2946972,39,1
8034832,,,2977523,40,0
8034832,,,2977524,41,0
8034832,,,2977525,42,0
8034832,,,2977526,43,0
8034832,,,2977527,44,0
8034832,,,2977528,45,0
8034832,,,2977514,46,0
8034832,13:40:00,13:40:00,2977515,47,1
8034832,,,2977510,48,0
8034832,,,2977529,49,0
8034832,,,2977530,50,0
8034832,,,2977531,51,0
8034832,,,2977532,52,0
8034832,,,2977533,53,0
8034832,,,2977534,54,0
8034832,,,2977535,55,0
8034832,,,2977538,56,0
8034832,13:45:00,13:45:00,2977539,57,1
8034832,,,2977540,58,0
8034832,,,2977541,59,0
8034832,,,2940608,60,0
8034832,13:47:00,13:47:00,2940609,61,1
8034832,,,2940610,62,0
8034832,,,2940611,63,0
8034832,,,2977542,64,0
8034832,,,2977543,65,0
8034832,,,2977544,66,0
8034832,,,2977545,67,0
8034832,,,2977546,68,0
8034832,,,2977547,69,0
8034832,,,2977548,70,0
8034832,,,2977549,71,0
8034832,,,2977550,72,0
8034832,,,2977551,73,0
8034832,14:01:00,14:01:00,2977552,74,1
8034833,17:40:00,17:40:00,2759346,0,1
8034833,,,2940595,1,0
8034833,,,2940596,2,0
8034833,,,2940597,3,0
8034833,,,2940598,4,0
8034833,,,2940599,5,0
8034833,,,2940600,6,0
8034833,,,2940601,7,0
8034833,,,2940602,8,0
8034833,,,2940603,9,0
8034833,,,2940604,10,0
8034833,,,2940605,11,0
8034833,,,2940606,12,0
8034833,,,2940607,13,0
8034833,,,2940608,14,0
8034833,17:52:00,17:52:00,2940609,15,1
8034833,,,2940610,16,0
8034833,,,2940611,17,0
8034833,17:54:00,17:54:00,2940612,18,1
8034833,,,2940613,19,0
8034833,,,2940614,20,0
8034833,,,2940615,21,0
8034833,,,2940616,22,0
8034833,,,2940617,23,0
8034833,,,2940618,24,0
8034833,,,2940619,25,0
8034833,,,2940620,26,0
8034833,,,2940621,27,0
8034833,,,2940622,28,0
8034833,18:00:00,18:00:00,2977511,29,1
8034833,,,2977512,30,0
8034833,,,2977513,31,0
8034833,,,2977516,32,0
8034833,,,2977517,33,0
8034833,,,2977518,34,0
8034833,,,2977519,35,0
8034833,,,2977520,36,0
8034833,,,2977521,37,0
8034833,,,2977522,38,0
8034833,18:02:00,18:02:00,2946972,39,1
8034833,,,2977523,40,0
8034833,,,2977524,41,0
8034833,,,2977525,42,0
8034833,,,2977526,43,0
8034833,,,2977527,44,0
8034833,,,2977528,45,0
8034833,,,2977514,46,0
8034833,18:10:00,18:10:00,2977515,47,1
8034833,,,2977510,48,0
8034833,,,2977529,49,0
8034833,,,2977530,50,0
8034833,,,2977531,51,0
8034833,,,2977532,52,0
8034833,,,2977533,53,0
8034833,,,2977534,54,0
8034833,,,2977535,55,0
8034833,,,2977538,56,0
8034833,18:15:00,18:15:00,2977539,57,1
8034833,,,2977540,58,0
8034833,,,2977541,59,0
8034833,,,2940608,60,0
8034833,18:17:00,18:17:00,2940609,61,1
8034833,,,2940610,62,0
8034833,,,2940611,63,0
8034833,,,2977542,64,0
8034833,,,2977543,65,0
8034833,,,2977544,66,0
8034833,,,2977545,67,0
8034833,,,2977546,68,0
8034833,,,2977547,69,0
8034833,,,2977548,70,0
8034833,,,2977549,71,0
8034833,,,2977550,72,0
8034833,,,2977551,73,0
8034833,18:31:00,18:31:00,2977552,74,1
8034818,18:10:00,18:10:00,2759346,0,1
8034818,,,2940595,1,0
8034818,,,2940596,2,0
8034818,,,2940597,3,0
8034818,,,2940598,4,0
8034818,,,2940599,5,0
8034818,,,2940600,6,0
8034818,,,2940601,7,0
8034818,,,2940602,8,0
8034818,,,2940603,9,0
8034818,,,2940604,10,0
8034818,,,2940605,11,0
8034818,,,2940606,12,0
8034818,,,2940607,13,0
8034818,,,2940608,14,0
8034818,18:22:00,18:22:00,2940609,15,1
8034818,,,2940610,16,0
8034818,,,2940611,17,0
8034818,18:24:00,18:24:00,2940612,18,1
8034818,,,2940613,19,0
8034818,,,2940614,20,0
8034818,,,2940615,21,0
8034818,,,2940616,22,0
8034818,,,2940617,23,0
8034818,,,2940618,24,0
8034818,,,2940619,25,0
8034818,,,2940620,26,0
8034818,,,2940621,27,0
8034818,,,2940622,28,0
8034818,18:30:00,18:30:00,2977511,29,1
8034818,,,2977512,30,0
8034818,,,2977513,31,0
8034818,,,2977516,32,0
8034818,,,2977517,33,0
8034818,,,2977518,34,0
8034818,,,2977519,35,0
8034818,,,2977520,36,0
8034818,,,2977521,37,0
8034818,,,2977522,38,0
8034818,18:32:00,18:32:00,2946972,39,1
8034818,,,2977523,40,0
8034818,,,2977524,41,0
8034818,,,2977525,42,0
8034818,,,2977526,43,0
8034818,,,2977527,44,0
8034818,,,2977528,45,0
8034818,,,2977514,46,0
8034818,18:40:00,18:40:00,2977515,47,1
8034818,,,2977510,48,0
8034818,,,2977529,49,0
8034818,,,2977530,50,0
8034818,,,2977531,51,0
8034818,,,2977532,52,0
8034818,,,2977533,53,0
8034818,,,2977534,54,0
8034818,,,2977535,55,0
8034818,,,2977538,56,0
8034818,18:45:00,18:45:00,2977539,57,1
8034818,,,2977540,58,0
8034818,,,2977541,59,0
8034818,,,2940608,60,0
8034818,18:47:00,18:47:00,2940609,61,1
8034818,,,2940610,62,0
8034818,,,2940611,63,0
8034818,,,2977542,64,0
8034818,,,2977543,65,0
8034818,,,2977544,66,0
8034818,,,2977545,67,0
8034818,,,2977546,68,0
8034818,,,2977547,69,0
8034818,,,2977548,70,0
8034818,,,2977549,71,0
8034818,,,2977550,72,0
8034818,,,2977551,73,0
8034818,19:01:00,19:01:00,2977552,74,1
8034834,18:10:00,18:10:00,2759346,0,1
8034834,,,2940595,1,0
8034834,,,2940596,2,0
8034834,,,2940597,3,0
8034834,,,2940598,4,0
8034834,,,2940599,5,0
8034834,,,2940600,6,0
8034834,,,2940601,7,0
8034834,,,2940602,8,0
8034834,,,2940603,9,0
8034834,,,2940604,10,0
8034834,,,2940605,11,0
8034834,,,2940606,12,0
8034834,,,2940607,13,0
8034834,,,2940608,14,0
8034834,18:22:00,18:22:00,2940609,15,1
8034834,,,2940610,16,0
8034834,,,2940611,17,0
8034834,18:24:00,18:24:00,2940612,18,1
8034834,,,2940613,19,0
8034834,,,2940614,20,0
8034834,,,2940615,21,0
8034834,,,2940616,22,0
8034834,,,2940617,23,0
8034834,,,2940618,24,0
8034834,,,2940619,25,0
8034834,,,2940620,26,0
8034834,,,2940621,27,0
8034834,,,2940622,28,0
8034834,18:30:00,18:30:00,2977511,29,1
8034834,,,2977512,30,0
8034834,,,2977513,31,0
8034834,,,2977516,32,0
8034834,,,2977517,33,0
8034834,,,2977518,34,0
8034834,,,2977519,35,0
8034834,,,2977520,36,0
8034834,,,2977521,37,0
8034834,,,2977522,38,0
8034834,18:32:00,18:32:00,2946972,39,1
8034834,,,2977523,40,0
8034834,,,2977524,41,0
8034834,,,2977525,42,0
8034834,,,2977526,43,0
8034834,,,2977527,44,0
8034834,,,2977528,45,0
8034834,,,2977514,46,0
8034834,18:40:00,18:40:00,2977515,47,1
8034834,,,2977510,48,0
8034834,,,2977529,49,0
8034834,,,2977530,50,0
8034834,,,2977531,51,0
8034834,,,2977532,52,0
8034834,,,2977533,53,0
8034834,,,2977534,54,0
8034834,,,2977535,55,0
8034834,,,2977538,56,0
8034834,18:45:00,18:45:00,2977539,57,1
8034834,,,2977540,58,0
8034834,,,2977541,59,0
8034834,,,2940608,60,0
8034834,18:47:00,18:47:00,2940609,61,1
8034834,,,2940610,62,0
8034834,,,2940611,63,0
8034834,,,2977542,64,0
8034834,,,2977543,65,0
8034834,,,2977544,66,0
8034834,,,2977545,67,0
8034834,,,2977546,68,0
8034834,,,2977547,69,0
8034834,,,2977548,70,0
8034834,,,2977549,71,0
8034834,,,2977550,72,0
8034834,,,2977551,73,0
8034834,19:01:00,19:01:00,2977552,74,1
8034819,18:40:00,18:40:00,2759346,0,1
8034819,,,2940595,1,0
8034819,,,2940596,2,0
8034819,,,2940597,3,0
8034819,,,2940598,4,0
8034819,,,2940599,5,0
8034819,,,2940600,6,0
8034819,,,2940601,7,0
8034819,,,2940602,8,0
8034819,,,2940603,9,0
8034819,,,2940604,10,0
8034819,,,2940605,11,0
8034819,,,2940606,12,0
8034819,,,2940607,13,0
8034819,,,2940608,14,0
8034819,18:52:00,18:52:00,2940609,15,1
8034819,,,2940610,16,0
8034819,,,2940611,17,0
8034819,18:54:00,18:54:00,2940612,18,1
8034819,,,2940613,19,0
8034819,,,2940614,20,0
8034819,,,2940615,21,0
8034819,,,2940616,22,0
8034819,,,2940617,23,0
8034819,,,2940618,24,0
8034819,,,2940619,25,0
8034819,,,2940620,26,0
8034819,,,2940621,27,0
8034819,,,2940622,28,0
8034819,19:00:00,19:00:00,2977511,29,1
8034819,,,2977512,30,0
8034819,,,2977513,31,0
8034819,,,2977516,32,0
8034819,,,2977517,33,0
8034819,,,2977518,34,0
8034819,,,2977519,35,0
8034819,,,2977520,36,0
8034819,,,2977521,37,0
8034819,,,2977522,38,0
8034819,19:02:00,19:02:00,2946972,39,1
8034819,,,2977523,40,0
8034819,,,2977524,41,0
8034819,,,2977525,42,0
8034819,,,2977526,43,0
8034819,,,2977527,44,0
8034819,,,2977528,45,0
8034819,,,2977514,46,0
8034819,19:10:00,19:10:00,2977515,47,1
8034819,,,2977510,48,0
8034819,,,2977529,49,0
8034819,,,2977530,50,0
8034819,,,2977531,51,0
8034819,,,2977532,52,0
8034819,,,2977533,53,0
8034819,,,2977534,54,0
8034819,,,2977535,55,0
8034819,,,2977538,56,0
8034819,19:15:00,19:15:00,2977539,57,1
8034819,,,2977540,58,0
8034819,,,2977541,59,0
8034819,,,2940608,60,0
8034819,19:17:00,19:17:00,2940609,61,1
8034819,,,2940610,62,0
8034819,,,2940611,63,0
8034819,,,2977542,64,0
8034819,,,2977543,65,0
8034819,,,2977544,66,0
8034819,,,2977545,67,0
8034819,,,2977546,68,0
8034819,,,2977547,69,0
8034819,,,2977548,70,0
8034819,,,2977549,71,0
8034819,,,2977550,72,0
8034819,,,2977551,73,0
8034819,19:31:00,19:31:00,2977552,74,1
8034835,18:40:00,18:40:00,2759346,0,1
8034835,,,2940595,1,0
8034835,,,2940596,2,0
8034835,,,2940597,3,0
8034835,,,2940598,4,0
8034835,,,2940599,5,0
8034835,,,2940600,6,0
8034835,,,2940601,7,0
8034835,,,2940602,8,0
8034835,,,2940603,9,0
8034835,,,2940604,10,0
8034835,,,2940605,11,0
8034835,,,2940606,12,0
8034835,,,2940607,13,0
8034835,,,2940608,14,0
8034835,18:52:00,18:52:00,2940609,15,1
8034835,,,2940610,16,0
8034835,,,2940611,17,0
8034835,18:54:00,18:54:00,2940612,18,1
8034835,,,2940613,19,0
8034835,,,2940614,20,0
8034835,,,2940615,21,0
8034835,,,2940616,22,0
8034835,,,2940617,23,0
8034835,,,2940618,24,0
8034835,,,2940619,25,0
8034835,,,2940620,26,0
8034835,,,2940621,27,0
8034835,,,2940622,28,0
8034835,19:00:00,19:00:00,2977511,29,1
8034835,,,2977512,30,0
8034835,,,2977513,31,0
8034835,,,2977516,32,0
8034835,,,2977517,33,0
8034835,,,2977518,34,0
8034835,,,2977519,35,0
8034835,,,2977520,36,0
8034835,,,2977521,37,0
8034835,,,2977522,38,0
8034835,19:02:00,19:02:00,2946972,39,1
8034835,,,2977523,40,0
8034835,,,2977524,41,0
8034835,,,2977525,42,0
8034835,,,2977526,43,0
8034835,,,2977527,44,0
8034835,,,2977528,45,0
8034835,,,2977514,46,0
8034835,19:10:00,19:10:00,2977515,47,1
8034835,,,2977510,48,0
8034835,,,2977529,49,0
8034835,,,2977530,50,0
8034835,,,2977531,51,0
8034835,,,2977532,52,0
8034835,,,2977533,53,0
8034835,,,2977534,54,0
8034835,,,2977535,55,0
8034835,,,2977538,56,0
8034835,19:15:00,19:15:00,2977539,57,1
8034835,,,2977540,58,0
8034835,,,2977541,59,0
8034835,,,2940608,60,0
8034835,19:17:00,19:17:00,2940609,61,1
8034835,,,2940610,62,0
8034835,,,2940611,63,0
8034835,,,2977542,64,0
8034835,,,2977543,65,0
8034835,,,2977544,66,0
8034835,,,2977545,67,0
8034835,,,2977546,68,0
8034835,,,2977547,69,0
8034835,,,2977548,70,0
8034835,,,2977549,71,0
8034835,,,2977550,72,0
8034835,,,2977551,73,0
8034835,19:31:00,19:31:00,2977552,74,1
8034836,19:10:00,19:10:00,2759346,0,1
8034836,,,2940595,1,0
8034836,,,2940596,2,0
8034836,,,2940597,3,0
8034836,,,2940598,4,0
8034836,,,2940599,5,0
8034836,,,2940600,6,0
8034836,,,2940601,7,0
8034836,,,2940602,8,0
8034836,,,2940603,9,0
8034836,,,2940604,10,0
8034836,,,2940605,11,0
8034836,,,2940606,12,0
8034836,,,2940607,13,0
8034836,,,2940608,14,0
8034836,19:22:00,19:22:00,2940609,15,1
8034836,,,2940610,16,0
8034836,,,2940611,17,0
8034836,19:24:00,19:24:00,2940612,18,1
8034836,,,2940613,19,0
8034836,,,2940614,20,0
8034836,,,2940615,21,0
8034836,,,2940616,22,0
8034836,,,2940617,23,0
8034836,,,2940618,24,0
8034836,,,2940619,25,0
8034836,,,2940620,26,0
8034836,,,2940621,27,0
8034836,,,2940622,28,0
8034836,19:30:00,19:30:00,2977511,29,1
8034836,,,2977512,30,0
8034836,,,2977513,31,0
8034836,,,2977516,32,0
8034836,,,2977517,33,0
8034836,,,2977518,34,0
8034836,,,2977519,35,0
8034836,,,2977520,36,0
8034836,,,2977521,37,0
8034836,,,2977522,38,0
8034836,19:32:00,19:32:00,2946972,39,1
8034836,,,2977523,40,0
8034836,,,2977524,41,0
8034836,,,2977525,42,0
8034836,,,2977526,43,0
8034836,,,2977527,44,0
8034836,,,2977528,45,0
8034836,,,2977514,46,0
8034836,19:40:00,19:40:00,2977515,47,1
8034836,,,2977510,48,0
8034836,,,2977529,49,0
8034836,,,2977530,50,0
8034836,,,2977531,51,0
8034836,,,2977532,52,0
8034836,,,2977533,53,0
8034836,,,2977534,54,0
8034836,,,2977535,55,0
8034836,,,2977538,56,0
8034836,19:45:00,19:45:00,2977539,57,1
8034836,,,2977540,58,0
8034836,,,2977541,59,0
8034836,,,2940608,60,0
8034836,19:47:00,19:47:00,2940609,61,1
8034836,,,2940610,62,0
8034836,,,2940611,63,0
8034836,,,2977542,64,0
8034836,,,2977543,65,0
8034836,,,2977544,66,0
8034836,,,2977545,67,0
8034836,,,2977546,68,0
8034836,,,2977547,69,0
8034836,,,2977548,70,0
8034836,,,2977549,71,0
8034836,,,2977550,72,0
8034836,,,2977551,73,0
8034836,20:01:00,20:01:00,2977552,74,1
8034837,20:10:00,20:10:00,2759346,0,1
8034837,,,2940595,1,0
8034837,,,2940596,2,0
8034837,,,2940597,3,0
8034837,,,2940598,4,0
8034837,,,2940599,5,0
8034837,,,2940600,6,0
8034837,,,2940601,7,0
8034837,,,2940602,8,0
8034837,,,2940603,9,0
8034837,,,2940604,10,0
8034837,,,2940605,11,0
8034837,,,2940606,12,0
8034837,,,2940607,13,0
8034837,,,2940608,14,0
8034837,20:22:00,20:22:00,2940609,15,1
8034837,,,2940610,16,0
8034837,,,2940611,17,0
8034837,20:24:00,20:24:00,2940612,18,1
8034837,,,2940613,19,0
8034837,,,2940614,20,0
8034837,,,2940615,21,0
8034837,,,2940616,22,0
8034837,,,2940617,23,0
8034837,,,2940618,24,0
8034837,,,2940619,25,0
8034837,,,2940620,26,0
8034837,,,2940621,27,0
8034837,,,2940622,28,0
8034837,20:30:00,20:30:00,2977511,29,1
8034837,,,2977512,30,0
8034837,,,2977513,31,0
8034837,,,2977516,32,0
8034837,,,2977517,33,0
8034837,,,2977518,34,0
8034837,,,2977519,35,0
8034837,,,2977520,36,0
8034837,,,2977521,37,0
8034837,,,2977522,38,0
8034837,20:32:00,20:32:00,2946972,39,1
8034837,,,2977523,40,0
8034837,,,2977524,41,0
8034837,,,2977525,42,0
8034837,,,2977526,43,0
8034837,,,2977527,44,0
8034837,,,2977528,45,0
8034837,,,2977514,46,0
8034837,20:40:00,20:40:00,2977515,47,1
8034837,,,2977510,48,0
8034837,,,2977529,49,0
8034837,,,2977530,50,0
8034837,,,2977531,51,0
8034837,,,2977532,52,0
8034837,,,2977533,53,0
8034837,,,2977534,54,0
8034837,,,2977535,55,0
8034837,,,2977538,56,0
8034837,20:45:00,20:45:00,2977539,57,1
8034837,,,2977540,58,0
8034837,,,2977541,59,0
8034837,,,2940608,60,0
8034837,20:47:00,20:47:00,2940609,61,1
8034837,,,2940610,62,0
8034837,,,2940611,63,0
8034837,,,2977542,64,0
8034837,,,2977543,65,0
8034837,,,2977544,66,0
8034837,,,2977545,67,0
8034837,,,2977546,68,0
8034837,,,2977547,69,0
8034837,,,2977548,70,0
8034837,,,2977549,71,0
8034837,,,2977550,72,0
8034837,,,2977551,73,0
8034837,21:01:00,21:01:00,2977552,74,1
8034838,21:10:00,21:10:00,2759346,0,1
8034838,,,2940595,1,0
8034838,,,2940596,2,0
8034838,,,2940597,3,0
8034838,,,2940598,4,0
8034838,,,2940599,5,0
8034838,,,2940600,6,0
8034838,,,2940601,7,0
8034838,,,2940602,8,0
8034838,,,2940603,9,0
8034838,,,2940604,10,0
8034838,,,2940605,11,0
8034838,,,2940606,12,0
8034838,,,2940607,13,0
8034838,,,2940608,14,0
8034838,21:22:00,21:22:00,2940609,15,1
8034838,,,2940610,16,0
8034838,,,2940611,17,0
8034838,21:24:00,21:24:00,2940612,18,1
8034838,,,2940613,19,0
8034838,,,2940614,20,0
8034838,,,2940615,21,0
8034838,,,2940616,22,0
8034838,,,2940617,23,0
8034838,,,2940618,24,0
8034838,,,2940619,25,0
8034838,,,2940620,26,0
8034838,,,2940621,27,0
8034838,,,2940622,28,0
8034838,21:30:00,21:30:00,2977511,29,1
8034838,,,2977512,30,0
8034838,,,2977513,31,0
8034838,,,2977516,32,0
8034838,,,2977517,33,0
8034838,,,2977518,34,0
8034838,,,2977519,35,0
8034838,,,2977520,36,0
8034838,,,2977521,37,0
8034838,,,2977522,38,0
8034838,21:32:00,21:32:00,2946972,39,1
8034838,,,2977523,40,0
8034838,,,2977524,41,0
8034838,,,2977525,42,0
8034838,,,2977526,43,0
8034838,,,2977527,44,0
8034838,,,2977528,45,0
8034838,,,2977514,46,0
8034838,21:40:00,21:40:00,2977515,47,1
8034838,,,2977510,48,0
8034838,,,2977529,49,0
8034838,,,2977530,50,0
8034838,,,2977531,51,0
8034838,,,2977532,52,0
8034838,,,2977533,53,0
8034838,,,2977534,54,0
8034838,,,2977535,55,0
8034838,,,2977538,56,0
8034838,21:45:00,21:45:00,2977539,57,1
8034838,,,2977540,58,0
8034838,,,2977541,59,0
8034838,,,2940608,60,0
8034838,21:47:00,21:47:00,2940609,61,1
8034838,,,2940610,62,0
8034838,,,2940611,63,0
8034838,,,2977542,64,0
8034838,,,2977543,65,0
8034838,,,2977544,66,0
8034838,,,2977545,67,0
8034838,,,2977546,68,0
8034838,,,2977547,69,0
8034838,,,2977548,70,0
8034838,,,2977549,71,0
8034838,,,2977550,72,0
8034838,,,2977551,73,0
8034838,22:01:00,22:01:00,2977552,74,1
8034839,22:10:00,22:10:00,2759346,0,1
8034839,,,2940595,1,0
8034839,,,2940596,2,0
8034839,,,2940597,3,0
8034839,,,2940598,4,0
8034839,,,2940599,5,0
8034839,,,2940600,6,0
8034839,,,2940601,7,0
8034839,,,2940602,8,0
8034839,,,2940603,9,0
8034839,,,2940604,10,0
8034839,,,2940605,11,0
8034839,,,2940606,12,0
8034839,,,2940607,13,0
8034839,,,2940608,14,0
8034839,22:22:00,22:22:00,2940609,15,1
8034839,,,2940610,16,0
8034839,,,2940611,17,0
8034839,22:24:00,22:24:00,2940612,18,1
8034839,,,2940613,19,0
8034839,,,2940614,20,0
8034839,,,2940615,21,0
8034839,,,2940616,22,0
8034839,,,2940617,23,0
8034839,,,2940618,24,0
8034839,,,2940619,25,0
8034839,,,2940620,26,0
8034839,,,2940621,27,0
8034839,,,2940622,28,0
8034839,22:30:00,22:30:00,2977511,29,1
8034839,,,2977512,30,0
8034839,,,2977513,31,0
8034839,,,2977516,32,0
8034839,,,2977517,33,0
8034839,,,2977518,34,0
8034839,,,2977519,35,0
8034839,,,2977520,36,0
8034839,,,2977521,37,0
8034839,,,2977522,38,0
8034839,22:32:00,22:32:00,2946972,39,1
8034839,,,2977523,40,0
8034839,,,2977524,41,0
8034839,,,2977525,42,0
8034839,,,2977526,43,0
8034839,,,2977527,44,0
8034839,,,2977528,45,0
8034839,,,2977514,46,0
8034839,22:40:00,22:40:00,2977515,47,1
8034839,,,2977510,48,0
8034839,,,2977529,49,0
8034839,,,2977530,50,0
8034839,,,2977531,51,0
8034839,,,2977532,52,0
8034839,,,2977533,53,0
8034839,,,2977534,54,0
8034839,,,2977535,55,0
8034839,,,2977538,56,0
8034839,22:45:00,22:45:00,2977539,57,1
8034839,,,2977540,58,0
8034839,,,2977541,59,0
8034839,,,2940608,60,0
8034839,22:47:00,22:47:00,2940609,61,1
8034839,,,2940610,62,0
8034839,,,2940611,63,0
8034839,,,2977542,64,0
8034839,,,2977543,65,0
8034839,,,2977544,66,0
8034839,,,2977545,67,0
8034839,,,2977546,68,0
8034839,,,2977547,69,0
8034839,,,2977548,70,0
8034839,,,2977549,71,0
8034839,,,2977550,72,0
8034839,,,2977551,73,0
8034839,23:01:00,23:01:00,2977552,74,1
8034591,07:32:00,07:32:00,2946972,0,1
8034591,,,2976984,1,0
8034591,,,2976985,2,0
8034591,,,2976986,3,0
8034591,,,2976987,4,0
8034591,,,2976988,5,0
8034591,,,2976989,6,0
8034591,,,2976990,7,0
8034591,07:40:00,07:40:00,2976991,8,1
8034591,,,2976992,9,0
8034591,,,2976993,10,0
8034591,,,2977487,11,0
8034591,,,2977488,12,0
8034591,,,2977490,13,0
8034591,,,2977492,14,0
8034591,,,2977494,15,0
8034591,,,2977497,16,0
8034591,,,2977498,17,0
8034591,07:45:00,07:45:00,2977499,18,1
8034591,,,2977500,19,0
8034591,,,2977501,20,0
8034591,,,2940608,21,0
8034591,,,2940609,22,0
8034591,,,2940610,23,0
8034591,07:47:00,07:47:00,2940611,24,1
8034591,,,2977502,25,0
8034591,,,2977503,26,0
8034591,,,2977504,27,0
8034591,,,2977558,28,0
8034591,,,2977559,29,0
8034591,,,2977560,30,0
8034591,,,2977561,31,0
8034591,,,2977562,32,0
8034591,,,2977563,33,0
8034591,,,2977564,34,0
8034591,,,2977565,35,0
8034591,08:01:00,08:01:00,2759335,36,1
8034803,06:02:00,06:02:00,2946972,0,1
8034803,,,2976984,1,0
8034803,,,2976985,2,0
8034803,,,2976986,3,0
8034803,,,2976987,4,0
8034803,,,2976988,5,0
8034803,,,2976989,6,0
8034803,,,2976990,7,0
8034803,06:10:00,06:10:00,2976991,8,1
8034803,,,2976992,9,0
8034803,,,2976993,10,0
8034803,,,2977487,11,0
8034803,,,2977488,12,0
8034803,,,2977490,13,0
8034803,,,2977492,14,0
8034803,,,2977494,15,0
8034803,,,2977497,16,0
8034803,,,2977498,17,0
8034803,06:15:00,06:15:00,2977499,18,1
8034803,,,2977500,19,0
8034803,,,2977501,20,0
8034803,,,2940608,21,0
8034803,,,2940609,22,0
8034803,,,2940610,23,0
8034803,06:17:00,06:17:00,2940611,24,1
8034803,,,2977502,25,0
8034803,,,2977503,26,0
8034803,,,2977504,27,0
8034803,,,2977558,28,0
8034803,,,2977559,29,0
8034803,,,2977560,30,0
8034803,,,2977561,31,0
8034803,,,2977562,32,0
8034803,,,2977563,33,0
8034803,,,2977564,34,0
8034803,,,2977565,35,0
8034803,06:31:00,06:31:00,2759335,36,1
8034804,06:32:00,06:32:00,2946972,0,1
8034804,,,2976984,1,0
8034804,,,2976985,2,0
8034804,,,2976986,3,0
8034804,,,2976987,4,0
8034804,,,2976988,5,0
8034804,,,2976989,6,0
8034804,,,2976990,7,0
8034804,06:40:00,06:40:00,2976991,8,1
8034804,,,2976992,9,0
8034804,,,2976993,10,0
8034804,,,2977487,11,0
8034804,,,2977488,12,0
8034804,,,2977490,13,0
8034804,,,2977492,14,0
8034804,,,2977494,15,0
8034804,,,2977497,16,0
8034804,,,2977498,17,0
8034804,06:45:00,06:45:00,2977499,18,1
8034804,,,2977500,19,0
8034804,,,2977501,20,0
8034804,,,2940608,21,0
8034804,,,2940609,22,0
8034804,,,2940610,23,0
8034804,06:47:00,06:47:00,2940611,24,1
8034804,,,2977502,25,0
8034804,,,2977503,26,0
8034804,,,2977504,27,0
8034804,,,2977558,28,0
8034804,,,2977559,29,0
8034804,,,2977560,30,0
8034804,,,2977561,31,0
8034804,,,2977562,32,0
8034804,,,2977563,33,0
8034804,,,2977564,34,0
8034804,,,2977565,35,0
8034804,07:01:00,07:01:00,2759335,36,1
8034840,23:10:00,23:10:00,2759346,0,0
8034840,,,2940595,1,0
8034840,,,2940596,2,0
8034840,,,2940597,3,0
8034840,,,2940598,4,0
8034840,,,2940599,5,0
8034840,,,2940600,6,0
8034840,,,2940601,7,0
8034840,,,2940602,8,0
8034840,,,2940603,9,0
8034840,,,2940604,10,0
8034840,,,2940605,11,0
8034840,,,2940606,12,0
8034840,,,2940607,13,0
8034840,,,2940608,14,0
8034840,,,2940609,15,0
8034840,,,2940610,16,0
8034840,23:22:00,23:22:00,2940611,17,1
8034840,,,2940612,18,0
8034840,,,2940613,19,0
8034840,23:24:00,23:24:00,2940614,20,1
8034840,,,2940615,21,0
8034840,,,2940616,22,0
8034840,,,2940617,23,0
8034840,,,2940618,24,0
8034840,,,2940619,25,0
8034840,,,2940620,26,0
8034840,,,2940621,27,0
8034840,,,2940622,28,0
8034840,,,2977511,29,0
8034840,23:30:00,23:30:00,2977512,30,1
8034840,,,2977513,31,0
8034840,,,2977516,32,0
8034840,,,2977517,33,0
8034840,,,2977518,34,0
8034840,,,2977519,35,0
8034840,,,2977520,36,0
8034840,,,2977521,37,0
8034840,,,2977522,38,0
8034840,23:32:00,23:32:00,2946972,39,1
8034842,13:40:00,13:40:00,2759346,0,1
8034842,,,2940595,1,0
8034842,,,2759346,2,0
8034842,,,2940596,3,0
8034842,,,2940597,4,0
8034842,,,2940598,5,0
8034842,,,2940599,6,0
8034842,,,2940600,7,0
8034842,,,2940601,8,0
8034842,,,2940602,9,0
8034842,,,2940603,10,0
8034842,,,2940604,11,0
8034842,,,2940605,12,0
8034842,,,2940606,13,0
8034842,,,2940607,14,0
8034842,13:52:00,13:52:00,2940608,15,1
8034842,,,2940609,16,0
8034842,,,2940610,17,0
8034842,,,2940611,18,0
8034842,,,2940612,19,0
8034842,13:54:00,13:54:00,2940614,20,1
8034842,,,2940615,21,0
8034842,,,2940616,22,0
8034842,,,2940617,23,0
8034842,,,2940618,24,0
8034842,,,2940619,25,0
8034842,,,2940620,26,0
8034842,,,2940621,27,0
8034842,,,2940622,28,0
8034842,,,2977511,29,0
8034842,14:00:00,14:00:00,2977512,30,1
8034842,,,2977513,31,0
8034842,,,2977516,32,0
8034842,,,2977517,33,0
8034842,,,2977518,34,0
8034842,,,2977519,35,0
8034842,,,2977520,36,0
8034842,,,2977521,37,0
8034842,,,2977522,38,0
8034842,14:02:00,14:02:00,2946972,39,1
8034842,,,2977523,40,0
8034842,,,2977524,41,0
8034842,,,2977525,42,0
8034842,,,2977526,43,0
8034842,,,2977527,44,0
8034842,,,2977537,45,0
8034842,,,2977536,46,0
8034842,,,2977497,47,0
8034842,,,2977538,48,0
8034842,14:15:00,14:15:00,2977539,49,1
8034842,,,2977540,50,0
8034842,,,2977541,51,0
8034842,,,2977542,52,0
8034842,,,2977503,53,0
8034842,,,2977544,54,0
8034842,,,2977558,55,0
8034842,,,2977559,56,0
8034842,,,2977560,57,0
8034842,,,2977561,58,0
8034842,,,2977562,59,0
8034842,,,2977563,60,0
8034842,,,2977564,61,0
8034842,,,2977565,62,0
8034842,,,2946999,63,0
8034842,14:31:00,14:31:00,2759335,64,1
8034843,14:10:00,14:10:00,2759346,0,1
8034843,,,2940595,1,0
8034843,,,2759346,2,0
8034843,,,2940596,3,0
8034843,,,2940597,4,0
8034843,,,2940598,5,0
8034843,,,2940599,6,0
8034843,,,2940600,7,0
8034843,,,2940601,8,0
8034843,,,2940602,9,0
8034843,,,2940603,10,0
8034843,,,2940604,11,0
8034843,,,2940605,12,0
8034843,,,2940606,13,0
8034843,,,2940607,14,0
8034843,14:22:00,14:22:00,2940608,15,1
8034843,,,2940609,16,0
8034843,,,2940610,17,0
8034843,,,2940611,18,0
8034843,,,2940612,19,0
8034843,14:24:00,14:24:00,2940614,20,1
8034843,,,2940615,21,0
8034843,,,2940616,22,0
8034843,,,2940617,23,0
8034843,,,2940618,24,0
8034843,,,2940619,25,0
8034843,,,2940620,26,0
8034843,,,2940621,27,0
8034843,,,2940622,28,0
8034843,,,2977511,29,0
8034843,14:30:00,14:30:00,2977512,30,1
8034843,,,2977513,31,0
8034843,,,2977516,32,0
8034843,,,2977517,33,0
8034843,,,2977518,34,0
8034843,,,2977519,35,0
8034843,,,2977520,36,0
8034843,,,2977521,37,0
8034843,,,2977522,38,0
8034843,14:32:00,14:32:00,2946972,39,1
8034843,,,2977523,40,0
8034843,,,2977524,41,0
8034843,,,2977525,42,0
8034843,,,2977526,43,0
8034843,,,2977527,44,0
8034843,,,2977537,45,0
8034843,,,2977536,46,0
8034843,,,2977497,47,0
8034843,,,2977538,48,0
8034843,14:45:00,14:45:00,2977539,49,1
8034843,,,2977540,50,0
8034843,,,2977541,51,0
8034843,,,2977542,52,0
8034843,,,2977503,53,0
8034843,,,2977544,54,0
8034843,,,2977558,55,0
8034843,,,2977559,56,0
8034843,,,2977560,57,0
8034843,,,2977561,58,0
8034843,,,2977562,59,0
8034843,,,2977563,60,0
8034843,,,2977564,61,0
8034843,,,2977565,62,0
8034843,,,2946999,63,0
8034843,15:01:00,15:01:00,2759335,64,1
8034844,14:40:00,14:40:00,2759346,0,1
8034844,,,2940595,1,0
8034844,,,2759346,2,0
8034844,,,2940596,3,0
8034844,,,2940597,4,0
8034844,,,2940598,5,0
8034844,,,2940599,6,0
8034844,,,2940600,7,0
8034844,,,2940601,8,0
8034844,,,2940602,9,0
8034844,,,2940603,10,0
8034844,,,2940604,11,0
8034844,,,2940605,12,0
8034844,,,2940606,13,0
8034844,,,2940607,14,0
8034844,14:52:00,14:52:00,2940608,15,1
8034844,,,2940609,16,0
8034844,,,2940610,17,0
8034844,,,2940611,18,0
8034844,,,2940612,19,0
8034844,14:54:00,14:54:00,2940614,20,1
8034844,,,2940615,21,0
8034844,,,2940616,22,0
8034844,,,2940617,23,0
8034844,,,2940618,24,0
8034844,,,2940619,25,0
8034844,,,2940620,26,0
8034844,,,2940621,27,0
8034844,,,2940622,28,0
8034844,,,2977511,29,0
8034844,15:00:00,15:00:00,2977512,30,1
8034844,,,2977513,31,0
8034844,,,2977516,32,0
8034844,,,2977517,33,0
8034844,,,2977518,34,0
8034844,,,2977519,35,0
8034844,,,2977520,36,0
8034844,,,2977521,37,0
8034844,,,2977522,38,0
8034844,15:02:00,15:02:00,2946972,39,1
8034844,,,2977523,40,0
8034844,,,2977524,41,0
8034844,,,2977525,42,0
8034844,,,2977526,43,0
8034844,,,2977527,44,0
8034844,,,2977537,45,0
8034844,,,2977536,46,0
8034844,,,2977497,47,0
8034844,,,2977538,48,0
8034844,15:15:00,15:15:00,2977539,49,1
8034844,,,2977540,50,0
8034844,,,2977541,51,0
8034844,,,2977542,52,0
8034844,,,2977503,53,0
8034844,,,2977544,54,0
8034844,,,2977558,55,0
8034844,,,2977559,56,0
8034844,,,2977560,57,0
8034844,,,2977561,58,0
8034844,,,2977562,59,0
8034844,,,2977563,60,0
8034844,,,2977564,61,0
8034844,,,2977565,62,0
8034844,,,2946999,63,0
8034844,15:31:00,15:31:00,2759335,64,1
8034845,15:10:00,15:10:00,2759346,0,1
8034845,,,2940595,1,0
8034845,,,2759346,2,0
8034845,,,2940596,3,0
8034845,,,2940597,4,0
8034845,,,2940598,5,0
8034845,,,2940599,6,0
8034845,,,2940600,7,0
8034845,,,2940601,8,0
8034845,,,2940602,9,0
8034845,,,2940603,10,0
8034845,,,2940604,11,0
8034845,,,2940605,12,0
8034845,,,2940606,13,0
8034845,,,2940607,14,0
8034845,15:22:00,15:22:00,2940608,15,1
8034845,,,2940609,16,0
8034845,,,2940610,17,0
8034845,,,2940611,18,0
8034845,,,2940612,19,0
8034845,15:24:00,15:24:00,2940614,20,1
8034845,,,2940615,21,0
8034845,,,2940616,22,0
8034845,,,2940617,23,0
8034845,,,2940618,24,0
8034845,,,2940619,25,0
8034845,,,2940620,26,0
8034845,,,2940621,27,0
8034845,,,2940622,28,0
8034845,,,2977511,29,0
8034845,15:30:00,15:30:00,2977512,30,1
8034845,,,2977513,31,0
8034845,,,2977516,32,0
8034845,,,2977517,33,0
8034845,,,2977518,34,0
8034845,,,2977519,35,0
8034845,,,2977520,36,0
8034845,,,2977521,37,0
8034845,,,2977522,38,0
8034845,15:32:00,15:32:00,2946972,39,1
8034845,,,2977523,40,0
8034845,,,2977524,41,0
8034845,,,2977525,42,0
8034845,,,2977526,43,0
8034845,,,2977527,44,0
8034845,,,2977537,45,0
8034845,,,2977536,46,0
8034845,,,2977497,47,0
8034845,,,2977538,48,0
8034845,15:45:00,15:45:00,2977539,49,1
8034845,,,2977540,50,0
8034845,,,2977541,51,0
8034845,,,2977542,52,0
8034845,,,2977503,53,0
8034845,,,2977544,54,0
8034845,,,2977558,55,0
8034845,,,2977559,56,0
8034845,,,2977560,57,0
8034845,,,2977561,58,0
8034845,,,2977562,59,0
8034845,,,2977563,60,0
8034845,,,2977564,61,0
8034845,,,2977565,62,0
8034845,,,2946999,63,0
8034845,16:01:00,16:01:00,2759335,64,1
8034846,15:40:00,15:40:00,2759346,0,1
8034846,,,2940595,1,0
8034846,,,2759346,2,0
8034846,,,2940596,3,0
8034846,,,2940597,4,0
8034846,,,2940598,5,0
8034846,,,2940599,6,0
8034846,,,2940600,7,0
8034846,,,2940601,8,0
8034846,,,2940602,9,0
8034846,,,2940603,10,0
8034846,,,2940604,11,0
8034846,,,2940605,12,0
8034846,,,2940606,13,0
8034846,,,2940607,14,0
8034846,15:52:00,15:52:00,2940608,15,1
8034846,,,2940609,16,0
8034846,,,2940610,17,0
8034846,,,2940611,18,0
8034846,,,2940612,19,0
8034846,15:54:00,15:54:00,2940614,20,1
8034846,,,2940615,21,0
8034846,,,2940616,22,0
8034846,,,2940617,23,0
8034846,,,2940618,24,0
8034846,,,2940619,25,0
8034846,,,2940620,26,0
8034846,,,2940621,27,0
8034846,,,2940622,28,0
8034846,,,2977511,29,0
8034846,16:00:00,16:00:00,2977512,30,1
8034846,,,2977513,31,0
8034846,,,2977516,32,0
8034846,,,2977517,33,0
8034846,,,2977518,34,0
8034846,,,2977519,35,0
8034846,,,2977520,36,0
8034846,,,2977521,37,0
8034846,,,2977522,38,0
8034846,16:02:00,16:02:00,2946972,39,1
8034846,,,2977523,40,0
8034846,,,2977524,41,0
8034846,,,2977525,42,0
8034846,,,2977526,43,0
8034846,,,2977527,44,0
8034846,,,2977537,45,0
8034846,,,2977536,46,0
8034846,,,2977497,47,0
8034846,,,2977538,48,0
8034846,16:15:00,16:15:00,2977539,49,1
8034846,,,2977540,50,0
8034846,,,2977541,51,0
8034846,,,2977542,52,0
8034846,,,2977503,53,0
8034846,,,2977544,54,0
8034846,,,2977558,55,0
8034846,,,2977559,56,0
8034846,,,2977560,57,0
8034846,,,2977561,58,0
8034846,,,2977562,59,0
8034846,,,2977563,60,0
8034846,,,2977564,61,0
8034846,,,2977565,62,0
8034846,,,2946999,63,0
8034846,16:31:00,16:31:00,2759335,64,1
8034847,16:10:00,16:10:00,2759346,0,1
8034847,,,2940595,1,0
8034847,,,2759346,2,0
8034847,,,2940596,3,0
8034847,,,2940597,4,0
8034847,,,2940598,5,0
8034847,,,2940599,6,0
8034847,,,2940600,7,0
8034847,,,2940601,8,0
8034847,,,2940602,9,0
8034847,,,2940603,10,0
8034847,,,2940604,11,0
8034847,,,2940605,12,0
8034847,,,2940606,13,0
8034847,,,2940607,14,0
8034847,16:22:00,16:22:00,2940608,15,1
8034847,,,2940609,16,0
8034847,,,2940610,17,0
8034847,,,2940611,18,0
8034847,,,2940612,19,0
8034847,16:24:00,16:24:00,2940614,20,1
8034847,,,2940615,21,0
8034847,,,2940616,22,0
8034847,,,2940617,23,0
8034847,,,2940618,24,0
8034847,,,2940619,25,0
8034847,,,2940620,26,0
8034847,,,2940621,27,0
8034847,,,2940622,28,0
8034847,,,2977511,29,0
8034847,16:30:00,16:30:00,2977512,30,1
8034847,,,2977513,31,0
8034847,,,2977516,32,0
8034847,,,2977517,33,0
8034847,,,2977518,34,0
8034847,,,2977519,35,0
8034847,,,2977520,36,0
8034847,,,2977521,37,0
8034847,,,2977522,38,0
8034847,16:32:00,16:32:00,2946972,39,1
8034847,,,2977523,40,0
8034847,,,2977524,41,0
8034847,,,2977525,42,0
8034847,,,2977526,43,0
8034847,,,2977527,44,0
8034847,,,2977537,45,0
8034847,,,2977536,46,0
8034847,,,2977497,47,0
8034847,,,2977538,48,0
8034847,16:45:00,16:45:00,2977539,49,1
8034847,,,2977540,50,0
8034847,,,2977541,51,0
8034847,,,2977542,52,0
8034847,,,2977503,53,0
8034847,,,2977544,54,0
8034847,,,2977558,55,0
8034847,,,2977559,56,0
8034847,,,2977560,57,0
8034847,,,2977561,58,0
8034847,,,2977562,59,0
8034847,,,2977563,60,0
8034847,,,2977564,61,0
8034847,,,2977565,62,0
8034847,,,2946999,63,0
8034847,17:01:00,17:01:00,2759335,64,1
8034848,16:40:00,16:40:00,2759346,0,1
8034848,,,2940595,1,0
8034848,,,2759346,2,0
8034848,,,2940596,3,0
8034848,,,2940597,4,0
8034848,,,2940598,5,0
8034848,,,2940599,6,0
8034848,,,2940600,7,0
8034848,,,2940601,8,0
8034848,,,2940602,9,0
8034848,,,2940603,10,0
8034848,,,2940604,11,0
8034848,,,2940605,12,0
8034848,,,2940606,13,0
8034848,,,2940607,14,0
8034848,16:52:00,16:52:00,2940608,15,1
8034848,,,2940609,16,0
8034848,,,2940610,17,0
8034848,,,2940611,18,0
8034848,,,2940612,19,0
8034848,16:54:00,16:54:00,2940614,20,1
8034848,,,2940615,21,0
8034848,,,2940616,22,0
8034848,,,2940617,23,0
8034848,,,2940618,24,0
8034848,,,2940619,25,0
8034848,,,2940620,26,0
8034848,,,2940621,27,0
8034848,,,2940622,28,0
8034848,,,2977511,29,0
8034848,17:00:00,17:00:00,2977512,30,1
8034848,,,2977513,31,0
8034848,,,2977516,32,0
8034848,,,2977517,33,0
8034848,,,2977518,34,0
8034848,,,2977519,35,0
8034848,,,2977520,36,0
8034848,,,2977521,37,0
8034848,,,2977522,38,0
8034848,17:02:00,17:02:00,2946972,39,1
8034848,,,2977523,40,0
8034848,,,2977524,41,0
8034848,,,2977525,42,0
8034848,,,2977526,43,0
8034848,,,2977527,44,0
8034848,,,2977537,45,0
8034848,,,2977536,46,0
8034848,,,2977497,47,0
8034848,,,2977538,48,0
8034848,17:15:00,17:15:00,2977539,49,1
8034848,,,2977540,50,0
8034848,,,2977541,51,0
8034848,,,2977542,52,0
8034848,,,2977503,53,0
8034848,,,2977544,54,0
8034848,,,2977558,55,0
8034848,,,2977559,56,0
8034848,,,2977560,57,0
8034848,,,2977561,58,0
8034848,,,2977562,59,0
8034848,,,2977563,60,0
8034848,,,2977564,61,0
8034848,,,2977565,62,0
8034848,,,2946999,63,0
8034848,17:31:00,17:31:00,2759335,64,1
8034849,17:10:00,17:10:00,2759346,0,1
8034849,,,2940595,1,0
8034849,,,2759346,2,0
8034849,,,2940596,3,0
8034849,,,2940597,4,0
8034849,,,2940598,5,0
8034849,,,2940599,6,0
8034849,,,2940600,7,0
8034849,,,2940601,8,0
8034849,,,2940602,9,0
8034849,,,2940603,10,0
8034849,,,2940604,11,0
8034849,,,2940605,12,0
8034849,,,2940606,13,0
8034849,,,2940607,14,0
8034849,17:22:00,17:22:00,2940608,15,1
8034849,,,2940609,16,0
8034849,,,2940610,17,0
8034849,,,2940611,18,0
8034849,,,2940612,19,0
8034849,17:24:00,17:24:00,2940614,20,1
8034849,,,2940615,21,0
8034849,,,2940616,22,0
8034849,,,2940617,23,0
8034849,,,2940618,24,0
8034849,,,2940619,25,0
8034849,,,2940620,26,0
8034849,,,2940621,27,0
8034849,,,2940622,28,0
8034849,,,2977511,29,0
8034849,17:30:00,17:30:00,2977512,30,1
8034849,,,2977513,31,0
8034849,,,2977516,32,0
8034849,,,2977517,33,0
8034849,,,2977518,34,0
8034849,,,2977519,35,0
8034849,,,2977520,36,0
8034849,,,2977521,37,0
8034849,,,2977522,38,0
8034849,17:32:00,17:32:00,2946972,39,1
8034849,,,2977523,40,0
8034849,,,2977524,41,0
8034849,,,2977525,42,0
8034849,,,2977526,43,0
8034849,,,2977527,44,0
8034849,,,2977537,45,0
8034849,,,2977536,46,0
8034849,,,2977497,47,0
8034849,,,2977538,48,0
8034849,17:45:00,17:45:00,2977539,49,1
8034849,,,2977540,50,0
8034849,,,2977541,51,0
8034849,,,2977542,52,0
8034849,,,2977503,53,0
8034849,,,2977544,54,0
8034849,,,2977558,55,0
8034849,,,2977559,56,0
8034849,,,2977560,57,0
8034849,,,2977561,58,0
8034849,,,2977562,59,0
8034849,,,2977563,60,0
8034849,,,2977564,61,0
8034849,,,2977565,62,0
8034849,,,2946999,63,0
8034849,18:01:00,18:01:00,2759335,64,1
